Application,ProcessID,SwapChainAddress,PresentRuntime,SyncInterval,PresentFlags,AllowsTearing,PresentMode,TimeInMs,MsBetweenSimulationStart,MsBetweenPresents,MsBetweenDisplayChange,MsInPresentAPI,MsRenderPresentLatency,MsUntilDisplayed,MsPCLatency,CPUStartTimeInMs,MsBetweenAppStart,MsCPUBusy,MsCPUWait,MsGPULatency,MsGPUTime,MsGPUBusy,MsGPUWait,MsAnimationError,AnimationTime,MsAllInputToPhotonLatency,MsClickToPhotonLatency
gamemd.exe,18224,0x42C3CE0,D3D9,-1,0,0,Composed: Flip,1573.4102,NA,17.94590000000000,16.67600000000000,4.68230000000000,8.85840000000000,39.3411,NA,1568.4974,9.5951,4.9128,4.6823,5.8632,7.9080,6.1750,1.7330,0.0000,1568.4974,40.4207,NA
gamemd.exe,18224,0x42C3CE0,D3D9,-1,0,0,Composed: Flip,1589.0773,NA,15.66710000000000,16.68150000000000,3.09180000000000,24.95680000000000,40.3555,NA,1578.0925,14.0766,10.9848,3.0918,12.0238,23.9178,7.4702,16.4476,-7.0864,1578.0925,41.1581,NA
gamemd.exe,18224,0x42C3CE0,D3D9,0,0,1,Hardware: Independent Flip,1605.3330,NA,16.25570000000000,2.77070000000000,1.12390000000000,25.37440000000000,26.8705,NA,1592.1691,14.2878,13.1639,1.1239,32.7689,5.7694,4.1051,1.6643,11.3059,1592.1691,27.9316,NA
gamemd.exe,18224,0x42C3CE0,D3D9,0,0,1,Hardware: Independent Flip,1624.2239,NA,18.89090000000000,3.32460000000000,2.10340000000000,10.45150000000000,11.3042,NA,1606.4569,19.8704,17.7670,2.1034,27.0799,1.1386,1.1386,0.0000,10.9632,1606.4569,15.0046,NA
gamemd.exe,18224,0x42C3CE0,D3D9,0,0,1,Hardware: Independent Flip,1638.5495,NA,14.32560000000000,7.92700000000000,1.04900000000000,4.65370000000000,4.9056,NA,1626.3273,13.2712,12.2222,1.0490,12.6708,4.2051,4.1221,0.0830,11.9434,1626.3273,7.1920,NA
gamemd.exe,18224,0x42C3CE0,D3D9,0,0,1,Hardware: Independent Flip,1657.0139,NA,18.46440000000000,18.80760000000000,1.63560000000000,5.06940000000000,5.2488,NA,1639.5985,19.0510,17.4154,1.6356,18.3545,4.1303,4.0487,0.0816,-5.5364,1639.5985,9.5818,NA
gamemd.exe,18224,0x42C3CE0,D3D9,0,0,1,Hardware: Independent Flip,1672.5386,NA,15.52470000000000,16.85580000000000,3.45160000000000,6.39810000000000,6.5799,NA,1658.6495,17.3407,13.8891,3.4516,15.6843,4.6029,4.5210,0.0819,2.1952,1658.6495,10.8434,NA
gamemd.exe,18224,0x42C3CE0,D3D9,0,0,1,Hardware: Independent Flip,1688.7732,NA,16.23460000000000,14.39070000000000,1.11860000000000,4.50060000000000,4.7360,NA,1675.9902,13.9016,12.7830,1.1186,13.2755,4.0081,3.9236,0.0845,2.9500,1675.9902,9.2122,NA
gamemd.exe,18224,0x42C3CE0,D3D9,0,0,1,Hardware: Independent Flip,1705.8285,NA,17.05530000000000,16.85680000000000,1.18270000000000,4.35650000000000,4.5375,NA,1689.8918,17.1194,15.9367,1.1827,16.4437,3.8495,3.7825,0.0670,-2.9552,1689.8918,9.9805,NA
gamemd.exe,18224,0x42C3CE0,D3D9,0,0,1,Hardware: Independent Flip,1722.4013,NA,16.57280000000000,17.75240000000000,1.96940000000000,5.50810000000000,5.7171,NA,1707.0112,17.3595,15.3901,1.9694,16.1501,4.7481,4.2877,0.4604,-0.6330,1707.0112,11.7985,NA
gamemd.exe,18224,0x42C3CE0,D3D9,0,0,1,Hardware: Independent Flip,1738.3072,NA,15.90590000000000,15.14560000000000,1.13580000000000,4.71560000000000,4.9568,NA,1724.3707,15.0723,13.9365,1.1358,14.4373,4.2148,4.1336,0.0812,2.2139,1724.3707,10.9605,NA
gamemd.exe,18224,0x42C3CE0,D3D9,0,0,1,Hardware: Independent Flip,1756.0467,NA,17.73950000000000,17.38250000000000,1.16310000000000,4.42900000000000,4.5998,NA,1739.4430,17.7668,16.6037,1.1631,17.1331,3.8996,3.8162,0.0834,-2.3102,1739.4430,12.3596,NA
gamemd.exe,18224,0x42C3CE0,D3D9,0,0,1,Hardware: Independent Flip,1773.0407,NA,16.99400000000000,17.62190000000000,2.40770000000000,5.02320000000000,5.2277,NA,1757.2098,18.2386,15.8309,2.4077,16.6705,4.1836,4.0859,0.0977,0.1449,1757.2098,13.9488,NA
gamemd.exe,18224,0x42C3CE0,D3D9,0,0,1,Hardware: Independent Flip,1790.7186,NA,17.67790000000000,18.65960000000000,1.39330000000000,5.23100000000000,6.2094,NA,1775.4484,16.6635,15.2702,1.3933,15.7478,4.7534,4.1267,0.6267,-0.4210,1775.4484,8.6233,NA
gamemd.exe,18224,0x42C3CE0,D3D9,0,0,1,Hardware: Independent Flip,1805.6446,NA,14.92600000000000,15.14970000000000,3.01790000000000,6.25300000000000,6.4331,NA,1792.1119,16.5506,13.5327,3.0179,14.5831,5.2026,4.5987,0.6039,1.5138,1792.1119,7.7924,NA
gamemd.exe,18224,0x42C3CE0,D3D9,0,0,1,Hardware: Independent Flip,1822.4493,NA,16.80470000000000,14.86870000000000,0.94270000000000,4.29150000000000,4.4971,NA,1808.6625,14.7295,13.7868,0.9427,14.1962,3.8821,3.7975,0.0846,1.6819,1808.6625,6.6319,NA
gamemd.exe,18224,0x42C3CE0,D3D9,0,0,1,Hardware: Independent Flip,1839.8204,NA,17.37110000000000,17.89240000000000,1.50280000000000,4.77560000000000,5.0184,NA,1823.3920,17.9312,16.4284,1.5028,17.2706,3.9334,3.8502,0.0832,-3.1629,1823.3920,8.5405,NA
gamemd.exe,18224,0x42C3CE0,D3D9,0,0,1,Hardware: Independent Flip,1856.4181,NA,16.59770000000000,19.35220000000000,2.26760000000000,6.39610000000000,7.7729,NA,1841.3232,17.3625,15.0949,2.2676,16.6325,4.8585,4.0908,0.7677,-1.4210,1841.3232,11.8924,NA
gamemd.exe,18224,0x42C3CE0,D3D9,0,0,1,Hardware: Independent Flip,1874.0428,NA,17.62470000000000,15.02850000000000,1.67830000000000,4.98830000000000,5.1767,NA,1858.6857,17.0354,15.3571,1.6783,16.3246,4.0208,3.9402,0.0806,2.3340,1858.6857,10.7417,NA
gamemd.exe,18224,0x42C3CE0,D3D9,0,0,1,Hardware: Independent Flip,1888.8244,NA,14.78160000000000,16.43710000000000,2.96550000000000,6.60330000000000,6.8322,NA,1875.7211,16.0688,13.1033,2.9655,13.9279,5.7787,5.1243,0.6544,0.5983,1875.7211,11.3808,NA
gamemd.exe,18224,0x42C3CE0,D3D9,0,0,1,Hardware: Independent Flip,1905.8041,NA,16.97970000000000,16.68350000000000,3.57350000000000,6.34790000000000,6.5360,NA,1891.7899,17.5877,14.0142,3.5735,15.7371,4.6250,4.5218,0.1032,-0.6147,1891.7899,12.0216,NA
gamemd.exe,18224,0x42C3CE0,D3D9,0,0,1,Hardware: Independent Flip,1922.6185,NA,16.81440000000000,16.77060000000000,2.65630000000000,6.32000000000000,6.4922,NA,1909.3776,15.8972,13.2409,2.6563,14.9381,4.6228,4.3832,0.2396,0.8171,1909.3776,12.8348,NA
gamemd.exe,18224,0x42C3CE0,D3D9,0,0,1,Hardware: Independent Flip,1938.7825,NA,16.16400000000000,16.47590000000000,3.57820000000000,6.59870000000000,6.8041,NA,1925.2748,17.0859,13.5077,3.5782,15.3639,4.7425,4.5575,0.1850,-0.5787,1925.2748,13.2421,NA
gamemd.exe,18224,0x42C3CE0,D3D9,0,0,1,Hardware: Independent Flip,1956.0530,NA,17.27050000000000,16.80810000000000,3.27290000000000,6.14120000000000,6.3417,NA,1942.3607,16.9652,13.6923,3.2729,15.0543,4.7792,4.2908,0.4884,0.2778,1942.3607,13.9932,NA
gamemd.exe,18224,0x42C3CE0,D3D9,0,0,1,Hardware: Independent Flip,1971.9054,NA,15.85240000000000,14.96120000000000,1.81440000000000,5.20230000000000,5.4505,NA,1959.3259,14.3939,12.5795,1.8144,13.3315,4.4503,4.3485,0.1018,2.0040,1959.3259,12.9993,NA
gamemd.exe,18224,0x42C3CE0,D3D9,0,0,1,Hardware: Independent Flip,1989.7128,NA,17.80740000000000,18.32160000000000,2.22070000000000,5.75880000000000,5.9647,NA,1973.7198,18.2137,15.9930,2.2207,16.7629,4.9889,4.4808,0.5081,-3.9277,1973.7198,15.3723,NA
gamemd.exe,18224,0x42C3CE0,D3D9,0,0,1,Hardware: Independent Flip,2005.7285,NA,16.01570000000000,16.83330000000000,2.40090000000000,6.58230000000000,6.7823,NA,1991.9335,16.1959,13.7950,2.4009,15.4737,4.9036,4.3334,0.5702,1.3804,1991.9335,8.1757,NA
gamemd.exe,18224,0x42C3CE0,D3D9,0,0,1,Hardware: Independent Flip,2022.3556,NA,16.62710000000000,16.79060000000000,3.30130000000000,6.76870000000000,6.9458,NA,2008.1294,17.5275,14.2262,3.3013,15.8618,5.1331,4.3655,0.7676,-0.5947,2008.1294,8.9555,NA
gamemd.exe,18224,0x42C3CE0,D3D9,0,0,1,Hardware: Independent Flip,2039.6976,NA,17.34200000000000,16.02170000000000,2.79460000000000,5.44410000000000,5.6255,NA,2025.6569,16.8353,14.0407,2.7946,14.7592,4.7256,4.6553,0.0703,1.5058,2025.6569,9.0287,NA
gamemd.exe,18224,0x42C3CE0,D3D9,0,0,1,Hardware: Independent Flip,2055.2622,NA,15.56460000000000,16.41580000000000,3.05100000000000,6.27250000000000,6.4767,NA,2042.4922,15.8210,12.7700,3.0510,13.6653,5.3772,4.8520,0.5252,0.4195,2042.4922,9.4717,NA
gamemd.exe,18224,0x42C3CE0,D3D9,0,0,1,Hardware: Independent Flip,2072.2489,NA,16.98670000000000,17.14010000000000,3.16850000000000,6.46220000000000,6.6301,NA,2058.3132,17.1042,13.9357,3.1685,15.7655,4.6324,4.5189,0.1135,-1.3191,2058.3132,18.5774,NA
gamemd.exe,18224,0x42C3CE0,D3D9,0,0,1,Hardware: Independent Flip,2088.7594,NA,16.51050000000000,14.46580000000000,2.67210000000000,4.38290000000000,4.5854,NA,2075.4174,16.0141,13.3420,2.6721,13.4984,4.2265,3.4874,0.7391,2.6384,2075.4174,9.0447,9.0447
gamemd.exe,18224,0x42C3CE0,D3D9,0,0,1,Hardware: Independent Flip,2106.0449,NA,17.28550000000000,17.40620000000000,1.11030000000000,4.44280000000000,4.7061,NA,2091.4315,15.7237,14.6134,1.1103,15.1136,3.9426,3.8669,0.0757,-1.3921,2091.4315,NA,NA
gamemd.exe,18224,0x42C3CE0,D3D9,0,0,1,Hardware: Independent Flip,2123.5886,NA,17.54370000000000,16.75530000000000,0.85900000000000,3.71610000000000,3.9177,NA,2107.1552,17.2924,16.4334,0.8590,16.5829,3.5666,3.1629,0.4037,-1.0316,2107.1552,NA,NA
gamemd.exe,18224,0x42C3CE0,D3D9,0,0,1,Hardware: Independent Flip,2138.6137,NA,15.02510000000000,14.66540000000000,0.74010000000000,3.13450000000000,3.5580,NA,2124.4476,14.9062,14.1661,0.7401,14.2456,3.0550,2.9849,0.0701,2.6270,2124.4476,NA,NA
gamemd.exe,18224,0x42C3CE0,D3D9,0,0,1,Hardware: Independent Flip,2156.4393,NA,17.82560000000000,18.56850000000000,0.82280000000000,4.06850000000000,4.3009,NA,2139.3538,17.9083,17.0855,0.8228,17.2234,3.9306,3.1480,0.7826,-3.6623,2139.3538,NA,NA
gamemd.exe,18224,0x42C3CE0,D3D9,0,0,1,Hardware: Independent Flip,2168.8497,NA,12.41040000000000,14.12100000000000,1.40190000000000,4.94940000000000,6.0115,NA,2157.2621,12.9895,11.5876,1.4019,12.2154,4.3216,4.2465,0.0751,3.7873,2157.2621,10.5722,10.5722
gamemd.exe,18224,0x42C3CE0,D3D9,0,0,1,Hardware: Independent Flip,2186.0429,NA,17.19320000000000,17.35880000000000,2.05590000000000,5.09630000000000,6.1771,NA,2170.2516,17.8472,15.7913,2.0559,16.7501,4.1375,4.0284,0.1091,-4.3693,2170.2516,NA,NA
gamemd.exe,18224,0x42C3CE0,D3D9,0,0,1,Hardware: Independent Flip,2202.2452,NA,16.20230000000000,15.97110000000000,1.23810000000000,4.69500000000000,5.9459,NA,2188.0988,15.3845,14.1464,1.2381,14.7885,4.0529,3.9662,0.0867,1.8761,2188.0988,11.9196,NA
gamemd.exe,18224,0x42C3CE0,D3D9,0,0,1,Hardware: Independent Flip,2218.9867,NA,16.74150000000000,17.34390000000000,2.58120000000000,5.07680000000000,6.5483,NA,2203.4833,18.0846,15.5034,2.5812,16.3066,4.2736,4.2013,0.0723,-1.9594,2203.4833,NA,NA
gamemd.exe,18224,0x42C3CE0,D3D9,0,0,1,Hardware: Independent Flip,2235.7425,NA,16.75580000000000,16.66920000000000,2.33480000000000,5.38630000000000,6.4617,NA,2221.5679,16.5094,14.1746,2.3348,15.3592,4.2017,4.1122,0.0895,1.4154,2221.5679,13.9083,NA
gamemd.exe,18224,0x42C3CE0,D3D9,0,0,1,Hardware: Independent Flip,2252.7888,NA,17.04630000000000,16.64620000000000,1.73960000000000,4.95050000000000,6.0616,NA,2238.0773,16.4511,14.7115,1.7396,15.6528,4.0092,3.9268,0.0824,-0.1368,2238.0773,NA,NA
gamemd.exe,18224,0x42C3CE0,D3D9,0,0,1,Hardware: Independent Flip,2269.0872,NA,16.29840000000000,16.65380000000000,2.06080000000000,5.19460000000000,6.4170,NA,2254.5284,16.6196,14.5588,2.0608,15.4761,4.2773,4.1785,0.0988,-0.2027,2254.5284,15.1895,NA
gamemd.exe,18224,0x42C3CE0,D3D9,0,0,1,Hardware: Independent Flip,2285.3334,NA,16.24620000000000,16.17540000000000,1.69110000000000,5.08610000000000,6.3462,NA,2271.1480,15.8765,14.1854,1.6911,14.8900,4.3815,4.3028,0.0787,0.4442,2271.1480,15.3697,NA
gamemd.exe,18224,0x42C3CE0,D3D9,0,0,1,Hardware: Independent Flip,2302.0001,NA,16.66670000000000,15.82430000000000,1.18020000000000,4.45790000000000,5.5038,NA,2287.0245,16.1558,14.9756,1.1802,15.5153,3.9182,3.8498,0.0684,0.0522,2287.0245,15.2122,NA
gamemd.exe,18224,0x42C3CE0,D3D9,0,0,1,Hardware: Independent Flip,2318.5603,NA,16.56020000000000,18.25140000000000,1.23410000000000,5.37480000000000,7.1950,NA,2303.1803,16.6141,15.3800,1.2341,15.9463,4.8085,4.0910,0.7175,-2.0956,2303.1803,17.4496,NA
gamemd.exe,18224,0x42C3CE0,D3D9,0,0,1,Hardware: Independent Flip,2335.3180,NA,16.75770000000000,15.73670000000000,1.34740000000000,4.73930000000000,6.1740,NA,2319.7944,16.8710,15.5236,1.3474,16.2337,4.0292,3.9408,0.0884,0.8774,2319.7944,9.2246,NA
gamemd.exe,18224,0x42C3CE0,D3D9,0,0,1,Hardware: Independent Flip,2352.2588,NA,16.94080000000000,17.66810000000000,1.21880000000000,5.21120000000000,6.9013,NA,2336.6654,16.8122,15.5934,1.2188,16.1421,4.6625,4.1410,0.5215,-0.7971,2336.6654,18.8730,NA
gamemd.exe,18224,0x42C3CE0,D3D9,0,0,1,Hardware: Independent Flip,2368.9710,NA,16.71220000000000,15.67720000000000,1.16890000000000,4.56160000000000,5.8663,NA,2353.4776,16.6623,15.4934,1.1689,16.0328,4.0222,3.9401,0.0821,1.1350,2353.4776,18.5374,NA
gamemd.exe,18224,0x42C3CE0,D3D9,0,0,1,Hardware: Independent Flip,2386.0877,NA,17.11670000000000,17.33740000000000,2.63600000000000,5.09620000000000,6.0870,NA,2370.1399,18.5838,15.9478,2.6360,16.9322,4.1118,4.0254,0.0864,-0.6751,2370.1399,11.2874,NA
gamemd.exe,18224,0x42C3CE0,D3D9,0,0,1,Hardware: Independent Flip,2402.6701,NA,16.58240000000000,16.64170000000000,2.47190000000000,5.22830000000000,6.1463,NA,2388.7237,16.4183,13.9464,2.4719,14.9391,4.2356,4.1496,0.0860,1.9421,2388.7237,12.5072,NA
gamemd.exe,18224,0x42C3CE0,D3D9,0,0,1,Hardware: Independent Flip,2419.5108,NA,16.84070000000000,16.68440000000000,2.10400000000000,5.09160000000000,5.9900,NA,2405.1420,16.4728,14.3688,2.1040,15.3862,4.0742,3.9825,0.0917,-0.2661,2405.1420,13.2046,NA
gamemd.exe,18224,0x42C3CE0,D3D9,0,0,1,Hardware: Independent Flip,2436.1478,NA,16.63700000000000,17.70830000000000,2.84680000000000,6.87780000000000,7.0613,NA,2421.6148,17.3798,14.5330,2.8468,16.0755,5.3353,4.9243,0.4110,-1.2355,2421.6148,22.9102,NA
gamemd.exe,18224,0x42C3CE0,D3D9,0,0,1,Hardware: Independent Flip,2452.1688,NA,16.02100000000000,15.82900000000000,1.30320000000000,6.10690000000000,6.8693,NA,2438.9946,14.4774,13.1742,1.3032,13.7900,5.4911,4.5580,0.9331,1.5508,2438.9946,22.6359,NA
gamemd.exe,18224,0x42C3CE0,D3D9,0,0,1,Hardware: Independent Flip,2469.0151,NA,16.84630000000000,16.65000000000000,1.30310000000000,5.35840000000000,6.6730,NA,2453.4720,16.8462,15.5431,1.3031,16.0859,4.8156,4.7114,0.1042,-2.1726,2453.4720,15.4161,NA
gamemd.exe,18224,0x42C3CE0,D3D9,0,0,1,Hardware: Independent Flip,2485.7074,NA,16.69230000000000,17.00190000000000,1.17990000000000,5.12440000000000,6.9826,NA,2470.3182,16.5691,15.3892,1.1799,15.9124,4.6012,3.9973,0.6039,-0.1557,2470.3182,16.4193,NA
gamemd.exe,18224,0x42C3CE0,D3D9,0,0,1,Hardware: Independent Flip,2502.0127,NA,16.30530000000000,15.67570000000000,1.26280000000000,5.21400000000000,6.3530,NA,2486.8873,16.3882,15.1254,1.2628,15.6753,4.6641,4.0616,0.6025,0.8934,2486.8873,24.1015,NA
gamemd.exe,18224,0x42C3CE0,D3D9,0,0,1,Hardware: Independent Flip,2518.6217,NA,16.60900000000000,15.81490000000000,1.12990000000000,4.45120000000000,5.5589,NA,2503.2755,16.4761,15.3462,1.1299,15.8486,3.9488,3.8596,0.0892,0.5733,2503.2755,15.4250,NA
gamemd.exe,18224,0x42C3CE0,D3D9,0,0,1,Hardware: Independent Flip,2535.7797,NA,17.15800000000000,17.29350000000000,1.60110000000000,4.82760000000000,5.6944,NA,2519.7516,17.6292,16.0281,1.6011,16.9071,3.9486,3.8636,0.0850,-0.8174,2519.7516,25.2039,NA
gamemd.exe,18224,0x42C3CE0,D3D9,0,0,1,Hardware: Independent Flip,2552.3366,NA,16.55690000000000,16.68610000000000,1.30350000000000,4.46640000000000,5.8236,NA,2537.3808,16.2593,14.9558,1.3035,15.6106,3.8116,3.7336,0.0780,0.9431,2537.3808,25.8694,NA
gamemd.exe,18224,0x42C3CE0,D3D9,0,0,1,Hardware: Independent Flip,2569.4425,NA,17.10590000000000,17.34560000000000,1.29430000000000,4.74200000000000,6.0633,NA,2553.6401,17.0967,15.8024,1.2943,16.4251,4.1193,4.0391,0.0802,-1.0863,2553.6401,27.2122,NA
gamemd.exe,18224,0x42C3CE0,D3D9,0,0,1,Hardware: Independent Flip,2585.6534,NA,16.21090000000000,16.61870000000000,2.98240000000000,6.26310000000000,6.4711,NA,2570.7368,17.8990,14.9166,2.9824,15.9297,5.2500,4.6608,0.5892,0.4780,2570.7368,19.8588,NA
gamemd.exe,18224,0x42C3CE0,D3D9,0,0,1,Hardware: Independent Flip,2602.0501,NA,16.39670000000000,16.02450000000000,1.28250000000000,4.76390000000000,6.0989,NA,2588.6358,14.6968,13.4143,1.2825,14.0294,4.1488,4.0581,0.0907,1.8745,2588.6358,27.8683,NA
gamemd.exe,18224,0x42C3CE0,D3D9,0,0,1,Hardware: Independent Flip,2619.1162,NA,17.06610000000000,16.65310000000000,1.31840000000000,4.55630000000000,5.6859,NA,2603.3326,17.1020,15.7836,1.3184,16.3675,3.9724,3.8820,0.0904,-1.9563,2603.3326,NA,NA
gamemd.exe,18224,0x42C3CE0,D3D9,0,0,1,Hardware: Independent Flip,2636.1121,NA,16.99590000000000,17.36430000000000,1.77930000000000,5.08410000000000,6.0543,NA,2620.4346,17.4568,15.6775,1.7793,16.7710,3.9906,3.9084,0.0822,-0.2623,2620.4346,13.7752,NA
gamemd.exe,18224,0x42C3CE0,D3D9,0,0,1,Hardware: Independent Flip,2652.6486,NA,16.53650000000000,16.63230000000000,1.49700000000000,5.09780000000000,6.1501,NA,2637.8914,16.2542,14.7572,1.4970,15.3044,4.5506,4.4304,0.1202,0.8245,2637.8914,14.5150,NA
gamemd.exe,18224,0x42C3CE0,D3D9,0,0,1,Hardware: Independent Flip,2669.3034,NA,16.65480000000000,16.67370000000000,2.34430000000000,5.25100000000000,6.1690,NA,2654.1456,17.5021,15.1578,2.3443,16.0671,4.3417,4.2482,0.0935,-0.4195,2654.1456,15.1901,NA
gamemd.exe,18224,0x42C3CE0,D3D9,0,0,1,Hardware: Independent Flip,2685.7241,NA,16.42070000000000,16.68630000000000,1.48970000000000,5.62890000000000,6.4346,NA,2671.6477,15.5661,14.0764,1.4897,14.7379,4.9674,4.4361,0.5313,0.8158,2671.6477,7.7291,NA
gamemd.exe,18224,0x42C3CE0,D3D9,0,0,1,Hardware: Independent Flip,2703.1409,NA,17.41680000000000,16.61180000000000,1.48620000000000,5.40140000000000,5.6296,NA,2687.2138,17.4133,15.9271,1.4862,16.5773,4.7512,4.2910,0.4602,-1.0457,2687.2138,16.5071,NA
gamemd.exe,18224,0x42C3CE0,D3D9,0,0,1,Hardware: Independent Flip,2718.9112,NA,15.77030000000000,16.01200000000000,1.13240000000000,4.84110000000000,5.8713,NA,2704.6271,15.4165,14.2841,1.1324,14.8337,4.2915,3.8147,0.4768,1.4013,2704.6271,16.3747,NA
gamemd.exe,18224,0x42C3CE0,D3D9,0,0,1,Hardware: Independent Flip,2735.5495,NA,16.63830000000000,16.73260000000000,1.36540000000000,4.61810000000000,5.9656,NA,2720.0436,16.8713,15.5059,1.3654,16.1512,3.9728,3.8936,0.0792,-1.3161,2720.0436,9.1633,NA
gamemd.exe,18224,0x42C3CE0,D3D9,0,0,1,Hardware: Independent Flip,2753.0963,NA,17.54680000000000,17.28440000000000,1.48280000000000,4.53890000000000,5.7032,NA,2736.9149,17.6642,16.1814,1.4828,16.8910,3.8293,3.7373,0.0920,-0.4131,2736.9149,10.4955,NA
gamemd.exe,18224,0x42C3CE0,D3D9,0,0,1,Hardware: Independent Flip,2768.5562,NA,15.45990000000000,16.69630000000000,1.51660000000000,5.77910000000000,6.9396,NA,2754.5791,15.4937,13.9771,1.5166,14.7937,4.9625,4.4275,0.5350,0.9679,2754.5791,19.2113,NA
gamemd.exe,18224,0x42C3CE0,D3D9,0,0,1,Hardware: Independent Flip,2785.2788,NA,16.72260000000000,15.95660000000000,2.11060000000000,5.18920000000000,6.1736,NA,2770.0728,17.3166,15.2060,2.1106,16.0094,4.3858,4.2726,0.1132,-0.4629,2770.0728,10.8031,NA
gamemd.exe,18224,0x42C3CE0,D3D9,0,0,1,Hardware: Independent Flip,2802.6905,NA,17.41170000000000,17.31130000000000,1.41750000000000,5.63700000000000,6.0732,NA,2787.3894,16.7186,15.3011,1.4175,16.0422,4.8959,4.7568,0.1391,0.0053,2787.3894,20.4550,20.4550
gamemd.exe,18224,0x42C3CE0,D3D9,0,0,1,Hardware: Independent Flip,2818.7017,NA,16.01120000000000,16.17130000000000,1.72510000000000,4.96110000000000,6.2333,NA,2804.1080,16.3188,14.5937,1.7251,15.2513,4.3035,4.1883,0.1152,0.5473,2804.1080,20.6639,NA
gamemd.exe,18224,0x42C3CE0,D3D9,0,0,1,Hardware: Independent Flip,2835.5968,NA,16.89510000000000,17.34620000000000,1.23900000000000,5.09420000000000,6.6844,NA,2820.4268,16.4090,15.1700,1.2390,15.7253,4.5389,4.0598,0.4791,-1.0274,2820.4268,21.8976,NA
gamemd.exe,18224,0x42C3CE0,D3D9,0,0,1,Hardware: Independent Flip,2852.4114,NA,16.81460000000000,16.65110000000000,3.19660000000000,6.31860000000000,6.5209,NA,2836.8358,18.7722,15.5756,3.1966,16.5110,5.3832,4.9283,0.4549,-0.2421,2836.8358,22.6615,NA
gamemd.exe,18224,0x42C3CE0,D3D9,0,0,1,Hardware: Independent Flip,2868.9534,NA,16.54200000000000,16.48180000000000,2.95970000000000,6.18100000000000,6.4607,NA,2855.6080,16.3051,13.3454,2.9597,14.2205,5.3059,4.6864,0.6195,2.2904,2855.6080,23.1180,NA
gamemd.exe,18224,0x42C3CE0,D3D9,0,0,1,Hardware: Independent Flip,2885.7989,NA,16.84550000000000,17.11230000000000,2.73000000000000,6.48650000000000,6.7275,NA,2871.9131,16.6158,13.8858,2.7300,15.1400,5.2323,4.7294,0.5029,-0.8072,2871.9131,NA,NA
gamemd.exe,18224,0x42C3CE0,D3D9,0,0,1,Hardware: Independent Flip,2902.6306,NA,16.83170000000000,16.67020000000000,2.89820000000000,6.40490000000000,6.5660,NA,2888.5289,16.9999,14.1017,2.8982,15.7910,4.7156,4.5681,0.1475,-0.0544,2888.5289,24.8772,24.8772
gamemd.exe,18224,0x42C3CE0,D3D9,0,0,1,Hardware: Independent Flip,2919.4255,NA,16.79490000000000,16.35910000000000,3.35040000000000,5.91140000000000,6.1302,NA,2905.5288,17.2471,13.8967,3.3504,15.3574,4.4507,4.3774,0.0733,0.6408,2905.5288,NA,NA
gamemd.exe,18224,0x42C3CE0,D3D9,0,0,1,Hardware: Independent Flip,2935.7265,NA,16.30100000000000,17.06000000000000,3.12420000000000,6.68260000000000,6.8892,NA,2922.7759,16.0748,12.9506,3.1242,13.8778,5.7554,5.0920,0.6634,0.1871,2922.7759,NA,NA
gamemd.exe,18224,0x42C3CE0,D3D9,0,0,1,Hardware: Independent Flip,2952.3432,NA,16.61670000000000,16.13690000000000,1.30030000000000,6.15810000000000,6.4094,NA,2938.8507,14.7928,13.4925,1.3003,14.0834,5.5672,4.2356,1.3316,-0.0621,2938.8507,NA,NA
gamemd.exe,18224,0x42C3CE0,D3D9,0,0,1,Hardware: Independent Flip,2969.3396,NA,16.99640000000000,17.60540000000000,3.15060000000000,6.81390000000000,7.0184,NA,2953.6435,18.8467,15.6961,3.1506,16.6803,5.8297,4.3851,1.4446,-2.8126,2953.6435,NA,NA
gamemd.exe,18224,0x42C3CE0,D3D9,0,0,1,Hardware: Independent Flip,2985.6138,NA,16.27420000000000,15.85160000000000,2.76740000000000,6.39870000000000,6.5958,NA,2972.4902,15.8910,13.1236,2.7674,13.7400,5.7823,5.3167,0.4656,2.9951,2972.4902,NA,NA
gamemd.exe,18224,0x42C3CE0,D3D9,0,0,1,Hardware: Independent Flip,3002.0335,NA,16.41970000000000,16.60190000000000,1.65070000000000,5.33170000000000,6.7780,NA,2988.3812,15.3030,13.6523,1.6507,14.3198,4.6642,4.5465,0.1177,-0.7109,2988.3812,NA,NA
gamemd.exe,18224,0x42C3CE0,D3D9,0,0,1,Hardware: Independent Flip,3019.0318,NA,16.99830000000000,16.79780000000000,3.67260000000000,6.35750000000000,6.5775,NA,3003.6842,19.0202,15.3476,3.6726,16.6774,5.0277,4.4407,0.5870,-1.4948,3003.6842,37.1638,37.1638
gamemd.exe,18224,0x42C3CE0,D3D9,0,0,1,Hardware: Independent Flip,3036.9002,NA,17.86840000000000,16.93390000000000,2.70580000000000,5.45010000000000,5.6430,NA,3022.7044,16.9016,14.1958,2.7058,15.0320,4.6139,4.5102,0.1037,2.0863,3022.7044,NA,NA
gamemd.exe,18224,0x42C3CE0,D3D9,0,0,1,Hardware: Independent Flip,3053.2689,NA,16.36870000000000,16.21620000000000,2.37840000000000,5.30640000000000,5.4905,NA,3039.6060,16.0413,13.6629,2.3784,14.3476,4.6217,4.4215,0.2002,0.6854,3039.6060,NA,NA
gamemd.exe,18224,0x42C3CE0,D3D9,0,0,1,Hardware: Independent Flip,3068.8823,NA,15.61340000000000,16.64400000000000,2.97580000000000,6.32330000000000,6.5211,NA,3055.6473,16.2108,13.2350,2.9758,14.1598,5.3985,4.8179,0.5806,-0.6027,3055.6473,NA,NA
gamemd.exe,18224,0x42C3CE0,D3D9,0,0,1,Hardware: Independent Flip,3085.3311,NA,16.44880000000000,16.51530000000000,1.27460000000000,5.18290000000000,6.5876,NA,3071.8581,14.7476,13.4730,1.2746,14.0132,4.6427,4.1457,0.4970,-0.3045,3071.8581,NA,NA
gamemd.exe,18224,0x42C3CE0,D3D9,0,0,1,Hardware: Independent Flip,3102.2045,NA,16.87340000000000,17.24100000000000,1.26320000000000,4.99580000000000,6.9552,NA,3086.6057,16.8620,15.5988,1.2632,16.1596,4.4350,3.9849,0.4501,-2.4934,3086.6057,NA,NA
gamemd.exe,18224,0x42C3CE0,D3D9,0,0,1,Hardware: Independent Flip,3118.7612,NA,16.55670000000000,15.65000000000000,1.12970000000000,4.58640000000000,6.0485,NA,3103.4677,16.4232,15.2935,1.1297,15.8122,4.0677,3.9598,0.1079,1.2120,3103.4677,24.5257,24.5257
gamemd.exe,18224,0x42C3CE0,D3D9,0,0,1,Hardware: Independent Flip,3135.3634,NA,16.60220000000000,16.73900000000000,1.21710000000000,5.05150000000000,6.1853,NA,3119.8909,16.6896,15.4725,1.2171,16.0271,4.4969,4.0213,0.4756,-0.3158,3119.8909,NA,NA
gamemd.exe,18224,0x42C3CE0,D3D9,0,0,1,Hardware: Independent Flip,3152.1453,NA,16.78190000000000,17.09840000000000,1.11270000000000,4.62000000000000,6.5018,NA,3136.5805,16.6775,15.5648,1.1127,16.0547,4.1301,3.7315,0.3986,-0.4088,3136.5805,NA,NA
gamemd.exe,18224,0x42C3CE0,D3D9,0,0,1,Hardware: Independent Flip,3168.8048,NA,16.65950000000000,16.80360000000000,1.21260000000000,6.20730000000000,6.6459,NA,3153.2580,16.7594,15.5468,1.2126,16.1181,5.6360,4.2027,1.4333,-0.1261,3153.2580,NA,NA
gamemd.exe,18224,0x42C3CE0,D3D9,0,0,1,Hardware: Independent Flip,3185.5927,NA,16.78790000000000,15.97410000000000,1.17360000000000,4.52300000000000,5.8321,NA,3170.0174,16.7489,15.5753,1.1736,16.1238,3.9745,3.8861,0.0884,0.7853,3170.0174,NA,NA
gamemd.exe,18224,0x42C3CE0,D3D9,0,0,1,Hardware: Independent Flip,3202.4050,NA,16.81230000000000,17.87120000000000,2.85450000000000,6.69320000000000,6.8910,NA,3186.7663,18.4932,15.6387,2.8545,17.6402,4.6917,4.2279,0.4638,-1.1223,3186.7663,NA,NA
gamemd.exe,18224,0x42C3CE0,D3D9,0,0,1,Hardware: Independent Flip,3219.0553,NA,16.65030000000000,15.45890000000000,1.11900000000000,4.26400000000000,5.6996,NA,3205.2595,14.9148,13.7958,1.1190,14.3149,3.7449,3.6724,0.0725,3.0343,3205.2595,28.4797,28.4797
gamemd.exe,18224,0x42C3CE0,D3D9,0,0,1,Hardware: Independent Flip,3237.0810,NA,18.02570000000000,18.06200000000000,1.47700000000000,5.51310000000000,5.7359,NA,3220.1743,18.3837,16.9067,1.4770,17.5799,4.8399,4.2811,0.5588,-3.1472,3220.1743,NA,NA
gamemd.exe,18224,0x42C3CE0,D3D9,0,0,1,Hardware: Independent Flip,3252.3766,NA,15.29560000000000,15.27020000000000,1.16480000000000,4.38970000000000,5.7105,NA,3238.5580,14.9834,13.8186,1.1648,14.3391,3.8692,3.7806,0.0886,3.1135,3238.5580,NA,NA
gamemd.exe,18224,0x42C3CE0,D3D9,0,0,1,Hardware: Independent Flip,3270.1611,NA,17.78450000000000,17.48180000000000,2.38830000000000,5.17240000000000,5.4078,NA,3253.5414,19.0080,16.6197,2.3883,17.2040,4.5881,4.4806,0.1075,-2.4984,3253.5414,NA,NA
gamemd.exe,18224,0x42C3CE0,D3D9,0,0,1,Hardware: Independent Flip,3285.5525,NA,15.39140000000000,15.17920000000000,1.21240000000000,4.26830000000000,5.1956,NA,3272.5494,14.2155,13.0031,1.2124,13.5062,3.7652,3.6882,0.0770,3.8288,3272.5494,22.3427,22.3427
gamemd.exe,18224,0x42C3CE0,D3D9,0,0,1,Hardware: Independent Flip,3304.3049,NA,18.75240000000000,19.50110000000000,1.66370000000000,5.69450000000000,5.9443,NA,3286.7649,19.2037,17.5400,1.6637,18.3860,4.8485,4.3299,0.5186,-5.2856,3286.7649,NA,NA
gamemd.exe,18224,0x42C3CE0,D3D9,0,0,1,Hardware: Independent Flip,3318.8514,NA,14.54650000000000,14.47380000000000,1.16730000000000,4.41150000000000,5.8716,NA,3305.9686,14.0501,12.8828,1.1673,13.4031,3.8912,3.8149,0.0763,4.7299,3305.9686,NA,NA
gamemd.exe,18224,0x42C3CE0,D3D9,0,0,1,Hardware: Independent Flip,3336.6136,NA,17.76220000000000,17.79490000000000,2.52330000000000,5.71220000000000,5.9043,NA,3320.0187,19.1182,16.5949,2.5233,17.2923,5.0148,4.5921,0.4227,-3.7448,3320.0187,26.1981,NA
gamemd.exe,18224,0x42C3CE0,D3D9,0,0,1,Hardware: Independent Flip,3351.8166,NA,15.20300000000000,14.88820000000000,1.27030000000000,4.49400000000000,5.5895,NA,3339.1369,13.9500,12.6797,1.2703,13.2187,3.9550,3.8742,0.0808,4.2300,3339.1369,25.1496,NA
gamemd.exe,18224,0x42C3CE0,D3D9,0,0,1,Hardware: Independent Flip,3370.4256,NA,18.60900000000000,18.46410000000000,2.57800000000000,5.28120000000000,5.4446,NA,3353.0869,19.9167,17.3387,2.5780,17.9173,4.7026,4.5951,0.1075,-4.5141,3353.0869,27.6097,NA
gamemd.exe,18224,0x42C3CE0,D3D9,0,0,1,Hardware: Independent Flip,3385.3332,NA,14.90760000000000,16.24910000000000,1.75660000000000,5.22280000000000,6.7861,NA,3373.0036,14.0862,12.3296,1.7566,13.0261,4.5263,4.3588,0.1675,3.6676,3373.0036,19.6254,NA
gamemd.exe,18224,0x42C3CE0,D3D9,0,0,1,Hardware: Independent Flip,3402.1312,NA,16.79800000000000,16.79900000000000,1.40470000000000,5.75600000000000,6.7871,NA,3387.0898,16.4461,15.0414,1.4047,15.6144,5.1830,4.9973,0.1857,-2.7128,3387.0898,20.0337,NA
gamemd.exe,18224,0x42C3CE0,D3D9,0,0,1,Hardware: Independent Flip,3418.8305,NA,16.69930000000000,17.12770000000000,3.06100000000000,6.94780000000000,7.2155,NA,3403.5359,18.3556,15.2946,3.0610,16.0918,6.1506,5.2466,0.9040,-0.6816,3403.5359,29.6146,NA
gamemd.exe,18224,0x42C3CE0,D3D9,0,0,1,Hardware: Independent Flip,3435.2985,NA,16.46800000000000,16.20120000000000,1.42460000000000,5.69520000000000,6.9487,NA,3421.8915,14.8316,13.4070,1.4246,13.9163,5.1859,4.9676,0.2183,2.1544,3421.8915,13.9431,NA
gamemd.exe,18224,0x42C3CE0,D3D9,0,0,1,Hardware: Independent Flip,3451.8443,NA,16.54580000000000,16.27920000000000,1.23890000000000,5.23730000000000,6.6821,NA,3436.7231,16.3601,15.1212,1.2389,15.6809,4.6776,4.1443,0.5333,-1.4476,3436.7231,14.2455,NA
gamemd.exe,18224,0x42C3CE0,D3D9,0,0,1,Hardware: Independent Flip,3469.0936,NA,17.24930000000000,17.66560000000000,3.57950000000000,6.91650000000000,7.0984,NA,3453.0832,19.5899,16.0104,3.5795,17.5041,5.4228,4.8459,0.5769,-1.3055,3453.0832,15.9019,NA
gamemd.exe,18224,0x42C3CE0,D3D9,0,0,1,Hardware: Independent Flip,3485.5315,NA,16.43790000000000,16.35440000000000,2.33450000000000,6.76770000000000,7.0149,NA,3472.6731,15.1929,12.8584,2.3345,13.7156,5.9105,4.5983,1.3122,3.2355,3472.6731,16.2688,NA
gamemd.exe,18224,0x42C3CE0,D3D9,0,0,1,Hardware: Independent Flip,3502.2912,NA,16.75970000000000,16.23010000000000,1.89070000000000,5.86100000000000,6.4853,NA,3487.8660,16.3159,14.4252,1.8907,15.2703,5.0159,4.3807,0.6352,-1.0372,3487.8660,16.4494,NA
gamemd.exe,18224,0x42C3CE0,D3D9,0,0,1,Hardware: Independent Flip,3519.2586,NA,16.96740000000000,17.05110000000000,2.47180000000000,6.35640000000000,6.5690,NA,3504.1819,17.5485,15.0767,2.4718,16.7280,4.7051,4.2706,0.4345,-0.7352,3504.1819,17.5127,NA
gamemd.exe,18224,0x42C3CE0,D3D9,0,0,1,Hardware: Independent Flip,3536.0439,NA,16.78530000000000,16.80010000000000,3.44180000000000,6.40090000000000,6.5838,NA,3521.7304,17.7553,14.3135,3.4418,15.9409,4.7735,4.6416,0.1319,0.7484,3521.7304,18.3434,NA
gamemd.exe,18224,0x42C3CE0,D3D9,0,0,1,Hardware: Independent Flip,3553.4687,NA,17.42480000000000,17.44230000000000,2.74770000000000,6.39070000000000,6.6013,NA,3539.4857,16.7307,13.9830,2.7477,14.9977,5.3760,4.4807,0.8953,0.3130,3539.4857,19.7982,NA
gamemd.exe,18224,0x42C3CE0,D3D9,0,0,1,Hardware: Independent Flip,3569.3370,NA,15.86830000000000,15.94760000000000,3.48540000000000,6.49560000000000,6.6806,NA,3556.2164,16.6060,13.1206,3.4854,14.8745,4.7417,4.6482,0.0935,0.7831,3556.2164,NA,NA
gamemd.exe,18224,0x42C3CE0,D3D9,0,0,1,Hardware: Independent Flip,3586.1294,NA,16.79240000000000,17.08670000000000,3.63670000000000,6.79920000000000,6.9749,NA,3572.8224,16.9437,13.3070,3.6367,15.1144,4.9918,4.4979,0.4939,-0.4807,3572.8224,12.8304,NA
gamemd.exe,18224,0x42C3CE0,D3D9,0,0,1,Hardware: Independent Flip,3602.1681,NA,16.03870000000000,15.59460000000000,3.03660000000000,6.16390000000000,6.5308,NA,3589.7661,15.4386,12.4020,3.0366,13.4540,5.1119,4.6204,0.4915,1.3491,3589.7661,20.4151,NA
gamemd.exe,18224,0x42C3CE0,D3D9,0,0,1,Hardware: Independent Flip,3619.1130,NA,16.94490000000000,16.92260000000000,2.48240000000000,6.33110000000000,6.5085,NA,3605.2047,16.3907,13.9083,2.4824,15.6370,4.6024,4.4888,0.1136,-1.4840,3605.2047,21.0838,NA
gamemd.exe,18224,0x42C3CE0,D3D9,0,0,1,Hardware: Independent Flip,3635.7133,NA,16.60030000000000,17.39660000000000,3.50430000000000,7.05800000000000,7.3048,NA,3621.5954,17.6222,14.1179,3.5043,16.0360,5.1399,4.4653,0.6746,-1.0059,3621.5954,22.5467,NA
gamemd.exe,18224,0x42C3CE0,D3D9,0,0,1,Hardware: Independent Flip,3653.0261,NA,17.31280000000000,16.72030000000000,3.19080000000000,6.48330000000000,6.7123,NA,3639.2176,16.9993,13.8085,3.1908,15.5476,4.7442,4.2927,0.4515,0.9019,3639.2176,22.3987,NA
gamemd.exe,18224,0x42C3CE0,D3D9,0,0,1,Hardware: Independent Flip,3669.4952,NA,16.46910000000000,16.02050000000000,3.17250000000000,6.06780000000000,6.2637,NA,3656.2169,16.4508,13.2783,3.1725,14.7121,4.6340,4.5457,0.0883,0.9788,3656.2169,23.3938,NA
gamemd.exe,18224,0x42C3CE0,D3D9,0,0,1,Hardware: Independent Flip,3685.5795,NA,16.08430000000000,16.51370000000000,2.25150000000000,6.47220000000000,6.6931,NA,3672.6677,15.1633,12.9118,2.2515,13.7009,5.6831,4.3615,1.3216,-0.0629,3672.6677,15.9858,NA
gamemd.exe,18224,0x42C3CE0,D3D9,0,0,1,Hardware: Independent Flip,3702.1856,NA,16.60610000000000,16.47330000000000,1.78820000000000,5.16990000000000,6.5603,NA,3687.8310,16.1428,14.3546,1.7882,15.1003,4.4242,4.3200,0.1042,-1.3100,3687.8310,24.4678,NA
gamemd.exe,18224,0x42C3CE0,D3D9,0,0,1,Hardware: Independent Flip,3718.7788,NA,16.59320000000000,16.91140000000000,1.20690000000000,5.29380000000000,6.8785,NA,3703.9738,16.0119,14.8050,1.2069,15.3166,4.7822,4.2472,0.5350,-0.7686,3703.9738,17.1806,NA
gamemd.exe,18224,0x42C3CE0,D3D9,0,0,1,Hardware: Independent Flip,3735.4463,NA,16.66750000000000,15.81720000000000,1.09100000000000,4.40520000000000,6.0282,NA,3719.9857,16.5516,15.4606,1.0910,15.9244,3.9414,3.8689,0.0725,0.1947,3719.9857,25.1977,NA
gamemd.exe,18224,0x42C3CE0,D3D9,0,0,1,Hardware: Independent Flip,3752.3310,NA,16.88470000000000,16.57500000000000,1.17990000000000,4.35970000000000,5.7185,NA,3736.5373,16.9736,15.7937,1.1799,16.3151,3.8383,3.7576,0.0807,-0.0234,3736.5373,25.7468,NA
gamemd.exe,18224,0x42C3CE0,D3D9,0,0,1,Hardware: Independent Flip,3770.0842,NA,17.75320000000000,17.90810000000000,2.99450000000000,5.62990000000000,5.8734,NA,3753.5109,19.5678,16.5733,2.9945,17.4676,4.7356,4.5776,0.1580,-0.9345,3753.5109,27.6687,NA
gamemd.exe,18224,0x42C3CE0,D3D9,0,0,1,Hardware: Independent Flip,3785.5201,NA,15.43590000000000,15.44030000000000,1.17450000000000,4.43610000000000,5.8778,NA,3773.0787,13.6159,12.4414,1.1745,12.9649,3.9126,3.8209,0.0917,4.1275,3773.0787,18.9182,NA
gamemd.exe,18224,0x42C3CE0,D3D9,0,0,1,Hardware: Independent Flip,3802.1024,NA,16.58230000000000,17.25080000000000,1.20900000000000,6.31960000000000,6.5463,NA,3786.6946,16.6168,15.4078,1.2090,15.9179,5.8095,5.0637,0.7458,-3.6349,3786.6946,12.3302,NA
gamemd.exe,18224,0x42C3CE0,D3D9,0,0,1,Hardware: Independent Flip,3818.6839,NA,16.58150000000000,16.06710000000000,1.16930000000000,4.61470000000000,6.0319,NA,3803.3114,16.5418,15.3725,1.1693,15.8876,4.0996,4.0065,0.0931,0.5497,3803.3114,NA,NA
gamemd.exe,18224,0x42C3CE0,D3D9,0,0,1,Hardware: Independent Flip,3836.7767,NA,18.09280000000000,17.32490000000000,1.87090000000000,5.09790000000000,5.2640,NA,3819.8532,18.7944,16.9235,1.8709,17.7392,4.2822,4.1633,0.1189,-0.7831,3819.8532,37.7674,37.7674
gamemd.exe,18224,0x42C3CE0,D3D9,0,0,1,Hardware: Independent Flip,3854.0280,NA,17.25130000000000,17.50560000000000,1.79070000000000,5.37070000000000,5.5183,NA,3838.6476,17.1711,15.3804,1.7907,16.3926,4.3585,4.2019,0.1566,1.2888,3838.6476,NA,NA
gamemd.exe,18224,0x42C3CE0,D3D9,0,0,1,Hardware: Independent Flip,3870.4697,NA,16.44170000000000,16.25080000000000,1.61150000000000,5.20020000000000,5.3274,NA,3855.8187,16.2625,14.6510,1.6115,15.5345,4.3167,4.2369,0.0798,0.9203,3855.8187,NA,NA
gamemd.exe,18224,0x42C3CE0,D3D9,0,0,1,Hardware: Independent Flip,3886.5526,NA,16.08290000000000,17.49690000000000,2.96860000000000,6.52070000000000,6.7414,NA,3872.0812,17.4400,14.4714,2.9686,15.9450,5.0471,4.4953,0.5518,-1.2344,3872.0812,NA,NA
gamemd.exe,18224,0x42C3CE0,D3D9,0,0,1,Hardware: Independent Flip,3903.6100,NA,17.05740000000000,16.03670000000000,2.30400000000000,5.51370000000000,5.7207,NA,3889.5212,16.3928,14.0888,2.3040,14.6560,4.9465,4.4504,0.4961,1.4033,3889.5212,16.9684,16.9684
gamemd.exe,18224,0x42C3CE0,D3D9,0,0,1,Hardware: Independent Flip,3919.9297,NA,16.31970000000000,16.36530000000000,2.71580000000000,5.55010000000000,5.7663,NA,3905.9140,16.7315,14.0157,2.7158,14.8061,4.7597,4.3615,0.3982,0.0275,3905.9140,NA,NA
gamemd.exe,18224,0x42C3CE0,D3D9,0,0,1,Hardware: Independent Flip,3936.2739,NA,16.34420000000000,16.92820000000000,2.51960000000000,6.14330000000000,6.3503,NA,3922.6455,16.1480,13.6284,2.5196,15.1349,4.6368,3.9898,0.6470,-0.1967,3922.6455,NA,NA
gamemd.exe,18224,0x42C3CE0,D3D9,0,0,1,Hardware: Independent Flip,3953.8560,NA,17.58210000000000,16.80740000000000,1.91970000000000,5.42730000000000,5.5756,NA,3938.7935,16.9822,15.0625,1.9197,16.1474,4.3424,3.8418,0.5006,-0.6594,3938.7935,NA,NA
gamemd.exe,18224,0x42C3CE0,D3D9,0,0,1,Hardware: Independent Flip,3970.9644,NA,17.10840000000000,16.97610000000000,1.95420000000000,5.26880000000000,5.4433,NA,3955.7757,17.1429,15.1887,1.9542,15.9279,4.5296,4.0018,0.5278,0.0061,3955.7757,20.1379,NA
gamemd.exe,18224,0x42C3CE0,D3D9,0,0,1,Hardware: Independent Flip,3985.9767,NA,15.01230000000000,16.26840000000000,3.78240000000000,6.48530000000000,6.6994,NA,3972.9186,16.8405,13.0581,3.7824,14.8994,4.6440,4.2554,0.3886,0.8745,3972.9186,20.4022,NA
gamemd.exe,18224,0x42C3CE0,D3D9,0,0,1,Hardware: Independent Flip,4003.4435,NA,17.46680000000000,16.85000000000000,2.41470000000000,5.85240000000000,6.0826,NA,3989.7591,16.0991,13.6844,2.4147,14.3652,5.1716,4.4723,0.6993,-0.0095,3989.7591,20.8231,NA
gamemd.exe,18224,0x42C3CE0,D3D9,0,0,1,Hardware: Independent Flip,4019.1205,NA,15.67700000000000,16.02960000000000,3.03080000000000,6.21060000000000,6.4352,NA,4005.8582,16.2931,13.2623,3.0308,14.3557,5.1172,4.4736,0.6436,0.0695,4005.8582,13.2970,NA
gamemd.exe,18224,0x42C3CE0,D3D9,0,0,1,Hardware: Independent Flip,4036.2020,NA,17.08150000000000,17.47720000000000,2.73420000000000,6.62100000000000,6.8309,NA,4022.1513,16.7849,14.0507,2.7342,15.7549,4.9168,4.4533,0.4635,-1.1841,4022.1513,22.7194,NA
gamemd.exe,18224,0x42C3CE0,D3D9,0,0,1,Hardware: Independent Flip,4054.0944,NA,17.89240000000000,16.70660000000000,2.69670000000000,5.41790000000000,5.6451,NA,4038.9362,17.8549,15.1582,2.6967,15.7314,4.8447,4.4159,0.4288,0.0783,4038.9362,23.1879,NA
gamemd.exe,18224,0x42C3CE0,D3D9,0,0,1,Hardware: Independent Flip,4069.1649,NA,15.07050000000000,15.73930000000000,3.23830000000000,6.11000000000000,6.3139,NA,4056.7911,15.6121,12.3738,3.2383,13.4196,5.0642,4.5775,0.4867,2.1156,4056.7911,15.1873,NA
gamemd.exe,18224,0x42C3CE0,D3D9,0,0,1,Hardware: Independent Flip,4086.9938,NA,17.82890000000000,18.15600000000000,2.46830000000000,6.41360000000000,6.6410,NA,4072.4032,17.0589,14.5906,2.4683,15.6517,5.3525,4.5503,0.8022,-2.5439,4072.4032,25.3274,NA
gamemd.exe,18224,0x42C3CE0,D3D9,0,0,1,Hardware: Independent Flip,4102.2715,NA,15.27770000000000,15.37680000000000,2.80390000000000,6.52700000000000,6.7401,NA,4089.4621,15.6133,12.8094,2.8039,13.6631,5.6733,5.1047,0.5686,1.6821,4089.4621,24.7060,NA
gamemd.exe,18224,0x42C3CE0,D3D9,0,0,1,Hardware: Independent Flip,4119.1989,NA,16.92740000000000,16.85320000000000,2.85370000000000,6.46330000000000,6.6659,NA,4105.0754,16.9772,14.1235,2.8537,14.7693,5.8175,5.1637,0.6538,-1.2399,4105.0754,17.5466,NA
gamemd.exe,18224,0x42C3CE0,D3D9,0,0,1,Hardware: Independent Flip,4135.5120,NA,16.31310000000000,16.09300000000000,2.31140000000000,6.15810000000000,6.4458,NA,4122.0526,15.7708,13.4594,2.3114,15.0151,4.6024,4.4930,0.1094,0.8842,4122.0526,25.6452,NA
gamemd.exe,18224,0x42C3CE0,D3D9,0,0,1,Hardware: Independent Flip,4153.7238,NA,18.21180000000000,17.61630000000000,1.62850000000000,5.67260000000000,5.8503,NA,4137.8234,17.5289,15.9004,1.6285,16.7390,4.8340,4.2998,0.5342,-1.8455,4137.8234,19.2873,NA
gamemd.exe,18224,0x42C3CE0,D3D9,0,0,1,Hardware: Independent Flip,4170.0916,NA,16.36780000000000,16.24300000000000,2.02830000000000,5.56460000000000,5.7255,NA,4155.3523,16.7676,14.7393,2.0283,15.6495,4.6544,4.5532,0.1012,1.2859,4155.3523,27.5397,NA
gamemd.exe,18224,0x42C3CE0,D3D9,0,0,1,Hardware: Independent Flip,4187.1213,NA,17.02970000000000,16.95250000000000,2.00740000000000,5.41710000000000,5.6483,NA,4172.1199,17.0088,15.0014,2.0074,15.7447,4.6738,4.5648,0.1090,-0.1849,4172.1199,12.4854,NA
gamemd.exe,18224,0x42C3CE0,D3D9,0,0,1,Hardware: Independent Flip,4203.6824,NA,16.56110000000000,16.78270000000000,1.67530000000000,5.60470000000000,5.8699,NA,4189.1287,16.2290,14.5537,1.6753,15.3833,4.7751,4.5574,0.2177,0.2261,4189.1287,NA,NA
gamemd.exe,18224,0x42C3CE0,D3D9,0,0,1,Hardware: Independent Flip,4219.8710,NA,16.18860000000000,16.11010000000000,1.66250000000000,5.56790000000000,5.7914,NA,4205.3577,16.1758,14.5133,1.6625,15.3426,4.7386,4.6042,0.1344,0.1189,4205.3577,21.2871,NA
gamemd.exe,18224,0x42C3CE0,D3D9,0,0,1,Hardware: Independent Flip,4236.7714,NA,16.90040000000000,17.07410000000000,2.29500000000000,5.74880000000000,5.9651,NA,4221.5335,17.5329,15.2379,2.2950,15.8666,5.1201,4.5600,0.5601,-0.8983,4221.5335,14.4651,NA
gamemd.exe,18224,0x42C3CE0,D3D9,0,0,1,Hardware: Independent Flip,4253.2079,NA,16.43650000000000,16.92850000000000,2.59130000000000,6.20020000000000,6.4571,NA,4239.0664,16.7328,14.1415,2.5913,14.8820,5.4597,4.6463,0.8134,0.6044,4239.0664,15.3443,NA
gamemd.exe,18224,0x42C3CE0,D3D9,0,0,1,Hardware: Independent Flip,4269.9006,NA,16.69270000000000,16.81590000000000,2.22170000000000,6.32910000000000,6.5803,NA,4255.7992,16.3231,14.1014,2.2217,15.5083,4.9222,4.3111,0.6111,-0.0831,4255.7992,7.9175,NA
gamemd.exe,18224,0x42C3CE0,D3D9,0,0,1,Hardware: Independent Flip,4286.8753,NA,16.97470000000000,17.03000000000000,2.50500000000000,6.43630000000000,6.6356,NA,4272.1223,17.2580,14.7530,2.5050,16.0709,5.1184,4.5162,0.6022,-0.7069,4272.1223,17.2243,17.2243
gamemd.exe,18224,0x42C3CE0,D3D9,0,0,1,Hardware: Independent Flip,4302.7109,NA,15.83560000000000,15.68130000000000,3.30070000000000,6.27490000000000,6.4813,NA,4289.3803,16.6313,13.3306,3.3007,14.7461,4.8594,4.4252,0.4342,1.5767,4289.3803,16.9180,NA
gamemd.exe,18224,0x42C3CE0,D3D9,0,0,1,Hardware: Independent Flip,4320.2189,NA,17.50800000000000,17.14270000000000,2.86080000000000,5.89660000000000,6.1160,NA,4306.0116,17.0681,14.2073,2.8608,14.8824,5.2215,4.4911,0.7304,-0.5114,4306.0116,17.8910,NA
gamemd.exe,18224,0x42C3CE0,D3D9,0,0,1,Hardware: Independent Flip,4335.7921,NA,15.57320000000000,16.05210000000000,3.07310000000000,6.41330000000000,6.5949,NA,4323.0797,15.7855,12.7124,3.0731,13.5976,5.5281,5.1283,0.3998,1.0160,4323.0797,18.0832,NA
gamemd.exe,18224,0x42C3CE0,D3D9,0,0,1,Hardware: Independent Flip,4352.6416,NA,16.84950000000000,16.46670000000000,1.11580000000000,4.95120000000000,6.2121,NA,4338.8652,14.8922,13.7764,1.1158,13.8840,4.8436,4.7465,0.0971,-0.6812,4338.8652,18.3010,NA
gamemd.exe,18224,0x42C3CE0,D3D9,0,0,1,Hardware: Independent Flip,4368.8745,NA,16.23290000000000,16.66370000000000,2.11550000000000,5.68320000000000,6.6429,NA,4353.7574,17.2326,15.1171,2.1155,15.8946,4.9057,4.3851,0.5206,-1.7715,4353.7574,19.0618,NA
gamemd.exe,18224,0x42C3CE0,D3D9,0,0,1,Hardware: Independent Flip,4385.8225,NA,16.94800000000000,16.87090000000000,3.83790000000000,6.36230000000000,6.5658,NA,4370.9900,18.6704,14.8325,3.8379,16.7207,4.4741,4.3586,0.1155,0.3617,4370.9900,20.0653,NA
gamemd.exe,18224,0x42C3CE0,D3D9,0,0,1,Hardware: Independent Flip,4403.1626,NA,17.34010000000000,16.36430000000000,2.65190000000000,5.39800000000000,5.5900,NA,4389.6604,16.1541,13.5022,2.6519,14.3290,4.5712,4.4841,0.0871,2.3061,4389.6604,20.3974,NA
gamemd.exe,18224,0x42C3CE0,D3D9,0,0,1,Hardware: Independent Flip,4418.8115,NA,15.64890000000000,16.77060000000000,2.45350000000000,5.57300000000000,6.7117,NA,4405.8145,15.4505,12.9970,2.4535,13.7607,4.8093,4.3085,0.5008,-0.6165,4405.8145,21.2141,NA
gamemd.exe,18224,0x42C3CE0,D3D9,0,0,1,Hardware: Independent Flip,4435.4919,NA,16.68040000000000,15.78520000000000,1.24510000000000,4.50030000000000,5.8165,NA,4421.2650,15.4720,14.2269,1.2451,14.7639,3.9633,3.8841,0.0792,-0.3347,4421.2650,20.9237,NA
gamemd.exe,18224,0x42C3CE0,D3D9,0,0,1,Hardware: Independent Flip,4452.6352,NA,17.14330000000000,17.50230000000000,2.85660000000000,5.99570000000000,6.1755,NA,4436.7370,18.7548,15.8982,2.8566,16.8271,5.0668,4.4828,0.5840,-2.0303,4436.7370,22.5393,NA
gamemd.exe,18224,0x42C3CE0,D3D9,0,0,1,Hardware: Independent Flip,4468.6889,NA,16.05370000000000,15.85560000000000,1.12400000000000,4.55240000000000,5.9774,NA,4455.4918,14.3211,13.1971,1.1240,13.7050,4.0445,3.9645,0.0800,2.8992,4455.4918,22.2253,NA
gamemd.exe,18224,0x42C3CE0,D3D9,0,0,1,Hardware: Independent Flip,4486.6605,NA,17.97160000000000,17.35510000000000,2.58950000000000,4.89060000000000,5.3609,NA,4469.8129,19.4371,16.8476,2.5895,17.4417,4.2965,4.1712,0.1253,-3.0340,4469.8129,23.7249,NA
gamemd.exe,18224,0x42C3CE0,D3D9,0,0,1,Hardware: Independent Flip,4502.0098,NA,15.34930000000000,15.94230000000000,1.17000000000000,4.49040000000000,5.9539,NA,4489.2500,13.9298,12.7598,1.1700,13.2757,3.9745,3.8845,0.0900,3.4948,4489.2500,23.6241,NA
gamemd.exe,18224,0x42C3CE0,D3D9,0,0,1,Hardware: Independent Flip,4519.8031,NA,17.79330000000000,17.77880000000000,2.41890000000000,5.73990000000000,5.9394,NA,4503.1798,19.0422,16.6233,2.4189,17.3120,5.0512,4.5267,0.5245,-3.8490,4503.1798,25.4769,NA
gamemd.exe,18224,0x42C3CE0,D3D9,0,0,1,Hardware: Independent Flip,4535.4667,NA,15.66360000000000,15.55940000000000,1.13850000000000,4.46590000000000,5.8352,NA,4522.2220,14.3832,13.2447,1.1385,13.7195,3.9911,3.9130,0.0781,3.4828,4522.2220,25.0340,NA
gamemd.exe,18224,0x42C3CE0,D3D9,0,0,1,Hardware: Independent Flip,4553.3482,NA,17.88150000000000,18.90850000000000,2.40410000000000,6.65200000000000,6.8622,NA,4536.6052,19.1471,16.7430,2.4041,18.3223,5.0727,4.2077,0.8650,-4.5253,4536.6052,27.9530,NA
gamemd.exe,18224,0x42C3CE0,D3D9,0,0,1,Hardware: Independent Flip,4568.6027,NA,15.25450000000000,14.41620000000000,1.05350000000000,4.54580000000000,6.0239,NA,4555.7523,13.9039,12.8504,1.0535,13.3030,4.0932,4.0235,0.0697,4.7309,4555.7523,26.3705,NA
gamemd.exe,18224,0x42C3CE0,D3D9,0,0,1,Hardware: Independent Flip,4585.4384,NA,16.83570000000000,17.81340000000000,3.05390000000000,6.79940000000000,7.0016,NA,4569.6562,18.8361,15.7822,3.0539,16.5487,6.0329,5.3814,0.6515,-3.9095,4569.6562,28.1689,NA
gamemd.exe,18224,0x42C3CE0,D3D9,0,0,1,Hardware: Independent Flip,4601.9803,NA,16.54190000000000,15.48700000000000,1.25280000000000,4.58610000000000,5.9467,NA,4588.4923,14.7408,13.4880,1.2528,14.0020,4.0721,3.9968,0.0753,3.3491,4588.4923,19.6315,NA
gamemd.exe,18224,0x42C3CE0,D3D9,0,0,1,Hardware: Independent Flip,4620.7495,NA,18.76920000000000,18.61930000000000,2.09280000000000,5.57870000000000,5.7968,NA,4603.2331,19.6092,17.5164,2.0928,18.4243,4.6708,4.5599,0.1109,-3.8785,4603.2331,30.2413,NA
gamemd.exe,18224,0x42C3CE0,D3D9,0,0,1,Hardware: Independent Flip,4636.1424,NA,15.39290000000000,16.67290000000000,3.19310000000000,6.80420000000000,7.0768,NA,4622.8423,16.4932,13.3001,3.1931,13.9958,6.1085,5.4582,0.6503,2.9363,4622.8423,NA,NA
gamemd.exe,18224,0x42C3CE0,D3D9,0,0,1,Hardware: Independent Flip,4653.9656,NA,17.82320000000000,16.53320000000000,2.68830000000000,5.57050000000000,5.7868,NA,4639.3355,17.3184,14.6301,2.6883,15.2236,4.9770,4.5760,0.4010,-0.0400,4639.3355,39.2827,NA
gamemd.exe,18224,0x42C3CE0,D3D9,0,0,1,Hardware: Independent Flip,4668.7451,NA,14.77950000000000,16.45020000000000,3.18940000000000,7.23790000000000,7.4575,NA,4656.6539,15.2806,12.0912,3.1894,12.9406,6.3885,5.2074,1.1811,0.8682,4656.6539,NA,NA
gamemd.exe,18224,0x42C3CE0,D3D9,0,0,1,Hardware: Independent Flip,4685.5302,NA,16.78510000000000,16.26710000000000,1.37090000000000,5.45950000000000,6.9395,NA,4671.9345,14.9666,13.5957,1.3709,14.2707,4.7845,4.2416,0.5429,-0.9865,4671.9345,24.1159,NA
gamemd.exe,18224,0x42C3CE0,D3D9,0,0,1,Hardware: Independent Flip,4701.8150,NA,16.28480000000000,16.30350000000000,1.23950000000000,5.38240000000000,6.9582,NA,4686.9011,16.1534,14.9139,1.2395,15.4706,4.8257,4.2511,0.5746,-1.3369,4686.9011,NA,NA
gamemd.exe,18224,0x42C3CE0,D3D9,0,0,1,Hardware: Independent Flip,4718.9883,NA,17.17330000000000,16.67960000000000,1.26350000000000,5.68570000000000,6.4645,NA,4703.0545,17.1973,15.9338,1.2635,16.4618,5.1577,4.9168,0.2409,-0.5262,4703.0545,16.6803,NA
gamemd.exe,18224,0x42C3CE0,D3D9,0,0,1,Hardware: Independent Flip,4735.6669,NA,16.67860000000000,16.73320000000000,1.29320000000000,6.25250000000000,6.5191,NA,4720.2518,16.7083,15.4151,1.2932,15.9762,5.6914,4.4339,1.2575,0.4641,4720.2518,17.8653,NA
gamemd.exe,18224,0x42C3CE0,D3D9,0,0,1,Hardware: Independent Flip,4752.3571,NA,16.69020000000000,16.46880000000000,1.30360000000000,5.71560000000000,6.2977,NA,4736.9601,16.7006,15.3970,1.3036,15.9622,5.1504,5.0237,0.1267,0.2395,4736.9601,18.0872,NA
gamemd.exe,18224,0x42C3CE0,D3D9,0,0,1,Hardware: Independent Flip,4768.8915,NA,16.53440000000000,17.30480000000000,1.20960000000000,5.31650000000000,7.0681,NA,4753.6607,16.4404,15.2308,1.2096,15.7955,4.7518,4.2023,0.5495,-0.6042,4753.6607,19.0645,NA
gamemd.exe,18224,0x42C3CE0,D3D9,0,0,1,Hardware: Independent Flip,4785.5538,NA,16.66230000000000,16.25170000000000,1.32350000000000,5.74960000000000,6.6575,NA,4770.1011,16.7762,15.4527,1.3235,16.0292,5.1731,4.9403,0.2328,0.1887,4770.1011,19.9118,NA
gamemd.exe,18224,0x42C3CE0,D3D9,0,0,1,Hardware: Independent Flip,4801.8885,NA,16.33470000000000,16.45830000000000,1.68530000000000,5.22060000000000,6.7811,NA,4786.8773,16.6965,15.0112,1.6853,15.6308,4.6010,4.4758,0.1252,0.3179,4786.8773,20.2823,NA
gamemd.exe,18224,0x42C3CE0,D3D9,0,0,1,Hardware: Independent Flip,4818.6866,NA,16.79810000000000,16.58140000000000,1.36270000000000,6.16750000000000,6.5644,NA,4803.5738,16.4755,15.1128,1.3627,15.6743,5.6060,4.3033,1.3027,0.1151,4803.5738,20.9343,NA
gamemd.exe,18224,0x42C3CE0,D3D9,0,0,1,Hardware: Independent Flip,4835.2870,NA,16.60040000000000,16.33950000000000,1.21760000000000,4.76430000000000,6.3035,NA,4820.0493,16.4553,15.2377,1.2176,15.7755,4.2265,4.1426,0.0839,0.1360,4820.0493,21.2941,NA
gamemd.exe,18224,0x42C3CE0,D3D9,0,0,1,Hardware: Independent Flip,4851.9908,NA,16.70380000000000,16.32690000000000,1.17120000000000,4.52460000000000,5.9266,NA,4836.5046,16.6574,15.4862,1.1712,16.0016,4.0092,3.9301,0.0791,0.1284,4836.5046,NA,NA
gamemd.exe,18224,0x42C3CE0,D3D9,0,0,1,Hardware: Independent Flip,4868.8520,NA,16.86120000000000,16.68470000000000,1.26530000000000,4.61430000000000,5.7501,NA,4853.1620,16.9553,15.6900,1.2653,16.2398,4.0645,3.9820,0.0825,-0.0273,4853.1620,NA,NA
gamemd.exe,18224,0x42C3CE0,D3D9,0,0,1,Hardware: Independent Flip,4886.7919,NA,17.93990000000000,19.07090000000000,2.35470000000000,6.66950000000000,6.8811,NA,4870.1173,19.0293,16.6746,2.3547,18.2469,5.0972,4.2698,0.8274,-2.1156,4870.1173,NA,NA
gamemd.exe,18224,0x42C3CE0,D3D9,0,0,1,Hardware: Independent Flip,4901.9872,NA,15.19530000000000,14.25740000000000,1.18910000000000,4.57400000000000,5.9432,NA,4889.1466,14.0297,12.8406,1.1891,13.3926,4.0220,3.9270,0.0950,4.7719,4889.1466,NA,NA
gamemd.exe,18224,0x42C3CE0,D3D9,0,0,1,Hardware: Independent Flip,4919.7859,NA,17.79870000000000,18.65710000000000,2.79030000000000,6.60750000000000,6.8016,NA,4903.1763,19.3999,16.6096,2.7903,17.5764,5.6407,4.8572,0.7835,-4.6274,4903.1763,26.3206,NA
gamemd.exe,18224,0x42C3CE0,D3D9,0,0,1,Hardware: Independent Flip,4935.2301,NA,15.44420000000000,14.01740000000000,1.04550000000000,4.36640000000000,5.3748,NA,4922.5762,13.6994,12.6539,1.0455,13.1249,3.8954,3.8082,0.0872,5.3825,4922.5762,24.3179,NA
gamemd.exe,18224,0x42C3CE0,D3D9,0,0,1,Hardware: Independent Flip,4951.8606,NA,16.63050000000000,17.31650000000000,1.27440000000000,4.51390000000000,6.0608,NA,4936.2756,16.8594,15.5850,1.2744,16.0485,4.0504,3.8731,0.1773,-3.6171,4936.2756,25.6583,NA
gamemd.exe,18224,0x42C3CE0,D3D9,0,0,1,Hardware: Independent Flip,4968.4802,NA,16.61960000000000,16.68210000000000,1.13670000000000,4.59320000000000,6.1233,NA,4953.1350,16.4819,15.3452,1.1367,15.8417,4.0967,3.9762,0.1205,0.1773,4953.1350,26.3323,NA
gamemd.exe,18224,0x42C3CE0,D3D9,0,0,1,Hardware: Independent Flip,4985.6058,NA,17.12560000000000,16.62850000000000,1.20180000000000,4.52250000000000,5.6262,NA,4969.6169,17.1907,15.9889,1.2018,16.4556,4.0558,3.8958,0.1600,-0.1466,4969.6169,26.9688,NA
gamemd.exe,18224,0x42C3CE0,D3D9,0,0,1,Hardware: Independent Flip,5002.2523,NA,16.64650000000000,16.69230000000000,1.42950000000000,4.69440000000000,5.6720,NA,4986.8076,16.8742,15.4447,1.4295,16.1404,3.9987,3.8790,0.1197,0.4984,4986.8076,11.6676,NA
gamemd.exe,18224,0x42C3CE0,D3D9,0,0,1,Hardware: Independent Flip,5018.8457,NA,16.59340000000000,16.64340000000000,1.12240000000000,4.61190000000000,5.7220,NA,5003.6818,16.2863,15.1639,1.1224,15.7358,4.0400,3.8997,0.1403,0.2308,5003.6818,NA,NA
gamemd.exe,18224,0x42C3CE0,D3D9,0,0,1,Hardware: Independent Flip,5035.4976,NA,16.65190000000000,16.67590000000000,1.20630000000000,4.60680000000000,5.7460,NA,5019.9681,16.7358,15.5295,1.2063,16.0116,4.1247,4.0351,0.0896,-0.3896,5019.9681,NA,NA
gamemd.exe,18224,0x42C3CE0,D3D9,0,0,1,Hardware: Independent Flip,5052.1064,NA,16.60880000000000,16.63370000000000,1.38470000000000,4.55840000000000,5.7709,NA,5036.7039,16.7872,15.4025,1.3847,16.0384,3.9225,3.8285,0.0940,0.1021,5036.7039,NA,NA
gamemd.exe,18224,0x42C3CE0,D3D9,0,0,1,Hardware: Independent Flip,5068.8743,NA,16.76790000000000,16.73440000000000,1.21640000000000,4.58830000000000,5.7374,NA,5053.4911,16.5996,15.3832,1.2164,15.9268,4.0447,3.9526,0.0921,0.0528,5053.4911,22.3080,22.3080
gamemd.exe,18224,0x42C3CE0,D3D9,0,0,1,Hardware: Independent Flip,5086.5609,NA,17.68660000000000,17.88090000000000,2.69670000000000,5.70420000000000,5.9317,NA,5070.0907,19.1669,16.4702,2.6967,17.1453,5.0291,4.5044,0.5247,-1.2813,5070.0907,NA,NA
gamemd.exe,18224,0x42C3CE0,D3D9,0,0,1,Hardware: Independent Flip,5102.1732,NA,15.61230000000000,15.39330000000000,1.21700000000000,4.50700000000000,5.7127,NA,5089.2576,14.1326,12.9156,1.2170,13.5241,3.8985,3.8184,0.0801,3.7736,5089.2576,15.6154,NA
gamemd.exe,18224,0x42C3CE0,D3D9,0,0,1,Hardware: Independent Flip,5118.6624,NA,16.48920000000000,16.66200000000000,1.12760000000000,4.47030000000000,5.8855,NA,5103.3902,16.3998,15.2722,1.1276,15.8010,3.9415,3.8156,0.1259,-2.5294,5103.3902,16.2811,NA
gamemd.exe,18224,0x42C3CE0,D3D9,0,0,1,Hardware: Independent Flip,5135.2734,NA,16.61100000000000,16.72290000000000,1.14420000000000,4.51170000000000,5.9974,NA,5119.7900,16.6276,15.4834,1.1442,15.9986,3.9965,3.8864,0.1101,-0.3231,5119.7900,16.9952,NA
gamemd.exe,18224,0x42C3CE0,D3D9,0,0,1,Hardware: Independent Flip,5151.8837,NA,16.61030000000000,16.62150000000000,1.33050000000000,4.43160000000000,6.0086,NA,5136.4176,16.7966,15.4661,1.3305,16.0405,3.8572,3.7196,0.1376,0.0061,5136.4176,17.6269,NA
gamemd.exe,18224,0x42C3CE0,D3D9,0,0,1,Hardware: Independent Flip,5169.0734,NA,17.18970000000000,17.32120000000000,1.28220000000000,4.69680000000000,6.1401,NA,5153.2142,17.1414,15.8592,1.2822,16.4601,4.0959,3.9709,0.1250,-0.5246,5153.2142,18.8508,NA
gamemd.exe,18224,0x42C3CE0,D3D9,0,0,1,Hardware: Independent Flip,5185.6544,NA,16.58100000000000,15.98350000000000,1.06260000000000,4.29180000000000,5.5426,NA,5170.3556,16.3614,15.2988,1.0626,15.7459,3.8447,3.7162,0.1285,1.1579,5170.3556,18.9070,NA
gamemd.exe,18224,0x42C3CE0,D3D9,0,0,1,Hardware: Independent Flip,5202.2298,NA,16.57540000000000,16.67640000000000,1.19560000000000,4.61590000000000,5.6436,NA,5186.7170,16.7084,15.5128,1.1956,16.0529,4.0758,3.9451,0.1307,-0.3150,5186.7170,19.5997,NA
gamemd.exe,18224,0x42C3CE0,D3D9,0,0,1,Hardware: Independent Flip,5218.7727,NA,16.54290000000000,16.69820000000000,0.96170000000000,4.32920000000000,5.7989,NA,5203.4254,16.3090,15.3473,0.9617,15.7468,3.9297,3.8495,0.0802,0.0102,5203.4254,12.3156,NA
gamemd.exe,18224,0x42C3CE0,D3D9,0,0,1,Hardware: Independent Flip,5235.4509,NA,16.67820000000000,16.63360000000000,1.24020000000000,4.52350000000000,5.7543,NA,5219.7344,16.9567,15.7165,1.2402,16.2722,3.9678,3.8579,0.1099,-0.3246,5219.7344,20.8976,NA
gamemd.exe,18224,0x42C3CE0,D3D9,0,0,1,Hardware: Independent Flip,5253.4977,NA,18.04680000000000,18.50410000000000,2.38790000000000,5.96260000000000,6.2116,NA,5236.6911,19.1945,16.8066,2.3879,18.4035,4.3657,3.8750,0.4907,-1.5474,5236.6911,23.4549,NA
gamemd.exe,18224,0x42C3CE0,D3D9,0,0,1,Hardware: Independent Flip,5268.6942,NA,15.19650000000000,14.13410000000000,1.04110000000000,4.17310000000000,5.1492,NA,5255.8856,13.8497,12.8086,1.0411,13.2651,3.7166,3.6574,0.0592,5.0604,5255.8856,21.5328,NA
gamemd.exe,18224,0x42C3CE0,D3D9,0,0,1,Hardware: Independent Flip,5286.3317,NA,17.63750000000000,18.47010000000000,1.64390000000000,5.64150000000000,5.9818,NA,5269.7353,18.2403,16.5964,1.6439,17.4896,4.7483,4.1758,0.5725,-4.6204,5269.7353,24.0373,NA
gamemd.exe,18224,0x42C3CE0,D3D9,0,0,1,Hardware: Independent Flip,5301.9880,NA,15.65630000000000,15.54660000000000,1.23630000000000,4.38040000000000,5.8721,NA,5287.9756,15.2487,14.0124,1.2363,14.5556,3.8372,3.7450,0.0922,2.6937,5287.9756,15.4494,NA
gamemd.exe,18224,0x42C3CE0,D3D9,0,0,1,Hardware: Independent Flip,5318.9066,NA,16.91860000000000,17.75240000000000,2.67270000000000,6.46790000000000,6.7059,NA,5303.2243,18.3550,15.6823,2.6727,17.4466,4.7036,4.5433,0.1603,-2.5037,5303.2243,25.3426,NA
gamemd.exe,18224,0x42C3CE0,D3D9,0,0,1,Hardware: Independent Flip,5335.2035,NA,16.29690000000000,15.62400000000000,1.03710000000000,4.48760000000000,6.0330,NA,5321.5793,14.6613,13.6242,1.0371,14.0892,4.0226,3.9362,0.0864,2.7310,5321.5793,24.9707,NA
gamemd.exe,18224,0x42C3CE0,D3D9,0,0,1,Hardware: Independent Flip,5352.1428,NA,16.93930000000000,17.30040000000000,1.81980000000000,5.06980000000000,6.3941,NA,5336.2406,17.7220,15.9022,1.8198,17.0382,3.9338,3.8240,0.1098,-2.6391,5336.2406,26.2826,NA
gamemd.exe,18224,0x42C3CE0,D3D9,0,0,1,Hardware: Independent Flip,5368.9781,NA,16.83530000000000,16.73830000000000,1.18970000000000,6.05480000000000,6.2971,NA,5353.9626,16.2052,15.0155,1.1897,15.5594,5.5109,4.2081,1.3028,0.9837,5353.9626,26.9082,NA
gamemd.exe,18224,0x42C3CE0,D3D9,0,0,1,Hardware: Independent Flip,5385.1950,NA,16.21690000000000,15.94650000000000,1.14320000000000,4.57620000000000,6.0267,NA,5370.1678,16.1704,15.0272,1.1432,15.5332,4.0702,3.9830,0.0872,0.2587,5370.1678,18.9019,NA
gamemd.exe,18224,0x42C3CE0,D3D9,0,0,1,Hardware: Independent Flip,5401.9935,NA,16.79850000000000,16.66800000000000,1.28150000000000,4.72160000000000,5.8962,NA,5386.3382,16.9368,15.6553,1.2815,16.2350,4.1419,4.0493,0.0926,-0.4976,5386.3382,27.5729,NA
gamemd.exe,18224,0x42C3CE0,D3D9,0,0,1,Hardware: Independent Flip,5418.6629,NA,16.66940000000000,16.64710000000000,1.16140000000000,4.72970000000000,5.8739,NA,5403.2750,16.5493,15.3879,1.1614,15.8859,4.2317,4.0814,0.1503,0.2897,5403.2750,12.2645,NA
gamemd.exe,18224,0x42C3CE0,D3D9,0,0,1,Hardware: Independent Flip,5436.1029,NA,17.44000000000000,17.66980000000000,1.62030000000000,5.88580000000000,6.1037,NA,5419.8243,17.8989,16.2786,1.6203,17.0698,5.0946,4.6569,0.4377,-1.1205,5419.8243,13.9100,NA
gamemd.exe,18224,0x42C3CE0,D3D9,0,0,1,Hardware: Independent Flip,5451.9665,NA,15.86360000000000,15.66460000000000,1.33360000000000,4.57630000000000,5.9047,NA,5437.7232,15.5769,14.2433,1.3336,14.8236,3.9960,3.8835,0.1125,2.2343,5437.7232,NA,NA
gamemd.exe,18224,0x42C3CE0,D3D9,0,0,1,Hardware: Independent Flip,5469.0983,NA,17.13180000000000,17.33210000000000,2.03720000000000,5.16780000000000,6.1050,NA,5453.3001,17.8354,15.7982,2.0372,16.7709,4.1951,4.0733,0.1218,-1.7552,5453.3001,14.9101,NA
gamemd.exe,18224,0x42C3CE0,D3D9,0,0,1,Hardware: Independent Flip,5485.3016,NA,16.20330000000000,16.86650000000000,1.30520000000000,5.90910000000000,6.7682,NA,5471.1355,15.4713,14.1661,1.3052,14.7606,5.3146,4.8338,0.4808,0.9689,5471.1355,15.7899,NA
gamemd.exe,18224,0x42C3CE0,D3D9,0,0,1,Hardware: Independent Flip,5502.2340,NA,16.93240000000000,15.82470000000000,1.21490000000000,4.57970000000000,5.6605,NA,5486.6068,16.8421,15.6272,1.2149,16.1842,4.0227,3.9236,0.0991,-0.3534,5486.6068,15.4885,NA
gamemd.exe,18224,0x42C3CE0,D3D9,0,0,1,Hardware: Independent Flip,5518.6674,NA,16.43340000000000,16.64430000000000,1.11230000000000,4.38920000000000,5.8714,NA,5503.4489,16.3308,15.2185,1.1123,15.6822,3.9255,3.8219,0.1036,0.1978,5503.4489,16.2230,NA
gamemd.exe,18224,0x42C3CE0,D3D9,0,0,1,Hardware: Independent Flip,5535.1444,NA,16.47700000000000,15.99090000000000,1.14490000000000,4.46310000000000,5.3853,NA,5519.7797,16.5096,15.3647,1.1449,15.8637,3.9641,3.8784,0.0857,0.3399,5519.7797,16.2470,NA
gamemd.exe,18224,0x42C3CE0,D3D9,0,0,1,Hardware: Independent Flip,5553.0578,NA,17.91340000000000,18.01610000000000,1.40840000000000,4.56770000000000,5.4880,NA,5536.2893,18.1769,16.7685,1.4084,17.4662,3.8700,3.7875,0.0825,-1.5065,5536.2893,10.2311,NA
gamemd.exe,18224,0x42C3CE0,D3D9,0,0,1,Hardware: Independent Flip,5568.8634,NA,15.80560000000000,15.96910000000000,1.14050000000000,4.53950000000000,5.6515,NA,5554.4662,15.5377,14.3972,1.1405,14.9392,3.9975,3.9182,0.0793,2.2078,5554.4662,18.2389,NA
gamemd.exe,18224,0x42C3CE0,D3D9,0,0,1,Hardware: Independent Flip,5585.6665,NA,16.80310000000000,16.67990000000000,1.35640000000000,4.49190000000000,5.5283,NA,5570.0039,17.0190,15.6626,1.3564,16.2754,3.8791,3.7953,0.0838,-1.1422,5570.0039,10.8751,NA
gamemd.exe,18224,0x42C3CE0,D3D9,0,0,1,Hardware: Independent Flip,5602.3210,NA,16.65450000000000,16.69300000000000,1.15430000000000,4.55320000000000,5.5668,NA,5587.0229,16.4524,15.2981,1.1543,15.8100,4.0413,3.9139,0.1274,0.3260,5587.0229,19.6180,NA
gamemd.exe,18224,0x42C3CE0,D3D9,0,0,1,Hardware: Independent Flip,5618.6326,NA,16.31160000000000,16.63840000000000,1.42190000000000,4.74620000000000,5.8936,NA,5603.4753,16.5792,15.1573,1.4219,16.0015,3.9020,3.8264,0.0756,-0.1860,5603.4753,20.2172,NA
gamemd.exe,18224,0x42C3CE0,D3D9,0,0,1,Hardware: Independent Flip,5635.2360,NA,16.60340000000000,17.38460000000000,1.26790000000000,5.09950000000000,6.6748,NA,5620.0545,16.4494,15.1815,1.2679,15.6608,4.6202,4.5234,0.0968,-0.8054,5620.0545,21.6455,NA
gamemd.exe,18224,0x42C3CE0,D3D9,0,0,1,Hardware: Independent Flip,5651.8575,NA,16.62150000000000,15.25010000000000,1.24120000000000,4.38520000000000,5.3034,NA,5636.5039,16.5948,15.3536,1.2412,15.8829,3.8559,3.7778,0.0781,1.1993,5636.5039,20.8948,NA
gamemd.exe,18224,0x42C3CE0,D3D9,0,0,1,Hardware: Independent Flip,5669.0177,NA,17.16020000000000,18.01810000000000,2.05950000000000,5.00450000000000,6.1613,NA,5653.0987,17.9785,15.9190,2.0595,16.8023,4.1212,4.0333,0.0879,-1.4233,5653.0987,22.9063,NA
gamemd.exe,18224,0x42C3CE0,D3D9,0,0,1,Hardware: Independent Flip,5685.8409,NA,16.82320000000000,16.67070000000000,2.92690000000000,5.82050000000000,6.0088,NA,5671.0772,17.6906,14.7637,2.9269,15.6594,4.9248,4.3562,0.5686,1.3078,5671.0772,23.5293,NA
gamemd.exe,18224,0x42C3CE0,D3D9,0,0,1,Hardware: Independent Flip,5701.8721,NA,16.03120000000000,15.30510000000000,0.95380000000000,4.31370000000000,5.2827,NA,5688.7678,14.0581,13.1043,0.9538,13.4959,3.9221,3.8443,0.0778,2.3855,5688.7678,22.8909,NA
gamemd.exe,18224,0x42C3CE0,D3D9,0,0,1,Hardware: Independent Flip,5719.0802,NA,17.20810000000000,17.98750000000000,1.32670000000000,5.56640000000000,6.0621,NA,5702.8259,17.5810,16.2543,1.3267,16.8965,4.9242,4.3584,0.5658,-3.9294,5702.8259,24.8726,NA
gamemd.exe,18224,0x42C3CE0,D3D9,0,0,1,Hardware: Independent Flip,5735.2325,NA,16.15230000000000,17.07950000000000,1.09950000000000,5.26640000000000,6.9893,NA,5720.4069,15.9251,14.8256,1.0995,15.3397,4.7523,4.1130,0.6393,0.5015,5720.4069,25.5357,NA
gamemd.exe,18224,0x42C3CE0,D3D9,0,0,1,Hardware: Independent Flip,5752.0393,NA,16.80680000000000,15.63110000000000,1.11520000000000,4.45070000000000,5.8136,NA,5736.3320,16.8225,15.7073,1.1152,16.2060,3.9520,3.8633,0.0887,0.2940,5736.3320,25.5609,NA
gamemd.exe,18224,0x42C3CE0,D3D9,0,0,1,Hardware: Independent Flip,5768.7801,NA,16.74080000000000,17.34070000000000,1.93610000000000,5.11540000000000,6.4135,NA,5753.1545,17.5617,15.6256,1.9361,16.3076,4.4334,4.3438,0.0896,-0.5182,5753.1545,26.9204,NA
gamemd.exe,18224,0x42C3CE0,D3D9,0,0,1,Hardware: Independent Flip,5785.3208,NA,16.54070000000000,16.00370000000000,1.06010000000000,4.32780000000000,5.8765,NA,5770.7162,15.6647,14.6046,1.0601,15.0454,3.8870,3.7724,0.1146,1.5580,5770.7162,18.9390,NA
gamemd.exe,18224,0x42C3CE0,D3D9,0,0,1,Hardware: Independent Flip,5802.5679,NA,17.24710000000000,17.29650000000000,1.28260000000000,4.57280000000000,5.9259,NA,5786.3809,17.4696,16.1870,1.2826,16.7168,4.0430,3.9485,0.0945,-1.6318,5786.3809,20.2120,NA
gamemd.exe,18224,0x42C3CE0,D3D9,0,0,1,Hardware: Independent Flip,5818.6821,NA,16.11420000000000,16.02610000000000,1.02470000000000,4.56570000000000,5.8378,NA,5803.8505,15.8563,14.8316,1.0247,15.2839,4.1134,4.0300,0.0834,1.4435,5803.8505,NA,NA
gamemd.exe,18224,0x42C3CE0,D3D9,0,0,1,Hardware: Independent Flip,5835.3166,NA,16.63450000000000,16.65530000000000,1.10460000000000,4.41060000000000,5.8586,NA,5819.7068,16.7144,15.6098,1.1046,16.1224,3.8980,3.8311,0.0669,-0.7990,5819.7068,36.8488,NA
gamemd.exe,18224,0x42C3CE0,D3D9,0,0,1,Hardware: Independent Flip,5852.5333,NA,17.21670000000000,17.31210000000000,1.41350000000000,5.04160000000000,5.9540,NA,5836.4212,17.5256,16.1121,1.4135,16.7525,4.4012,4.2944,0.1068,-0.5977,5836.4212,NA,NA
gamemd.exe,18224,0x42C3CE0,D3D9,0,0,1,Hardware: Independent Flip,5868.6764,NA,16.14310000000000,16.02300000000000,1.05950000000000,4.50760000000000,5.8339,NA,5853.9468,15.7891,14.7296,1.0595,15.2152,4.0220,3.8990,0.1230,1.5026,5853.9468,22.2154,22.2154
gamemd.exe,18224,0x42C3CE0,D3D9,0,0,1,Hardware: Independent Flip,5885.9936,NA,17.31720000000000,17.32540000000000,1.73730000000000,4.85010000000000,5.8421,NA,5869.7359,17.9950,16.2577,1.7373,17.2964,3.8114,3.7259,0.0855,-1.5363,5869.7359,NA,NA
gamemd.exe,18224,0x42C3CE0,D3D9,0,0,1,Hardware: Independent Flip,5902.4445,NA,16.45090000000000,17.07120000000000,2.16430000000000,6.23100000000000,6.4624,NA,5887.7309,16.8779,14.7136,2.1643,16.0092,4.9354,4.3595,0.5759,0.9238,5887.7309,NA,NA
gamemd.exe,18224,0x42C3CE0,D3D9,0,0,1,Hardware: Independent Flip,5918.8448,NA,16.40030000000000,15.59950000000000,1.05330000000000,4.32310000000000,5.6616,NA,5904.6088,15.2893,14.2360,1.0533,14.6672,3.8919,3.7697,0.1222,1.2784,5904.6088,NA,NA
gamemd.exe,18224,0x42C3CE0,D3D9,0,0,1,Hardware: Independent Flip,5935.4673,NA,16.62250000000000,16.63420000000000,1.64460000000000,4.71610000000000,5.6733,NA,5919.8981,17.2138,15.5692,1.6446,16.5384,3.7469,3.6631,0.0838,-1.3449,5919.8981,NA,NA
gamemd.exe,18224,0x42C3CE0,D3D9,0,0,1,Hardware: Independent Flip,5952.3468,NA,16.87950000000000,16.65080000000000,1.25230000000000,4.51110000000000,5.4446,NA,5937.1119,16.4872,15.2349,1.2523,15.8773,3.8687,3.7868,0.0819,0.5630,5937.1119,25.4880,25.4880
gamemd.exe,18224,0x42C3CE0,D3D9,0,0,1,Hardware: Independent Flip,5968.9154,NA,16.56860000000000,16.71060000000000,0.98730000000000,4.39550000000000,5.5866,NA,5953.5991,16.3036,15.3163,0.9873,15.7598,3.9520,3.8675,0.0845,-0.2234,5953.5991,NA,NA
gamemd.exe,18224,0x42C3CE0,D3D9,0,0,1,Hardware: Independent Flip,5985.5811,NA,16.66570000000000,16.64200000000000,1.05880000000000,4.26970000000000,5.5629,NA,5969.9027,16.7372,15.6784,1.0588,16.1006,3.8475,3.7625,0.0850,-0.3384,5969.9027,NA,NA
gamemd.exe,18224,0x42C3CE0,D3D9,0,0,1,Hardware: Independent Flip,6001.9223,NA,16.34120000000000,16.68860000000000,1.76450000000000,4.99030000000000,5.9103,NA,5986.6399,17.0469,15.2824,1.7645,15.9491,4.3236,4.2259,0.0977,0.0486,5986.6399,NA,NA
gamemd.exe,18224,0x42C3CE0,D3D9,0,0,1,Hardware: Independent Flip,6018.9529,NA,17.03060000000000,17.47920000000000,1.26270000000000,5.71290000000000,6.3589,NA,6003.6868,16.5288,15.2661,1.2627,15.7903,5.1887,4.7391,0.4496,-0.4323,6003.6868,NA,NA
gamemd.exe,18224,0x42C3CE0,D3D9,0,0,1,Hardware: Independent Flip,6035.5344,NA,16.58150000000000,15.83300000000000,0.98850000000000,4.42950000000000,5.6104,NA,6020.2156,16.3073,15.3188,0.9885,15.7429,4.0054,3.9142,0.0912,0.6958,6020.2156,NA,NA
gamemd.exe,18224,0x42C3CE0,D3D9,0,0,1,Hardware: Independent Flip,6051.8522,NA,16.31780000000000,15.97630000000000,1.12290000000000,4.38200000000000,5.2689,NA,6036.5229,16.4522,15.3293,1.1229,15.8035,3.9078,3.8035,0.1043,0.3310,6036.5229,NA,NA
gamemd.exe,18224,0x42C3CE0,D3D9,0,0,1,Hardware: Independent Flip,6068.5498,NA,16.69760000000000,18.14050000000000,1.08180000000000,5.94600000000000,6.7118,NA,6052.9751,16.6565,15.5747,1.0818,16.0365,5.4842,4.2099,1.2743,-1.6883,6052.9751,NA,NA
gamemd.exe,18224,0x42C3CE0,D3D9,0,0,1,Hardware: Independent Flip,6085.2095,NA,16.65970000000000,15.23150000000000,1.09840000000000,4.36330000000000,5.2836,NA,6069.6316,16.6763,15.5779,1.0984,16.0567,3.8845,3.8013,0.0832,1.4250,6069.6316,NA,NA
gamemd.exe,18224,0x42C3CE0,D3D9,0,0,1,Hardware: Independent Flip,6102.3118,NA,17.10230000000000,17.96980000000000,1.37650000000000,5.25110000000000,6.1511,NA,6086.3079,17.3804,16.0039,1.3765,16.6792,4.5758,4.4450,0.1308,-1.2935,6086.3079,NA,NA
gamemd.exe,18224,0x42C3CE0,D3D9,0,0,1,Hardware: Independent Flip,6118.8485,NA,16.53670000000000,16.00290000000000,0.98330000000000,4.57330000000000,5.6173,NA,6103.6883,16.1435,15.1602,0.9833,15.5812,4.1523,4.0047,0.1476,1.3775,6103.6883,NA,NA
gamemd.exe,18224,0x42C3CE0,D3D9,0,0,1,Hardware: Independent Flip,6135.3886,NA,16.54010000000000,17.35210000000000,2.20290000000000,5.11810000000000,6.4293,NA,6119.8318,17.7597,15.5568,2.2029,16.3033,4.3716,4.2636,0.1080,-1.2086,6119.8318,NA,NA
gamemd.exe,18224,0x42C3CE0,D3D9,0,0,1,Hardware: Independent Flip,6152.0080,NA,16.61940000000000,16.98330000000000,2.85170000000000,6.59920000000000,6.7932,NA,6137.5915,17.2682,14.4165,2.8517,15.7767,5.2390,4.9880,0.2510,0.7764,6137.5915,NA,NA
gamemd.exe,18224,0x42C3CE0,D3D9,0,0,1,Hardware: Independent Flip,6168.4998,NA,16.49180000000000,15.66620000000000,1.08070000000000,4.63700000000000,5.9676,NA,6154.8597,14.7208,13.6401,1.0807,14.1170,4.1601,4.0660,0.0941,1.6020,6154.8597,NA,NA
gamemd.exe,18224,0x42C3CE0,D3D9,0,0,1,Hardware: Independent Flip,6185.1769,NA,16.67710000000000,16.02530000000000,1.07540000000000,4.38020000000000,5.3158,NA,6169.5805,16.6718,15.5964,1.0754,16.0751,3.9015,3.8096,0.0919,-1.3045,6169.5805,NA,NA
gamemd.exe,18224,0x42C3CE0,D3D9,0,0,1,Hardware: Independent Flip,6202.7708,NA,17.59390000000000,18.86990000000000,2.44730000000000,6.40940000000000,6.5918,NA,6186.2523,18.9658,16.5185,2.4473,18.1311,4.7968,4.5097,0.2871,-2.1981,6186.2523,NA,NA
gamemd.exe,18224,0x42C3CE0,D3D9,0,0,1,Hardware: Independent Flip,6218.5082,NA,15.73740000000000,15.11110000000000,1.17760000000000,4.53650000000000,5.9655,NA,6205.2181,14.4677,13.2901,1.1776,13.8585,3.9681,3.8827,0.0854,3.8547,6205.2181,NA,NA
gamemd.exe,18224,0x42C3CE0,D3D9,0,0,1,Hardware: Independent Flip,6235.2554,NA,16.74720000000000,16.66450000000000,1.16830000000000,4.53930000000000,5.8828,NA,6219.6858,16.7379,15.5696,1.1683,16.0884,4.0205,3.9192,0.1013,-2.1968,6219.6858,NA,NA
gamemd.exe,18224,0x42C3CE0,D3D9,0,0,1,Hardware: Independent Flip,6252.4283,NA,17.17290000000000,18.00080000000000,2.06890000000000,6.50270000000000,6.7107,NA,6236.4237,18.0735,16.0046,2.0689,16.7025,5.8048,5.1867,0.6181,-1.2629,6236.4237,NA,NA
gamemd.exe,18224,0x42C3CE0,D3D9,0,0,1,Hardware: Independent Flip,6268.8701,NA,16.44180000000000,15.30800000000000,1.01900000000000,4.54620000000000,5.5769,NA,6254.4972,15.3919,14.3729,1.0190,14.8625,4.0566,3.9752,0.0814,2.7655,6254.4972,NA,NA
gamemd.exe,18224,0x42C3CE0,D3D9,0,0,1,Hardware: Independent Flip,6285.5303,NA,16.66020000000000,16.66830000000000,1.15090000000000,4.40600000000000,5.5850,NA,6269.8891,16.7921,15.6412,1.1509,16.1284,3.9188,3.8264,0.0924,-1.2764,6269.8891,NA,NA
gamemd.exe,18224,0x42C3CE0,D3D9,0,0,1,Hardware: Independent Flip,6301.7062,NA,16.17590000000000,16.68220000000000,1.22400000000000,5.01010000000000,6.0913,NA,6286.6812,16.2490,15.0250,1.2240,15.5391,4.4960,4.0427,0.4533,0.1099,6286.6812,NA,NA
gamemd.exe,18224,0x42C3CE0,D3D9,0,0,1,Hardware: Independent Flip,6318.8932,NA,17.18700000000000,16.67970000000000,1.13690000000000,4.38560000000000,5.5840,NA,6302.9302,17.0999,15.9630,1.1369,16.4530,3.8956,3.7947,0.1009,-0.4307,6302.9302,NA,NA
gamemd.exe,18224,0x42C3CE0,D3D9,0,0,1,Hardware: Independent Flip,6335.6248,NA,16.73160000000000,17.33800000000000,1.81060000000000,5.04040000000000,6.1904,NA,6320.0301,17.4053,15.5947,1.8106,16.5771,4.0580,3.9580,0.1000,-0.2381,6320.0301,NA,NA
gamemd.exe,18224,0x42C3CE0,D3D9,0,0,1,Hardware: Independent Flip,6351.9035,NA,16.27870000000000,15.99200000000000,1.15360000000000,4.90010000000000,5.9037,NA,6337.4354,15.6217,14.4681,1.1536,15.0022,4.3660,3.9451,0.4209,1.4133,6337.4354,NA,NA
gamemd.exe,18224,0x42C3CE0,D3D9,0,0,1,Hardware: Independent Flip,6368.5168,NA,16.61330000000000,16.67500000000000,1.13210000000000,4.57270000000000,5.9654,NA,6353.0571,16.5918,15.4597,1.1321,15.9702,4.0622,3.9619,0.1003,-1.0533,6353.0571,NA,NA
gamemd.exe,18224,0x42C3CE0,D3D9,0,0,1,Hardware: Independent Flip,6385.6146,NA,17.09780000000000,17.30500000000000,1.87890000000000,4.93640000000000,6.1726,NA,6369.6489,17.8446,15.9657,1.8789,16.7915,4.1106,4.0148,0.0958,-0.7132,6369.6489,NA,NA
gamemd.exe,18224,0x42C3CE0,D3D9,0,0,1,Hardware: Independent Flip,6402.8329,NA,17.21830000000000,16.94980000000000,1.78150000000000,5.69320000000000,5.9041,NA,6387.4935,17.1209,15.3394,1.7815,16.1314,4.9012,4.3699,0.5313,0.8948,6387.4935,NA,NA
gamemd.exe,18224,0x42C3CE0,D3D9,0,0,1,Hardware: Independent Flip,6418.5770,NA,15.74410000000000,15.76740000000000,1.07690000000000,4.89530000000000,5.9274,NA,6404.6144,15.0395,13.9626,1.0769,14.4674,4.3905,3.9652,0.4253,1.3535,6404.6144,NA,NA
gamemd.exe,18224,0x42C3CE0,D3D9,0,0,1,Hardware: Independent Flip,6435.2394,NA,16.66240000000000,16.61950000000000,1.21400000000000,4.66610000000000,5.8845,NA,6419.6539,16.7995,15.5855,1.2140,16.1369,4.1147,4.0206,0.0941,-1.5800,6419.6539,NA,NA
gamemd.exe,18224,0x42C3CE0,D3D9,0,0,1,Hardware: Independent Flip,6453.2475,NA,18.00810000000000,17.58150000000000,1.19000000000000,5.23450000000000,5.4579,NA,6436.4534,17.9841,16.7941,1.1900,17.2997,4.7289,4.1681,0.5608,-0.7820,6436.4534,NA,NA
gamemd.exe,18224,0x42C3CE0,D3D9,0,0,1,Hardware: Independent Flip,6468.6781,NA,15.43060000000000,15.74110000000000,1.30730000000000,4.77760000000000,5.7684,NA,6454.4375,15.5479,14.2406,1.3073,14.8146,4.2036,4.1198,0.0838,2.2430,6454.4375,NA,NA
gamemd.exe,18224,0x42C3CE0,D3D9,0,0,1,Hardware: Independent Flip,6485.8112,NA,17.13310000000000,17.85430000000000,3.09640000000000,6.28770000000000,6.4896,NA,6469.9854,18.9222,15.8258,3.0964,16.6467,5.4668,5.0442,0.4226,-2.3064,6469.9854,NA,NA
gamemd.exe,18224,0x42C3CE0,D3D9,0,0,1,Hardware: Independent Flip,6502.1908,NA,16.37960000000000,16.13710000000000,1.19970000000000,4.89180000000000,6.2471,NA,6488.9076,14.4829,13.2832,1.1997,13.8433,4.3317,4.2257,0.1060,2.7851,6488.9076,NA,NA
gamemd.exe,18224,0x42C3CE0,D3D9,0,0,1,Hardware: Independent Flip,6518.9319,NA,16.74110000000000,15.97620000000000,1.20470000000000,4.52440000000000,5.4822,NA,6503.3905,16.7461,15.5414,1.2047,16.0941,3.9717,3.8721,0.0996,-1.4933,6503.3905,NA,NA
gamemd.exe,18224,0x42C3CE0,D3D9,0,0,1,Hardware: Independent Flip,6535.4509,NA,16.51900000000000,16.69360000000000,1.14870000000000,4.55370000000000,5.6568,NA,6520.1366,16.4630,15.3143,1.1487,15.8046,4.0634,3.9716,0.0918,0.0525,6520.1366,NA,NA
gamemd.exe,18224,0x42C3CE0,D3D9,0,0,1,Hardware: Independent Flip,6552.0289,NA,16.57800000000000,17.55140000000000,1.16190000000000,5.61850000000000,6.6302,NA,6536.5996,16.5912,15.4293,1.1619,15.9292,5.1186,4.9418,0.1768,-1.0884,6536.5996,NA,NA
gamemd.exe,18224,0x42C3CE0,D3D9,0,0,1,Hardware: Independent Flip,6568.6345,NA,16.60560000000000,15.76790000000000,0.99540000000000,4.33590000000000,5.7925,NA,6553.1908,16.4391,15.4437,0.9954,15.8801,3.8995,3.8248,0.0747,0.8233,6553.1908,NA,NA
gamemd.exe,18224,0x42C3CE0,D3D9,0,0,1,Hardware: Independent Flip,6585.5308,NA,16.89630000000000,17.31270000000000,1.52050000000000,4.96930000000000,6.2089,NA,6569.6299,17.4214,15.9009,1.5205,16.4918,4.3784,4.2835,0.0949,-0.8736,6569.6299,NA,NA
gamemd.exe,18224,0x42C3CE0,D3D9,0,0,1,Hardware: Independent Flip,6602.8113,NA,17.28050000000000,16.65590000000000,1.51240000000000,5.25150000000000,5.5843,NA,6587.0513,17.2724,15.7600,1.5124,16.4810,4.5305,4.4149,0.1156,0.7655,6587.0513,NA,NA
gamemd.exe,18224,0x42C3CE0,D3D9,0,0,1,Hardware: Independent Flip,6618.5279,NA,15.71660000000000,16.93120000000000,1.26270000000000,5.69580000000000,6.7989,NA,6604.3237,15.4669,14.2042,1.2627,14.8306,5.0694,4.9590,0.1104,0.3412,6604.3237,NA,NA
gamemd.exe,18224,0x42C3CE0,D3D9,0,0,1,Hardware: Independent Flip,6635.8199,NA,17.29200000000000,17.35110000000000,3.53710000000000,6.64780000000000,6.8580,NA,6619.7906,19.5664,16.0293,3.5371,17.7423,4.9348,4.4349,0.4999,-1.8842,6619.7906,NA,NA
gamemd.exe,18224,0x42C3CE0,D3D9,0,0,1,Hardware: Independent Flip,6652.0611,NA,16.24120000000000,15.94700000000000,3.02310000000000,6.35620000000000,6.5638,NA,6639.3570,15.7272,12.7041,3.0231,13.7239,5.3364,4.8814,0.4550,3.6194,6639.3570,NA,NA
gamemd.exe,18224,0x42C3CE0,D3D9,0,0,1,Hardware: Independent Flip,6668.7112,NA,16.65010000000000,16.43840000000000,2.92030000000000,5.99840000000000,6.3521,NA,6655.0842,16.5473,13.6270,2.9203,14.4114,5.2140,4.9876,0.2264,-0.7112,6655.0842,NA,NA
gamemd.exe,18224,0x42C3CE0,D3D9,0,0,1,Hardware: Independent Flip,6685.2765,NA,16.56530000000000,16.65870000000000,2.72250000000000,6.10540000000000,6.4455,NA,6671.6315,16.3675,13.6450,2.7225,14.2381,5.5123,5.2173,0.2950,-0.1114,6671.6315,NA,NA
gamemd.exe,18224,0x42C3CE0,D3D9,0,0,1,Hardware: Independent Flip,6701.7275,NA,16.45100000000000,16.01340000000000,1.12680000000000,4.56610000000000,6.0079,NA,6687.9990,14.8553,13.7285,1.1268,14.1951,4.0995,4.0244,0.0751,0.3541,6687.9990,NA,NA
gamemd.exe,18224,0x42C3CE0,D3D9,0,0,1,Hardware: Independent Flip,6718.6176,NA,16.89010000000000,16.72870000000000,0.95460000000000,4.35930000000000,5.8465,NA,6702.8543,16.7179,15.7633,0.9546,16.1818,3.9408,3.8583,0.0825,-1.8734,6702.8543,NA,NA
gamemd.exe,18224,0x42C3CE0,D3D9,0,0,1,Hardware: Independent Flip,6735.3053,NA,16.68770000000000,16.66630000000000,1.25460000000000,4.49820000000000,5.8251,NA,6719.5722,16.9877,15.7331,1.2546,16.2778,3.9535,3.8692,0.0843,0.0516,6719.5722,NA,NA
gamemd.exe,18224,0x42C3CE0,D3D9,0,0,1,Hardware: Independent Flip,6752.0233,NA,16.71800000000000,16.60220000000000,1.23230000000000,4.54480000000000,5.7093,NA,6736.5599,16.6957,15.4634,1.2323,16.0412,3.9670,3.8860,0.0810,0.3855,6736.5599,NA,NA
gamemd.exe,18224,0x42C3CE0,D3D9,0,0,1,Hardware: Independent Flip,6768.7332,NA,16.70990000000000,16.65600000000000,0.97700000000000,4.44580000000000,5.6554,NA,6753.2556,16.4546,15.4776,0.9770,15.9025,4.0209,3.9327,0.0882,0.0397,6753.2556,NA,NA
gamemd.exe,18224,0x42C3CE0,D3D9,0,0,1,Hardware: Independent Flip,6785.3667,NA,16.63350000000000,16.67390000000000,1.13010000000000,4.49300000000000,5.6958,NA,6769.7102,16.7866,15.6565,1.1301,16.1602,3.9893,3.9005,0.0888,-0.2193,6769.7102,NA,NA
gamemd.exe,18224,0x42C3CE0,D3D9,0,0,1,Hardware: Independent Flip,6801.8657,NA,16.49900000000000,16.69340000000000,1.24950000000000,4.61960000000000,5.8902,NA,6786.4968,16.6184,15.3689,1.2495,15.9351,4.0534,3.9689,0.0845,0.0932,6786.4968,NA,NA
gamemd.exe,18224,0x42C3CE0,D3D9,0,0,1,Hardware: Independent Flip,6819.3742,NA,17.50850000000000,17.32090000000000,1.29790000000000,4.46550000000000,5.7026,NA,6803.1152,17.5569,16.2590,1.2979,16.8555,3.8690,3.7947,0.0743,-0.7025,6803.1152,NA,NA
gamemd.exe,18224,0x42C3CE0,D3D9,0,0,1,Hardware: Independent Flip,6835.8007,NA,16.42650000000000,16.74840000000000,1.94610000000000,5.80700000000000,6.0245,NA,6820.6721,17.0747,15.1286,1.9461,16.0844,4.8512,4.3426,0.5086,0.8085,6820.6721,NA,NA
gamemd.exe,18224,0x42C3CE0,D3D9,0,0,1,Hardware: Independent Flip,6852.3551,NA,16.55440000000000,15.89330000000000,1.18080000000000,4.42910000000000,5.3634,NA,6837.7468,15.7891,14.6083,1.1808,15.1183,3.9191,3.8399,0.0792,1.1814,6837.7468,NA,NA
gamemd.exe,18224,0x42C3CE0,D3D9,0,0,1,Hardware: Independent Flip,6869.5622,NA,17.20710000000000,18.41220000000000,2.18200000000000,6.35220000000000,6.5685,NA,6853.5359,18.2083,16.0263,2.1820,17.4082,4.9703,4.3459,0.6244,-2.6231,6853.5359,NA,NA
gamemd.exe,18224,0x42C3CE0,D3D9,0,0,1,Hardware: Independent Flip,6885.2613,NA,15.69910000000000,14.94490000000000,1.17440000000000,4.45820000000000,5.8143,NA,6871.7442,14.6915,13.5171,1.1744,14.0040,3.9713,3.8939,0.0774,3.2634,6871.7442,NA,NA
gamemd.exe,18224,0x42C3CE0,D3D9,0,0,1,Hardware: Independent Flip,6903.1245,NA,17.86320000000000,17.85290000000000,2.52680000000000,5.59260000000000,5.8040,NA,6886.4357,19.2156,16.6888,2.5268,17.3664,4.9150,4.4617,0.4533,-3.1614,6886.4357,NA,NA
gamemd.exe,18224,0x42C3CE0,D3D9,0,0,1,Hardware: Independent Flip,6918.8123,NA,15.68780000000000,15.45660000000000,1.09560000000000,4.59240000000000,5.5728,NA,6905.6513,14.2566,13.1610,1.0956,13.6722,4.0812,3.9918,0.0894,3.7590,6905.6513,NA,NA
gamemd.exe,18224,0x42C3CE0,D3D9,0,0,1,Hardware: Independent Flip,6936.1079,NA,17.29560000000000,18.56360000000000,2.55800000000000,6.58160000000000,6.8408,NA,6919.9079,18.7580,16.2000,2.5580,17.8127,4.9689,4.3199,0.6490,-4.3070,6919.9079,NA,NA
gamemd.exe,18224,0x42C3CE0,D3D9,0,0,1,Hardware: Independent Flip,6952.3135,NA,16.20560000000000,14.76570000000000,1.14860000000000,4.43270000000000,5.4009,NA,6938.6659,14.7962,13.6476,1.1486,14.1455,3.9348,3.8386,0.0962,3.9923,6938.6659,NA,NA
gamemd.exe,18224,0x42C3CE0,D3D9,0,0,1,Hardware: Independent Flip,6969.7252,NA,17.41170000000000,17.90860000000000,2.74270000000000,5.66480000000000,5.8978,NA,6953.4621,19.0058,16.2631,2.7427,16.9505,4.9774,4.5135,0.4639,-3.1124,6953.4621,NA,NA
gamemd.exe,18224,0x42C3CE0,D3D9,0,0,1,Hardware: Independent Flip,6985.1694,NA,15.44420000000000,15.44150000000000,1.06200000000000,4.53520000000000,5.8951,NA,6972.4679,13.7635,12.7015,1.0620,13.1645,4.0722,3.9824,0.0898,3.5643,6972.4679,NA,NA
gamemd.exe,18224,0x42C3CE0,D3D9,0,0,1,Hardware: Independent Flip,7003.8776,NA,18.70820000000000,18.79670000000000,1.73310000000000,5.71940000000000,5.9836,NA,6986.2314,19.3793,17.6462,1.7331,18.5383,4.8273,4.3227,0.5046,-5.0332,6986.2314,NA,NA
gamemd.exe,18224,0x42C3CE0,D3D9,0,0,1,Hardware: Independent Flip,7018.4518,NA,14.57420000000000,14.57280000000000,1.32690000000000,4.61960000000000,5.9822,NA,7005.6107,14.1680,12.8411,1.3269,13.5502,3.9105,3.8398,0.0707,4.8065,7005.6107,NA,NA
gamemd.exe,18224,0x42C3CE0,D3D9,0,0,1,Hardware: Independent Flip,7036.2115,NA,17.75970000000000,18.18170000000000,2.25810000000000,6.14730000000000,6.4042,NA,7019.7787,18.6909,16.4328,2.2581,17.9374,4.6427,4.1473,0.4954,-4.0137,7019.7787,NA,NA
gamemd.exe,18224,0x42C3CE0,D3D9,0,0,1,Hardware: Independent Flip,7052.3706,NA,16.15910000000000,15.74930000000000,1.20830000000000,4.66070000000000,5.9944,NA,7038.4696,15.1093,13.9010,1.2083,14.4788,4.0829,4.0118,0.0711,2.9416,7038.4696,NA,NA
gamemd.exe,18224,0x42C3CE0,D3D9,0,0,1,Hardware: Independent Flip,7069.6060,NA,17.23540000000000,18.24010000000000,2.49870000000000,6.76950000000000,6.9991,NA,7053.5789,18.5258,16.0271,2.4987,17.6424,5.1542,4.1771,0.9771,-3.1308,7053.5789,NA,NA
gamemd.exe,18224,0x42C3CE0,D3D9,0,0,1,Hardware: Independent Flip,7085.1525,NA,15.54650000000000,15.13580000000000,1.67450000000000,5.02040000000000,6.5884,NA,7072.1047,14.7223,13.0478,1.6745,13.6295,4.4387,4.3011,0.1376,3.3900,7072.1047,NA,NA
gamemd.exe,18224,0x42C3CE0,D3D9,0,0,1,Hardware: Independent Flip,7101.9272,NA,16.77470000000000,16.78100000000000,1.56800000000000,5.31960000000000,6.5947,NA,7086.8270,16.6682,15.1002,1.5680,15.8267,4.5931,4.4481,0.1450,-2.0587,7086.8270,16.2534,NA
gamemd.exe,18224,0x42C3CE0,D3D9,0,0,1,Hardware: Independent Flip,7118.7831,NA,16.85590000000000,16.55570000000000,1.27300000000000,4.80370000000000,6.2945,NA,7103.4952,16.5609,15.2879,1.2730,15.9095,4.1821,3.9848,0.1973,0.1125,7103.4952,16.5994,NA
gamemd.exe,18224,0x42C3CE0,D3D9,0,0,1,Hardware: Independent Flip,7135.4680,NA,16.68490000000000,17.17830000000000,1.18460000000000,5.30900000000000,6.7879,NA,7120.0561,16.5965,15.4119,1.1846,15.9499,4.7710,4.2443,0.5267,-0.6174,7120.0561,17.9659,NA
gamemd.exe,18224,0x42C3CE0,D3D9,0,0,1,Hardware: Independent Flip,7151.8180,NA,16.35000000000000,15.50190000000000,1.20730000000000,4.94540000000000,5.9398,NA,7136.6526,16.3727,15.1654,1.2073,15.6930,4.4178,3.9363,0.4815,1.0946,7136.6526,17.3092,NA
gamemd.exe,18224,0x42C3CE0,D3D9,0,0,1,Hardware: Independent Flip,7168.6637,NA,16.84570000000000,17.43160000000000,1.44790000000000,5.63120000000000,6.5257,NA,7153.0253,17.0863,15.6384,1.4479,16.2085,5.0611,4.4359,0.6252,-1.0589,7153.0253,18.8516,NA
gamemd.exe,18224,0x42C3CE0,D3D9,0,0,1,Hardware: Independent Flip,7185.5058,NA,16.84210000000000,16.74750000000000,1.40200000000000,5.26230000000000,6.4311,NA,7170.1116,16.7962,15.3942,1.4020,15.9353,4.7212,4.5475,0.1737,0.3388,7170.1116,19.5834,NA
gamemd.exe,18224,0x42C3CE0,D3D9,0,0,1,Hardware: Independent Flip,7202.3596,NA,16.85380000000000,16.42360000000000,1.35170000000000,5.79670000000000,6.0009,NA,7186.9078,16.8035,15.4518,1.3517,16.0323,5.2162,4.9364,0.2798,0.3726,7186.9078,19.6182,NA
gamemd.exe,18224,0x42C3CE0,D3D9,0,0,1,Hardware: Independent Flip,7218.5717,NA,16.21210000000000,16.70010000000000,1.52800000000000,5.08460000000000,6.4889,NA,7203.7113,16.3884,14.8604,1.5280,15.4673,4.4777,4.3665,0.1112,0.1034,7203.7113,20.7539,NA
gamemd.exe,18224,0x42C3CE0,D3D9,0,0,1,Hardware: Independent Flip,7235.4978,NA,16.92610000000000,16.95590000000000,3.10420000000000,6.33530000000000,6.5187,NA,7220.0997,18.5023,15.3981,3.1042,16.2884,5.4450,4.8987,0.5463,-0.5675,7220.0997,13.7429,NA
gamemd.exe,18224,0x42C3CE0,D3D9,0,0,1,Hardware: Independent Flip,7252.6443,NA,17.14650000000000,17.24620000000000,2.68060000000000,6.45410000000000,6.6184,NA,7238.6020,16.7229,14.0423,2.6806,15.4012,5.0952,4.8981,0.1971,1.2561,7238.6020,22.8879,NA
gamemd.exe,18224,0x42C3CE0,D3D9,0,0,1,Hardware: Independent Flip,7269.2647,NA,16.62040000000000,16.82710000000000,2.60850000000000,6.63540000000000,6.8251,NA,7255.3249,16.5483,13.9398,2.6085,15.8047,4.7705,4.4665,0.3040,-0.1042,7255.3249,23.8113,NA
gamemd.exe,18224,0x42C3CE0,D3D9,0,0,1,Hardware: Independent Flip,7285.8928,NA,16.62810000000000,16.62340000000000,3.46580000000000,6.57640000000000,6.8204,NA,7271.8732,17.4854,14.0196,3.4658,15.5326,5.0634,4.5835,0.4799,-0.0751,7271.8732,24.4182,NA
gamemd.exe,18224,0x42C3CE0,D3D9,0,0,1,Hardware: Independent Flip,7301.9851,NA,16.09230000000000,15.61100000000000,3.73360000000000,6.04000000000000,6.3391,NA,7289.3586,16.3601,12.6265,3.7336,13.7817,4.8848,4.6926,0.1922,1.8744,7289.3586,24.0293,NA
gamemd.exe,18224,0x42C3CE0,D3D9,0,0,1,Hardware: Independent Flip,7318.7909,NA,16.80580000000000,16.04360000000000,1.21850000000000,4.56420000000000,5.5769,NA,7305.7187,14.2907,13.0722,1.2185,13.6248,4.0116,3.9390,0.0726,0.3165,7305.7187,16.1037,NA
gamemd.exe,18224,0x42C3CE0,D3D9,0,0,1,Hardware: Independent Flip,7336.2721,NA,17.48120000000000,18.61350000000000,2.40670000000000,6.48550000000000,6.7092,NA,7320.0094,18.6694,16.2627,2.4067,17.8509,4.8973,4.2059,0.6914,-4.3228,7320.0094,26.6860,NA
gamemd.exe,18224,0x42C3CE0,D3D9,0,0,1,Hardware: Independent Flip,7352.2733,NA,16.00120000000000,15.78130000000000,1.13730000000000,4.95370000000000,6.4893,NA,7338.6788,14.7318,13.5945,1.1373,14.0887,4.4595,3.9809,0.4786,2.8881,7338.6788,26.5110,NA
gamemd.exe,18224,0x42C3CE0,D3D9,0,0,1,Hardware: Independent Flip,7368.9908,NA,16.71750000000000,15.61180000000000,0.97970000000000,4.43890000000000,5.3836,NA,7353.4106,16.5599,15.5802,0.9797,15.9906,4.0285,3.8406,0.1879,-0.8800,7353.4106,18.0577,NA
gamemd.exe,18224,0x42C3CE0,D3D9,0,0,1,Hardware: Independent Flip,7385.9549,NA,16.96410000000000,18.31470000000000,2.68880000000000,6.53840000000000,6.7342,NA,7369.9705,18.6732,15.9844,2.6888,17.7924,4.7304,4.4677,0.2627,-1.7548,7369.9705,28.4064,NA
gamemd.exe,18224,0x42C3CE0,D3D9,0,0,1,Hardware: Independent Flip,7403.5797,NA,17.62480000000000,17.61290000000000,2.30880000000000,6.49420000000000,6.7223,NA,7388.6437,17.2448,14.9360,2.3088,16.3452,5.0850,4.3869,0.6981,1.0603,7388.6437,22.0275,NA
gamemd.exe,18224,0x42C3CE0,D3D9,0,0,1,Hardware: Independent Flip,7419.7342,NA,16.15450000000000,16.02140000000000,2.53810000000000,6.37860000000000,6.5892,NA,7405.8885,16.3838,13.8457,2.5381,15.0456,5.1787,4.5565,0.6222,1.2234,7405.8885,NA,NA
gamemd.exe,18224,0x42C3CE0,D3D9,0,0,1,Hardware: Independent Flip,7435.7024,NA,15.96820000000000,16.56450000000000,3.75350000000000,6.96040000000000,7.1855,NA,7422.2723,17.1836,13.4301,3.7535,15.3666,5.0239,4.3932,0.6307,-0.1807,7422.2723,22.5954,NA
gamemd.exe,18224,0x42C3CE0,D3D9,0,0,1,Hardware: Independent Flip,7453.1807,NA,17.47830000000000,16.23740000000000,2.83390000000000,5.73990000000000,5.9446,NA,7439.4559,16.5587,13.7248,2.8339,14.4992,4.9655,4.4360,0.5295,0.9462,7439.4559,NA,NA
gamemd.exe,18224,0x42C3CE0,D3D9,0,0,1,Hardware: Independent Flip,7468.8352,NA,15.65450000000000,15.91740000000000,1.22270000000000,5.80240000000000,6.2075,NA,7456.0146,14.0433,12.8206,1.2227,13.3543,5.2687,5.0499,0.2188,0.6413,7456.0146,14.7576,NA
gamemd.exe,18224,0x42C3CE0,D3D9,0,0,1,Hardware: Independent Flip,7485.6024,NA,16.76720000000000,15.94790000000000,1.03030000000000,4.37160000000000,5.3882,NA,7470.0579,16.5748,15.5445,1.0303,15.9774,3.9387,3.8337,0.1050,-1.9046,7470.0579,14.7129,NA
gamemd.exe,18224,0x42C3CE0,D3D9,0,0,1,Hardware: Independent Flip,7502.6920,NA,17.08960000000000,18.15330000000000,2.47150000000000,6.24160000000000,6.4519,NA,7486.6327,18.5308,16.0593,2.4715,17.6975,4.6034,4.1437,0.4597,-1.5785,7486.6327,16.8973,NA
gamemd.exe,18224,0x42C3CE0,D3D9,0,0,1,Hardware: Independent Flip,7518.7341,NA,16.04210000000000,16.06010000000000,1.26460000000000,5.24880000000000,6.4699,NA,7505.1635,14.8352,13.5706,1.2646,14.1104,4.7090,4.6073,0.1017,2.4707,7505.1635,16.8553,NA
gamemd.exe,18224,0x42C3CE0,D3D9,0,0,1,Hardware: Independent Flip,7536.4067,NA,17.67260000000000,17.10490000000000,2.43860000000000,5.67870000000000,5.9022,NA,7519.9987,18.8466,16.4080,2.4386,17.1551,4.9316,4.5003,0.4313,-2.2697,7519.9987,18.0384,NA
gamemd.exe,18224,0x42C3CE0,D3D9,0,0,1,Hardware: Independent Flip,7552.8842,NA,16.47750000000000,16.75750000000000,3.48800000000000,6.00720000000000,6.1822,NA,7538.8453,17.5269,14.0389,3.4880,15.7764,4.2697,4.1676,0.1021,2.0891,7538.8453,18.7891,NA
gamemd.exe,18224,0x42C3CE0,D3D9,0,0,1,Hardware: Independent Flip,7568.6455,NA,15.76130000000000,15.90100000000000,2.87660000000000,6.00790000000000,6.3219,NA,7556.3722,15.1499,12.2733,2.8766,13.0633,5.2179,4.7821,0.4358,1.6259,7556.3722,18.6698,NA
gamemd.exe,18224,0x42C3CE0,D3D9,0,0,1,Hardware: Independent Flip,7585.3539,NA,16.70840000000000,16.66650000000000,3.59490000000000,5.93430000000000,6.2800,NA,7571.5221,17.4267,13.8318,3.5949,14.9787,4.7874,4.6992,0.0882,-1.5166,7571.5221,NA,NA
gamemd.exe,18224,0x42C3CE0,D3D9,0,0,1,Hardware: Independent Flip,7602.0533,NA,16.69940000000000,16.65200000000000,3.14810000000000,6.04070000000000,6.2326,NA,7588.9488,16.2526,13.1045,3.1481,14.1219,5.0233,4.4880,0.5353,0.7747,7588.9488,NA,NA
gamemd.exe,18224,0x42C3CE0,D3D9,0,0,1,Hardware: Independent Flip,7618.7699,NA,16.71660000000000,16.83440000000000,1.29540000000000,5.13650000000000,6.3504,NA,7605.2014,14.8639,13.5685,1.2954,14.0990,4.6060,4.4500,0.1560,-0.5818,7605.2014,NA,NA
gamemd.exe,18224,0x42C3CE0,D3D9,0,0,1,Hardware: Independent Flip,7635.6761,NA,16.90620000000000,16.52140000000000,1.14640000000000,4.47490000000000,5.9656,NA,7620.0653,16.7572,15.6108,1.1464,16.1298,3.9559,3.8754,0.0805,-1.6575,7620.0653,NA,NA
gamemd.exe,18224,0x42C3CE0,D3D9,0,0,1,Hardware: Independent Flip,7653.9437,NA,18.26760000000000,17.79950000000000,1.36330000000000,5.24440000000000,5.4975,NA,7636.8225,18.4845,17.1212,1.3633,17.7401,4.6255,4.1211,0.5044,-1.0423,7636.8225,NA,NA
gamemd.exe,18224,0x42C3CE0,D3D9,0,0,1,Hardware: Independent Flip,7668.8670,NA,14.92330000000000,14.85890000000000,1.00150000000000,4.29910000000000,5.4331,NA,7655.3070,14.5615,13.5600,1.0015,14.0076,3.8515,3.7647,0.0868,3.6256,7655.3070,21.9298,NA
gamemd.exe,18224,0x42C3CE0,D3D9,0,0,1,Hardware: Independent Flip,7685.9933,NA,17.12630000000000,17.89800000000000,2.56520000000000,5.92300000000000,6.2048,NA,7669.8685,18.6900,16.1248,2.5652,16.7570,5.2908,4.5901,0.7007,-3.3365,7669.8685,NA,NA
gamemd.exe,18224,0x42C3CE0,D3D9,0,0,1,Hardware: Independent Flip,7701.8603,NA,15.86700000000000,16.29300000000000,1.51260000000000,5.11600000000000,6.6308,NA,7688.5585,14.8144,13.3018,1.5126,13.9249,4.4929,4.3352,0.1577,2.3970,7688.5585,24.0063,NA
gamemd.exe,18224,0x42C3CE0,D3D9,0,0,1,Hardware: Independent Flip,7719.9210,NA,18.06070000000000,17.83520000000000,2.72780000000000,6.10470000000000,6.4053,NA,7703.3729,19.2759,16.5481,2.7278,17.2274,5.4254,4.6252,0.8002,-3.0208,7703.3729,NA,NA
gamemd.exe,18224,0x42C3CE0,D3D9,0,0,1,Hardware: Independent Flip,7736.5708,NA,16.64980000000000,15.72400000000000,2.52180000000000,5.28500000000000,5.4795,NA,7722.6488,16.4438,13.9220,2.5218,14.6277,4.5793,4.4919,0.0874,3.5519,7722.6488,NA,NA
gamemd.exe,18224,0x42C3CE0,D3D9,0,0,1,Hardware: Independent Flip,7752.0267,NA,15.45590000000000,16.46540000000000,1.61920000000000,5.62020000000000,6.4890,NA,7739.0926,14.5533,12.9341,1.6192,13.5171,5.0372,4.5605,0.4767,-0.0216,7739.0926,NA,NA
gamemd.exe,18224,0x42C3CE0,D3D9,0,0,1,Hardware: Independent Flip,7768.6507,NA,16.62400000000000,16.78460000000000,1.25090000000000,5.75800000000000,6.6496,NA,7753.6459,16.2557,15.0048,1.2509,15.5494,5.2134,4.9049,0.3085,-2.2313,7753.6459,NA,NA
gamemd.exe,18224,0x42C3CE0,D3D9,0,0,1,Hardware: Independent Flip,7785.2898,NA,16.63910000000000,16.33910000000000,1.26840000000000,5.98410000000000,6.3496,NA,7769.9016,16.6566,15.3882,1.2684,15.9510,5.4213,4.5546,0.8667,-0.0834,7769.9016,NA,NA
gamemd.exe,18224,0x42C3CE0,D3D9,0,0,1,Hardware: Independent Flip,7802.4429,NA,17.15310000000000,17.61510000000000,2.63120000000000,6.64330000000000,6.8116,NA,7786.5582,18.5159,15.8847,2.6312,17.4583,5.0697,4.6354,0.4343,-0.9585,7786.5582,NA,NA
gamemd.exe,18224,0x42C3CE0,D3D9,0,0,1,Hardware: Independent Flip,7818.7598,NA,16.31690000000000,16.35630000000000,3.11350000000000,6.52860000000000,6.8510,NA,7805.0741,16.7992,13.6857,3.1135,14.6760,5.5383,4.7920,0.7463,2.1596,7805.0741,NA,NA
gamemd.exe,18224,0x42C3CE0,D3D9,0,0,1,Hardware: Independent Flip,7836.5593,NA,17.79950000000000,16.85230000000000,2.47970000000000,5.70240000000000,5.9038,NA,7821.8733,17.1657,14.6860,2.4797,15.3682,5.0202,4.5961,0.4241,-0.0531,7821.8733,NA,NA
gamemd.exe,18224,0x42C3CE0,D3D9,0,0,1,Hardware: Independent Flip,7853.0443,NA,16.48500000000000,16.75120000000000,2.36890000000000,5.96240000000000,6.1700,NA,7839.0390,16.3742,14.0053,2.3689,14.7405,5.2272,4.6724,0.5548,0.4145,7839.0390,NA,NA
gamemd.exe,18224,0x42C3CE0,D3D9,0,0,1,Hardware: Independent Flip,7870.3024,NA,17.25810000000000,17.75920000000000,2.40200000000000,6.44860000000000,6.6711,NA,7855.4132,17.2912,14.8892,2.4020,15.7217,5.6161,4.7338,0.8823,-1.3850,7855.4132,NA,NA
gamemd.exe,18224,0x42C3CE0,D3D9,0,0,1,Hardware: Independent Flip,7885.7221,NA,15.41970000000000,15.12640000000000,3.14170000000000,6.19850000000000,6.3778,NA,7872.7044,16.1594,13.0177,3.1417,13.7324,5.4838,4.9994,0.4844,2.1648,7872.7044,NA,NA
gamemd.exe,18224,0x42C3CE0,D3D9,0,0,1,Hardware: Independent Flip,7902.2650,NA,16.54290000000000,16.15070000000000,1.26340000000000,5.80650000000000,5.9856,NA,7888.8638,14.6646,13.4012,1.2634,13.9831,5.2246,4.8137,0.4109,0.0087,7888.8638,NA,NA
gamemd.exe,18224,0x42C3CE0,D3D9,0,0,1,Hardware: Independent Flip,7919.2840,NA,17.01900000000000,17.53490000000000,3.67710000000000,6.30580000000000,6.5015,NA,7903.5284,19.4327,15.7556,3.6771,17.4700,4.5914,4.4681,0.1233,-2.8703,7903.5284,NA,NA
gamemd.exe,18224,0x42C3CE0,D3D9,0,0,1,Hardware: Independent Flip,7936.3735,NA,17.08950000000000,16.86280000000000,2.56290000000000,6.05320000000000,6.2748,NA,7922.9611,15.9753,13.4124,2.5629,14.0715,5.3941,4.6654,0.7287,2.5699,7922.9611,NA,NA
gamemd.exe,18224,0x42C3CE0,D3D9,0,0,1,Hardware: Independent Flip,7951.9354,NA,15.56190000000000,15.67250000000000,3.09550000000000,6.20510000000000,6.3854,NA,7938.9364,16.0945,12.9990,3.0955,13.7061,5.4980,5.0611,0.4369,0.3028,7938.9364,NA,NA
gamemd.exe,18224,0x42C3CE0,D3D9,0,0,1,Hardware: Independent Flip,7969.1244,NA,17.18900000000000,17.67820000000000,2.76780000000000,6.71670000000000,6.8746,NA,7955.0309,16.8613,14.0935,2.7678,15.2759,5.5343,5.3608,0.1735,-1.5837,7955.0309,NA,NA
gamemd.exe,18224,0x42C3CE0,D3D9,0,0,1,Hardware: Independent Flip,7986.1369,NA,17.01250000000000,16.37220000000000,3.16710000000000,6.02100000000000,6.2343,NA,7971.8922,17.4118,14.2447,3.1671,15.8069,4.4588,4.3628,0.0960,0.4891,7971.8922,NA,NA
gamemd.exe,18224,0x42C3CE0,D3D9,0,0,1,Hardware: Independent Flip,8002.4526,NA,16.31570000000000,16.81480000000000,2.83250000000000,6.51750000000000,6.7334,NA,7989.3040,15.9811,13.1486,2.8325,14.4023,5.2638,4.8330,0.4308,0.5970,7989.3040,NA,NA
gamemd.exe,18224,0x42C3CE0,D3D9,0,0,1,Hardware: Independent Flip,8018.5977,NA,16.14510000000000,15.80240000000000,1.31090000000000,5.97070000000000,6.3907,NA,8005.2851,14.6235,13.3126,1.3109,13.9351,5.3482,4.8277,0.5205,0.1787,8005.2851,NA,NA
gamemd.exe,18224,0x42C3CE0,D3D9,0,0,1,Hardware: Independent Flip,8035.2665,NA,16.66880000000000,17.11610000000000,1.82380000000000,6.62020000000000,6.8380,NA,8019.9086,17.1817,15.3579,1.8238,16.0365,5.9416,5.2613,0.6803,-2.4926,8019.9086,NA,NA
gamemd.exe,18224,0x42C3CE0,D3D9,0,0,1,Hardware: Independent Flip,8051.9414,NA,16.67490000000000,16.37260000000000,2.95810000000000,6.35350000000000,6.5357,NA,8037.0903,17.8092,14.8511,2.9581,15.5586,5.6460,5.0149,0.6311,0.8091,8037.0903,NA,NA
gamemd.exe,18224,0x42C3CE0,D3D9,0,0,1,Hardware: Independent Flip,8068.7576,NA,16.81620000000000,16.48520000000000,3.54560000000000,5.68840000000000,6.2047,NA,8054.8995,17.4037,13.8581,3.5456,14.7988,4.7477,4.6649,0.0828,1.3240,8054.8995,NA,NA
gamemd.exe,18224,0x42C3CE0,D3D9,0,0,1,Hardware: Independent Flip,8086.5182,NA,17.76060000000000,17.37410000000000,2.52370000000000,5.60910000000000,5.8182,NA,8072.3032,16.7387,14.2150,2.5237,14.8948,4.9293,4.4825,0.4468,0.0296,8072.3032,NA,NA
gamemd.exe,18224,0x42C3CE0,D3D9,0,0,1,Hardware: Independent Flip,8103.0910,NA,16.57280000000000,17.11040000000000,2.43200000000000,6.13710000000000,6.3558,NA,8089.0419,16.4811,14.0491,2.4320,14.8344,5.3518,4.7510,0.6008,-0.3717,8089.0419,NA,NA
gamemd.exe,18224,0x42C3CE0,D3D9,0,0,1,Hardware: Independent Flip,8119.8286,NA,16.73760000000000,16.21550000000000,2.50970000000000,5.60350000000000,5.8337,NA,8105.5230,16.8153,14.3056,2.5097,14.9799,4.9292,4.5409,0.3883,0.2656,8105.5230,NA,NA
gamemd.exe,18224,0x42C3CE0,D3D9,0,0,1,Hardware: Independent Flip,8136.4180,NA,16.58940000000000,17.46730000000000,2.28610000000000,6.49980000000000,6.7116,NA,8122.3383,16.3658,14.0797,2.2861,15.5424,5.0371,4.3981,0.6390,-0.6520,8122.3383,NA,NA
gamemd.exe,18224,0x42C3CE0,D3D9,0,0,1,Hardware: Independent Flip,8153.0002,NA,16.58220000000000,16.77290000000000,2.40120000000000,6.68500000000000,6.9023,NA,8138.7041,16.6973,14.2961,2.4012,15.6985,5.2826,4.3898,0.8928,-0.4071,8138.7041,NA,NA
gamemd.exe,18224,0x42C3CE0,D3D9,0,0,1,Hardware: Independent Flip,8169.8254,NA,16.82520000000000,16.74150000000000,2.29670000000000,6.57300000000000,6.8186,NA,8155.4014,16.7207,14.4240,2.2967,15.9014,5.0956,4.1574,0.9382,-0.0442,8155.4014,NA,NA
gamemd.exe,18224,0x42C3CE0,D3D9,0,0,1,Hardware: Independent Flip,8185.7430,NA,15.91760000000000,15.45600000000000,2.85420000000000,6.16190000000000,6.3570,NA,8172.1221,16.4751,13.6209,2.8542,14.5691,5.2137,4.7740,0.4397,1.2647,8172.1221,NA,NA
gamemd.exe,18224,0x42C3CE0,D3D9,0,0,1,Hardware: Independent Flip,8202.3938,NA,16.65080000000000,16.24490000000000,1.26540000000000,5.78040000000000,5.9511,NA,8188.5972,15.0620,13.7966,1.2654,14.4116,5.1654,4.8045,0.3609,0.2302,8188.5972,NA,NA
gamemd.exe,18224,0x42C3CE0,D3D9,0,0,1,Hardware: Independent Flip,8219.0228,NA,16.62900000000000,17.11840000000000,2.76630000000000,6.20380000000000,6.4405,NA,8203.6592,18.1299,15.3636,2.7663,16.2106,5.3568,4.6602,0.6966,-2.0564,8203.6592,NA,NA
gamemd.exe,18224,0x42C3CE0,D3D9,0,0,1,Hardware: Independent Flip,8235.7278,NA,16.70500000000000,16.65970000000000,3.04310000000000,6.10810000000000,6.3952,NA,8221.7891,16.9818,13.9387,3.0431,15.0480,4.9988,4.5320,0.4668,1.4702,8221.7891,NA,NA
gamemd.exe,18224,0x42C3CE0,D3D9,0,0,1,Hardware: Independent Flip,8252.5302,NA,16.80240000000000,17.15340000000000,2.61740000000000,6.57210000000000,6.7462,NA,8238.7709,16.3767,13.7593,2.6174,15.4904,4.8410,4.5952,0.2458,-0.1716,8238.7709,NA,NA
gamemd.exe,18224,0x42C3CE0,D3D9,0,0,1,Hardware: Independent Flip,8268.5266,NA,15.99640000000000,15.74550000000000,1.55630000000000,5.20990000000000,6.4953,NA,8255.1476,14.9353,13.3790,1.5563,13.9111,4.6778,4.5584,0.1194,0.6312,8255.1476,NA,NA
gamemd.exe,18224,0x42C3CE0,D3D9,0,0,1,Hardware: Independent Flip,8285.6742,NA,17.14760000000000,16.76200000000000,2.95240000000000,5.92160000000000,6.1097,NA,8270.0829,18.5437,15.5913,2.9524,16.5281,4.9848,4.8769,0.1079,-1.8267,8270.0829,NA,NA
gamemd.exe,18224,0x42C3CE0,D3D9,0,0,1,Hardware: Independent Flip,8301.9476,NA,16.27340000000000,15.82280000000000,0.95270000000000,4.40880000000000,5.6591,NA,8288.6266,14.2737,13.3210,0.9527,13.7090,4.0208,3.9481,0.0727,2.7209,8288.6266,15.3198,NA
gamemd.exe,18224,0x42C3CE0,D3D9,0,0,1,Hardware: Independent Flip,8319.4248,NA,17.47720000000000,17.30060000000000,1.35730000000000,4.34630000000000,5.4825,NA,8302.9003,17.8818,16.5245,1.3573,17.1108,3.7600,3.6802,0.0798,-3.0269,8302.9003,16.6358,NA
gamemd.exe,18224,0x42C3CE0,D3D9,0,0,1,Hardware: Independent Flip,8335.4845,NA,16.05970000000000,17.19840000000000,1.14730000000000,5.22360000000000,6.6212,NA,8320.7821,15.8497,14.7024,1.1473,15.1938,4.7322,4.1753,0.5569,0.6834,8320.7821,17.8456,NA
gamemd.exe,18224,0x42C3CE0,D3D9,0,0,1,Hardware: Independent Flip,8352.1938,NA,16.70930000000000,16.22370000000000,1.13920000000000,4.74110000000000,6.1356,NA,8336.6318,16.7012,15.5620,1.1392,16.0538,4.2493,3.8229,0.4264,-0.3740,8336.6318,17.9884,NA
gamemd.exe,18224,0x42C3CE0,D3D9,0,0,1,Hardware: Independent Flip,8368.8762,NA,16.68240000000000,16.88340000000000,1.16720000000000,4.97910000000000,6.3366,NA,8353.3330,16.7104,15.5432,1.1672,16.0831,4.4392,4.0004,0.4388,-0.1822,8353.3330,NA,NA
gamemd.exe,18224,0x42C3CE0,D3D9,0,0,1,Hardware: Independent Flip,8385.5434,NA,16.66720000000000,16.65350000000000,1.34900000000000,4.99920000000000,6.3229,NA,8370.0434,16.8490,15.5000,1.3490,16.0377,4.4615,4.3338,0.1277,0.0569,8370.0434,NA,NA
gamemd.exe,18224,0x42C3CE0,D3D9,0,0,1,Hardware: Independent Flip,8402.2750,NA,16.73160000000000,17.00700000000000,2.91580000000000,6.40620000000000,6.5983,NA,8386.8924,18.2984,15.3826,2.9158,16.0861,5.7027,5.1915,0.5112,-0.1580,8386.8924,NA,NA
gamemd.exe,18224,0x42C3CE0,D3D9,0,0,1,Hardware: Independent Flip,8419.3813,NA,17.10630000000000,16.74420000000000,3.36450000000000,6.04290000000000,6.2362,NA,8405.1908,17.5550,14.1905,3.3645,15.8029,4.4305,4.3371,0.0934,1.5542,8405.1908,NA,NA
gamemd.exe,18224,0x42C3CE0,D3D9,0,0,1,Hardware: Independent Flip,8436.7704,NA,17.38910000000000,17.80830000000000,2.31560000000000,6.35790000000000,6.6554,NA,8422.7458,16.3402,14.0246,2.3156,15.5429,4.8396,4.2352,0.6044,-0.2533,8422.7458,NA,NA
gamemd.exe,18224,0x42C3CE0,D3D9,0,0,1,Hardware: Independent Flip,8451.8797,NA,15.10930000000000,14.91880000000000,1.25820000000000,5.04390000000000,6.4649,NA,8439.0860,14.0519,12.7937,1.2582,13.2475,4.5901,4.4802,0.1099,1.4214,8439.0860,NA,NA
gamemd.exe,18224,0x42C3CE0,D3D9,0,0,1,Hardware: Independent Flip,8468.5150,NA,16.63530000000000,16.74360000000000,0.97900000000000,5.93390000000000,6.5732,NA,8453.1379,16.3561,15.3771,0.9790,15.7925,5.5185,5.0267,0.4918,-2.6917,8453.1379,NA,NA
gamemd.exe,18224,0x42C3CE0,D3D9,0,0,1,Hardware: Independent Flip,8485.2659,NA,16.75090000000000,16.74920000000000,2.70590000000000,6.36070000000000,6.5715,NA,8469.4940,18.4778,15.7719,2.7059,16.4930,5.6396,5.1611,0.4785,-0.3931,8469.4940,NA,NA
gamemd.exe,18224,0x42C3CE0,D3D9,0,0,1,Hardware: Independent Flip,8502.3208,NA,17.05490000000000,17.24100000000000,3.59900000000000,6.57610000000000,6.7576,NA,8487.9718,17.9480,14.3490,3.5990,16.2530,4.6721,4.5652,0.1069,1.2368,8487.9718,NA,NA
gamemd.exe,18224,0x42C3CE0,D3D9,0,0,1,Hardware: Independent Flip,8519.6953,NA,17.37450000000000,16.58780000000000,2.49040000000000,5.75350000000000,5.9709,NA,8505.9198,16.2659,13.7755,2.4904,14.3567,5.1723,4.4860,0.6863,1.3602,8505.9198,25.3922,NA
gamemd.exe,18224,0x42C3CE0,D3D9,0,0,1,Hardware: Independent Flip,8536.6512,NA,16.95590000000000,17.56930000000000,2.38220000000000,6.36830000000000,6.5843,NA,8522.1857,16.8477,14.4655,2.3822,15.2258,5.6080,5.0254,0.5826,-1.3034,8522.1857,NA,NA
gamemd.exe,18224,0x42C3CE0,D3D9,0,0,1,Hardware: Independent Flip,8552.6380,NA,15.98680000000000,15.80690000000000,2.33890000000000,6.20040000000000,6.4044,NA,8539.0334,15.9435,13.6046,2.3389,14.8283,4.9767,4.1892,0.7875,1.0408,8539.0334,NA,NA
gamemd.exe,18224,0x42C3CE0,D3D9,0,0,1,Hardware: Independent Flip,8569.4577,NA,16.81970000000000,17.17280000000000,2.32930000000000,6.52040000000000,6.7575,NA,8554.9769,16.8101,14.4808,2.3293,15.8762,5.1250,4.3232,0.8018,-1.2293,8554.9769,NA,NA
gamemd.exe,18224,0x42C3CE0,D3D9,0,0,1,Hardware: Independent Flip,8586.5961,NA,17.13840000000000,16.62320000000000,2.62340000000000,6.03370000000000,6.2423,NA,8571.7870,17.4325,14.8091,2.6234,15.6568,5.1860,4.4892,0.6968,0.1869,8571.7870,NA,NA
gamemd.exe,18224,0x42C3CE0,D3D9,0,0,1,Hardware: Independent Flip,8602.4210,NA,15.82490000000000,17.29330000000000,3.03840000000000,7.49240000000000,7.7107,NA,8589.2195,16.2399,13.2015,3.0384,15.4684,5.2255,4.6152,0.6103,0.1392,8589.2195,NA,NA
gamemd.exe,18224,0x42C3CE0,D3D9,0,0,1,Hardware: Independent Flip,8619.0877,NA,16.66670000000000,16.27210000000000,2.59180000000000,7.11470000000000,7.3161,NA,8605.4594,16.2201,13.6283,2.5918,15.4977,5.2453,4.6442,0.6011,-0.0322,8605.4594,NA,NA
gamemd.exe,18224,0x42C3CE0,D3D9,0,0,1,Hardware: Independent Flip,8636.7426,NA,17.65490000000000,17.21310000000000,2.31940000000000,6.63880000000000,6.8743,NA,8621.6795,17.3825,15.0631,2.3194,16.5927,5.1092,4.2688,0.8404,-0.9930,8621.6795,NA,NA
gamemd.exe,18224,0x42C3CE0,D3D9,0,0,1,Hardware: Independent Flip,8652.7043,NA,15.96170000000000,15.55120000000000,3.19400000000000,6.23590000000000,6.4638,NA,8639.0620,16.8363,13.6423,3.1940,14.9747,4.9035,4.4811,0.4224,1.8313,8639.0620,NA,NA
gamemd.exe,18224,0x42C3CE0,D3D9,0,0,1,Hardware: Independent Flip,8669.9508,NA,17.24650000000000,16.79720000000000,2.33230000000000,5.80870000000000,6.0145,NA,8655.8983,16.3848,14.0525,2.3323,14.6725,5.1887,4.6469,0.5418,0.0391,8655.8983,NA,NA
gamemd.exe,18224,0x42C3CE0,D3D9,0,0,1,Hardware: Independent Flip,8686.4240,NA,16.47320000000000,16.88870000000000,2.31490000000000,6.19170000000000,6.4300,NA,8672.2831,16.4558,14.1409,2.3149,15.5457,4.7869,4.1568,0.6301,-0.5039,8672.2831,NA,NA
gamemd.exe,18224,0x42C3CE0,D3D9,0,0,1,Hardware: Independent Flip,8703.0948,NA,16.67080000000000,16.78370000000000,2.40400000000000,6.35350000000000,6.5429,NA,8688.7389,16.7599,14.3559,2.4040,15.7269,4.9825,4.2470,0.7355,-0.3279,8688.7389,NA,NA
gamemd.exe,18224,0x42C3CE0,D3D9,0,0,1,Hardware: Independent Flip,8719.6438,NA,16.54900000000000,16.72040000000000,2.28570000000000,6.49320000000000,6.7143,NA,8705.4988,16.4307,14.1450,2.2857,15.6929,4.9453,4.3948,0.5505,0.0395,8705.4988,NA,NA
gamemd.exe,18224,0x42C3CE0,D3D9,0,0,1,Hardware: Independent Flip,8736.8476,NA,17.20380000000000,16.61760000000000,2.41420000000000,5.92350000000000,6.1281,NA,8721.9295,17.3323,14.9181,2.4142,15.6043,5.2373,4.4808,0.7565,-0.1869,8721.9295,NA,NA
gamemd.exe,18224,0x42C3CE0,D3D9,0,0,1,Hardware: Independent Flip,8752.0504,NA,15.20280000000000,15.23120000000000,3.13160000000000,5.97430000000000,6.1565,NA,8739.2618,15.9202,12.7886,3.1316,13.8484,4.9145,4.5526,0.3619,2.1011,8739.2618,NA,NA
gamemd.exe,18224,0x42C3CE0,D3D9,0,0,1,Hardware: Independent Flip,8768.5756,NA,16.52520000000000,16.85360000000000,1.18830000000000,5.28720000000000,6.4849,NA,8755.1820,14.5819,13.3936,1.1883,13.8653,4.8155,4.6909,0.1246,-0.9334,8755.1820,NA,NA
gamemd.exe,18224,0x42C3CE0,D3D9,0,0,1,Hardware: Independent Flip,8785.3147,NA,16.73910000000000,16.64300000000000,1.22430000000000,5.47950000000000,6.3888,NA,8769.7639,16.7751,15.5508,1.2243,16.1157,4.9146,4.5924,0.3222,-2.0611,8769.7639,NA,NA
gamemd.exe,18224,0x42C3CE0,D3D9,0,0,1,Hardware: Independent Flip,8802.2425,NA,16.92780000000000,17.23260000000000,3.17320000000000,6.49550000000000,6.6936,NA,8786.5390,18.8767,15.7035,3.1732,16.4027,5.7963,4.4553,1.3410,-0.4575,8786.5390,NA,NA
gamemd.exe,18224,0x42C3CE0,D3D9,0,0,1,Hardware: Independent Flip,8819.0867,NA,16.84420000000000,16.79500000000000,2.88540000000000,6.47040000000000,6.6444,NA,8805.4157,16.5564,13.6710,2.8854,15.5277,4.6137,4.5121,0.1016,2.0817,8805.4157,NA,NA
gamemd.exe,18224,0x42C3CE0,D3D9,0,0,1,Hardware: Independent Flip,8835.4571,NA,16.37040000000000,16.98150000000000,2.66450000000000,6.97370000000000,7.2555,NA,8821.9721,16.1495,13.4850,2.6645,14.8882,5.5705,5.0234,0.5471,-0.4251,8821.9721,NA,NA
gamemd.exe,18224,0x42C3CE0,D3D9,0,0,1,Hardware: Independent Flip,8853.0229,NA,17.56580000000000,16.80130000000000,2.78680000000000,6.24220000000000,6.4910,NA,8838.1216,17.6881,14.9013,2.7868,15.7812,5.3623,4.5799,0.7824,-0.6518,8838.1216,NA,NA
gamemd.exe,18224,0x42C3CE0,D3D9,0,0,1,Hardware: Independent Flip,8868.6551,NA,15.63220000000000,15.37450000000000,2.65930000000000,6.00220000000000,6.2333,NA,8855.8097,15.5047,12.8454,2.6593,13.7631,5.0845,4.9915,0.0930,2.3136,8855.8097,NA,NA
gamemd.exe,18224,0x42C3CE0,D3D9,0,0,1,Hardware: Independent Flip,8886.0694,NA,17.41430000000000,17.77500000000000,2.25270000000000,6.35040000000000,6.5940,NA,8871.3144,17.0077,14.7550,2.2527,16.0274,5.0780,4.2639,0.8141,-2.2703,8871.3144,NA,NA
gamemd.exe,18224,0x42C3CE0,D3D9,0,0,1,Hardware: Independent Flip,8902.8399,NA,16.77050000000000,17.00420000000000,2.42020000000000,6.55680000000000,6.8277,NA,8888.3221,16.9380,14.5178,2.4202,15.8397,5.2349,4.4682,0.7667,0.0035,8888.3221,NA,NA
gamemd.exe,18224,0x42C3CE0,D3D9,0,0,1,Hardware: Independent Flip,8919.1352,NA,16.29530000000000,16.25320000000000,2.27470000000000,6.47870000000000,6.7856,NA,8905.2601,16.1498,13.8751,2.2747,15.3371,5.0167,4.2167,0.8000,0.6848,8905.2601,NA,NA
gamemd.exe,18224,0x42C3CE0,D3D9,0,0,1,Hardware: Independent Flip,8936.1934,NA,17.05820000000000,16.94740000000000,2.32030000000000,6.47680000000000,6.6748,NA,8921.4099,17.1038,14.7835,2.3203,16.2603,5.0000,4.3622,0.6378,-0.7976,8921.4099,NA,NA
gamemd.exe,18224,0x42C3CE0,D3D9,0,0,1,Hardware: Independent Flip,8952.2740,NA,16.08060000000000,16.21110000000000,2.55540000000000,6.61150000000000,6.8053,NA,8938.5137,16.3157,13.7603,2.5554,15.6011,4.7707,4.5662,0.2045,0.8927,8938.5137,NA,NA
gamemd.exe,18224,0x42C3CE0,D3D9,0,0,1,Hardware: Independent Flip,8969.6185,NA,17.34450000000000,17.50360000000000,2.38130000000000,6.68220000000000,6.9644,NA,8954.8294,17.1704,14.7891,2.3813,16.2001,5.2712,4.3636,0.9076,-1.1879,8954.8294,NA,NA
gamemd.exe,18224,0x42C3CE0,D3D9,0,0,1,Hardware: Independent Flip,8986.5175,NA,16.89900000000000,16.87480000000000,2.48740000000000,6.66720000000000,6.9402,NA,8971.9998,17.0051,14.5177,2.4874,16.2363,4.9486,4.2891,0.6595,0.2956,8971.9998,NA,NA
gamemd.exe,18224,0x42C3CE0,D3D9,0,0,1,Hardware: Independent Flip,9003.1332,NA,16.61570000000000,16.53840000000000,2.66650000000000,6.66440000000000,6.8629,NA,8989.0049,16.7948,14.1283,2.6665,15.3236,5.4691,4.5016,0.9675,0.4667,8989.0049,NA,NA
gamemd.exe,18224,0x42C3CE0,D3D9,0,0,1,Hardware: Independent Flip,9019.4492,NA,16.31600000000000,16.50630000000000,2.30000000000000,6.78800000000000,7.0532,NA,9005.7997,15.9495,13.6495,2.3000,15.1518,5.2857,4.3749,0.9108,0.2885,9005.7997,NA,NA
gamemd.exe,18224,0x42C3CE0,D3D9,0,0,1,Hardware: Independent Flip,9036.8423,NA,17.39310000000000,16.79610000000000,1.83530000000000,6.24960000000000,6.4562,NA,9021.7492,16.9284,15.0931,1.8353,16.1836,5.1591,4.2790,0.8801,-0.8466,9021.7492,NA,NA
gamemd.exe,18224,0x42C3CE0,D3D9,0,0,1,Hardware: Independent Flip,9053.0388,NA,16.19650000000000,16.03420000000000,3.16830000000000,6.10390000000000,6.2939,NA,9038.6776,17.5295,14.3612,3.1683,15.7639,4.7012,4.1727,0.5285,0.8942,9038.6776,NA,NA
gamemd.exe,18224,0x42C3CE0,D3D9,0,0,1,Hardware: Independent Flip,9069.5643,NA,16.52550000000000,16.79430000000000,2.56250000000000,6.34030000000000,6.5627,NA,9056.2071,15.9197,13.3572,2.5625,14.3213,5.3762,4.6973,0.6789,0.7352,9056.2071,NA,NA
gamemd.exe,18224,0x42C3CE0,D3D9,0,0,1,Hardware: Independent Flip,9085.4019,NA,15.83760000000000,15.73830000000000,3.11790000000000,6.27760000000000,6.4634,NA,9072.1268,16.3930,13.2751,3.1179,14.1999,5.3528,4.8595,0.4933,0.1814,9072.1268,NA,NA
gamemd.exe,18224,0x42C3CE0,D3D9,0,0,1,Hardware: Independent Flip,9102.0342,NA,16.63230000000000,16.55360000000000,1.23740000000000,5.63670000000000,6.3847,NA,9088.5198,14.7518,13.5144,1.2374,14.0597,5.0914,4.8468,0.2446,-0.1606,9088.5198,NA,NA
gamemd.exe,18224,0x42C3CE0,D3D9,0,0,1,Hardware: Independent Flip,9118.6218,NA,16.58760000000000,16.40690000000000,1.18520000000000,5.86420000000000,6.2040,NA,9103.2716,16.5354,15.3502,1.1852,15.8855,5.3289,4.4833,0.8456,-1.6551,9103.2716,NA,NA
gamemd.exe,18224,0x42C3CE0,D3D9,0,0,1,Hardware: Independent Flip,9135.6788,NA,17.05700000000000,17.44520000000000,2.99350000000000,6.40160000000000,6.5922,NA,9119.8070,18.8653,15.8718,2.9935,17.6172,4.6562,4.4616,0.1946,-0.9098,9119.8070,NA,NA
gamemd.exe,18224,0x42C3CE0,D3D9,0,0,1,Hardware: Independent Flip,9153.0195,NA,17.34070000000000,16.99150000000000,2.34930000000000,6.03770000000000,6.2430,NA,9138.6723,16.6965,14.3472,2.3493,15.5106,4.8743,4.2039,0.6704,1.8738,9138.6723,NA,NA
gamemd.exe,18224,0x42C3CE0,D3D9,0,0,1,Hardware: Independent Flip,9169.2230,NA,16.20350000000000,16.92560000000000,3.48970000000000,6.75000000000000,6.9651,NA,9155.3688,17.3439,13.8542,3.4897,15.6890,4.9152,4.4333,0.4819,-0.2291,9155.3688,NA,NA
gamemd.exe,18224,0x42C3CE0,D3D9,0,0,1,Hardware: Independent Flip,9185.8188,NA,16.59580000000000,16.32760000000000,2.52780000000000,6.45920000000000,6.6969,NA,9172.7127,15.6339,13.1061,2.5278,14.6470,4.9183,4.4009,0.5174,1.0163,9172.7127,NA,NA
gamemd.exe,18224,0x42C3CE0,D3D9,0,0,1,Hardware: Independent Flip,9202.3015,NA,16.48270000000000,15.74660000000000,3.24080000000000,5.80290000000000,5.9608,NA,9188.3466,17.1957,13.9549,3.2408,14.8814,4.8764,4.5751,0.3013,-0.1127,9188.3466,NA,NA
gamemd.exe,18224,0x42C3CE0,D3D9,0,0,1,Hardware: Independent Flip,9219.1775,NA,16.87600000000000,17.50650000000000,3.75390000000000,6.43190000000000,6.5913,NA,9205.5423,17.3891,13.6352,3.7539,15.4064,4.6607,4.4664,0.1943,-0.3108,9205.5423,NA,NA
gamemd.exe,18224,0x42C3CE0,D3D9,0,0,1,Hardware: Independent Flip,9236.2828,NA,17.10530000000000,17.15020000000000,3.06440000000000,6.38740000000000,6.6362,NA,9222.9314,16.4158,13.3514,3.0644,14.7439,4.9949,4.3858,0.6091,0.2389,9222.9314,NA,NA
gamemd.exe,18224,0x42C3CE0,D3D9,0,0,1,Hardware: Independent Flip,9252.3062,NA,16.02340000000000,16.03380000000000,3.53510000000000,6.42520000000000,6.6466,NA,9239.3472,16.4941,12.9590,3.5351,14.7992,4.5850,4.3495,0.2355,0.3820,9239.3472,NA,NA
gamemd.exe,18224,0x42C3CE0,D3D9,0,0,1,Hardware: Independent Flip,9269.2112,NA,16.90500000000000,17.13970000000000,2.69850000000000,6.69950000000000,6.8813,NA,9255.8413,16.0684,13.3699,2.6985,15.2046,4.8648,4.6451,0.2197,-0.6456,9255.8413,NA,NA
gamemd.exe,18224,0x42C3CE0,D3D9,0,0,1,Hardware: Independent Flip,9285.6413,NA,16.43010000000000,15.72960000000000,2.82210000000000,5.99700000000000,6.1808,NA,9271.9097,16.5537,13.7316,2.8221,14.5468,5.1818,4.7349,0.4469,0.3388,9271.9097,NA,NA
gamemd.exe,18224,0x42C3CE0,D3D9,0,0,1,Hardware: Independent Flip,9302.2906,NA,16.64930000000000,16.75460000000000,1.13600000000000,6.08480000000000,6.2861,NA,9288.4634,14.9632,13.8272,1.1360,14.3298,5.5822,4.8478,0.7344,-0.2009,9288.4634,NA,NA
gamemd.exe,18224,0x42C3CE0,D3D9,0,0,1,Hardware: Independent Flip,9318.8686,NA,16.57800000000000,16.26810000000000,1.10200000000000,4.57430000000000,5.9762,NA,9303.4266,16.5440,15.4420,1.1020,15.9287,4.0876,4.0078,0.0798,-1.3049,9303.4266,NA,NA
gamemd.exe,18224,0x42C3CE0,D3D9,0,0,1,Hardware: Independent Flip,9335.7361,NA,16.86750000000000,17.05260000000000,2.76390000000000,5.94670000000000,6.1613,NA,9319.9706,18.5294,15.7655,2.7639,16.6306,5.0816,4.5292,0.5524,-0.5086,9319.9706,NA,NA
gamemd.exe,18224,0x42C3CE0,D3D9,0,0,1,Hardware: Independent Flip,9353.0221,NA,17.28600000000000,17.77520000000000,2.45060000000000,6.46030000000000,6.6505,NA,9338.5000,16.9727,14.5221,2.4506,15.8196,5.1628,4.4812,0.6816,0.7542,9338.5000,NA,NA
gamemd.exe,18224,0x42C3CE0,D3D9,0,0,1,Hardware: Independent Flip,9370.0845,NA,17.06240000000000,18.77070000000000,2.93650000000000,8.16090000000000,8.3588,NA,9355.4727,17.5483,14.6118,2.9365,16.2032,6.5695,6.4476,0.1219,-1.7980,9355.4727,NA,NA
gamemd.exe,18224,0x42C3CE0,D3D9,0,0,1,Hardware: Independent Flip,9385.3746,NA,15.29010000000000,14.67560000000000,1.52350000000000,7.54510000000000,7.7443,NA,9373.0210,13.8771,12.3536,1.5235,12.8962,7.0025,6.4992,0.5033,2.8727,9373.0210,NA,NA
gamemd.exe,18224,0x42C3CE0,D3D9,0,0,1,Hardware: Independent Flip,9403.3732,NA,17.99860000000000,18.63810000000000,2.52000000000000,8.20040000000000,8.3838,NA,9386.8981,18.9951,16.4751,2.5200,18.1236,6.5519,6.4550,0.0969,-4.7610,9386.8981,39.5052,39.5052
gamemd.exe,18224,0x42C3CE0,D3D9,0,0,1,Hardware: Independent Flip,9418.6580,NA,15.28480000000000,14.53430000000000,2.48210000000000,7.43450000000000,7.6333,NA,9405.8932,15.2469,12.7648,2.4821,13.4517,6.7476,6.3663,0.3813,4.4608,9405.8932,NA,NA
gamemd.exe,18224,0x42C3CE0,D3D9,0,0,1,Hardware: Independent Flip,9435.1860,NA,16.52800000000000,16.72940000000000,1.71800000000000,7.62930000000000,7.8347,NA,9421.1401,15.7639,14.0459,1.7180,14.6285,7.0467,6.5828,0.4639,-1.4825,9421.1401,NA,NA
gamemd.exe,18224,0x42C3CE0,D3D9,0,0,1,Hardware: Independent Flip,9452.0707,NA,16.88470000000000,18.07990000000000,3.15670000000000,8.80900000000000,9.0299,NA,9436.9040,18.3234,15.1667,3.1567,16.3163,7.6594,6.9517,0.7077,-2.3160,9436.9040,NA,NA
gamemd.exe,18224,0x42C3CE0,D3D9,0,0,1,Hardware: Independent Flip,9470.0898,NA,18.01910000000000,17.07990000000000,2.53900000000000,7.90760000000000,8.0907,NA,9455.2274,17.4014,14.8624,2.5390,15.6268,7.1432,6.7145,0.4287,1.2435,9455.2274,NA,NA
gamemd.exe,18224,0x42C3CE0,D3D9,0,0,1,Hardware: Independent Flip,9486.2042,NA,16.11440000000000,16.51260000000000,2.54290000000000,8.30430000000000,8.4889,NA,9472.6288,16.1183,13.5754,2.5429,15.2622,6.6175,6.5145,0.1030,0.8888,9472.6288,18.2614,18.2614
gamemd.exe,18224,0x42C3CE0,D3D9,0,0,1,Hardware: Independent Flip,9503.6250,NA,17.42080000000000,16.22370000000000,1.38130000000000,7.14230000000000,7.2918,NA,9488.7471,16.2592,14.8779,1.3813,15.5765,6.4437,6.3372,0.1065,-0.1054,9488.7471,NA,NA
gamemd.exe,18224,0x42C3CE0,D3D9,0,0,1,Hardware: Independent Flip,9519.6879,NA,16.06290000000000,16.37090000000000,2.43610000000000,7.38670000000000,7.5998,NA,9505.0063,17.1177,14.6816,2.4361,15.3775,6.6908,6.5712,0.1196,-0.1117,9505.0063,NA,NA
gamemd.exe,18224,0x42C3CE0,D3D9,0,0,1,Hardware: Independent Flip,9536.3052,NA,16.61730000000000,16.90660000000000,2.29370000000000,7.73370000000000,7.8891,NA,9522.1240,16.4749,14.1812,2.2937,15.1401,6.7748,6.6528,0.1220,0.2111,9522.1240,19.8739,NA
gamemd.exe,18224,0x42C3CE0,D3D9,0,0,1,Hardware: Independent Flip,9552.3453,NA,16.04010000000000,17.11630000000000,2.57870000000000,8.73810000000000,8.9653,NA,9538.5989,16.3251,13.7464,2.5787,15.5761,6.9084,6.3968,0.5116,-0.6414,9538.5989,21.0050,NA
gamemd.exe,18224,0x42C3CE0,D3D9,0,0,1,Hardware: Independent Flip,9568.9965,NA,16.65120000000000,16.97330000000000,2.72610000000000,9.06610000000000,9.2874,NA,9554.9240,16.7986,14.0725,2.7261,15.1709,7.9677,7.0174,0.9503,-0.6482,9554.9240,21.9175,NA
gamemd.exe,18224,0x42C3CE0,D3D9,0,0,1,Hardware: Independent Flip,9585.4050,NA,16.40850000000000,15.30910000000000,1.20130000000000,7.97750000000000,8.1880,NA,9571.7226,14.8837,13.6824,1.2013,14.1950,7.4649,6.6881,0.7768,1.4895,9571.7226,21.0308,NA
gamemd.exe,18224,0x42C3CE0,D3D9,0,0,1,Hardware: Independent Flip,9602.0009,NA,16.59590000000000,16.26170000000000,1.72430000000000,7.64690000000000,7.8538,NA,9586.6063,17.1189,15.3946,1.7243,16.1692,6.8723,6.4125,0.4598,-1.3780,9586.6063,13.5440,NA
gamemd.exe,18224,0x42C3CE0,D3D9,0,0,1,Hardware: Independent Flip,9618.6480,NA,16.64710000000000,16.41110000000000,1.74510000000000,7.40900000000000,7.6178,NA,9603.7252,16.6679,14.9228,1.7451,15.5350,6.7968,6.2906,0.5062,0.7078,9603.7252,13.8946,NA
gamemd.exe,18224,0x42C3CE0,D3D9,0,0,1,Hardware: Independent Flip,9636.8253,NA,18.17730000000000,18.82760000000000,2.34750000000000,8.08730000000000,8.2681,NA,9620.3931,18.7797,16.4322,2.3475,17.8144,6.7051,6.6034,0.1017,-2.1597,9620.3931,24.7807,NA
gamemd.exe,18224,0x42C3CE0,D3D9,0,0,1,Hardware: Independent Flip,9652.6721,NA,15.84680000000000,15.64970000000000,2.28570000000000,7.86040000000000,8.0710,NA,9639.1728,15.7850,13.4993,2.2857,14.8929,6.4668,6.3849,0.0819,3.1300,9639.1728,24.3517,NA
gamemd.exe,18224,0x42C3CE0,D3D9,0,0,1,Hardware: Independent Flip,9669.6038,NA,16.93170000000000,17.02070000000000,2.25950000000000,8.00430000000000,8.1600,NA,9654.9578,16.9055,14.6460,2.2595,16.2300,6.4203,6.3274,0.0929,-1.2357,9654.9578,25.4651,NA
gamemd.exe,18224,0x42C3CE0,D3D9,0,0,1,Hardware: Independent Flip,9685.9289,NA,16.32510000000000,16.37200000000000,2.28060000000000,7.96970000000000,8.2069,NA,9671.8633,16.3462,14.0656,2.2806,15.6337,6.4016,6.3084,0.0932,0.5335,9671.8633,25.3754,NA
gamemd.exe,18224,0x42C3CE0,D3D9,0,0,1,Hardware: Independent Flip,9702.8927,NA,16.96380000000000,17.19730000000000,2.97050000000000,8.22620000000000,8.4404,NA,9688.2095,17.6537,14.6832,2.9705,15.9872,6.9222,6.4300,0.4922,-0.8511,9688.2095,19.0844,NA
gamemd.exe,18224,0x42C3CE0,D3D9,0,0,1,Hardware: Independent Flip,9719.7321,NA,16.83940000000000,16.84420000000000,2.37510000000000,8.24220000000000,8.4452,NA,9705.8632,16.2440,13.8689,2.3751,15.4890,6.6221,6.5050,0.1171,0.8095,9705.8632,27.9086,NA
gamemd.exe,18224,0x42C3CE0,D3D9,0,0,1,Hardware: Independent Flip,9736.2166,NA,16.48450000000000,16.83990000000000,3.35470000000000,8.44830000000000,8.8006,NA,9722.1072,17.4641,14.1094,3.3547,15.6101,6.9476,6.5660,0.3816,-0.5959,9722.1072,28.7543,NA
gamemd.exe,18224,0x42C3CE0,D3D9,0,0,1,Hardware: Independent Flip,9753.1643,NA,16.94770000000000,16.14350000000000,2.21090000000000,7.79850000000000,7.9964,NA,9739.5713,15.8039,13.5930,2.2109,14.6221,6.7694,6.6409,0.1285,1.3206,9739.5713,20.8886,NA
gamemd.exe,18224,0x42C3CE0,D3D9,0,0,1,Hardware: Independent Flip,9769.4242,NA,16.25990000000000,16.62470000000000,2.41910000000000,8.18400000000000,8.3612,NA,9755.3752,16.4681,14.0490,2.4191,15.6398,6.5932,6.4898,0.1034,-0.8208,9755.3752,29.5209,NA
gamemd.exe,18224,0x42C3CE0,D3D9,0,0,1,Hardware: Independent Flip,9786.3387,NA,16.91450000000000,16.87250000000000,2.60070000000000,8.14680000000000,8.3192,NA,9771.8433,17.0961,14.4954,2.6007,16.0396,6.6026,6.4991,0.1035,-0.4044,9771.8433,22.4096,NA
gamemd.exe,18224,0x42C3CE0,D3D9,0,0,1,Hardware: Independent Flip,9803.5051,NA,17.16640000000000,16.99140000000000,2.45250000000000,7.98530000000000,8.1442,NA,9788.9394,17.0182,14.5657,2.4525,16.1196,6.4314,6.3236,0.1078,0.1047,9788.9394,23.3871,NA
gamemd.exe,18224,0x42C3CE0,D3D9,0,0,1,Hardware: Independent Flip,9819.4679,NA,15.96280000000000,15.88390000000000,2.26480000000000,7.88270000000000,8.0653,NA,9805.9576,15.7751,13.5103,2.2648,15.0260,6.3670,6.2661,0.1009,1.1343,9805.9576,22.7565,NA
gamemd.exe,18224,0x42C3CE0,D3D9,0,0,1,Hardware: Independent Flip,9835.8709,NA,16.40300000000000,16.38910000000000,2.33620000000000,7.90130000000000,8.0514,NA,9821.7327,16.4744,14.1382,2.3362,15.6439,6.3956,6.2830,0.1126,-0.6140,9821.7327,15.6755,NA
gamemd.exe,18224,0x42C3CE0,D3D9,0,0,1,Hardware: Independent Flip,9853.5593,NA,17.68840000000000,17.03250000000000,1.76520000000000,7.21530000000000,7.3955,NA,9838.2071,17.1174,15.3522,1.7652,16.1473,6.4202,6.3274,0.0928,-0.5581,9838.2071,16.7003,NA
gamemd.exe,18224,0x42C3CE0,D3D9,0,0,1,Hardware: Independent Flip,9869.3640,NA,15.80470000000000,17.18040000000000,2.44430000000000,8.54820000000000,8.7712,NA,9855.3245,16.4838,14.0395,2.4443,15.7262,6.8615,6.4175,0.4440,-0.0630,9855.3245,17.8520,NA
gamemd.exe,18224,0x42C3CE0,D3D9,0,0,1,Hardware: Independent Flip,9885.5721,NA,16.20810000000000,15.18480000000000,3.00440000000000,7.52960000000000,7.7479,NA,9871.8083,16.7682,13.7638,3.0044,14.7154,6.5780,6.4340,0.1440,1.2990,9871.8083,16.8105,NA
gamemd.exe,18224,0x42C3CE0,D3D9,0,0,1,Hardware: Independent Flip,9903.2724,NA,17.70030000000000,17.94060000000000,2.54080000000000,7.80880000000000,7.9882,NA,9888.5765,17.2367,14.6959,2.5408,15.7901,6.7146,6.6298,0.0848,-1.1724,9888.5765,18.9901,NA
gamemd.exe,18224,0x42C3CE0,D3D9,0,0,1,Hardware: Independent Flip,9919.6119,NA,16.33950000000000,16.43450000000000,2.34080000000000,7.93270000000000,8.0832,NA,9905.8132,16.1395,13.7987,2.3408,15.4115,6.3199,6.2035,0.1164,0.8022,9905.8132,19.3770,NA
gamemd.exe,18224,0x42C3CE0,D3D9,0,0,1,Hardware: Independent Flip,9936.2864,NA,16.67450000000000,16.62740000000000,2.82280000000000,7.87590000000000,8.0361,NA,9921.9527,17.1565,14.3337,2.8228,15.6724,6.5372,6.4455,0.0917,-0.4879,9921.9527,20.0392,NA
gamemd.exe,18224,0x42C3CE0,D3D9,0,0,1,Hardware: Independent Flip,9952.8863,NA,16.59990000000000,16.65020000000000,2.26870000000000,7.92360000000000,8.0864,NA,9939.1092,16.0458,13.7771,2.2687,15.3152,6.3855,6.2517,0.1338,0.5063,9939.1092,20.6714,NA
gamemd.exe,18224,0x42C3CE0,D3D9,0,0,1,Hardware: Independent Flip,9970.8889,NA,18.00260000000000,17.28470000000000,1.88640000000000,7.22190000000000,7.3685,NA,9955.1550,17.6203,15.7339,1.8864,16.5340,6.4218,6.2989,0.1229,-1.2389,9955.1550,21.9894,NA
gamemd.exe,18224,0x42C3CE0,D3D9,0,0,1,Hardware: Independent Flip,9986.5717,NA,15.68280000000000,15.89450000000000,1.97550000000000,7.42140000000000,7.5802,NA,9972.7753,15.7719,13.7964,1.9755,14.9148,6.3030,6.1797,0.1233,1.7258,9972.7753,21.8916,NA
gamemd.exe,18224,0x42C3CE0,D3D9,0,0,1,Hardware: Independent Flip,10003.0097,NA,16.43800000000000,17.07230000000000,2.50400000000000,8.01430000000000,8.2145,NA,9988.5472,16.9665,14.4625,2.5040,16.0094,6.4674,6.3855,0.0819,-1.3004,9988.5472,22.9649,NA
gamemd.exe,18224,0x42C3CE0,D3D9,0,0,1,Hardware: Independent Flip,10019.3822,NA,16.37250000000000,16.25690000000000,2.26540000000000,7.83840000000000,8.0989,NA,10005.5137,16.1339,13.8685,2.2654,15.2103,6.4966,6.3859,0.1107,0.7096,10005.5137,23.0103,NA
gamemd.exe,18224,0x42C3CE0,D3D9,0,0,1,Hardware: Independent Flip,10036.8822,NA,17.50000000000000,17.17950000000000,2.49390000000000,7.60220000000000,7.7784,NA,10021.6476,17.7285,15.2346,2.4939,16.0704,6.7664,6.5318,0.2346,-1.0456,10021.6476,NA,NA
gamemd.exe,18224,0x42C3CE0,D3D9,0,0,1,Hardware: Independent Flip,10053.6397,NA,16.75750000000000,16.57230000000000,2.30190000000000,7.39300000000000,7.5932,NA,10039.3761,16.5655,14.2636,2.3019,14.9638,6.6928,6.5785,0.1143,1.1562,10039.3761,NA,NA
gamemd.exe,18224,0x42C3CE0,D3D9,0,0,1,Hardware: Independent Flip,10069.7867,NA,16.14700000000000,16.54210000000000,2.39820000000000,7.70000000000000,7.9883,NA,10055.9416,16.2433,13.8451,2.3982,14.5342,7.0109,6.3260,0.6849,0.0234,10055.9416,NA,NA
gamemd.exe,18224,0x42C3CE0,D3D9,0,0,1,Hardware: Independent Flip,10086.6475,NA,16.86080000000000,17.16250000000000,2.42440000000000,8.12820000000000,8.2900,NA,10072.1849,16.8870,14.4626,2.4244,16.0074,6.5834,6.4803,0.1031,-0.9192,10072.1849,NA,NA
gamemd.exe,18224,0x42C3CE0,D3D9,0,0,1,Hardware: Independent Flip,10103.3177,NA,16.67020000000000,15.95320000000000,1.61090000000000,7.38910000000000,7.5730,NA,10089.0719,15.8567,14.2458,1.6109,15.0650,6.5699,6.4860,0.0839,0.9338,10089.0719,NA,NA
gamemd.exe,18224,0x42C3CE0,D3D9,0,0,1,Hardware: Independent Flip,10119.4935,NA,16.17580000000000,16.64480000000000,2.32650000000000,7.89750000000000,8.0420,NA,10104.9286,16.8914,14.5649,2.3265,16.1013,6.3611,6.2725,0.0886,-0.7881,10104.9286,NA,NA
gamemd.exe,18224,0x42C3CE0,D3D9,0,0,1,Hardware: Independent Flip,10136.5956,NA,17.10210000000000,16.01280000000000,1.31530000000000,6.79350000000000,6.9527,NA,10121.8200,16.0909,14.7756,1.3153,15.3418,6.2273,6.1495,0.0778,0.8786,10121.8200,NA,NA
gamemd.exe,18224,0x42C3CE0,D3D9,0,0,1,Hardware: Independent Flip,10152.5256,NA,15.93000000000000,17.24420000000000,2.34460000000000,8.05550000000000,8.2669,NA,10137.9109,16.9593,14.6147,2.3446,16.1790,6.4912,6.4092,0.0820,-1.1533,10137.9109,NA,NA
gamemd.exe,18224,0x42C3CE0,D3D9,0,0,1,Hardware: Independent Flip,10168.8165,NA,16.29090000000000,17.25720000000000,2.69940000000000,9.01560000000000,9.2332,NA,10154.8702,16.6457,13.9463,2.6994,14.9711,7.9908,7.0106,0.9802,-0.2979,10154.8702,NA,NA
gamemd.exe,18224,0x42C3CE0,D3D9,0,0,1,Hardware: Independent Flip,10185.4555,NA,16.63900000000000,16.17440000000000,4.04950000000000,8.54620000000000,8.7686,NA,10171.5159,17.9891,13.9396,4.0495,14.7996,7.6862,6.9282,0.7580,0.4713,10171.5159,NA,NA
gamemd.exe,18224,0x42C3CE0,D3D9,0,0,1,Hardware: Independent Flip,10202.3886,NA,16.93310000000000,16.85420000000000,3.39030000000000,8.46740000000000,8.6897,NA,10189.5050,16.2739,12.8836,3.3903,14.4795,6.8715,6.3586,0.5129,1.1349,10189.5050,NA,NA
gamemd.exe,18224,0x42C3CE0,D3D9,0,0,1,Hardware: Independent Flip,10219.6362,NA,17.24760000000000,17.05470000000000,2.69580000000000,8.29330000000000,8.4968,NA,10205.7789,16.5531,13.8573,2.6958,15.6850,6.4656,6.3626,0.1030,-0.7808,10205.7789,NA,NA
gamemd.exe,18224,0x42C3CE0,D3D9,0,0,1,Hardware: Independent Flip,10235.9798,NA,16.34360000000000,16.14590000000000,2.44860000000000,8.13860000000000,8.2991,NA,10222.3320,16.0964,13.6478,2.4486,15.3198,6.4666,6.3501,0.1165,0.4072,10222.3320,NA,NA
gamemd.exe,18224,0x42C3CE0,D3D9,0,0,1,Hardware: Independent Flip,10252.8013,NA,16.82150000000000,16.09590000000000,2.32860000000000,7.38450000000000,7.5735,NA,10238.4284,16.7015,14.3729,2.3286,14.9821,6.7753,6.2599,0.5154,0.0005,10238.4284,NA,NA
gamemd.exe,18224,0x42C3CE0,D3D9,0,0,1,Hardware: Independent Flip,10269.7291,NA,16.92780000000000,17.63400000000000,2.35090000000000,8.09160000000000,8.2797,NA,10255.1299,16.9501,14.5992,2.3509,16.0616,6.6292,6.5118,0.1174,-0.9325,10255.1299,NA,NA
gamemd.exe,18224,0x42C3CE0,D3D9,0,0,1,Hardware: Independent Flip,10286.3402,NA,16.61110000000000,16.53270000000000,2.42980000000000,7.99870000000000,8.2013,NA,10272.0800,16.6900,14.2602,2.4298,15.8355,6.4234,6.3156,0.1078,0.4174,10272.0800,NA,NA
gamemd.exe,18224,0x42C3CE0,D3D9,0,0,1,Hardware: Independent Flip,10303.3573,NA,17.01710000000000,17.24690000000000,2.58410000000000,8.26920000000000,8.4311,NA,10288.7700,17.1714,14.5873,2.5841,16.2915,6.5650,6.4658,0.0992,-0.5569,10288.7700,NA,NA
gamemd.exe,18224,0x42C3CE0,D3D9,0,0,1,Hardware: Independent Flip,10319.4677,NA,16.11040000000000,15.47260000000000,2.45800000000000,7.57900000000000,7.7933,NA,10305.9414,15.9843,13.5263,2.4580,14.3673,6.7380,6.6483,0.0897,1.6988,10305.9414,NA,NA
gamemd.exe,18224,0x42C3CE0,D3D9,0,0,1,Hardware: Independent Flip,10335.9735,NA,16.50580000000000,17.57300000000000,3.40520000000000,8.63380000000000,8.8605,NA,10321.9257,17.4530,14.0478,3.4052,15.7937,6.8879,6.3660,0.5219,-1.5887,10321.9257,NA,NA
gamemd.exe,18224,0x42C3CE0,D3D9,0,0,1,Hardware: Independent Flip,10352.3162,NA,16.34270000000000,14.91620000000000,1.42840000000000,7.22470000000000,7.4340,NA,10339.3787,14.3659,12.9375,1.4284,13.4980,6.6642,6.5528,0.1114,2.5368,10339.3787,NA,NA
gamemd.exe,18224,0x42C3CE0,D3D9,0,0,1,Hardware: Independent Flip,10368.8370,NA,16.52080000000000,17.37150000000000,1.27180000000000,8.06800000000000,8.2847,NA,10353.7446,16.3642,15.0924,1.2718,15.6960,7.4644,6.8589,0.6055,-3.0056,10353.7446,NA,NA
gamemd.exe,18224,0x42C3CE0,D3D9,0,0,1,Hardware: Independent Flip,10385.1187,NA,16.28170000000000,15.06990000000000,1.08510000000000,6.85380000000000,7.0729,NA,10370.1088,16.0950,15.0099,1.0851,15.4583,6.4054,6.3129,0.0925,1.2943,10370.1088,NA,NA
gamemd.exe,18224,0x42C3CE0,D3D9,0,0,1,Hardware: Independent Flip,10402.7785,NA,17.65980000000000,19.35190000000000,3.54140000000000,8.39620000000000,8.7650,NA,10386.2038,20.1161,16.5747,3.5414,18.3383,6.6326,6.2199,0.4127,-3.2569,10386.2038,NA,NA
gamemd.exe,18224,0x42C3CE0,D3D9,0,0,1,Hardware: Independent Flip,10420.7222,NA,17.94370000000000,16.77150000000000,1.84230000000000,7.39700000000000,7.5928,NA,10406.3199,16.2446,14.4023,1.8423,15.4511,6.3482,6.2437,0.1045,3.3446,10406.3199,NA,NA
gamemd.exe,18224,0x42C3CE0,D3D9,0,0,1,Hardware: Independent Flip,10436.1996,NA,15.47740000000000,15.97010000000000,2.31190000000000,7.90900000000000,8.0855,NA,10422.5645,15.9470,13.6351,2.3119,15.1303,6.4138,6.3121,0.1017,0.2745,10422.5645,NA,NA
gamemd.exe,18224,0x42C3CE0,D3D9,0,0,1,Hardware: Independent Flip,10453.8755,NA,17.67590000000000,16.95280000000000,1.53690000000000,7.16420000000000,7.3624,NA,10438.5115,16.9009,15.3640,1.5369,16.1130,6.4152,6.3205,0.0947,-1.0058,10438.5115,NA,NA
gamemd.exe,18224,0x42C3CE0,D3D9,0,0,1,Hardware: Independent Flip,10469.2767,NA,15.40120000000000,16.23890000000000,2.48230000000000,8.00240000000000,8.2001,NA,10455.4124,16.3466,13.8643,2.4823,15.5046,6.3621,6.2450,0.1171,0.6620,10455.4124,NA,NA
gamemd.exe,18224,0x42C3CE0,D3D9,0,0,1,Hardware: Independent Flip,10486.7144,NA,17.43770000000000,16.52820000000000,1.39300000000000,7.10140000000000,7.2906,NA,10471.7590,16.3484,14.9554,1.3930,15.5421,6.5147,6.4141,0.1006,-0.1816,10471.7590,33.6753,33.6753
gamemd.exe,18224,0x42C3CE0,D3D9,0,0,1,Hardware: Independent Flip,10502.1554,NA,15.44100000000000,16.91400000000000,1.08920000000000,8.55490000000000,8.7636,NA,10488.1074,15.1372,14.0480,1.0892,14.5596,8.0433,7.1414,0.9019,-0.5656,10488.1074,NA,NA
gamemd.exe,18224,0x42C3CE0,D3D9,0,0,1,Hardware: Independent Flip,10518.7743,NA,16.61890000000000,15.29130000000000,1.46480000000000,7.24080000000000,7.4360,NA,10503.2446,16.9945,15.5297,1.4648,16.1650,6.6055,6.5068,0.0987,-0.1541,10503.2446,NA,NA
gamemd.exe,18224,0x42C3CE0,D3D9,0,0,1,Hardware: Independent Flip,10535.3511,NA,16.57680000000000,17.53440000000000,2.87840000000000,8.18540000000000,8.3936,NA,10520.2391,17.9904,15.1120,2.8784,15.7818,7.5156,6.9074,0.6082,-0.5399,10520.2391,NA,NA
gamemd.exe,18224,0x42C3CE0,D3D9,0,0,1,Hardware: Independent Flip,10553.1651,NA,17.81400000000000,17.34750000000000,2.45420000000000,7.61690000000000,7.9271,NA,10538.2295,17.3898,14.9356,2.4542,15.6374,6.9151,6.4684,0.4467,0.6429,10538.2295,NA,NA
gamemd.exe,18224,0x42C3CE0,D3D9,0,0,1,Hardware: Independent Flip,10570.3392,NA,17.17410000000000,16.74400000000000,1.64500000000000,7.28450000000000,7.4970,NA,10555.6193,16.3649,14.7199,1.6450,15.6166,6.3878,6.2795,0.1083,0.6458,10555.6193,29.5674,29.5674
gamemd.exe,18224,0x42C3CE0,D3D9,0,0,1,Hardware: Independent Flip,10587.1690,NA,16.82980000000000,17.14960000000000,2.18470000000000,7.63450000000000,7.8168,NA,10571.9842,17.3695,15.1848,2.1847,16.4575,6.3618,6.2776,0.0842,-0.7847,10571.9842,NA,NA
gamemd.exe,18224,0x42C3CE0,D3D9,0,0,1,Hardware: Independent Flip,10603.7113,NA,16.54230000000000,16.20130000000000,1.61400000000000,7.30340000000000,7.4758,NA,10589.3537,15.9716,14.3576,1.6140,15.2646,6.3964,6.3091,0.0873,1.1682,10589.3537,22.8868,NA
gamemd.exe,18224,0x42C3CE0,D3D9,0,0,1,Hardware: Independent Flip,10619.4587,NA,15.74740000000000,16.43060000000000,2.24460000000000,7.95030000000000,8.1590,NA,10605.3253,16.3780,14.1334,2.2446,15.6012,6.4825,6.4105,0.0720,-0.4590,10605.3253,15.3682,NA
gamemd.exe,18224,0x42C3CE0,D3D9,0,0,1,Hardware: Independent Flip,10636.5018,NA,17.04310000000000,16.85590000000000,2.35670000000000,7.75810000000000,7.9718,NA,10621.7033,17.1552,14.7985,2.3567,15.8827,6.6739,6.5804,0.0935,-0.4779,10621.7033,NA,NA
gamemd.exe,18224,0x42C3CE0,D3D9,0,0,1,Hardware: Independent Flip,10653.1544,NA,16.65260000000000,16.87150000000000,2.30600000000000,8.02020000000000,8.1907,NA,10638.8585,16.6019,14.2959,2.3060,15.8478,6.4683,6.3793,0.0890,0.2837,10638.8585,8.9913,NA
gamemd.exe,18224,0x42C3CE0,D3D9,0,0,1,Hardware: Independent Flip,10669.6645,NA,16.51010000000000,16.58430000000000,2.47510000000000,8.06430000000000,8.2649,NA,10655.4604,16.6792,14.2041,2.4751,15.7625,6.5059,6.4049,0.1010,0.0176,10655.4604,9.0142,NA
gamemd.exe,18224,0x42C3CE0,D3D9,0,0,1,Hardware: Independent Flip,10685.9521,NA,16.28760000000000,16.60190000000000,3.30830000000000,8.29180000000000,8.5792,NA,10672.1396,17.1208,13.8125,3.3083,15.2615,6.8428,6.3642,0.4786,0.0773,10672.1396,18.2621,NA
gamemd.exe,18224,0x42C3CE0,D3D9,0,0,1,Hardware: Independent Flip,10702.3128,NA,16.36070000000000,15.15020000000000,1.62210000000000,7.19660000000000,7.3687,NA,10689.2604,14.6745,13.0524,1.6221,13.7093,6.5397,6.4498,0.0899,1.9706,10689.2604,17.3877,NA
gamemd.exe,18224,0x42C3CE0,D3D9,0,0,1,Hardware: Independent Flip,10718.5939,NA,16.28110000000000,16.04200000000000,1.07330000000000,6.95720000000000,7.1296,NA,10703.9349,15.7323,14.6590,1.0733,15.1371,6.4791,6.3869,0.0922,-1.3675,10703.9349,17.4550,NA
gamemd.exe,18224,0x42C3CE0,D3D9,0,0,1,Hardware: Independent Flip,10735.6930,NA,17.09910000000000,17.30540000000000,1.31020000000000,7.13790000000000,7.3359,NA,10719.6672,17.3360,16.0258,1.3102,16.6357,6.5280,6.4365,0.0915,-1.5731,10719.6672,10.7284,NA
gamemd.exe,18224,0x42C3CE0,D3D9,0,0,1,Hardware: Independent Flip,10751.9806,NA,16.28760000000000,17.48710000000000,1.15980000000000,8.27490000000000,8.5354,NA,10737.0032,16.1372,14.9774,1.1598,15.5138,7.7385,6.4115,1.3270,-0.1511,10737.0032,20.2518,NA
gamemd.exe,18224,0x42C3CE0,D3D9,0,0,1,Hardware: Independent Flip,10768.6016,NA,16.62100000000000,16.04080000000000,1.63130000000000,7.71220000000000,7.9552,NA,10753.1404,17.0925,15.4612,1.6313,16.0294,7.1440,6.7198,0.4242,0.0964,10753.1404,20.2623,NA
gamemd.exe,18224,0x42C3CE0,D3D9,0,0,1,Hardware: Independent Flip,10785.6746,NA,17.07300000000000,17.78710000000000,2.86340000000000,8.46020000000000,8.6693,NA,10770.2329,18.3051,15.4417,2.8634,16.3802,7.5217,6.6938,0.8279,-0.6946,10770.2329,22.0408,NA
gamemd.exe,18224,0x42C3CE0,D3D9,0,0,1,Hardware: Independent Flip,10802.6303,NA,16.95570000000000,17.20500000000000,3.03690000000000,8.58260000000000,8.9186,NA,10788.5380,17.1292,14.0923,3.0369,15.8667,6.8082,6.4621,0.3461,1.1001,10788.5380,15.2968,NA
gamemd.exe,18224,0x42C3CE0,D3D9,0,0,1,Hardware: Independent Flip,10819.3975,NA,16.76720000000000,16.89960000000000,2.73990000000000,8.81040000000000,9.0510,NA,10805.6672,16.4702,13.7303,2.7399,15.7868,6.7539,6.3210,0.4329,0.2296,10805.6672,24.1345,NA
gamemd.exe,18224,0x42C3CE0,D3D9,0,0,1,Hardware: Independent Flip,10835.3487,NA,15.95120000000000,15.73710000000000,2.76980000000000,8.61690000000000,8.8369,NA,10822.1374,15.9811,13.2113,2.7698,14.1909,7.6373,6.9841,0.6532,0.7331,10822.1374,23.4079,NA
gamemd.exe,18224,0x42C3CE0,D3D9,0,0,1,Hardware: Independent Flip,10852.7651,NA,17.41640000000000,17.68660000000000,2.55670000000000,8.88550000000000,9.1071,NA,10838.1185,17.2033,14.6466,2.5567,16.3429,7.1892,6.5655,0.6237,-1.7055,10838.1185,25.3901,NA
gamemd.exe,18224,0x42C3CE0,D3D9,0,0,1,Hardware: Independent Flip,10870.1450,NA,17.37990000000000,16.33660000000000,3.01230000000000,7.83330000000000,8.0638,NA,10855.3218,17.8355,14.8232,3.0123,15.7671,6.8894,6.4965,0.3929,0.8667,10855.3218,25.9158,NA
gamemd.exe,18224,0x42C3CE0,D3D9,0,0,1,Hardware: Independent Flip,10886.2244,NA,16.07940000000000,16.12210000000000,2.26820000000000,7.89590000000000,8.1065,NA,10873.1573,15.3353,13.0671,2.2682,14.3279,6.6351,6.4794,0.1557,1.7134,10873.1573,26.0678,NA
gamemd.exe,18224,0x42C3CE0,D3D9,0,0,1,Hardware: Independent Flip,10903.5953,NA,17.37090000000000,17.06750000000000,2.43010000000000,7.58780000000000,7.8031,NA,10888.4926,17.5328,15.1027,2.4301,15.7923,6.8982,6.4534,0.4448,-1.7322,10888.4926,27.0893,NA
gamemd.exe,18224,0x42C3CE0,D3D9,0,0,1,Hardware: Independent Flip,10919.8655,NA,16.27020000000000,16.75480000000000,2.28830000000000,8.10510000000000,8.2877,NA,10906.0254,16.1284,13.8401,2.2883,15.2841,6.6611,6.5321,0.1290,0.7780,10906.0254,27.8473,NA
gamemd.exe,18224,0x42C3CE0,D3D9,0,0,1,Hardware: Independent Flip,10935.8465,NA,15.98100000000000,15.87830000000000,2.35950000000000,7.93180000000000,8.1850,NA,10922.1538,16.0522,13.6927,2.3595,14.9615,6.6630,6.5526,0.1104,0.2501,10922.1538,27.7494,NA
gamemd.exe,18224,0x42C3CE0,D3D9,0,0,1,Hardware: Independent Flip,10953.1796,NA,17.33310000000000,17.26850000000000,2.39210000000000,7.95390000000000,8.1204,NA,10938.2060,17.3657,14.9736,2.3921,16.5633,6.3642,6.2723,0.0919,-1.2163,10938.2060,21.0336,NA
gamemd.exe,18224,0x42C3CE0,D3D9,0,0,1,Hardware: Independent Flip,10969.5504,NA,16.37080000000000,16.21260000000000,2.07330000000000,7.80660000000000,7.9622,NA,10955.5717,16.0520,13.9787,2.0733,15.3592,6.4261,6.3002,0.1259,1.1531,10955.5717,21.2584,NA
gamemd.exe,18224,0x42C3CE0,D3D9,0,0,1,Hardware: Independent Flip,10985.6641,NA,16.11370000000000,16.34780000000000,2.42860000000000,8.00950000000000,8.1963,NA,10971.6237,16.4690,14.0404,2.4286,15.5791,6.4708,6.3836,0.0872,-0.2958,10971.6237,29.5929,NA
gamemd.exe,18224,0x42C3CE0,D3D9,0,0,1,Hardware: Independent Flip,11003.5416,NA,17.87750000000000,17.43270000000000,2.41080000000000,7.54380000000000,7.7515,NA,10988.0927,17.8597,15.4489,2.4108,15.8524,7.1403,6.6793,0.4610,-0.9637,10988.0927,23.0218,NA
gamemd.exe,18224,0x42C3CE0,D3D9,0,0,1,Hardware: Independent Flip,11019.6559,NA,16.11430000000000,16.93100000000000,2.52020000000000,8.37110000000000,8.5682,NA,11005.9524,16.2237,13.7035,2.5202,15.3391,6.7355,6.5476,0.1879,0.9287,11005.9524,23.7120,NA
gamemd.exe,18224,0x42C3CE0,D3D9,0,0,1,Hardware: Independent Flip,11035.7541,NA,16.09820000000000,15.64590000000000,2.42420000000000,7.91530000000000,8.1159,NA,11022.1761,16.0022,13.5780,2.4242,14.8279,6.6654,6.5745,0.0909,0.5778,11022.1761,15.6057,NA
gamemd.exe,18224,0x42C3CE0,D3D9,0,0,1,Hardware: Independent Flip,11052.5465,NA,16.79240000000000,17.15560000000000,2.23980000000000,8.27490000000000,8.4791,NA,11038.1783,16.6080,14.3682,2.2398,15.8157,6.8274,6.7274,0.1000,-1.1534,11038.1783,NA,NA
gamemd.exe,18224,0x42C3CE0,D3D9,0,0,1,Hardware: Independent Flip,11069.4125,NA,16.86600000000000,16.33690000000000,2.33410000000000,7.70320000000000,7.9500,NA,11054.7863,16.9603,14.6262,2.3341,15.2918,7.0376,6.7195,0.3181,0.2711,11054.7863,8.7072,NA
gamemd.exe,18224,0x42C3CE0,D3D9,0,0,1,Hardware: Independent Flip,11085.8025,NA,16.39000000000000,17.51480000000000,2.74630000000000,8.79880000000000,9.0748,NA,11071.7466,16.8022,14.0559,2.7463,15.9936,6.8611,6.3686,0.4925,-0.5545,11071.7466,18.5076,NA
gamemd.exe,18224,0x42C3CE0,D3D9,0,0,1,Hardware: Independent Flip,11103.1095,NA,17.30700000000000,16.59950000000000,2.51870000000000,8.14190000000000,8.3673,NA,11088.5488,17.0794,14.5607,2.5187,16.1952,6.5074,6.3844,0.1230,0.2027,11088.5488,19.1877,NA
gamemd.exe,18224,0x42C3CE0,D3D9,0,0,1,Hardware: Independent Flip,11119.5480,NA,16.43850000000000,16.60730000000000,3.36650000000000,8.17810000000000,8.5361,NA,11105.6282,17.2863,13.9198,3.3665,15.4572,6.6407,6.2490,0.3917,0.4721,11105.6282,19.8075,NA
gamemd.exe,18224,0x42C3CE0,D3D9,0,0,1,Hardware: Independent Flip,11136.1802,NA,16.63220000000000,16.33450000000000,2.41320000000000,8.04180000000000,8.2384,NA,11122.9145,15.6789,13.2657,2.4132,14.7221,6.5854,6.4942,0.0912,0.9518,11122.9145,20.1613,NA
gamemd.exe,18224,0x42C3CE0,D3D9,0,0,1,Hardware: Independent Flip,11152.9833,NA,16.80310000000000,16.60490000000000,2.33650000000000,7.85380000000000,8.0402,NA,11138.5934,16.7264,14.3899,2.3365,15.8185,6.4252,6.3146,0.1106,-0.9260,11138.5934,20.6613,NA
gamemd.exe,18224,0x42C3CE0,D3D9,0,0,1,Hardware: Independent Flip,11169.9773,NA,16.99400000000000,16.91110000000000,2.18360000000000,7.78200000000000,7.9573,NA,11155.3198,16.8411,14.6575,2.1836,15.9706,6.4689,6.3582,0.1107,-0.1847,11155.3198,21.6660,NA
gamemd.exe,18224,0x42C3CE0,D3D9,0,0,1,Hardware: Independent Flip,11186.4998,NA,16.52250000000000,16.23020000000000,2.37850000000000,7.43530000000000,7.6650,NA,11172.1609,16.7174,14.3389,2.3785,14.9122,6.8620,6.3674,0.4946,0.6109,11172.1609,21.8958,NA
gamemd.exe,18224,0x42C3CE0,D3D9,0,0,1,Hardware: Independent Flip,11202.6321,NA,16.13230000000000,16.45880000000000,2.30730000000000,7.83510000000000,7.9915,NA,11188.8783,16.0611,13.7538,2.3073,15.1791,6.4098,6.3069,0.1029,0.2586,11188.8783,30.3607,NA
gamemd.exe,18224,0x42C3CE0,D3D9,0,0,1,Hardware: Independent Flip,11219.5003,NA,16.86820000000000,16.94810000000000,2.26480000000000,7.91150000000000,8.0714,NA,11204.9394,16.8257,14.5609,2.2648,15.9127,6.5597,6.4275,0.1322,-0.8870,11204.9394,23.2869,23.2869
gamemd.exe,18224,0x42C3CE0,D3D9,0,0,1,Hardware: Independent Flip,11235.8898,NA,16.38950000000000,16.40940000000000,2.25800000000000,7.91990000000000,8.0913,NA,11221.7651,16.3827,14.1247,2.2580,15.5902,6.4544,6.3523,0.1021,0.4163,11221.7651,NA,NA
gamemd.exe,18224,0x42C3CE0,D3D9,0,0,1,Hardware: Independent Flip,11252.8149,NA,16.92510000000000,16.98680000000000,2.40350000000000,7.95600000000000,8.1530,NA,11238.1478,17.0706,14.6671,2.4035,16.2014,6.4217,6.3086,0.1131,-0.6041,11238.1478,NA,NA
gamemd.exe,18224,0x42C3CE0,D3D9,0,0,1,Hardware: Independent Flip,11269.1803,NA,16.36540000000000,17.35450000000000,3.57690000000000,8.90880000000000,9.1421,NA,11255.2184,17.5388,13.9619,3.5769,15.7563,7.1144,6.5226,0.5918,-0.2839,11255.2184,NA,NA
gamemd.exe,18224,0x42C3CE0,D3D9,0,0,1,Hardware: Independent Flip,11286.6989,NA,17.51860000000000,16.33610000000000,2.20550000000000,7.77410000000000,7.9596,NA,11272.7572,16.1472,13.9417,2.2055,15.2162,6.4996,6.3864,0.1132,1.2027,11272.7572,NA,NA
gamemd.exe,18224,0x42C3CE0,D3D9,0,0,1,Hardware: Independent Flip,11302.4417,NA,15.74280000000000,16.24350000000000,2.53340000000000,8.25450000000000,8.4603,NA,11288.9044,16.0707,13.5373,2.5334,15.3101,6.4817,6.3913,0.0904,-0.0963,11288.9044,34.4761,34.4761
gamemd.exe,18224,0x42C3CE0,D3D9,0,0,1,Hardware: Independent Flip,11319.7236,NA,17.28190000000000,17.05900000000000,2.41520000000000,8.04750000000000,8.2374,NA,11304.9751,17.1637,14.7485,2.4152,16.2472,6.5488,6.4587,0.0901,-0.9883,11304.9751,NA,NA
gamemd.exe,18224,0x42C3CE0,D3D9,0,0,1,Hardware: Independent Flip,11335.9271,NA,16.20350000000000,16.00610000000000,2.15570000000000,7.83880000000000,8.0400,NA,11322.1388,15.9440,13.7883,2.1557,15.1854,6.4417,6.3491,0.0926,1.1576,11322.1388,NA,NA
gamemd.exe,18224,0x42C3CE0,D3D9,0,0,1,Hardware: Independent Flip,11352.9985,NA,17.07140000000000,17.41590000000000,2.33580000000000,8.14610000000000,8.3845,NA,11338.0828,17.2515,14.9157,2.3358,16.3113,6.7505,6.5872,0.1633,-1.4719,11338.0828,NA,NA
gamemd.exe,18224,0x42C3CE0,D3D9,0,0,1,Hardware: Independent Flip,11368.8204,NA,15.82190000000000,16.64710000000000,2.52890000000000,9.01020000000000,9.2097,NA,11355.3343,16.0150,13.4861,2.5289,15.2439,7.2524,6.3666,0.8858,0.6044,11355.3343,NA,NA
gamemd.exe,18224,0x42C3CE0,D3D9,0,0,1,Hardware: Independent Flip,11386.7717,NA,17.95130000000000,17.23300000000000,2.65390000000000,8.27040000000000,8.4914,NA,11371.3493,18.0763,15.4224,2.6539,17.1569,6.5359,6.4229,0.1130,-1.2180,11371.3493,14.9068,NA
gamemd.exe,18224,0x42C3CE0,D3D9,0,0,1,Hardware: Independent Flip,11403.1938,NA,16.42210000000000,15.81600000000000,2.19080000000000,7.70030000000000,7.8853,NA,11389.4256,15.9590,13.7682,2.1908,14.7694,6.6991,6.5867,0.1124,2.2603,11389.4256,22.7514,NA
gamemd.exe,18224,0x42C3CE0,D3D9,0,0,1,Hardware: Independent Flip,11419.3855,NA,16.19170000000000,16.21180000000000,2.31600000000000,7.74940000000000,7.9054,NA,11405.3846,16.3169,14.0009,2.3160,15.4247,6.3256,6.2138,0.1118,-0.2528,11405.3846,22.7856,NA
gamemd.exe,18224,0x42C3CE0,D3D9,0,0,1,Hardware: Independent Flip,11436.8580,NA,17.47250000000000,16.91020000000000,1.61000000000000,7.20260000000000,7.3431,NA,11421.7015,16.7665,15.1565,1.6100,15.9501,6.4090,6.2849,0.1241,-0.5933,11421.7015,15.9547,NA
gamemd.exe,18224,0x42C3CE0,D3D9,0,0,1,Hardware: Independent Flip,11453.4579,NA,16.59990000000000,16.31320000000000,1.42070000000000,6.86420000000000,7.0564,NA,11438.4680,16.4106,14.9899,1.4207,15.6074,6.2467,6.1485,0.0982,0.4533,11438.4680,16.2543,NA
gamemd.exe,18224,0x42C3CE0,D3D9,0,0,1,Hardware: Independent Flip,11469.2852,NA,15.82730000000000,17.19890000000000,2.33930000000000,8.22680000000000,8.4280,NA,11454.8786,16.7459,14.4066,2.3393,15.9952,6.6382,6.5283,0.1099,-0.7883,11454.8786,17.4082,NA
gamemd.exe,18224,0x42C3CE0,D3D9,0,0,1,Hardware: Independent Flip,11486.3633,NA,17.07810000000000,16.29150000000000,2.31010000000000,7.45120000000000,7.6414,NA,11471.6245,17.0489,14.7388,2.3101,15.4745,6.7155,6.6280,0.0875,0.4544,11471.6245,17.6520,NA
gamemd.exe,18224,0x42C3CE0,D3D9,0,0,1,Hardware: Independent Flip,11503.3091,NA,16.94580000000000,17.26430000000000,2.69270000000000,7.74720000000000,7.9599,NA,11488.6734,17.3284,14.6357,2.6927,15.5181,6.8648,6.4395,0.4253,-0.2154,11488.6734,NA,NA
gamemd.exe,18224,0x42C3CE0,D3D9,0,0,1,Hardware: Independent Flip,11519.1129,NA,15.80380000000000,16.42370000000000,2.93030000000000,8.38310000000000,8.5798,NA,11506.0018,16.0414,13.1111,2.9303,14.1029,7.3913,6.6869,0.7044,0.9047,11506.0018,19.3757,NA
gamemd.exe,18224,0x42C3CE0,D3D9,0,0,1,Hardware: Independent Flip,11535.5086,NA,16.39570000000000,16.75800000000000,2.70450000000000,8.76040000000000,8.9421,NA,11522.0432,16.1699,13.4654,2.7045,15.0134,7.2124,6.5374,0.6750,-0.7166,11522.0432,20.1829,NA
gamemd.exe,18224,0x42C3CE0,D3D9,0,0,1,Hardware: Independent Flip,11552.9661,NA,17.45750000000000,16.60900000000000,2.30920000000000,7.92880000000000,8.0936,NA,11538.2131,17.0622,14.7530,2.3092,16.2663,6.4155,6.3216,0.0939,-0.4391,11538.2131,20.7414,NA
gamemd.exe,18224,0x42C3CE0,D3D9,0,0,1,Hardware: Independent Flip,11570.4270,NA,17.46090000000000,16.76380000000000,1.70120000000000,7.24710000000000,7.3965,NA,11555.2753,16.8529,15.1517,1.7012,16.0576,6.3412,6.2449,0.0963,0.2984,11555.2753,21.5439,29.5655
gamemd.exe,18224,0x42C3CE0,D3D9,0,0,1,Hardware: Independent Flip,11586.7246,NA,16.29760000000000,16.04960000000000,1.49930000000000,6.94410000000000,7.1485,NA,11572.1282,16.0957,14.5964,1.4993,15.2316,6.3089,6.1916,0.1173,0.8033,11572.1282,21.5762,NA
gamemd.exe,18224,0x42C3CE0,D3D9,0,0,1,Hardware: Independent Flip,11603.1390,NA,16.41440000000000,16.79930000000000,1.84790000000000,7.39510000000000,7.5334,NA,11588.2239,16.7630,14.9151,1.8479,16.0054,6.3048,6.2110,0.0938,-0.7036,11588.2239,NA,NA
gamemd.exe,18224,0x42C3CE0,D3D9,0,0,1,Hardware: Independent Flip,11619.2128,NA,16.07380000000000,16.47980000000000,2.22050000000000,7.76610000000000,7.9394,NA,11604.9869,16.4464,14.2259,2.2205,15.3622,6.6298,6.5290,0.1008,0.2832,11604.9869,NA,NA
gamemd.exe,18224,0x42C3CE0,D3D9,0,0,1,Hardware: Independent Flip,11636.0548,NA,16.84200000000000,17.31490000000000,2.31490000000000,8.17340000000000,8.4123,NA,11621.4333,16.9364,14.6215,2.3149,16.1969,6.5980,6.4594,0.1386,-0.8685,11621.4333,NA,NA
gamemd.exe,18224,0x42C3CE0,D3D9,0,0,1,Hardware: Independent Flip,11653.1071,NA,17.05230000000000,16.64080000000000,2.59230000000000,7.81020000000000,8.0008,NA,11638.3697,17.3297,14.7374,2.5923,15.7730,6.7746,6.6597,0.1149,0.2956,11638.3697,32.8541,32.8541
gamemd.exe,18224,0x42C3CE0,D3D9,0,0,1,Hardware: Independent Flip,11669.5307,NA,16.42360000000000,16.49070000000000,2.23770000000000,7.87770000000000,8.0679,NA,11655.6994,16.0690,13.8313,2.2377,15.3161,6.3929,6.2895,0.1034,0.8390,11655.6994,NA,NA
gamemd.exe,18224,0x42C3CE0,D3D9,0,0,1,Hardware: Independent Flip,11686.8199,NA,17.28920000000000,16.43050000000000,1.44080000000000,7.01400000000000,7.2092,NA,11671.7684,16.4923,15.0515,1.4408,15.7223,6.3432,6.2739,0.0693,-0.3615,11671.7684,NA,NA
gamemd.exe,18224,0x42C3CE0,D3D9,0,0,1,Hardware: Independent Flip,11702.5881,NA,15.76820000000000,16.70660000000000,2.19180000000000,7.95760000000000,8.1476,NA,11688.2607,16.5192,14.3274,2.1918,15.7761,6.5089,6.4238,0.0851,-0.2143,11688.2607,NA,NA
gamemd.exe,18224,0x42C3CE0,D3D9,0,0,1,Hardware: Independent Flip,11719.4108,NA,16.82270000000000,16.29570000000000,2.20550000000000,7.42920000000000,7.6206,NA,11704.7799,16.8364,14.6309,2.2055,15.3346,6.7255,6.6348,0.0907,0.2235,11704.7799,NA,NA
gamemd.exe,18224,0x42C3CE0,D3D9,0,0,1,Hardware: Independent Flip,11735.2241,NA,15.81330000000000,15.39410000000000,0.97380000000000,6.96730000000000,7.2014,NA,11721.6163,14.5816,13.6078,0.9738,14.0600,6.5151,6.4003,0.1148,1.4423,11721.6163,NA,NA
gamemd.exe,18224,0x42C3CE0,D3D9,0,0,1,Hardware: Independent Flip,11751.9910,NA,16.76690000000000,17.61920000000000,1.44870000000000,7.80380000000000,8.0537,NA,11736.1979,17.2418,15.7931,1.4487,16.6437,6.9532,6.8497,0.1035,-3.0376,11736.1979,27.7785,NA
gamemd.exe,18224,0x42C3CE0,D3D9,0,0,1,Hardware: Independent Flip,11768.7383,NA,16.74730000000000,17.06570000000000,1.12100000000000,8.13250000000000,8.3721,NA,11753.4397,16.4196,15.2986,1.1210,15.7954,7.6357,6.7140,0.9217,0.1761,11753.4397,28.7607,NA
gamemd.exe,18224,0x42C3CE0,D3D9,0,0,1,Hardware: Independent Flip,11785.4000,NA,16.66170000000000,16.10760000000000,2.81940000000000,7.60500000000000,7.8180,NA,11769.8593,18.3601,15.5407,2.8194,16.2620,6.8837,6.3940,0.4897,0.3120,11769.8593,20.2658,NA
gamemd.exe,18224,0x42C3CE0,D3D9,0,0,1,Hardware: Independent Flip,11802.1390,NA,16.73900000000000,18.04070000000000,2.85000000000000,8.88280000000000,9.1197,NA,11788.2194,16.7696,13.9196,2.8500,15.0636,7.7388,6.8924,0.8464,0.3194,11788.2194,NA,NA
gamemd.exe,18224,0x42C3CE0,D3D9,0,0,1,Hardware: Independent Flip,11818.8557,NA,16.71670000000000,15.86980000000000,1.33290000000000,8.07360000000000,8.2728,NA,11804.9890,15.1996,13.8667,1.3329,14.2967,7.6436,7.2118,0.4318,0.8998,11804.9890,38.8129,NA
gamemd.exe,18224,0x42C3CE0,D3D9,0,0,1,Hardware: Independent Flip,11835.3776,NA,16.52190000000000,16.22170000000000,2.93480000000000,7.71410000000000,7.9726,NA,11820.1886,18.1238,15.1890,2.9348,15.9524,6.9507,6.4823,0.4684,-1.0221,11820.1886,NA,NA
gamemd.exe,18224,0x42C3CE0,D3D9,0,0,1,Hardware: Independent Flip,11851.9714,NA,16.59380000000000,17.08940000000000,1.59700000000000,8.25270000000000,8.4682,NA,11838.3124,15.2560,13.6590,1.5970,14.5452,7.3665,6.6642,0.7023,1.0344,11838.3124,16.1393,NA
gamemd.exe,18224,0x42C3CE0,D3D9,0,0,1,Hardware: Independent Flip,11868.4928,NA,16.52140000000000,15.25600000000000,1.21760000000000,7.01980000000000,7.2028,NA,11853.5684,16.1420,14.9244,1.2176,15.5450,6.3992,6.3057,0.0935,0.0000,11853.5684,15.4232,15.4232
gamemd.exe,18224,0x42C3CE0,D3D9,0,0,1,Hardware: Independent Flip,11886.6898,NA,18.19700000000000,18.33920000000000,1.48410000000000,7.13800000000000,7.3450,NA,11869.7104,18.4635,16.9794,1.4841,17.6367,6.4807,6.3559,0.1248,-2.1972,11869.7104,9.5929,NA
gamemd.exe,18224,0x42C3CE0,D3D9,0,0,1,Hardware: Independent Flip,11901.9691,NA,15.27930000000000,16.98320000000000,2.78490000000000,8.86770000000000,9.0489,NA,11888.1739,16.5801,13.7952,2.7849,14.9774,7.6855,6.9622,0.7233,1.4803,11888.1739,18.7461,NA
gamemd.exe,18224,0x42C3CE0,D3D9,0,0,1,Hardware: Independent Flip,11919.4371,NA,17.46800000000000,16.36970000000000,2.23480000000000,7.75610000000000,7.9506,NA,11904.7540,16.9179,14.6831,2.2348,16.0731,6.3661,6.2633,0.1028,0.2104,11904.7540,19.1314,NA
gamemd.exe,18224,0x42C3CE0,D3D9,0,0,1,Hardware: Independent Flip,11936.8171,NA,17.38000000000000,16.97810000000000,1.75070000000000,7.36630000000000,7.5487,NA,11921.6719,16.8959,15.1452,1.7507,16.0523,6.4592,6.3688,0.0904,-0.0602,11921.6719,20.1110,NA
gamemd.exe,18224,0x42C3CE0,D3D9,0,0,1,Hardware: Independent Flip,11953.0245,NA,16.20740000000000,15.79200000000000,2.21320000000000,6.95690000000000,7.1333,NA,11938.5678,16.6699,14.4567,2.2132,15.1288,6.2848,6.2009,0.0839,1.1039,11938.5678,19.7585,NA
gamemd.exe,18224,0x42C3CE0,D3D9,0,0,1,Hardware: Independent Flip,11969.5584,NA,16.53390000000000,17.40120000000000,2.21120000000000,7.76620000000000,8.0006,NA,11955.2377,16.5319,14.3207,2.2112,15.6495,6.4374,6.3507,0.0867,-0.7313,11955.2377,21.3119,NA
gamemd.exe,18224,0x42C3CE0,D3D9,0,0,1,Hardware: Independent Flip,11985.8876,NA,16.32920000000000,16.42010000000000,3.27960000000000,7.88300000000000,8.0915,NA,11971.7696,17.3976,14.1180,3.2796,15.5018,6.4992,6.4149,0.0843,0.1118,11971.7696,NA,NA
gamemd.exe,18224,0x42C3CE0,D3D9,0,0,1,Hardware: Independent Flip,12002.5010,NA,16.61340000000000,17.42580000000000,3.26100000000000,8.68860000000000,8.9039,NA,11989.1672,16.5948,13.3338,3.2610,15.1968,6.8256,6.3861,0.4395,-0.0282,11989.1672,31.1250,31.1250
gamemd.exe,18224,0x42C3CE0,D3D9,0,0,1,Hardware: Independent Flip,12019.6245,NA,17.12350000000000,16.22350000000000,2.64900000000000,7.55260000000000,8.0039,NA,12005.7620,16.5115,13.8625,2.6490,14.6966,6.7185,6.3740,0.3445,0.3713,12005.7620,NA,NA
gamemd.exe,18224,0x42C3CE0,D3D9,0,0,1,Hardware: Independent Flip,12035.4874,NA,15.86290000000000,16.87530000000000,2.89210000000000,8.80700000000000,9.0163,NA,12022.2735,16.1060,13.2139,2.8921,14.6978,7.3231,6.8118,0.5113,-0.3638,12022.2735,NA,NA
gamemd.exe,18224,0x42C3CE0,D3D9,0,0,1,Hardware: Independent Flip,12051.8621,NA,16.37470000000000,20.03580000000000,1.59220000000000,11.63980000000000,12.6774,NA,12038.3795,15.0748,13.4826,1.5922,14.2803,10.8421,10.7117,0.1304,-3.9298,12038.3795,28.2443,NA
gamemd.exe,18224,0x42C3CE0,D3D9,0,0,1,Hardware: Independent Flip,12069.1303,NA,17.26820000000000,18.04040000000000,2.56930000000000,12.37340000000000,13.4496,NA,12053.4543,18.2453,15.6760,2.5693,17.2881,10.7613,10.6484,0.1129,-2.9656,12053.4543,30.3019,NA
gamemd.exe,18224,0x42C3CE0,D3D9,0,0,1,Hardware: Independent Flip,12085.3108,NA,16.18050000000000,15.28180000000000,2.90370000000000,11.62380000000000,12.5509,NA,12071.6996,16.5149,13.6112,2.9037,14.5703,10.6647,10.5573,0.1074,2.9635,12071.6996,NA,NA
gamemd.exe,18224,0x42C3CE0,D3D9,0,0,1,Hardware: Independent Flip,12102.3944,NA,17.08360000000000,18.01200000000000,3.10670000000000,12.17340000000000,13.4793,NA,12088.2145,17.2866,14.1799,3.1067,15.5814,10.7719,10.6327,0.1392,-1.4971,12088.2145,NA,NA
gamemd.exe,18224,0x42C3CE0,D3D9,0,0,1,Hardware: Independent Flip,12119.5164,NA,17.12200000000000,16.66170000000000,2.31080000000000,11.60170000000000,13.0190,NA,12105.5011,16.3261,14.0153,2.3108,14.7653,10.8517,10.7774,0.0743,0.6249,12105.5011,32.2667,NA
gamemd.exe,18224,0x42C3CE0,D3D9,0,0,1,Hardware: Independent Flip,12136.5333,NA,17.01690000000000,16.69490000000000,2.26590000000000,11.32370000000000,12.6970,NA,12121.8272,16.9720,14.7061,2.2659,15.3057,10.7241,10.6167,0.1074,-0.3688,12121.8272,32.9663,NA
gamemd.exe,18224,0x42C3CE0,D3D9,0,0,1,Hardware: Independent Flip,12152.9650,NA,16.43170000000000,17.32510000000000,2.36370000000000,12.17590000000000,13.5904,NA,12138.7992,16.5295,14.1658,2.3637,15.8034,10.5383,10.4647,0.0736,-0.3531,12138.7992,34.3020,NA
gamemd.exe,18224,0x42C3CE0,D3D9,0,0,1,Hardware: Independent Flip,12169.0157,NA,16.05070000000000,14.66540000000000,2.84520000000000,11.25970000000000,12.2051,NA,12155.3287,16.5322,13.6870,2.8452,14.3612,10.5855,10.4980,0.0875,1.8641,12155.3287,32.9283,NA
gamemd.exe,18224,0x42C3CE0,D3D9,0,0,1,Hardware: Independent Flip,12185.7646,NA,16.74890000000000,17.98830000000000,2.47180000000000,12.37790000000000,13.4445,NA,12171.8609,16.3755,13.9037,2.4718,15.6654,10.6162,10.5235,0.0927,-1.4561,12171.8609,26.9314,NA
gamemd.exe,18224,0x42C3CE0,D3D9,0,0,1,Hardware: Independent Flip,12202.3447,NA,16.58010000000000,16.66710000000000,3.76280000000000,12.64040000000000,13.5315,NA,12188.2364,17.8711,14.1083,3.7628,15.9045,10.8442,10.7002,0.1440,-0.2916,12188.2364,27.5850,NA
gamemd.exe,18224,0x42C3CE0,D3D9,0,0,1,Hardware: Independent Flip,12219.0572,NA,16.71250000000000,9.27560000000000,2.68720000000000,5.89950000000000,6.0946,NA,12206.1075,15.6369,12.9497,2.6872,13.8678,4.9814,4.8984,0.0830,8.5955,12206.1075,20.8465,NA
gamemd.exe,18224,0x42C3CE0,D3D9,0,0,1,Hardware: Independent Flip,12235.8956,NA,16.83840000000000,17.95450000000000,3.09410000000000,6.99400000000000,7.2107,NA,12221.7444,17.2453,14.1512,3.0941,16.0898,5.0554,4.4887,0.5667,-2.3176,12221.7444,14.7857,NA
gamemd.exe,18224,0x42C3CE0,D3D9,0,0,1,Hardware: Independent Flip,12253.6151,NA,17.71950000000000,15.69460000000000,2.61660000000000,5.00900000000000,5.1858,NA,12238.9897,17.2420,14.6254,2.6166,15.2675,4.3669,4.2750,0.0919,1.5507,12238.9897,14.5343,NA
gamemd.exe,18224,0x42C3CE0,D3D9,0,0,1,Hardware: Independent Flip,12270.0020,NA,16.38690000000000,17.14960000000000,1.79980000000000,5.74450000000000,5.9485,NA,12256.2317,15.5701,13.7703,1.7998,14.4611,5.0537,4.1722,0.8815,0.0924,12256.2317,7.5168,NA
gamemd.exe,18224,0x42C3CE0,D3D9,0,0,1,Hardware: Independent Flip,12286.4227,NA,16.42070000000000,16.03170000000000,2.75960000000000,5.37700000000000,5.5595,NA,12271.8018,17.3805,14.6209,2.7596,15.6605,4.3374,4.2631,0.0743,-0.4616,12271.8018,15.6350,NA
gamemd.exe,18224,0x42C3CE0,D3D9,0,0,1,Hardware: Independent Flip,12302.6426,NA,16.21990000000000,17.00540000000000,2.37060000000000,6.13480000000000,6.3450,NA,12289.1823,15.8309,13.4603,2.3706,14.9909,4.6042,4.0008,0.6034,0.3751,12289.1823,16.6379,NA
gamemd.exe,18224,0x42C3CE0,D3D9,0,0,1,Hardware: Independent Flip,12319.8388,NA,17.19620000000000,17.31580000000000,2.47270000000000,6.25170000000000,6.4646,NA,12305.0132,17.2983,14.8256,2.4727,16.0715,5.0058,4.2446,0.7612,-1.4849,12305.0132,17.9144,NA
gamemd.exe,18224,0x42C3CE0,D3D9,0,0,1,Hardware: Independent Flip,12335.8149,NA,15.97610000000000,16.38150000000000,2.27120000000000,6.57050000000000,6.8700,NA,12322.3115,15.7746,13.5034,2.2712,14.8348,5.2391,4.2845,0.9546,0.9168,12322.3115,10.4326,NA
gamemd.exe,18224,0x42C3CE0,D3D9,0,0,1,Hardware: Independent Flip,12352.1858,NA,16.37090000000000,15.75330000000000,2.39920000000000,6.04960000000000,6.2524,NA,12338.0861,16.4989,14.0997,2.3992,15.3849,4.7644,4.1578,0.6066,0.0213,12338.0861,18.1386,NA
gamemd.exe,18224,0x42C3CE0,D3D9,0,0,1,Hardware: Independent Flip,12369.9627,NA,17.77690000000000,17.70760000000000,2.55630000000000,5.99860000000000,6.1831,NA,12354.5850,17.9340,15.3777,2.5563,16.9027,4.4736,3.7663,0.7073,-1.2087,12354.5850,19.8431,NA
gamemd.exe,18224,0x42C3CE0,D3D9,0,0,1,Hardware: Independent Flip,12386.0364,NA,16.07370000000000,16.42530000000000,2.52070000000000,6.28240000000000,6.5347,NA,12372.5190,16.0381,13.5174,2.5207,15.1475,4.6523,3.8563,0.7960,1.5087,12372.5190,20.2943,NA
gamemd.exe,18224,0x42C3CE0,D3D9,0,0,1,Hardware: Independent Flip,12403.6990,NA,17.66260000000000,17.00080000000000,2.69110000000000,5.67690000000000,5.8729,NA,12388.5571,17.8330,15.1419,2.6911,15.9767,4.8421,4.0963,0.7458,-0.9627,12388.5571,21.3157,NA
gamemd.exe,18224,0x42C3CE0,D3D9,0,0,1,Hardware: Independent Flip,12419.7712,NA,16.07220000000000,16.42110000000000,2.44540000000000,6.02800000000000,6.2218,NA,12406.3901,15.8265,13.3811,2.4454,14.9427,4.4664,3.7909,0.6755,1.4119,12406.3901,21.7065,NA
gamemd.exe,18224,0x42C3CE0,D3D9,0,0,1,Hardware: Independent Flip,12436.1452,NA,16.37400000000000,16.64830000000000,2.41640000000000,6.26370000000000,6.4961,NA,12422.2166,16.3450,13.9286,2.4164,15.4555,4.7368,4.1154,0.6214,-0.8218,12422.2166,22.0021,NA
gamemd.exe,18224,0x42C3CE0,D3D9,0,0,1,Hardware: Independent Flip,12453.5728,NA,17.42760000000000,16.26140000000000,2.92050000000000,5.14920000000000,5.3299,NA,12438.5616,17.9317,15.0112,2.9205,15.9979,4.1625,4.0802,0.0823,0.0836,12438.5616,22.6156,NA
gamemd.exe,18224,0x42C3CE0,D3D9,0,0,1,Hardware: Independent Flip,12469.3592,NA,15.78640000000000,17.05430000000000,3.43780000000000,6.41380000000000,6.5978,NA,12456.4933,16.3037,12.8659,3.4378,14.6889,4.5908,4.4322,0.1586,0.8774,12456.4933,15.6802,NA
gamemd.exe,18224,0x42C3CE0,D3D9,0,0,1,Hardware: Independent Flip,12486.0918,NA,16.73260000000000,16.69140000000000,2.53660000000000,6.33550000000000,6.5566,NA,12472.7970,15.8314,13.2948,2.5366,15.0064,4.6239,4.4621,0.1618,-0.3877,12472.7970,24.3837,NA
gamemd.exe,18224,0x42C3CE0,D3D9,0,0,1,Hardware: Independent Flip,12502.3474,NA,16.25560000000000,16.63520000000000,3.67020000000000,6.72950000000000,6.9362,NA,12488.6284,17.3892,13.7190,3.6702,15.3981,5.0504,4.4490,0.6014,-0.8038,12488.6284,24.9970,NA
gamemd.exe,18224,0x42C3CE0,D3D9,0,0,1,Hardware: Independent Flip,12519.2547,NA,16.90730000000000,16.32370000000000,3.37750000000000,6.14610000000000,6.3526,NA,12506.0176,16.6146,13.2371,3.3775,14.7635,4.6197,4.2369,0.3828,1.0655,12506.0176,25.3412,NA
gamemd.exe,18224,0x42C3CE0,D3D9,0,0,1,Hardware: Independent Flip,12536.0202,NA,16.76550000000000,17.15100000000000,2.48950000000000,6.50850000000000,6.7381,NA,12522.6322,15.8775,13.3880,2.4895,15.0129,4.8836,4.2015,0.6821,-0.5364,12522.6322,26.5001,NA
gamemd.exe,18224,0x42C3CE0,D3D9,0,0,1,Hardware: Independent Flip,12553.4293,NA,17.40910000000000,17.02460000000000,2.24870000000000,6.15310000000000,6.3536,NA,12538.5097,17.1683,14.9196,2.2487,16.3158,4.7569,4.1220,0.6349,-1.1471,12538.5097,27.3945,NA
gamemd.exe,18224,0x42C3CE0,D3D9,0,0,1,Hardware: Independent Flip,12569.8226,NA,16.39330000000000,16.36300000000000,2.25920000000000,6.10270000000000,6.3233,NA,12555.6780,16.4038,14.1446,2.2592,15.6801,4.5672,3.9332,0.6340,0.8053,12555.6780,19.8820,NA
gamemd.exe,18224,0x42C3CE0,D3D9,0,0,1,Hardware: Independent Flip,12586.1138,NA,16.29120000000000,16.85940000000000,2.88480000000000,6.63920000000000,6.8915,NA,12572.0818,16.9168,14.0320,2.8848,15.6321,5.0391,4.0282,1.0109,-0.4556,12572.0818,20.6920,NA
gamemd.exe,18224,0x42C3CE0,D3D9,0,0,1,Hardware: Independent Flip,12603.1041,NA,16.99030000000000,16.94410000000000,2.41130000000000,6.63390000000000,6.8453,NA,12588.9986,16.5168,14.1055,2.4113,15.6263,5.1131,4.1844,0.9287,-0.0273,12588.9986,21.6556,NA
gamemd.exe,18224,0x42C3CE0,D3D9,0,0,1,Hardware: Independent Flip,12618.8206,NA,15.71650000000000,14.65820000000000,1.65640000000000,5.14330000000000,5.7870,NA,12605.5154,14.9616,13.3052,1.6564,14.0798,4.3687,4.2385,0.1302,1.8586,12605.5154,20.1125,NA
gamemd.exe,18224,0x42C3CE0,D3D9,0,0,1,Hardware: Independent Flip,12635.6593,NA,16.83870000000000,17.45250000000000,2.91610000000000,6.12180000000000,6.4008,NA,12620.4770,18.0984,15.1823,2.9161,16.1504,5.1537,4.5058,0.6479,-2.4909,12620.4770,NA,NA
gamemd.exe,18224,0x42C3CE0,D3D9,0,0,1,Hardware: Independent Flip,12652.6512,NA,16.99190000000000,17.13380000000000,3.51850000000000,6.33540000000000,6.5427,NA,12638.5754,17.5943,14.0758,3.5185,15.9546,4.4566,4.3493,0.1073,0.9646,12638.5754,NA,NA
gamemd.exe,18224,0x42C3CE0,D3D9,0,0,1,Hardware: Independent Flip,12670.0210,NA,17.36980000000000,17.08700000000000,2.20320000000000,6.04350000000000,6.2599,NA,12656.1697,16.0545,13.8513,2.2032,14.7675,5.1273,4.4454,0.6819,0.5073,12656.1697,NA,NA
gamemd.exe,18224,0x42C3CE0,D3D9,0,0,1,Hardware: Independent Flip,12686.6409,NA,16.61990000000000,15.41330000000000,2.14290000000000,4.87430000000000,5.0533,NA,12672.2242,16.5596,14.4167,2.1429,14.9241,4.3669,4.2567,0.1102,0.6412,12672.2242,NA,NA
gamemd.exe,18224,0x42C3CE0,D3D9,0,0,1,Hardware: Independent Flip,12702.7235,NA,16.08260000000000,17.36290000000000,2.46700000000000,6.12090000000000,6.3336,NA,12688.7838,16.4067,13.9397,2.4670,15.5844,4.4762,3.9623,0.5139,-0.8033,12688.7838,NA,NA
gamemd.exe,18224,0x42C3CE0,D3D9,0,0,1,Hardware: Independent Flip,12719.1618,NA,16.43830000000000,16.81350000000000,2.36860000000000,6.49360000000000,6.7088,NA,12705.1905,16.3399,13.9713,2.3686,15.5824,4.8825,3.9591,0.9234,-0.4068,12705.1905,NA,NA
gamemd.exe,18224,0x42C3CE0,D3D9,0,0,1,Hardware: Independent Flip,12736.0593,NA,16.89750000000000,16.98750000000000,2.31220000000000,6.53910000000000,6.7988,NA,12721.5304,16.8411,14.5289,2.3122,16.0110,5.0570,4.1710,0.8860,-0.6476,12721.5304,NA,NA
gamemd.exe,18224,0x42C3CE0,D3D9,0,0,1,Hardware: Independent Flip,12753.2097,NA,17.15040000000000,16.38140000000000,3.10720000000000,5.84390000000000,6.0298,NA,12738.3715,17.9454,14.8382,3.1072,16.0998,4.5823,4.1721,0.4102,0.4597,12738.3715,NA,NA
gamemd.exe,18224,0x42C3CE0,D3D9,0,0,1,Hardware: Independent Flip,12769.0053,NA,15.79560000000000,16.47840000000000,3.54410000000000,6.50040000000000,6.7126,NA,12756.3169,16.2325,12.6884,3.5441,14.3509,4.8379,4.4182,0.4197,1.4670,12756.3169,NA,NA
gamemd.exe,18224,0x42C3CE0,D3D9,0,0,1,Hardware: Independent Flip,12785.5397,NA,16.53440000000000,15.93130000000000,2.85480000000000,5.91920000000000,6.1095,NA,12772.5494,15.8451,12.9903,2.8548,13.9610,4.9485,4.4700,0.4785,0.3012,12772.5494,NA,NA
gamemd.exe,18224,0x42C3CE0,D3D9,0,0,1,Hardware: Independent Flip,12802.3758,NA,16.83610000000000,17.43580000000000,2.62320000000000,6.54160000000000,6.7092,NA,12788.3945,16.6045,13.9813,2.6232,15.9065,4.6164,4.3385,0.2779,-1.5907,12788.3945,28.8235,28.8235
gamemd.exe,18224,0x42C3CE0,D3D9,0,0,1,Hardware: Independent Flip,12819.1878,NA,16.81200000000000,17.04310000000000,2.99130000000000,6.73510000000000,6.9403,NA,12804.9990,17.1801,14.1888,2.9913,15.9406,4.9833,4.4433,0.5400,-0.4386,12804.9990,NA,NA
gamemd.exe,18224,0x42C3CE0,D3D9,0,0,1,Hardware: Independent Flip,12835.6915,NA,16.50370000000000,15.79390000000000,2.91120000000000,6.04550000000000,6.2305,NA,12822.1791,16.4236,13.5124,2.9112,14.4464,5.1115,4.5262,0.5853,1.3862,12822.1791,NA,NA
gamemd.exe,18224,0x42C3CE0,D3D9,0,0,1,Hardware: Independent Flip,12852.4579,NA,16.76640000000000,17.30460000000000,2.61470000000000,6.53790000000000,6.7687,NA,12838.6027,16.4699,13.8552,2.6147,15.4021,4.9910,4.5572,0.4338,-0.8810,12838.6027,NA,NA
gamemd.exe,18224,0x42C3CE0,D3D9,0,0,1,Hardware: Independent Flip,12870.1926,NA,17.73470000000000,17.62930000000000,2.44820000000000,6.40310000000000,6.6633,NA,12855.0726,17.5682,15.1200,2.4482,16.6476,4.8755,4.0384,0.8371,-1.1594,12855.0726,NA,NA
gamemd.exe,18224,0x42C3CE0,D3D9,0,0,1,Hardware: Independent Flip,12885.5992,NA,15.40660000000000,14.97620000000000,2.40390000000000,6.02830000000000,6.2329,NA,12872.6408,15.3623,12.9584,2.4039,14.3997,4.5870,3.9396,0.6474,2.5920,12872.6408,NA,NA
gamemd.exe,18224,0x42C3CE0,D3D9,0,0,1,Hardware: Independent Flip,12903.0591,NA,17.45990000000000,17.79790000000000,2.39920000000000,6.35580000000000,6.5709,NA,12888.0031,17.4552,15.0560,2.3992,16.6385,4.7733,4.0686,0.7047,-2.4356,12888.0031,33.3416,33.3416
gamemd.exe,18224,0x42C3CE0,D3D9,0,0,1,Hardware: Independent Flip,12919.2580,NA,16.19890000000000,15.85930000000000,2.38460000000000,5.99560000000000,6.2313,NA,12905.4583,16.1843,13.7997,2.3846,15.2262,4.5691,4.0223,0.5468,1.5959,12905.4583,NA,NA
gamemd.exe,18224,0x42C3CE0,D3D9,0,0,1,Hardware: Independent Flip,12936.8740,NA,17.61600000000000,18.11810000000000,2.92030000000000,6.53450000000000,6.7334,NA,12921.6426,18.1517,15.2314,2.9203,16.6631,5.1028,4.4410,0.6618,-1.9338,12921.6426,NA,NA
gamemd.exe,18224,0x42C3CE0,D3D9,0,0,1,Hardware: Independent Flip,12951.9390,NA,15.06500000000000,13.57160000000000,1.09020000000000,4.31290000000000,5.2400,NA,12939.7943,13.2349,12.1447,1.0902,12.6126,3.8450,3.7513,0.0937,4.5801,12939.7943,NA,NA
gamemd.exe,18224,0x42C3CE0,D3D9,0,0,1,Hardware: Independent Flip,12969.7626,NA,17.82360000000000,18.62390000000000,2.40840000000000,5.79180000000000,6.0403,NA,12953.0292,19.1418,16.7334,2.4084,17.3712,5.1540,4.5631,0.5909,-5.3890,12953.0292,NA,NA
gamemd.exe,18224,0x42C3CE0,D3D9,0,0,1,Hardware: Independent Flip,12985.3134,NA,15.55080000000000,15.33750000000000,1.30560000000000,4.33660000000000,5.8270,NA,12972.1710,14.4480,13.1424,1.3056,13.6619,3.8171,3.7379,0.0792,3.8043,12972.1710,NA,NA
gamemd.exe,18224,0x42C3CE0,D3D9,0,0,1,Hardware: Independent Flip,13002.1318,NA,16.81840000000000,17.92870000000000,2.77660000000000,6.71840000000000,6.9373,NA,12986.6190,18.2894,15.5128,2.7766,17.2920,4.9392,4.1582,0.7810,-3.4807,12986.6190,NA,NA
gamemd.exe,18224,0x42C3CE0,D3D9,0,0,1,Hardware: Independent Flip,13018.8636,NA,16.73180000000000,16.35670000000000,2.93040000000000,6.38070000000000,6.5622,NA,13004.9084,16.8856,13.9552,2.9304,14.6728,5.6631,5.1918,0.4713,1.9327,13004.9084,NA,NA
gamemd.exe,18224,0x42C3CE0,D3D9,0,0,1,Hardware: Independent Flip,13036.3791,NA,17.51550000000000,17.76940000000000,2.34720000000000,6.55430000000000,6.8161,NA,13021.7940,16.9323,14.5851,2.3472,16.0428,5.0966,4.3158,0.7808,-0.8838,13021.7940,NA,NA
gamemd.exe,18224,0x42C3CE0,D3D9,0,0,1,Hardware: Independent Flip,13052.5129,NA,16.13380000000000,16.12160000000000,2.62820000000000,6.59950000000000,6.8039,NA,13038.7263,16.4148,13.7866,2.6282,15.3147,5.0714,4.1010,0.9704,0.8107,13038.7263,NA,NA
gamemd.exe,18224,0x42C3CE0,D3D9,0,0,1,Hardware: Independent Flip,13068.7540,NA,16.24110000000000,15.82410000000000,2.40420000000000,6.17550000000000,6.3869,NA,13055.1411,16.0171,13.6129,2.4042,15.0402,4.7482,4.0542,0.6940,0.5907,13055.1411,NA,NA
gamemd.exe,18224,0x42C3CE0,D3D9,0,0,1,Hardware: Independent Flip,13086.1774,NA,17.42340000000000,16.65600000000000,2.44280000000000,5.41050000000000,5.6195,NA,13071.1582,17.4620,15.0192,2.4428,15.7254,4.7043,4.2918,0.4125,-0.6389,13071.1582,NA,NA
gamemd.exe,18224,0x42C3CE0,D3D9,0,0,1,Hardware: Independent Flip,13102.1579,NA,15.98050000000000,16.99350000000000,2.82780000000000,6.40450000000000,6.6325,NA,13088.6202,16.3655,13.5377,2.8278,14.2464,5.6958,4.9702,0.7256,0.4685,13088.6202,NA,NA
gamemd.exe,18224,0x42C3CE0,D3D9,0,0,1,Hardware: Independent Flip,13118.7065,NA,16.54860000000000,16.53260000000000,3.11720000000000,6.42160000000000,6.6165,NA,13104.9857,16.8380,13.7208,3.1172,14.5393,5.6031,5.1187,0.4844,-0.1671,13104.9857,NA,NA
gamemd.exe,18224,0x42C3CE0,D3D9,0,0,1,Hardware: Independent Flip,13136.5235,NA,17.81700000000000,17.93700000000000,2.43990000000000,6.50980000000000,6.7365,NA,13121.8237,17.1397,14.6998,2.4399,16.2734,4.9362,4.2541,0.6821,-1.0990,13121.8237,NA,NA
gamemd.exe,18224,0x42C3CE0,D3D9,0,0,1,Hardware: Independent Flip,13152.5707,NA,16.04720000000000,15.54290000000000,2.15250000000000,6.00720000000000,6.2322,NA,13138.9634,15.7598,13.6073,2.1525,15.0146,4.5999,3.9524,0.6475,1.5968,13138.9634,NA,NA
gamemd.exe,18224,0x42C3CE0,D3D9,0,0,1,Hardware: Independent Flip,13169.1241,NA,16.55340000000000,16.91080000000000,3.87390000000000,6.41680000000000,6.5896,NA,13154.7232,18.2748,14.4009,3.8739,16.4102,4.4075,4.2937,0.1138,-1.1510,13154.7232,NA,NA
gamemd.exe,18224,0x42C3CE0,D3D9,0,0,1,Hardware: Independent Flip,13185.4703,NA,16.34620000000000,15.82280000000000,1.19730000000000,5.82510000000000,6.0662,NA,13172.9980,13.6696,12.4723,1.1973,12.9857,5.3117,3.9941,1.3176,2.4520,13172.9980,NA,NA
gamemd.exe,18224,0x42C3CE0,D3D9,0,0,1,Hardware: Independent Flip,13201.9744,NA,16.50410000000000,16.48580000000000,1.48190000000000,4.95290000000000,6.0479,NA,13186.6676,16.7887,15.3068,1.4819,15.9261,4.3336,4.2369,0.0967,-2.8162,13186.6676,NA,NA
gamemd.exe,18224,0x42C3CE0,D3D9,0,0,1,Hardware: Independent Flip,13218.4987,NA,16.52430000000000,15.74760000000000,1.02250000000000,4.07670000000000,5.2712,NA,13203.4563,16.0649,15.0424,1.0225,15.4647,3.6544,3.5867,0.0677,1.0411,13203.4563,NA,NA
gamemd.exe,18224,0x42C3CE0,D3D9,0,0,1,Hardware: Independent Flip,13235.6722,NA,17.17350000000000,18.54770000000000,3.52760000000000,6.43000000000000,6.6454,NA,13219.5212,19.6786,16.1510,3.5276,17.7470,4.8340,4.3534,0.4806,-2.4828,13219.5212,NA,NA
gamemd.exe,18224,0x42C3CE0,D3D9,0,0,1,Hardware: Independent Flip,13252.9788,NA,17.30660000000000,17.13980000000000,2.59970000000000,6.27640000000000,6.4786,NA,13239.1998,16.3787,13.7790,2.5997,15.4959,4.5595,4.0728,0.4867,2.5388,13239.1998,NA,NA
gamemd.exe,18224,0x42C3CE0,D3D9,0,0,1,Hardware: Independent Flip,13269.1035,NA,16.12470000000000,16.56830000000000,2.30800000000000,6.70600000000000,6.9222,NA,13255.5785,15.8330,13.5250,2.3080,15.0508,5.1802,4.2624,0.9178,-0.1896,13255.5785,NA,NA
gamemd.exe,18224,0x42C3CE0,D3D9,0,0,1,Hardware: Independent Flip,13286.0123,NA,16.90880000000000,16.16990000000000,3.47520000000000,5.97210000000000,6.1833,NA,13271.4115,18.0760,14.6008,3.4752,16.3189,4.2540,4.1547,0.0993,-0.3369,13271.4115,NA,NA
gamemd.exe,18224,0x42C3CE0,D3D9,0,0,1,Hardware: Independent Flip,13302.2809,NA,16.26860000000000,16.81040000000000,3.18260000000000,6.51100000000000,6.7251,NA,13289.4875,15.9760,12.7934,3.1826,13.4154,5.8890,4.4941,1.3949,1.2656,13289.4875,NA,NA
gamemd.exe,18224,0x42C3CE0,D3D9,0,0,1,Hardware: Independent Flip,13319.6285,NA,17.34760000000000,16.95200000000000,3.38540000000000,6.12890000000000,6.3295,NA,13305.4635,17.5504,14.1650,3.3854,15.5743,4.7196,4.2992,0.4204,-0.9760,13305.4635,NA,NA
gamemd.exe,18224,0x42C3CE0,D3D9,0,0,1,Hardware: Independent Flip,13335.6906,NA,16.06210000000000,15.95410000000000,2.41790000000000,5.99660000000000,6.2215,NA,13323.0139,15.0946,12.6767,2.4179,13.6734,4.9999,4.4544,0.5455,1.5963,13323.0139,NA,NA
gamemd.exe,18224,0x42C3CE0,D3D9,0,0,1,Hardware: Independent Flip,13353.3549,NA,17.66430000000000,17.12940000000000,1.46400000000000,5.47250000000000,5.6866,NA,13338.1085,16.7104,15.2464,1.4640,15.9244,4.7945,4.0453,0.7492,-2.0348,13338.1085,NA,NA
gamemd.exe,18224,0x42C3CE0,D3D9,0,0,1,Hardware: Independent Flip,13369.7351,NA,16.38020000000000,17.15330000000000,2.40990000000000,6.26140000000000,6.4597,NA,13354.8189,17.3261,14.9162,2.4099,16.3621,4.8155,4.0754,0.7401,-0.4429,13354.8189,NA,NA
gamemd.exe,18224,0x42C3CE0,D3D9,0,0,1,Hardware: Independent Flip,13385.6823,NA,15.94720000000000,15.99930000000000,2.46210000000000,6.26160000000000,6.5118,NA,13372.1450,15.9994,13.5373,2.4621,15.0246,4.7743,3.9609,0.8134,1.3268,13372.1450,NA,NA
gamemd.exe,18224,0x42C3CE0,D3D9,0,0,1,Hardware: Independent Flip,13402.0727,NA,16.39040000000000,16.57600000000000,2.33370000000000,6.51550000000000,6.6974,NA,13388.1444,16.2620,13.9283,2.3337,15.4593,4.9845,4.0937,0.8908,-0.5766,13388.1444,NA,NA
gamemd.exe,18224,0x42C3CE0,D3D9,0,0,1,Hardware: Independent Flip,13419.3506,NA,17.27790000000000,16.60990000000000,1.99730000000000,5.77960000000000,6.0294,NA,13404.4064,16.9415,14.9442,1.9973,16.0861,4.6377,3.9594,0.6783,-0.3479,13404.4064,NA,NA
gamemd.exe,18224,0x42C3CE0,D3D9,0,0,1,Hardware: Independent Flip,13435.8296,NA,16.47900000000000,16.80300000000000,2.14510000000000,6.10030000000000,6.3534,NA,13421.3479,16.6268,14.4817,2.1451,15.8495,4.7325,4.2638,0.4687,0.1385,13421.3479,NA,NA
gamemd.exe,18224,0x42C3CE0,D3D9,0,0,1,Hardware: Independent Flip,13452.6079,NA,16.77830000000000,17.17820000000000,2.53650000000000,6.54380000000000,6.7533,NA,13437.9747,17.1697,14.6332,2.5365,16.3157,4.8613,4.0393,0.8220,-0.5514,13437.9747,NA,NA
gamemd.exe,18224,0x42C3CE0,D3D9,0,0,1,Hardware: Independent Flip,13469.1562,NA,16.54830000000000,16.07540000000000,2.30040000000000,6.08180000000000,6.2804,NA,13455.1444,16.3122,14.0118,2.3004,14.9107,5.1829,4.4478,0.7351,1.0943,13455.1444,NA,NA
gamemd.exe,18224,0x42C3CE0,D3D9,0,0,1,Hardware: Independent Flip,13486.0214,NA,16.86520000000000,17.06090000000000,2.55310000000000,6.21770000000000,6.4761,NA,13471.4566,17.1179,14.5648,2.5531,16.2408,4.5417,3.9171,0.6246,-0.7487,13471.4566,NA,NA
gamemd.exe,18224,0x42C3CE0,D3D9,0,0,1,Hardware: Independent Flip,13502.3799,NA,16.35850000000000,16.37610000000000,2.56130000000000,6.29900000000000,6.4937,NA,13488.5745,16.3667,13.8054,2.5613,15.4971,4.6073,3.7687,0.8386,0.7418,13488.5745,NA,NA
gamemd.exe,18224,0x42C3CE0,D3D9,0,0,1,Hardware: Independent Flip,13519.7961,NA,17.41620000000000,16.66160000000000,2.64030000000000,5.47780000000000,5.7391,NA,13504.9412,17.4952,14.8549,2.6403,15.5910,4.7417,4.3411,0.4006,-0.2949,13504.9412,NA,NA
gamemd.exe,18224,0x42C3CE0,D3D9,0,0,1,Hardware: Independent Flip,13536.0352,NA,16.23910000000000,16.97290000000000,2.43990000000000,6.23810000000000,6.4729,NA,13522.4364,16.0387,13.5988,2.4399,15.2023,4.6346,4.1402,0.4944,0.5223,13522.4364,NA,NA
gamemd.exe,18224,0x42C3CE0,D3D9,0,0,1,Hardware: Independent Flip,13552.6005,NA,16.56530000000000,16.40620000000000,2.38740000000000,6.11810000000000,6.3138,NA,13538.4751,16.5128,14.1254,2.3874,15.6697,4.5738,3.9040,0.6698,-0.3675,13538.4751,NA,NA
gamemd.exe,18224,0x42C3CE0,D3D9,0,0,1,Hardware: Independent Flip,13568.6555,NA,16.05500000000000,15.67320000000000,2.75700000000000,5.75450000000000,5.9320,NA,13554.9879,16.4246,13.6676,2.7570,14.4816,4.9405,4.3942,0.5463,0.8396,13554.9879,NA,NA
gamemd.exe,18224,0x42C3CE0,D3D9,0,0,1,Hardware: Independent Flip,13585.9896,NA,17.33410000000000,17.94510000000000,3.24030000000000,6.32830000000000,6.5430,NA,13571.4125,17.8174,14.5771,3.2403,16.4121,4.4933,4.2988,0.1945,-1.5205,13571.4125,NA,NA
gamemd.exe,18224,0x42C3CE0,D3D9,0,0,1,Hardware: Independent Flip,13602.5684,NA,16.57880000000000,17.28350000000000,2.76720000000000,7.01150000000000,7.2477,NA,13589.2299,16.1057,13.3385,2.7672,15.3037,5.0463,4.5045,0.5418,0.5339,13589.2299,NA,NA
gamemd.exe,18224,0x42C3CE0,D3D9,0,0,1,Hardware: Independent Flip,13619.2944,NA,16.72600000000000,15.96550000000000,3.60210000000000,6.30300000000000,6.4872,NA,13605.3356,17.5609,13.9588,3.6021,15.8088,4.4530,4.3476,0.1054,0.1402,13605.3356,NA,NA
gamemd.exe,18224,0x42C3CE0,D3D9,0,0,1,Hardware: Independent Flip,13636.5022,NA,17.20780000000000,16.24650000000000,2.43380000000000,5.28550000000000,5.5259,NA,13622.8965,16.0395,13.6057,2.4338,14.1969,4.6943,4.2882,0.4061,1.3144,13622.8965,NA,NA
gamemd.exe,18224,0x42C3CE0,D3D9,0,0,1,Hardware: Independent Flip,13652.3085,NA,15.80630000000000,16.71720000000000,2.55420000000000,6.26950000000000,6.4368,NA,13638.9360,15.9267,13.3725,2.5542,15.1396,4.5024,4.2614,0.2410,-0.6777,13638.9360,NA,NA
gamemd.exe,18224,0x42C3CE0,D3D9,0,0,1,Hardware: Independent Flip,13669.3141,NA,17.00560000000000,16.97280000000000,2.30050000000000,6.16060000000000,6.4040,NA,13654.8627,16.7519,14.4514,2.3005,16.0080,4.6040,3.9716,0.6324,-1.0461,13654.8627,NA,NA
gamemd.exe,18224,0x42C3CE0,D3D9,0,0,1,Hardware: Independent Flip,13686.0144,NA,16.70030000000000,16.74240000000000,3.67490000000000,6.21710000000000,6.4461,NA,13671.6146,18.0747,14.3998,3.6749,16.2844,4.3325,4.2608,0.0717,0.0095,13671.6146,NA,NA
gamemd.exe,18224,0x42C3CE0,D3D9,0,0,1,Hardware: Independent Flip,13702.8005,NA,16.78610000000000,17.04400000000000,2.36460000000000,6.46790000000000,6.7040,NA,13689.6893,15.4758,13.1112,2.3646,14.7264,4.8527,4.1058,0.7469,1.0307,13689.6893,NA,NA
gamemd.exe,18224,0x42C3CE0,D3D9,0,0,1,Hardware: Independent Flip,13719.4946,NA,16.69410000000000,15.96400000000000,3.16950000000000,5.75940000000000,5.9739,NA,13705.1651,17.4990,14.3295,3.1695,15.5707,4.5182,4.4132,0.1050,-0.4882,13705.1651,NA,NA
gamemd.exe,18224,0x42C3CE0,D3D9,0,0,1,Hardware: Independent Flip,13735.9315,NA,16.43690000000000,16.90230000000000,2.35100000000000,6.22920000000000,6.4393,NA,13722.6641,15.6184,13.2674,2.3510,14.8049,4.6917,4.1948,0.4969,0.5967,13722.6641,NA,NA
gamemd.exe,18224,0x42C3CE0,D3D9,0,0,1,Hardware: Independent Flip,13752.8023,NA,16.87080000000000,17.26710000000000,2.44590000000000,6.63040000000000,6.8356,NA,13738.2825,16.9657,14.5198,2.4459,16.0033,5.1469,4.2660,0.8809,-1.6487,13738.2825,NA,NA
gamemd.exe,18224,0x42C3CE0,D3D9,0,0,1,Hardware: Independent Flip,13768.9320,NA,16.12970000000000,15.87860000000000,2.61440000000000,6.31990000000000,6.5845,NA,13755.2482,16.2982,13.6838,2.6144,15.2260,4.7777,4.2080,0.5697,1.0871,13755.2482,NA,NA
gamemd.exe,18224,0x42C3CE0,D3D9,0,0,1,Hardware: Independent Flip,13785.8697,NA,16.93770000000000,16.57720000000000,2.26190000000000,6.02210000000000,6.2240,NA,13771.5464,16.5852,14.3233,2.2619,15.7100,4.6354,4.1318,0.5036,-0.2790,13771.5464,NA,NA
gamemd.exe,18224,0x42C3CE0,D3D9,0,0,1,Hardware: Independent Flip,13802.5112,NA,16.64150000000000,16.97880000000000,3.65480000000000,6.38350000000000,6.5613,NA,13788.1316,18.0344,14.3796,3.6548,16.1829,4.5802,4.4108,0.1694,-0.3936,13788.1316,NA,NA
gamemd.exe,18224,0x42C3CE0,D3D9,0,0,1,Hardware: Independent Flip,13818.6658,NA,16.15460000000000,16.68710000000000,2.92730000000000,6.89940000000000,7.0938,NA,13806.1660,15.4271,12.4998,2.9273,14.5036,4.8956,4.2035,0.6921,1.3473,13806.1660,NA,NA
gamemd.exe,18224,0x42C3CE0,D3D9,0,0,1,Hardware: Independent Flip,13835.7066,NA,17.04080000000000,17.07470000000000,2.98400000000000,6.94250000000000,7.1277,NA,13821.5931,17.0975,14.1135,2.9840,16.3301,4.7259,4.4552,0.2707,-1.6476,13821.5931,NA,NA
gamemd.exe,18224,0x42C3CE0,D3D9,0,0,1,Hardware: Independent Flip,13852.7987,NA,17.09210000000000,16.35960000000000,2.37770000000000,6.15960000000000,6.3952,NA,13838.6906,16.4858,14.1081,2.3777,15.2286,5.0391,4.2955,0.7436,0.7379,13838.6906,NA,NA
gamemd.exe,18224,0x42C3CE0,D3D9,0,0,1,Hardware: Independent Flip,13869.2024,NA,16.40370000000000,16.52230000000000,2.21660000000000,6.29500000000000,6.5138,NA,13855.1764,16.2426,14.0260,2.2166,15.1234,5.1976,4.3404,0.8572,-0.0365,13855.1764,NA,NA
gamemd.exe,18224,0x42C3CE0,D3D9,0,0,1,Hardware: Independent Flip,13885.7933,NA,16.59090000000000,16.55890000000000,2.35640000000000,6.25630000000000,6.4818,NA,13871.4190,16.7307,14.3743,2.3564,15.8928,4.7378,3.9613,0.7765,-0.3163,13871.4190,NA,NA
gamemd.exe,18224,0x42C3CE0,D3D9,0,0,1,Hardware: Independent Flip,13903.4106,NA,17.61730000000000,17.12000000000000,2.48340000000000,5.74800000000000,5.9845,NA,13888.1497,17.7443,15.2609,2.4834,15.9278,5.0811,4.3667,0.7144,-0.3893,13888.1497,NA,NA
gamemd.exe,18224,0x42C3CE0,D3D9,0,0,1,Hardware: Independent Flip,13919.1203,NA,15.70970000000000,16.34500000000000,2.50190000000000,6.40800000000000,6.6198,NA,13905.8940,15.7282,13.2263,2.5019,14.9153,4.7190,3.9876,0.7314,1.3993,13905.8940,NA,NA
gamemd.exe,18224,0x42C3CE0,D3D9,0,0,1,Hardware: Independent Flip,13936.1417,NA,17.02140000000000,16.91980000000000,2.36010000000000,6.29560000000000,6.5182,NA,13921.6222,16.8796,14.5195,2.3601,16.0422,4.7729,3.8973,0.8756,-1.1916,13921.6222,NA,NA
gamemd.exe,18224,0x42C3CE0,D3D9,0,0,1,Hardware: Independent Flip,13952.6081,NA,16.46640000000000,16.00220000000000,2.35580000000000,5.85770000000000,6.0540,NA,13938.5018,16.4621,14.1063,2.3558,15.4713,4.4927,3.8341,0.6586,0.8774,13938.5018,NA,NA
gamemd.exe,18224,0x42C3CE0,D3D9,0,0,1,Hardware: Independent Flip,13970.0013,NA,17.39320000000000,18.07100000000000,2.44650000000000,6.52150000000000,6.7318,NA,13954.9639,17.4839,15.0374,2.4465,16.6278,4.9311,4.1647,0.7664,-1.6089,13954.9639,NA,NA
gamemd.exe,18224,0x42C3CE0,D3D9,0,0,1,Hardware: Independent Flip,13985.9105,NA,15.90920000000000,15.69990000000000,2.41220000000000,6.31090000000000,6.5225,NA,13972.4478,15.8749,13.4627,2.4122,14.9772,4.7964,4.0249,0.7715,1.7840,13972.4478,NA,NA
gamemd.exe,18224,0x42C3CE0,D3D9,0,0,1,Hardware: Independent Flip,14002.7406,NA,16.83010000000000,16.83410000000000,2.53620000000000,6.33630000000000,6.5265,NA,13988.3227,16.9541,14.4179,2.5362,16.1168,4.6374,4.4208,0.2166,-0.9592,13988.3227,NA,NA
gamemd.exe,18224,0x42C3CE0,D3D9,0,0,1,Hardware: Independent Flip,14020.1356,NA,17.39500000000000,16.68250000000000,2.48480000000000,5.60010000000000,5.8140,NA,14005.2768,17.3436,14.8588,2.4848,15.6714,4.7875,4.3605,0.4270,0.2716,14005.2768,NA,NA
gamemd.exe,18224,0x42C3CE0,D3D9,0,0,1,Hardware: Independent Flip,14035.9334,NA,15.79780000000000,16.20920000000000,2.37640000000000,6.01180000000000,6.2254,NA,14022.6204,15.6894,13.3130,2.3764,14.9304,4.3944,3.8419,0.5525,1.1344,14022.6204,NA,NA
gamemd.exe,18224,0x42C3CE0,D3D9,0,0,1,Hardware: Independent Flip,14053.1506,NA,17.21720000000000,17.14470000000000,2.33040000000000,5.95670000000000,6.1529,NA,14038.3098,17.1712,14.8408,2.3304,15.7766,5.0209,4.3330,0.6879,-1.4553,14038.3098,NA,NA
gamemd.exe,18224,0x42C3CE0,D3D9,0,0,1,Hardware: Independent Flip,14069.0620,NA,15.91140000000000,16.91660000000000,3.37700000000000,6.94260000000000,7.1581,NA,14055.4810,16.9580,13.5810,3.3770,15.2958,5.2278,4.3142,0.9136,0.2546,14055.4810,NA,NA
gamemd.exe,18224,0x42C3CE0,D3D9,0,0,1,Hardware: Independent Flip,14085.9874,NA,16.92540000000000,16.42970000000000,2.39360000000000,6.46170000000000,6.6624,NA,14072.4390,15.9420,13.5484,2.3936,15.0806,4.9295,4.0911,0.8384,0.5283,14072.4390,NA,NA
gamemd.exe,18224,0x42C3CE0,D3D9,0,0,1,Hardware: Independent Flip,14102.2905,NA,16.30310000000000,16.43010000000000,2.29830000000000,6.58070000000000,6.7894,NA,14088.3810,16.2078,13.9095,2.2983,15.4284,5.0618,4.1242,0.9376,-0.4881,14088.3810,NA,NA
gamemd.exe,18224,0x42C3CE0,D3D9,0,0,1,Hardware: Independent Flip,14119.5726,NA,17.28210000000000,17.09360000000000,2.47320000000000,6.38360000000000,6.6009,NA,14104.5888,17.4570,14.9838,2.4732,16.4284,4.9390,4.2636,0.6754,-0.8858,14104.5888,NA,NA
gamemd.exe,18224,0x42C3CE0,D3D9,0,0,1,Hardware: Independent Flip,14135.4655,NA,15.89290000000000,15.27480000000000,2.78270000000000,5.73890000000000,5.9828,NA,14122.0458,16.2024,13.4197,2.7827,14.3287,4.8299,4.7402,0.0897,2.1822,14122.0458,NA,NA
gamemd.exe,18224,0x42C3CE0,D3D9,0,0,1,Hardware: Independent Flip,14151.8714,NA,16.40590000000000,17.02730000000000,3.08710000000000,6.39330000000000,6.6042,NA,14138.2482,16.7103,13.6232,3.0871,14.5734,5.4431,4.9185,0.5246,-0.8249,14138.2482,NA,NA
gamemd.exe,18224,0x42C3CE0,D3D9,0,0,1,Hardware: Independent Flip,14168.4789,NA,16.60750000000000,16.13280000000000,1.32410000000000,5.11320000000000,6.1295,NA,14154.9585,14.8445,13.5204,1.3241,14.0316,4.6020,4.4375,0.1645,0.5775,14154.9585,NA,NA
gamemd.exe,18224,0x42C3CE0,D3D9,0,0,1,Hardware: Independent Flip,14185.2545,NA,16.77560000000000,16.43830000000000,1.16190000000000,4.35500000000000,5.7922,NA,14169.8030,16.6134,15.4515,1.1619,15.9141,3.8924,3.8117,0.0807,-1.5938,14169.8030,NA,NA
gamemd.exe,18224,0x42C3CE0,D3D9,0,0,1,Hardware: Independent Flip,14202.2591,NA,17.00460000000000,18.18330000000000,2.50240000000000,6.75400000000000,6.9709,NA,14186.4164,18.3451,15.8427,2.5024,17.4001,5.1966,4.3205,0.8761,-1.5699,14186.4164,NA,NA
gamemd.exe,18224,0x42C3CE0,D3D9,0,0,1,Hardware: Independent Flip,14218.7083,NA,16.44920000000000,15.36490000000000,1.72830000000000,4.92040000000000,5.8866,NA,14204.7615,15.6751,13.9468,1.7283,14.6027,4.2645,4.1613,0.1032,2.9802,14204.7615,NA,NA
gamemd.exe,18224,0x42C3CE0,D3D9,0,0,1,Hardware: Independent Flip,14235.5338,NA,16.82550000000000,17.77320000000000,3.99200000000000,6.65090000000000,6.8343,NA,14220.4366,19.0892,15.0972,3.9920,17.1668,4.5813,4.3782,0.2031,-2.0981,14220.4366,NA,NA
gamemd.exe,18224,0x42C3CE0,D3D9,0,0,1,Hardware: Independent Flip,14253.2422,NA,17.70840000000000,16.90270000000000,3.00720000000000,5.83130000000000,6.0286,NA,14239.5258,16.7236,13.7164,3.0072,14.8425,4.7052,4.2756,0.4296,2.1865,14239.5258,NA,NA
gamemd.exe,18224,0x42C3CE0,D3D9,0,0,1,Hardware: Independent Flip,14269.8752,NA,16.63300000000000,17.22870000000000,2.49920000000000,6.40820000000000,6.6243,NA,14256.2494,16.1250,13.6258,2.4992,15.3753,4.6587,4.0398,0.6189,-0.5051,14256.2494,NA,NA
gamemd.exe,18224,0x42C3CE0,D3D9,0,0,1,Hardware: Independent Flip,14285.7236,NA,15.84840000000000,16.10730000000000,3.26810000000000,6.66070000000000,6.8832,NA,14272.3744,16.6173,13.3492,3.2681,15.1404,4.8695,4.2207,0.6488,0.0177,14272.3744,NA,NA
gamemd.exe,18224,0x42C3CE0,D3D9,0,0,1,Hardware: Independent Flip,14302.2679,NA,16.54430000000000,16.45870000000000,2.60700000000000,6.54470000000000,6.7976,NA,14288.9917,15.8832,13.2762,2.6070,15.1299,4.6910,4.5217,0.1693,0.1586,14288.9917,NA,NA
gamemd.exe,18224,0x42C3CE0,D3D9,0,0,1,Hardware: Independent Flip,14319.8937,NA,17.62580000000000,17.27470000000000,2.43270000000000,6.23500000000000,6.4465,NA,14304.8749,17.4515,15.0188,2.4327,16.6732,4.5806,3.9201,0.6605,-1.3915,14304.8749,NA,NA
gamemd.exe,18224,0x42C3CE0,D3D9,0,0,1,Hardware: Independent Flip,14336.3603,NA,16.46660000000000,16.28550000000000,2.37610000000000,6.07650000000000,6.2654,NA,14322.3264,16.4100,14.0339,2.3761,15.0089,5.1015,4.4252,0.6763,1.1660,14322.3264,NA,NA
gamemd.exe,18224,0x42C3CE0,D3D9,0,0,1,Hardware: Independent Flip,14353.5052,NA,17.14490000000000,17.43420000000000,2.29480000000000,6.32940000000000,6.5547,NA,14338.7364,17.0636,14.7688,2.2948,16.2611,4.8371,4.0428,0.7943,-1.0242,14338.7364,NA,NA
gamemd.exe,18224,0x42C3CE0,D3D9,0,0,1,Hardware: Independent Flip,14369.2485,NA,15.74330000000000,15.59190000000000,3.63680000000000,6.22830000000000,6.4033,NA,14355.8000,17.0853,13.4485,3.6368,15.1390,4.5378,4.4288,0.1090,1.4717,14355.8000,NA,NA
gamemd.exe,18224,0x42C3CE0,D3D9,0,0,1,Hardware: Independent Flip,14386.1372,NA,16.88870000000000,16.90010000000000,2.27690000000000,6.20850000000000,6.4147,NA,14372.8853,15.5288,13.2519,2.2769,14.7918,4.6686,4.0223,0.6463,0.1852,14372.8853,NA,NA
gamemd.exe,18224,0x42C3CE0,D3D9,0,0,1,Hardware: Independent Flip,14403.6216,NA,17.48440000000000,16.57040000000000,2.49060000000000,5.30090000000000,5.5007,NA,14388.4141,17.6981,15.2075,2.4906,15.7698,4.7386,4.3493,0.3893,-1.0416,14388.4141,NA,NA
gamemd.exe,18224,0x42C3CE0,D3D9,0,0,1,Hardware: Independent Flip,14419.6131,NA,15.99150000000000,17.09810000000000,2.34220000000000,6.34430000000000,6.6073,NA,14406.1122,15.8431,13.5009,2.3422,14.9297,4.9155,4.0315,0.8840,0.6000,14406.1122,NA,NA
gamemd.exe,18224,0x42C3CE0,D3D9,0,0,1,Hardware: Independent Flip,14436.6276,NA,17.01450000000000,15.93630000000000,2.61700000000000,5.31500000000000,5.5291,NA,14421.9553,17.2893,14.6723,2.6170,15.4705,4.5168,4.3510,0.1658,-0.0932,14421.9553,NA,NA
gamemd.exe,18224,0x42C3CE0,D3D9,0,0,1,Hardware: Independent Flip,14452.4652,NA,15.83760000000000,16.92330000000000,2.55740000000000,6.43320000000000,6.6148,NA,14439.2446,15.7780,13.2206,2.5574,14.9586,4.6952,4.4304,0.2648,0.3660,14439.2446,NA,NA
gamemd.exe,18224,0x42C3CE0,D3D9,0,0,1,Hardware: Independent Flip,14470.2581,NA,17.79290000000000,16.75210000000000,2.34770000000000,5.34090000000000,5.5740,NA,14455.0226,17.5832,15.2355,2.3477,15.8802,4.6962,4.2299,0.4663,-0.9741,14455.0226,NA,NA
gamemd.exe,18224,0x42C3CE0,D3D9,0,0,1,Hardware: Independent Flip,14485.5706,NA,15.31250000000000,16.49290000000000,2.68320000000000,6.48000000000000,6.7544,NA,14472.6058,15.6480,12.9648,2.6832,14.7398,4.7050,4.1585,0.5465,1.0903,14472.6058,NA,NA
gamemd.exe,18224,0x42C3CE0,D3D9,0,0,1,Hardware: Independent Flip,14502.3011,NA,16.73050000000000,16.61540000000000,2.51300000000000,6.48390000000000,6.6393,NA,14488.2538,16.5603,14.0473,2.5130,15.8461,4.6851,4.5205,0.1646,-0.9674,14488.2538,NA,NA
gamemd.exe,18224,0x42C3CE0,D3D9,0,0,1,Hardware: Independent Flip,14519.7777,NA,17.47660000000000,17.14560000000000,2.75350000000000,6.07110000000000,6.3083,NA,14504.8141,17.7171,14.9636,2.7535,15.7125,5.3222,4.5797,0.7425,-0.5853,14504.8141,NA,NA
gamemd.exe,18224,0x42C3CE0,D3D9,0,0,1,Hardware: Independent Flip,14535.8030,NA,16.02530000000000,16.77340000000000,2.49880000000000,6.82730000000000,7.0564,NA,14522.5312,15.7706,13.2718,2.4988,14.7783,5.3208,4.3731,0.9477,0.9437,14522.5312,NA,NA
gamemd.exe,18224,0x42C3CE0,D3D9,0,0,1,Hardware: Independent Flip,14552.5665,NA,16.76350000000000,15.86300000000000,2.22520000000000,5.90520000000000,6.1559,NA,14538.3018,16.4899,14.2647,2.2252,15.5928,4.5771,4.0402,0.5369,-0.0924,14538.3018,NA,NA
gamemd.exe,18224,0x42C3CE0,D3D9,0,0,1,Hardware: Independent Flip,14569.1045,NA,16.53800000000000,17.30170000000000,2.37970000000000,6.70100000000000,6.9196,NA,14554.7917,16.6925,14.3128,2.3797,15.8990,5.1148,4.2366,0.8782,-0.8118,14554.7917,NA,NA
gamemd.exe,18224,0x42C3CE0,D3D9,0,0,1,Hardware: Independent Flip,14586.1458,NA,17.04130000000000,16.53720000000000,2.45670000000000,6.19600000000000,6.4155,NA,14571.4842,17.1183,14.6616,2.4567,16.0161,4.8415,4.1172,0.7243,0.1553,14571.4842,NA,NA
gamemd.exe,18224,0x42C3CE0,D3D9,0,0,1,Hardware: Independent Flip,14602.1170,NA,15.97120000000000,16.17940000000000,2.45820000000000,6.40180000000000,6.6237,NA,14588.6025,15.9727,13.5145,2.4582,15.0260,4.8903,4.1773,0.7130,0.9389,14588.6025,NA,NA
gamemd.exe,18224,0x42C3CE0,D3D9,0,0,1,Hardware: Independent Flip,14619.5654,NA,17.44840000000000,17.49150000000000,2.65460000000000,6.44570000000000,6.6668,NA,14604.5752,17.6448,14.9902,2.6546,16.5236,4.9123,4.0736,0.8387,-1.5188,14604.5752,NA,NA
gamemd.exe,18224,0x42C3CE0,D3D9,0,0,1,Hardware: Independent Flip,14635.9286,NA,16.36320000000000,16.38410000000000,2.33140000000000,6.49240000000000,6.6877,NA,14622.2200,16.0400,13.7086,2.3314,15.3249,4.8761,4.1249,0.7512,1.2607,14622.2200,NA,NA
gamemd.exe,18224,0x42C3CE0,D3D9,0,0,1,Hardware: Independent Flip,14653.4468,NA,17.51820000000000,16.41530000000000,1.64330000000000,5.35120000000000,5.5848,NA,14638.2600,16.8301,15.1868,1.6433,15.8819,4.6561,4.1591,0.4970,-0.3753,14638.2600,NA,NA
gamemd.exe,18224,0x42C3CE0,D3D9,0,0,1,Hardware: Independent Flip,14669.0324,NA,15.58560000000000,16.56900000000000,2.78310000000000,6.38060000000000,6.5682,NA,14655.0901,16.7254,13.9423,2.7831,14.5873,5.7356,5.1674,0.5682,0.2611,14655.0901,NA,NA
gamemd.exe,18224,0x42C3CE0,D3D9,0,0,1,Hardware: Independent Flip,14685.8335,NA,16.80110000000000,16.88010000000000,2.65390000000000,6.45860000000000,6.6472,NA,14671.8155,16.6719,14.0180,2.6539,15.7000,4.7766,4.3474,0.4292,-0.1547,14671.8155,NA,NA
gamemd.exe,18224,0x42C3CE0,D3D9,0,0,1,Hardware: Independent Flip,14703.2361,NA,17.40260000000000,17.75990000000000,2.78140000000000,6.73730000000000,7.0045,NA,14688.4874,17.5301,14.7487,2.7814,16.5596,4.9264,4.0832,0.8432,-1.0880,14688.4874,NA,NA
gamemd.exe,18224,0x42C3CE0,D3D9,0,0,1,Hardware: Independent Flip,14720.0059,NA,16.76980000000000,15.60270000000000,2.38860000000000,5.61720000000000,5.8374,NA,14706.0175,16.3770,13.9884,2.3886,14.7204,4.8852,4.3690,0.5162,1.9274,14706.0175,NA,NA
gamemd.exe,18224,0x42C3CE0,D3D9,0,0,1,Hardware: Independent Flip,14736.0976,NA,16.09170000000000,16.43670000000000,2.24300000000000,5.90530000000000,6.1824,NA,14722.3945,15.9461,13.7031,2.2430,14.6941,4.9143,4.3217,0.5926,-0.0597,14722.3945,NA,NA
gamemd.exe,18224,0x42C3CE0,D3D9,0,0,1,Hardware: Independent Flip,14752.3391,NA,16.24150000000000,16.23750000000000,2.38580000000000,5.93440000000000,6.1784,NA,14738.3406,16.3843,13.9985,2.3858,15.3512,4.5817,4.0463,0.5354,-0.2914,14738.3406,NA,NA
gamemd.exe,18224,0x42C3CE0,D3D9,0,0,1,Hardware: Independent Flip,14769.2090,NA,16.86990000000000,17.02720000000000,3.63440000000000,6.14900000000000,6.3357,NA,14754.7249,18.1185,14.4841,3.6344,16.2293,4.4038,4.3187,0.0851,-0.6429,14754.7249,NA,NA
gamemd.exe,18224,0x42C3CE0,D3D9,0,0,1,Hardware: Independent Flip,14785.9785,NA,16.76950000000000,17.19070000000000,3.66610000000000,6.54340000000000,6.7569,NA,14772.8434,16.8012,13.1351,3.6661,15.0624,4.6161,4.0947,0.5214,0.9278,14772.8434,NA,NA
gamemd.exe,18224,0x42C3CE0,D3D9,0,0,1,Hardware: Independent Flip,14803.8595,NA,17.88100000000000,16.60560000000000,2.22640000000000,5.28040000000000,5.4815,NA,14789.6446,16.4413,14.2149,2.2264,14.7062,4.7891,4.2548,0.5343,0.1956,14789.6446,NA,NA
gamemd.exe,18224,0x42C3CE0,D3D9,0,0,1,Hardware: Independent Flip,14819.3195,NA,15.46000000000000,16.20140000000000,3.40720000000000,5.99870000000000,6.2229,NA,14806.0859,16.6408,13.2336,3.4072,14.7153,4.5170,4.1174,0.3996,0.2399,14806.0859,NA,NA
gamemd.exe,18224,0x42C3CE0,D3D9,0,0,1,Hardware: Independent Flip,14836.8498,NA,17.53030000000000,17.72910000000000,2.28440000000000,6.17280000000000,6.4217,NA,14822.7267,16.4075,14.1231,2.2844,15.4740,4.8219,4.1737,0.6482,-1.0883,14822.7267,NA,NA
gamemd.exe,18224,0x42C3CE0,D3D9,0,0,1,Hardware: Independent Flip,14852.3356,NA,15.48580000000000,14.36900000000000,1.17920000000000,4.94380000000000,5.3049,NA,14839.1342,14.3806,13.2014,1.1792,13.6547,4.4905,4.3696,0.1209,2.0385,14839.1342,NA,NA
gamemd.exe,18224,0x42C3CE0,D3D9,0,0,1,Hardware: Independent Flip,14868.7090,NA,16.37340000000000,16.70370000000000,0.97170000000000,4.25690000000000,5.6352,NA,14853.5148,16.1659,15.1942,0.9717,15.6427,3.8084,3.7223,0.0861,-2.3231,14853.5148,NA,NA
gamemd.exe,18224,0x42C3CE0,D3D9,0,0,1,Hardware: Independent Flip,14885.5793,NA,16.87030000000000,17.58970000000000,2.43060000000000,6.15800000000000,6.3546,NA,14869.6807,18.3292,15.8986,2.4306,16.7804,5.2762,4.3668,0.9094,-1.4238,14869.6807,23.6891,NA
gamemd.exe,18224,0x42C3CE0,D3D9,0,0,1,Hardware: Independent Flip,14901.8927,NA,16.31340000000000,15.71100000000000,1.11130000000000,4.31020000000000,5.7522,NA,14888.0099,14.9941,13.8828,1.1113,14.3938,3.7992,3.7153,0.0839,2.6182,14888.0099,15.2714,NA
gamemd.exe,18224,0x42C3CE0,D3D9,0,0,1,Hardware: Independent Flip,14919.7042,NA,17.81150000000000,18.47250000000000,2.41770000000000,6.18550000000000,6.4132,NA,14903.0040,19.1179,16.7002,2.4177,17.8361,5.0496,4.3887,0.6609,-3.4784,14903.0040,25.8705,NA
gamemd.exe,18224,0x42C3CE0,D3D9,0,0,1,Hardware: Independent Flip,14935.1975,NA,15.49330000000000,14.85780000000000,1.12570000000000,4.31920000000000,5.7777,NA,14922.1219,14.2013,13.0756,1.1257,13.5862,3.8086,3.7173,0.0913,4.2601,14922.1219,24.7192,NA
gamemd.exe,18224,0x42C3CE0,D3D9,0,0,1,Hardware: Independent Flip,14952.9849,NA,17.78740000000000,18.24520000000000,2.33280000000000,6.02460000000000,6.2355,NA,14936.3232,18.9945,16.6617,2.3328,17.9998,4.6865,4.1382,0.5483,-4.0439,14936.3232,26.9513,NA
gamemd.exe,18224,0x42C3CE0,D3D9,0,0,1,Hardware: Independent Flip,14968.8011,NA,15.81620000000000,15.06130000000000,0.95430000000000,4.34530000000000,5.4806,NA,14955.3177,14.4377,13.4834,0.9543,13.8928,3.9359,3.8587,0.0772,3.9332,14955.3177,26.0383,NA
gamemd.exe,18224,0x42C3CE0,D3D9,0,0,1,Hardware: Independent Flip,14986.1009,NA,17.29980000000000,18.27910000000000,2.86370000000000,6.24550000000000,6.4599,NA,14969.7554,19.2092,16.3455,2.8637,17.9200,4.6710,4.0644,0.6066,-3.8414,14969.7554,28.3175,NA
gamemd.exe,18224,0x42C3CE0,D3D9,0,0,1,Hardware: Independent Flip,15001.9083,NA,15.80740000000000,15.63180000000000,2.99270000000000,6.06870000000000,6.2843,NA,14988.9646,15.9364,12.9437,2.9927,13.8247,5.1877,4.6737,0.5140,3.5774,14988.9646,27.9312,NA
gamemd.exe,18224,0x42C3CE0,D3D9,0,0,1,Hardware: Independent Flip,15018.5776,NA,16.66930000000000,16.08770000000000,1.47240000000000,5.11180000000000,5.7027,NA,15004.9010,15.1490,13.6766,1.4724,14.1642,4.6242,4.5437,0.0805,-0.1513,15004.9010,19.9010,NA
gamemd.exe,18224,0x42C3CE0,D3D9,0,0,1,Hardware: Independent Flip,15036.5654,NA,17.98780000000000,18.06840000000000,2.76960000000000,5.55240000000000,5.7833,NA,15020.0500,19.2850,16.5154,2.7696,17.2529,4.8149,4.3766,0.4383,-2.9194,15020.0500,30.0991,NA
gamemd.exe,18224,0x42C3CE0,D3D9,0,0,1,Hardware: Independent Flip,15053.2020,NA,16.63660000000000,16.96390000000000,2.18610000000000,5.87460000000000,6.1106,NA,15039.3350,16.0531,13.8670,2.1861,14.6230,5.1186,4.5205,0.5981,2.3211,15039.3350,6.9874,NA
gamemd.exe,18224,0x42C3CE0,D3D9,0,0,1,Hardware: Independent Flip,15069.0352,NA,15.83320000000000,15.98570000000000,2.13970000000000,6.05250000000000,6.2631,NA,15055.3881,15.7868,13.6471,2.1397,14.7973,4.9023,4.2796,0.6227,0.0674,15055.3881,6.9620,NA
gamemd.exe,18224,0x42C3CE0,D3D9,0,0,1,Hardware: Independent Flip,15085.6282,NA,16.59300000000000,16.75700000000000,2.27720000000000,6.21030000000000,6.4271,NA,15071.1749,16.7305,14.4533,2.2772,15.8137,4.8499,4.1263,0.7236,-0.9702,15071.1749,15.7589,NA
gamemd.exe,18224,0x42C3CE0,D3D9,0,0,1,Hardware: Independent Flip,15102.4690,NA,16.84080000000000,17.11160000000000,2.23840000000000,6.45700000000000,6.6979,NA,15087.9054,16.8020,14.5636,2.2384,15.8877,5.1329,4.1911,0.9418,-0.3811,15087.9054,16.9031,NA
gamemd.exe,18224,0x42C3CE0,D3D9,0,0,1,Hardware: Independent Flip,15118.9328,NA,16.46380000000000,16.14530000000000,2.32080000000000,6.13980000000000,6.3794,NA,15104.7074,16.5462,14.2254,2.3208,15.6310,4.7342,3.9526,0.7816,0.6567,15104.7074,17.0125,NA
gamemd.exe,18224,0x42C3CE0,D3D9,0,0,1,Hardware: Independent Flip,15135.6015,NA,16.66870000000000,16.55160000000000,3.35840000000000,6.07510000000000,6.2623,NA,15121.2536,17.7063,14.3479,3.3584,15.3311,5.0919,4.7769,0.3150,-0.0054,15121.2536,9.6343,NA
gamemd.exe,18224,0x42C3CE0,D3D9,0,0,1,Hardware: Independent Flip,15152.1322,NA,16.53070000000000,15.73370000000000,1.17300000000000,4.34330000000000,5.4653,NA,15138.9599,14.3453,13.1723,1.1730,13.6769,3.8387,3.7673,0.0714,1.9726,15138.9599,17.2349,NA
gamemd.exe,18224,0x42C3CE0,D3D9,0,0,1,Hardware: Independent Flip,15169.7421,NA,17.60990000000000,18.27940000000000,2.87810000000000,5.91490000000000,6.1348,NA,15153.3052,19.3150,16.4369,2.8781,17.1456,5.2062,4.4708,0.7354,-3.9341,15153.3052,19.4678,NA
gamemd.exe,18224,0x42C3CE0,D3D9,0,0,1,Hardware: Independent Flip,15185.5224,NA,15.78030000000000,15.07400000000000,1.23490000000000,4.97790000000000,5.4285,NA,15172.6202,14.1371,12.9022,1.2349,13.4238,4.4563,3.9473,0.5090,4.2410,15172.6202,18.7031,NA
gamemd.exe,18224,0x42C3CE0,D3D9,0,0,1,Hardware: Independent Flip,15202.1835,NA,16.66110000000000,16.67960000000000,1.19000000000000,4.84630000000000,5.4470,NA,15186.7573,16.6162,15.4262,1.1900,15.9668,4.3057,3.8573,0.4484,-2.5425,15186.7573,19.2926,NA
gamemd.exe,18224,0x42C3CE0,D3D9,0,0,1,Hardware: Independent Flip,15218.9304,NA,16.74690000000000,17.60130000000000,1.21660000000000,6.07930000000000,6.3014,NA,15203.3735,16.7735,15.5569,1.2166,16.1336,5.5026,4.0857,1.4169,-0.9851,15203.3735,NA,NA
gamemd.exe,18224,0x42C3CE0,D3D9,0,0,1,Hardware: Independent Flip,15235.3706,NA,16.44020000000000,15.81800000000000,1.33550000000000,5.14040000000000,5.6792,NA,15220.1470,16.5591,15.2236,1.3355,15.7457,4.6183,4.4544,0.1639,0.9555,15220.1470,NA,NA
gamemd.exe,18224,0x42C3CE0,D3D9,0,0,1,Hardware: Independent Flip,15252.4953,NA,17.12470000000000,18.21670000000000,3.68950000000000,6.56820000000000,6.7712,NA,15236.7061,19.4787,15.7892,3.6895,17.4988,4.8586,4.3692,0.4894,-1.6576,15236.7061,NA,NA
gamemd.exe,18224,0x42C3CE0,D3D9,0,0,1,Hardware: Independent Flip,15268.9439,NA,16.44860000000000,16.41040000000000,2.82030000000000,6.51630000000000,6.7330,NA,15256.1848,15.5794,12.7591,2.8203,13.8425,5.4329,5.0203,0.4126,3.0683,15256.1848,NA,NA
gamemd.exe,18224,0x42C3CE0,D3D9,0,0,1,Hardware: Independent Flip,15286.1950,NA,17.25110000000000,17.05190000000000,3.50180000000000,6.25590000000000,6.5338,NA,15271.7642,17.9326,14.4308,3.5018,15.9564,4.7303,4.3615,0.3688,-1.4725,15271.7642,NA,NA
gamemd.exe,18224,0x42C3CE0,D3D9,0,0,1,Hardware: Independent Flip,15302.8506,NA,16.65560000000000,16.63470000000000,2.27540000000000,6.27780000000000,6.5129,NA,15289.6968,15.4292,13.1538,2.2754,14.5483,4.8833,4.1268,0.7565,1.2979,15289.6968,NA,NA
gamemd.exe,18224,0x42C3CE0,D3D9,0,0,1,Hardware: Independent Flip,15320.1776,NA,17.32700000000000,16.46220000000000,2.52470000000000,5.39740000000000,5.6481,NA,15305.1260,17.5763,15.0516,2.5247,15.7598,4.6892,4.3281,0.3611,-1.0330,15305.1260,NA,NA
gamemd.exe,18224,0x42C3CE0,D3D9,0,0,1,Hardware: Independent Flip,15336.5091,NA,16.33150000000000,16.55010000000000,2.65660000000000,5.64980000000000,5.8667,NA,15322.7023,16.4634,13.8068,2.6566,14.5557,4.9009,4.4985,0.4024,1.0262,15322.7023,NA,NA
gamemd.exe,18224,0x42C3CE0,D3D9,0,0,1,Hardware: Independent Flip,15352.5464,NA,16.03730000000000,16.59700000000000,2.41100000000000,6.20620000000000,6.4264,NA,15339.1657,15.7917,13.3807,2.4110,14.5987,4.9882,4.3956,0.5926,-0.1336,15339.1657,NA,NA
gamemd.exe,18224,0x42C3CE0,D3D9,0,0,1,Hardware: Independent Flip,15368.6776,NA,16.13120000000000,16.28140000000000,3.02370000000000,6.39300000000000,6.5766,NA,15354.9574,16.7439,13.7202,3.0237,14.7690,5.3442,4.8021,0.5421,-0.4897,15354.9574,NA,NA
gamemd.exe,18224,0x42C3CE0,D3D9,0,0,1,Hardware: Independent Flip,15385.4606,NA,16.78300000000000,16.54090000000000,2.99380000000000,6.13980000000000,6.3345,NA,15371.7013,16.7531,13.7593,2.9938,14.4662,5.4329,4.9077,0.5252,0.2030,15371.7013,NA,NA
gamemd.exe,18224,0x42C3CE0,D3D9,0,0,1,Hardware: Independent Flip,15401.8308,NA,16.37020000000000,15.80000000000000,1.40460000000000,5.25060000000000,5.7643,NA,15388.4544,14.7810,13.3764,1.4046,14.0242,4.6028,4.0889,0.5139,0.9531,15388.4544,NA,NA
gamemd.exe,18224,0x42C3CE0,D3D9,0,0,1,Hardware: Independent Flip,15418.6850,NA,16.85420000000000,17.79860000000000,3.04460000000000,6.48490000000000,6.7087,NA,15403.2354,18.4942,15.4496,3.0446,16.4537,5.4808,4.7912,0.6896,-3.0176,15403.2354,NA,NA
gamemd.exe,18224,0x42C3CE0,D3D9,0,0,1,Hardware: Independent Flip,15436.6507,NA,17.96570000000000,16.88610000000000,2.57620000000000,5.38220000000000,5.6291,NA,15421.7296,17.4973,14.9211,2.5762,15.5327,4.7706,4.4088,0.3618,1.6081,15421.7296,NA,NA
gamemd.exe,18224,0x42C3CE0,D3D9,0,0,1,Hardware: Independent Flip,15452.7109,NA,16.06020000000000,17.03260000000000,2.45730000000000,6.34610000000000,6.6015,NA,15439.2269,15.9413,13.4840,2.4573,15.1487,4.6814,4.0811,0.6003,0.4647,15439.2269,NA,NA
gamemd.exe,18224,0x42C3CE0,D3D9,0,0,1,Hardware: Independent Flip,15469.7222,NA,17.01130000000000,16.83990000000000,2.39800000000000,6.23240000000000,6.4301,NA,15455.1682,16.9520,14.5540,2.3980,16.0282,4.7582,4.0053,0.7529,-0.8986,15455.1682,NA,NA
gamemd.exe,18224,0x42C3CE0,D3D9,0,0,1,Hardware: Independent Flip,15485.9372,NA,16.21500000000000,16.45320000000000,2.63440000000000,6.40160000000000,6.6683,NA,15472.1202,16.4514,13.8170,2.6344,15.4329,4.7857,3.8983,0.8874,0.4988,15472.1202,NA,NA
gamemd.exe,18224,0x42C3CE0,D3D9,0,0,1,Hardware: Independent Flip,15502.2563,NA,16.31910000000000,16.15020000000000,2.31000000000000,6.27190000000000,6.4994,NA,15488.5716,15.9947,13.6847,2.3100,15.1538,4.8028,4.0883,0.7145,0.3012,15488.5716,NA,NA
gamemd.exe,18224,0x42C3CE0,D3D9,0,0,1,Hardware: Independent Flip,15519.3179,NA,17.06160000000000,17.21490000000000,2.43410000000000,6.44700000000000,6.6527,NA,15504.5663,17.1857,14.7516,2.4341,16.3353,4.8633,4.0240,0.8393,-1.2202,15504.5663,NA,NA
gamemd.exe,18224,0x42C3CE0,D3D9,0,0,1,Hardware: Independent Flip,15536.4108,NA,17.09290000000000,17.15990000000000,2.37400000000000,6.49270000000000,6.7197,NA,15521.7520,17.0328,14.6588,2.3740,16.1631,4.9884,4.3131,0.6753,0.0258,15521.7520,18.8588,NA
gamemd.exe,18224,0x42C3CE0,D3D9,0,0,1,Hardware: Independent Flip,15552.7193,NA,16.30850000000000,16.30010000000000,2.76520000000000,6.53700000000000,6.7113,NA,15538.7848,16.6997,13.9345,2.7652,15.9054,4.5661,4.2494,0.3167,0.7327,15538.7848,19.0683,NA
gamemd.exe,18224,0x42C3CE0,D3D9,0,0,1,Hardware: Independent Flip,15569.0420,NA,16.32270000000000,15.71620000000000,2.41670000000000,5.89600000000000,6.1048,NA,15555.4845,15.9742,13.5575,2.4167,14.3588,5.0947,4.5351,0.5596,0.9835,15555.4845,18.5900,NA
gamemd.exe,18224,0x42C3CE0,D3D9,0,0,1,Hardware: Independent Flip,15585.5654,NA,16.52340000000000,17.34620000000000,2.98530000000000,6.67450000000000,6.9276,NA,15571.4587,17.0920,14.1067,2.9853,15.1019,5.6793,5.2279,0.4514,-1.3720,15571.4587,20.2487,NA
gamemd.exe,18224,0x42C3CE0,D3D9,0,0,1,Hardware: Independent Flip,15602.4600,NA,16.89460000000000,16.17520000000000,3.03270000000000,5.99340000000000,6.2082,NA,15588.5507,16.9420,13.9093,3.0327,15.0601,4.8426,4.7352,0.1074,0.9168,15588.5507,20.3985,NA
gamemd.exe,18224,0x42C3CE0,D3D9,0,0,1,Hardware: Independent Flip,15618.5929,NA,16.13290000000000,16.51920000000000,3.30250000000000,6.37090000000000,6.5945,NA,15605.4927,16.4027,13.1002,3.3025,14.0477,5.4234,4.7995,0.6239,0.4228,15605.4927,20.6438,NA
gamemd.exe,18224,0x42C3CE0,D3D9,0,0,1,Hardware: Independent Flip,15636.0479,NA,17.45500000000000,16.75940000000000,3.02890000000000,5.72220000000000,5.8989,NA,15621.8954,17.1814,14.1525,3.0289,15.4219,4.4528,4.3313,0.1215,-0.3567,15621.8954,21.1170,NA
gamemd.exe,18224,0x42C3CE0,D3D9,0,0,1,Hardware: Independent Flip,15652.8647,NA,16.81680000000000,16.76670000000000,2.24130000000000,5.64390000000000,5.8488,NA,15639.0768,16.0292,13.7879,2.2413,14.5706,4.8612,4.7656,0.0956,0.4147,15639.0768,21.8915,NA
gamemd.exe,18224,0x42C3CE0,D3D9,0,0,1,Hardware: Independent Flip,15669.2745,NA,16.40980000000000,17.43560000000000,2.51390000000000,6.67340000000000,6.8746,NA,15655.1060,16.6824,14.1685,2.5139,15.8482,4.9937,4.5481,0.4456,-1.4064,15655.1060,23.8883,NA
gamemd.exe,18224,0x42C3CE0,D3D9,0,0,1,Hardware: Independent Flip,15685.6928,NA,16.41830000000000,16.09470000000000,2.65300000000000,6.34900000000000,6.5510,NA,15671.7884,16.5574,13.9044,2.6530,15.7008,4.5526,4.3771,0.1755,0.5877,15671.7884,23.9633,NA
gamemd.exe,18224,0x42C3CE0,D3D9,0,0,1,Hardware: Independent Flip,15703.3578,NA,17.66500000000000,17.47560000000000,2.29930000000000,6.12680000000000,6.3616,NA,15688.3458,17.3113,15.0120,2.2993,16.4325,4.7063,4.0790,0.6273,-0.9182,15688.3458,17.4639,NA
gamemd.exe,18224,0x42C3CE0,D3D9,0,0,1,Hardware: Independent Flip,15719.2818,NA,15.92400000000000,16.01570000000000,2.42110000000000,6.25380000000000,6.4533,NA,15705.6571,16.0458,13.6247,2.4211,15.2923,4.5862,4.1051,0.4811,1.2956,15705.6571,25.4057,NA
gamemd.exe,18224,0x42C3CE0,D3D9,0,0,1,Hardware: Independent Flip,15735.7166,NA,16.43480000000000,16.46320000000000,2.68580000000000,6.24990000000000,6.4817,NA,15721.7029,16.6995,14.0137,2.6858,15.5762,4.6874,4.2355,0.4519,-0.4174,15721.7029,25.9152,NA
gamemd.exe,18224,0x42C3CE0,D3D9,0,0,1,Hardware: Independent Flip,15752.9998,NA,17.28320000000000,17.57470000000000,2.45900000000000,6.53100000000000,6.7732,NA,15738.4024,17.0564,14.5974,2.4590,16.1238,5.0046,4.2143,0.7903,-0.8752,15738.4024,19.4470,NA
gamemd.exe,18224,0x42C3CE0,D3D9,0,0,1,Hardware: Independent Flip,15770.2952,NA,17.29540000000000,16.18870000000000,2.57750000000000,5.43890000000000,5.6665,NA,15755.4588,17.4139,14.8364,2.5775,15.4343,4.8410,4.3967,0.4443,0.8677,15755.4588,27.7011,NA
gamemd.exe,18224,0x42C3CE0,D3D9,0,0,1,Hardware: Independent Flip,15786.2405,NA,15.94530000000000,16.93870000000000,2.74510000000000,6.44870000000000,6.6599,NA,15772.8727,16.1129,13.3678,2.7451,14.8038,5.0127,4.2853,0.7274,0.4752,15772.8727,20.6232,NA
gamemd.exe,18224,0x42C3CE0,D3D9,0,0,1,Hardware: Independent Flip,15802.8943,NA,16.65380000000000,16.72670000000000,2.48440000000000,6.50240000000000,6.7328,NA,15788.9856,16.3931,13.9087,2.4844,15.4489,4.9622,4.2475,0.7147,-0.6138,15788.9856,NA,NA
gamemd.exe,18224,0x42C3CE0,D3D9,0,0,1,Hardware: Independent Flip,15819.0481,NA,16.15380000000000,16.18580000000000,2.58000000000000,6.56770000000000,6.7648,NA,15805.3787,16.2494,13.6694,2.5800,15.3837,4.8534,4.1016,0.7518,0.2073,15805.3787,29.5690,29.5690
gamemd.exe,18224,0x42C3CE0,D3D9,0,0,1,Hardware: Independent Flip,15835.4161,NA,16.36800000000000,16.58560000000000,2.38330000000000,6.72300000000000,6.9824,NA,15821.6281,16.1713,13.7880,2.3833,15.4124,5.0986,4.2531,0.8455,-0.3362,15821.6281,NA,NA
gamemd.exe,18224,0x42C3CE0,D3D9,0,0,1,Hardware: Independent Flip,15853.4294,NA,18.01330000000000,16.19790000000000,2.46400000000000,4.98440000000000,5.1670,NA,15837.7994,18.0940,15.6300,2.4640,16.2490,4.3654,4.2633,0.1021,-0.0266,15837.7994,NA,NA
gamemd.exe,18224,0x42C3CE0,D3D9,0,0,1,Hardware: Independent Flip,15870.0781,NA,16.64870000000000,17.61010000000000,2.33410000000000,5.90120000000000,6.1284,NA,15855.8934,16.5188,14.1847,2.3341,14.8033,5.2826,4.4370,0.8456,0.4839,15855.8934,NA,NA
gamemd.exe,18224,0x42C3CE0,D3D9,0,0,1,Hardware: Independent Flip,15885.3980,NA,15.31990000000000,15.73140000000000,2.43920000000000,6.32420000000000,6.5399,NA,15872.4122,15.4250,12.9858,2.4392,14.4169,4.8931,4.1291,0.7640,0.7874,15872.4122,15.6996,15.6996
gamemd.exe,18224,0x42C3CE0,D3D9,0,0,1,Hardware: Independent Flip,15902.1152,NA,16.71720000000000,16.87500000000000,2.51400000000000,6.43170000000000,6.6977,NA,15887.8372,16.7920,14.2780,2.5140,15.7972,4.9125,4.2282,0.6843,-1.4500,15887.8372,NA,NA
gamemd.exe,18224,0x42C3CE0,D3D9,0,0,1,Hardware: Independent Flip,15919.1422,NA,17.02700000000000,16.78060000000000,2.25810000000000,6.26240000000000,6.4513,NA,15904.6292,16.7711,14.5130,2.2581,15.9779,4.7975,3.9118,0.8857,0.0114,15904.6292,NA,NA
gamemd.exe,18224,0x42C3CE0,D3D9,0,0,1,Hardware: Independent Flip,15935.6879,NA,16.54570000000000,17.00890000000000,2.37380000000000,6.60070000000000,6.9145,NA,15921.4003,16.6614,14.2876,2.3738,15.8051,5.0832,4.2325,0.8507,-0.2378,15921.4003,NA,NA
gamemd.exe,18224,0x42C3CE0,D3D9,0,0,1,Hardware: Independent Flip,15952.1715,NA,16.48360000000000,16.32960000000000,3.05040000000000,6.49450000000000,6.7605,NA,15938.0617,17.1602,14.1098,3.0504,14.8941,5.7102,4.8604,0.8498,0.3318,15938.0617,NA,NA
gamemd.exe,18224,0x42C3CE0,D3D9,0,0,1,Hardware: Independent Flip,15968.7878,NA,16.61630000000000,15.26760000000000,1.21120000000000,5.22550000000000,5.4118,NA,15955.2219,14.7771,13.5659,1.2112,14.0744,4.7170,4.6140,0.1030,1.8926,15955.2219,NA,NA
gamemd.exe,18224,0x42C3CE0,D3D9,0,0,1,Hardware: Independent Flip,15986.6580,NA,17.87020000000000,18.09260000000000,2.54890000000000,5.42600000000000,5.6342,NA,15969.9990,19.2079,16.6590,2.5489,17.3784,4.7066,4.2756,0.4310,-3.3155,15969.9990,NA,NA
gamemd.exe,18224,0x42C3CE0,D3D9,0,0,1,Hardware: Independent Flip,16002.3695,NA,15.71150000000000,17.19810000000000,2.68430000000000,6.89210000000000,7.1208,NA,15989.2069,15.8469,13.1626,2.6843,14.9604,5.0943,4.4051,0.6892,2.0098,15989.2069,NA,NA
gamemd.exe,18224,0x42C3CE0,D3D9,0,0,1,Hardware: Independent Flip,16019.3083,NA,16.93880000000000,15.60000000000000,2.94390000000000,5.59270000000000,5.7820,NA,16005.0538,17.1984,14.2545,2.9439,15.4461,4.4011,4.2760,0.1251,0.2469,16005.0538,NA,NA
gamemd.exe,18224,0x42C3CE0,D3D9,0,0,1,Hardware: Independent Flip,16035.6438,NA,16.33550000000000,17.05770000000000,2.55550000000000,6.31650000000000,6.5042,NA,16022.2522,15.9471,13.3916,2.5555,15.0696,4.6385,4.4130,0.2255,0.1407,16022.2522,NA,NA
gamemd.exe,18224,0x42C3CE0,D3D9,0,0,1,Hardware: Independent Flip,16053.3528,NA,17.70900000000000,16.26660000000000,2.56760000000000,4.88230000000000,5.0618,NA,16038.1993,17.7211,15.1535,2.5676,15.7702,4.2656,4.1886,0.0770,-0.3195,16038.1993,NA,NA
gamemd.exe,18224,0x42C3CE0,D3D9,0,0,1,Hardware: Independent Flip,16069.1567,NA,15.80390000000000,17.42920000000000,2.28730000000000,6.37890000000000,6.6871,NA,16055.9204,15.5236,13.2363,2.2873,14.7540,4.8612,3.9941,0.8671,0.2919,16055.9204,NA,NA
gamemd.exe,18224,0x42C3CE0,D3D9,0,0,1,Hardware: Independent Flip,16086.2241,NA,17.06740000000000,16.78000000000000,2.44810000000000,6.19440000000000,6.3997,NA,16071.4440,17.2282,14.7801,2.4481,16.2286,4.7459,3.9734,0.7725,-1.2564,16071.4440,NA,NA
gamemd.exe,18224,0x42C3CE0,D3D9,0,0,1,Hardware: Independent Flip,16103.2304,NA,17.00630000000000,17.09780000000000,2.39890000000000,6.25860000000000,6.4912,NA,16088.6722,16.9571,14.5582,2.3989,16.1533,4.6635,4.0239,0.6396,0.1304,16088.6722,NA,NA
gamemd.exe,18224,0x42C3CE0,D3D9,0,0,1,Hardware: Independent Flip,16119.4233,NA,16.19290000000000,15.50280000000000,3.12290000000000,5.64000000000000,5.8011,NA,16105.6293,16.9169,13.7940,3.1229,14.9792,4.4548,4.3091,0.1457,1.4543,16105.6293,NA,NA
gamemd.exe,18224,0x42C3CE0,D3D9,0,0,1,Hardware: Independent Flip,16135.9629,NA,16.53960000000000,16.80210000000000,2.52230000000000,5.85590000000000,6.0636,NA,16122.5462,15.9390,13.4167,2.5223,14.0721,5.2005,4.3818,0.8187,0.1148,16122.5462,NA,NA
gamemd.exe,18224,0x42C3CE0,D3D9,0,0,1,Hardware: Independent Flip,16152.7579,NA,16.79500000000000,17.24000000000000,2.34100000000000,6.29520000000000,6.5086,NA,16138.4852,16.6137,14.2727,2.3410,15.6039,4.9640,4.1851,0.7789,-1.3010,16138.4852,NA,NA
gamemd.exe,18224,0x42C3CE0,D3D9,0,0,1,Hardware: Independent Flip,16169.8212,NA,17.06330000000000,16.51970000000000,2.66440000000000,5.73460000000000,5.9650,NA,16155.0989,17.3867,14.7223,2.6644,15.5186,4.9383,4.5645,0.3738,0.0940,16155.0989,NA,NA
gamemd.exe,18224,0x42C3CE0,D3D9,0,0,1,Hardware: Independent Flip,16185.7198,NA,15.89860000000000,16.35540000000000,2.38090000000000,6.11230000000000,6.4218,NA,16172.4856,15.6151,13.2342,2.3809,14.7058,4.6407,4.1804,0.4603,1.0313,16172.4856,NA,NA
gamemd.exe,18224,0x42C3CE0,D3D9,0,0,1,Hardware: Independent Flip,16203.2636,NA,17.54380000000000,16.89540000000000,2.19600000000000,5.54390000000000,5.7734,NA,16188.1007,17.3589,15.1629,2.1960,15.8183,4.8885,4.3342,0.5543,-1.2803,16188.1007,NA,NA
gamemd.exe,18224,0x42C3CE0,D3D9,0,0,1,Hardware: Independent Flip,16219.0228,NA,15.75920000000000,16.65350000000000,2.62780000000000,6.41580000000000,6.6677,NA,16205.4596,16.1910,13.5632,2.6278,15.2713,4.7077,4.1573,0.5504,0.7054,16205.4596,NA,NA
gamemd.exe,18224,0x42C3CE0,D3D9,0,0,1,Hardware: Independent Flip,16236.5904,NA,17.56760000000000,16.65310000000000,1.77690000000000,5.49310000000000,5.7532,NA,16221.6506,16.7167,14.9398,1.7769,15.6508,4.7821,4.1984,0.5837,-0.4621,16221.6506,NA,NA
gamemd.exe,18224,0x42C3CE0,D3D9,0,0,1,Hardware: Independent Flip,16252.6999,NA,16.10950000000000,16.82010000000000,2.20680000000000,6.24500000000000,6.4638,NA,16238.3673,16.5394,14.3326,2.2068,15.8043,4.7733,4.0443,0.7290,-0.1034,16238.3673,NA,NA
gamemd.exe,18224,0x42C3CE0,D3D9,0,0,1,Hardware: Independent Flip,16269.2568,NA,16.55690000000000,16.38770000000000,3.41580000000000,6.11840000000000,6.2946,NA,16254.9067,17.7659,14.3501,3.4158,16.0018,4.4667,4.3378,0.1289,0.1517,16254.9067,NA,NA
gamemd.exe,18224,0x42C3CE0,D3D9,0,0,1,Hardware: Independent Flip,16285.8352,NA,16.57840000000000,16.56500000000000,3.67050000000000,6.08390000000000,6.2812,NA,16272.6726,16.8331,13.1626,3.6705,14.9006,4.3459,4.2180,0.1279,1.2009,16272.6726,NA,NA
gamemd.exe,18224,0x42C3CE0,D3D9,0,0,1,Hardware: Independent Flip,16302.3076,NA,16.47240000000000,16.89530000000000,3.57870000000000,6.51660000000000,6.7041,NA,16289.5057,16.3806,12.8019,3.5787,14.4782,4.8403,4.6003,0.2400,-0.0622,16289.5057,NA,NA
gamemd.exe,18224,0x42C3CE0,D3D9,0,0,1,Hardware: Independent Flip,16318.9123,NA,16.60470000000000,15.17870000000000,1.20720000000000,4.73500000000000,5.2781,NA,16305.8863,14.2332,13.0260,1.2072,13.5615,4.1995,3.7920,0.4075,1.2019,16305.8863,NA,NA
gamemd.exe,18224,0x42C3CE0,D3D9,0,0,1,Hardware: Independent Flip,16335.4663,NA,16.55400000000000,16.65150000000000,1.21460000000000,4.42490000000000,5.3756,NA,16320.1195,16.5614,15.3468,1.2146,15.8457,3.9260,3.8324,0.0936,-2.4183,16320.1195,NA,NA
gamemd.exe,18224,0x42C3CE0,D3D9,0,0,1,Hardware: Independent Flip,16352.3286,NA,16.86230000000000,16.66810000000000,1.25800000000000,4.36010000000000,5.1814,NA,16336.6809,16.9057,15.6477,1.2580,16.2325,3.7753,3.6837,0.0916,-0.1067,16336.6809,NA,NA
gamemd.exe,18224,0x42C3CE0,D3D9,0,0,1,Hardware: Independent Flip,16368.6742,NA,16.34560000000000,16.64950000000000,1.16900000000000,4.55070000000000,5.4853,NA,16353.5866,16.2566,15.0876,1.1690,15.6516,3.9867,3.8544,0.1323,0.2562,16353.5866,NA,NA
gamemd.exe,18224,0x42C3CE0,D3D9,0,0,1,Hardware: Independent Flip,16385.4361,NA,16.76190000000000,16.65610000000000,1.25110000000000,4.69050000000000,5.3795,NA,16369.8432,16.8440,15.5929,1.2511,16.1194,4.1640,3.7544,0.4096,-0.3995,16369.8432,NA,NA
gamemd.exe,18224,0x42C3CE0,D3D9,0,0,1,Hardware: Independent Flip,16401.9580,NA,16.52190000000000,16.68270000000000,1.20520000000000,4.63550000000000,5.5403,NA,16386.6872,16.4760,15.2708,1.2052,15.8203,4.0860,3.9931,0.0929,0.1613,16386.6872,NA,NA
gamemd.exe,18224,0x42C3CE0,D3D9,0,0,1,Hardware: Independent Flip,16418.8120,NA,16.85400000000000,16.86890000000000,1.51480000000000,5.35820000000000,5.5552,NA,16403.1632,17.1636,15.6488,1.5148,16.2673,4.7397,4.1543,0.5854,-0.3929,16403.1632,NA,NA
gamemd.exe,18224,0x42C3CE0,D3D9,0,0,1,Hardware: Independent Flip,16436.5663,NA,17.75430000000000,17.90810000000000,2.67310000000000,5.47420000000000,5.7090,NA,16420.3268,18.9126,16.2395,2.6731,17.0423,4.6714,4.2919,0.3795,-0.7445,16420.3268,NA,NA
gamemd.exe,18224,0x42C3CE0,D3D9,0,0,1,Hardware: Independent Flip,16452.3164,NA,15.75010000000000,16.50620000000000,2.52710000000000,6.25290000000000,6.4651,NA,16439.2394,15.6041,13.0770,2.5271,14.6702,4.6597,4.0548,0.6049,2.4064,16439.2394,NA,NA
gamemd.exe,18224,0x42C3CE0,D3D9,0,0,1,Hardware: Independent Flip,16469.7262,NA,17.40980000000000,17.44280000000000,2.35060000000000,6.29250000000000,6.4981,NA,16454.8435,17.2333,14.8827,2.3506,15.9660,5.2092,4.3927,0.8165,-1.8387,16454.8435,NA,NA
gamemd.exe,18224,0x42C3CE0,D3D9,0,0,1,Hardware: Independent Flip,16485.9612,NA,16.23500000000000,16.00010000000000,2.41970000000000,6.03620000000000,6.2632,NA,16472.0768,16.3041,13.8844,2.4197,15.2509,4.6697,4.0473,0.6224,1.2332,16472.0768,NA,NA
gamemd.exe,18224,0x42C3CE0,D3D9,0,0,1,Hardware: Independent Flip,16503.1518,NA,17.19060000000000,17.16210000000000,2.32460000000000,5.99910000000000,6.2347,NA,16488.3809,17.0955,14.7709,2.3246,15.5195,5.2505,4.4204,0.8301,-0.8580,16488.3809,17.1312,NA
gamemd.exe,18224,0x42C3CE0,D3D9,0,0,1,Hardware: Independent Flip,16519.4445,NA,16.29270000000000,16.76850000000000,2.42670000000000,6.49940000000000,6.7105,NA,16505.4764,16.3948,13.9681,2.4267,15.5412,4.9263,4.2709,0.6554,0.3270,16505.4764,25.9073,NA
gamemd.exe,18224,0x42C3CE0,D3D9,0,0,1,Hardware: Independent Flip,16536.4970,NA,17.05250000000000,16.16980000000000,2.59480000000000,5.63170000000000,5.8278,NA,16521.8712,17.2206,14.6258,2.5948,15.3206,4.9369,4.4854,0.4515,0.2250,16521.8712,34.0300,NA
gamemd.exe,18224,0x42C3CE0,D3D9,0,0,1,Hardware: Independent Flip,16552.1659,NA,15.66890000000000,16.27340000000000,3.01420000000000,6.21400000000000,6.4323,NA,16539.0918,16.0883,13.0741,3.0142,14.0169,5.2712,4.7531,0.5181,0.9472,16539.0918,NA,NA
gamemd.exe,18224,0x42C3CE0,D3D9,0,0,1,Hardware: Independent Flip,16569.5234,NA,17.35750000000000,17.24970000000000,3.90100000000000,6.15290000000000,6.3245,NA,16555.1801,18.2443,14.3433,3.9010,15.8295,4.6667,4.5469,0.1198,-1.1614,16555.1801,NA,NA
gamemd.exe,18224,0x42C3CE0,D3D9,0,0,1,Hardware: Independent Flip,16586.0910,NA,16.56760000000000,16.75740000000000,2.41810000000000,6.25400000000000,6.5143,NA,16573.4244,15.0847,12.6666,2.4181,14.1579,4.7627,4.1044,0.6583,1.4869,16573.4244,NA,NA
gamemd.exe,18224,0x42C3CE0,D3D9,0,0,1,Hardware: Independent Flip,16602.9675,NA,16.87650000000000,17.14460000000000,2.42290000000000,6.59030000000000,6.7824,NA,16588.5091,16.8813,14.4584,2.4229,15.9988,5.0499,4.1567,0.8932,-2.0599,16588.5091,21.4917,NA
gamemd.exe,18224,0x42C3CE0,D3D9,0,0,1,Hardware: Independent Flip,16618.8168,NA,15.84930000000000,15.90990000000000,2.59180000000000,6.64130000000000,6.8430,NA,16605.3904,16.0182,13.4264,2.5918,15.2952,4.7725,3.9553,0.8172,0.9714,16605.3904,NA,NA
gamemd.exe,18224,0x42C3CE0,D3D9,0,0,1,Hardware: Independent Flip,16635.8275,NA,17.01070000000000,16.97080000000000,2.53680000000000,6.61450000000000,6.8031,NA,16621.4086,16.9557,14.4189,2.5368,15.6629,5.3705,4.5144,0.8561,-0.9526,16621.4086,NA,NA
gamemd.exe,18224,0x42C3CE0,D3D9,0,0,1,Hardware: Independent Flip,16653.6736,NA,17.84610000000000,16.75260000000000,1.61210000000000,5.46330000000000,5.7096,NA,16638.3643,16.9214,15.3093,1.6121,16.1374,4.6352,4.0556,0.5796,0.2031,16638.3643,NA,NA
gamemd.exe,18224,0x42C3CE0,D3D9,0,0,1,Hardware: Independent Flip,16669.4541,NA,15.78050000000000,16.39290000000000,2.23040000000000,6.06190000000000,6.3220,NA,16655.2857,16.3988,14.1684,2.2304,15.5401,4.6902,4.1527,0.5375,0.5285,16655.2857,NA,NA
gamemd.exe,18224,0x42C3CE0,D3D9,0,0,1,Hardware: Independent Flip,16686.3632,NA,16.90910000000000,16.80800000000000,2.46050000000000,5.99990000000000,6.2209,NA,16671.6845,17.1392,14.6787,2.4605,16.1522,4.5264,3.9601,0.5663,-0.4092,16671.6845,NA,NA
gamemd.exe,18224,0x42C3CE0,D3D9,0,0,1,Hardware: Independent Flip,16702.5296,NA,16.16640000000000,16.08690000000000,2.64670000000000,5.94560000000000,6.1414,NA,16688.8237,16.3526,13.7059,2.6467,15.2897,4.3618,4.2680,0.0938,1.0523,16688.8237,NA,NA
gamemd.exe,18224,0x42C3CE0,D3D9,0,0,1,Hardware: Independent Flip,16718.7178,NA,16.18820000000000,16.01150000000000,2.98110000000000,5.75940000000000,5.9647,NA,16705.1763,16.5226,13.5415,2.9811,14.4963,4.8046,4.6362,0.1684,0.3411,16705.1763,NA,NA
gamemd.exe,18224,0x42C3CE0,D3D9,0,0,1,Hardware: Independent Flip,16735.6530,NA,16.93520000000000,17.34400000000000,2.35900000000000,6.22150000000000,6.3735,NA,16721.6989,16.3131,13.9541,2.3590,15.5766,4.5990,4.3822,0.2168,-0.8214,16721.6989,NA,NA
gamemd.exe,18224,0x42C3CE0,D3D9,0,0,1,Hardware: Independent Flip,16753.2800,NA,17.62700000000000,18.00830000000000,2.48620000000000,6.51450000000000,6.7548,NA,16738.0120,17.7542,15.2680,2.4862,16.9524,4.8301,3.9381,0.8920,-1.6952,16738.0120,NA,NA
gamemd.exe,18224,0x42C3CE0,D3D9,0,0,1,Hardware: Independent Flip,16768.9912,NA,15.71120000000000,15.21260000000000,2.22470000000000,6.03810000000000,6.2562,NA,16755.7662,15.4497,13.2250,2.2247,14.2094,5.0537,4.4171,0.6366,2.5416,16755.7662,NA,NA
gamemd.exe,18224,0x42C3CE0,D3D9,0,0,1,Hardware: Independent Flip,16786.4863,NA,17.49510000000000,16.78700000000000,1.62450000000000,5.36050000000000,5.5481,NA,16771.2159,16.8949,15.2704,1.6245,16.0957,4.5352,4.0823,0.4529,-1.3373,16771.2159,NA,NA
gamemd.exe,18224,0x42C3CE0,D3D9,0,0,1,Hardware: Independent Flip,16802.1799,NA,15.69360000000000,16.27790000000000,2.38290000000000,5.93590000000000,6.1324,NA,16788.1108,16.4520,14.0691,2.3829,15.6026,4.4024,3.9360,0.4664,0.6170,16788.1108,NA,NA
gamemd.exe,18224,0x42C3CE0,D3D9,0,0,1,Hardware: Independent Flip,16818.7906,NA,16.61070000000000,17.26100000000000,2.87670000000000,6.58040000000000,6.7827,NA,16804.5628,17.1045,14.2278,2.8767,15.3350,5.4732,4.8935,0.5797,-0.8090,16804.5628,NA,NA
gamemd.exe,18224,0x42C3CE0,D3D9,0,0,1,Hardware: Independent Flip,16836.3925,NA,17.60190000000000,17.14070000000000,2.36990000000000,6.07630000000000,6.3215,NA,16821.6673,17.0951,14.7252,2.3699,16.2011,4.6004,4.0142,0.5862,-0.0362,16821.6673,NA,NA
gamemd.exe,18224,0x42C3CE0,D3D9,0,0,1,Hardware: Independent Flip,16853.3330,NA,16.94050000000000,16.16730000000000,2.29180000000000,5.33150000000000,5.5483,NA,16838.7624,16.8624,14.5706,2.2918,15.2169,4.6852,4.2742,0.4110,0.9278,16838.7624,NA,NA
gamemd.exe,18224,0x42C3CE0,D3D9,0,0,1,Hardware: Independent Flip,16868.8753,NA,15.54230000000000,16.18330000000000,2.83930000000000,5.99350000000000,6.1893,NA,16855.6248,16.0898,13.2505,2.8393,14.0188,5.2252,4.7465,0.4787,0.6791,16855.6248,22.2504,NA
gamemd.exe,18224,0x42C3CE0,D3D9,0,0,1,Hardware: Independent Flip,16885.7838,NA,16.90850000000000,17.19180000000000,4.05180000000000,6.27020000000000,6.4726,NA,16871.7146,18.1210,14.0692,4.0518,15.9278,4.4116,4.2942,0.1174,-1.1020,16871.7146,15.9879,NA
gamemd.exe,18224,0x42C3CE0,D3D9,0,0,1,Hardware: Independent Flip,16902.4898,NA,16.70600000000000,16.97300000000000,3.48920000000000,6.54620000000000,6.7396,NA,16889.8356,16.1434,12.6542,3.4892,14.3699,4.8305,4.2943,0.5362,1.1480,16889.8356,24.9485,NA
gamemd.exe,18224,0x42C3CE0,D3D9,0,0,1,Hardware: Independent Flip,16919.9012,NA,17.41140000000000,16.01130000000000,2.52660000000000,5.18050000000000,5.3395,NA,16905.9790,16.4488,13.9222,2.5266,14.6662,4.4365,4.3576,0.0789,0.1321,16905.9790,24.9924,NA
gamemd.exe,18224,0x42C3CE0,D3D9,0,0,1,Hardware: Independent Flip,16936.0407,NA,16.13950000000000,17.56840000000000,2.29990000000000,6.53530000000000,6.7684,NA,16922.4278,15.9128,13.6129,2.2999,15.1744,4.9738,4.1920,0.7818,-1.1196,16922.4278,26.5489,NA
gamemd.exe,18224,0x42C3CE0,D3D9,0,0,1,Hardware: Independent Flip,16952.3909,NA,16.35020000000000,16.32580000000000,2.49910000000000,6.50910000000000,6.7440,NA,16938.3406,16.5494,14.0503,2.4991,15.6057,4.9537,4.2514,0.7023,-0.4130,16938.3406,26.8962,NA
gamemd.exe,18224,0x42C3CE0,D3D9,0,0,1,Hardware: Independent Flip,16970.0216,NA,17.63070000000000,16.64460000000000,1.34090000000000,5.46570000000000,5.7579,NA,16954.8900,16.4725,15.1316,1.3409,15.7367,4.8606,4.2701,0.5905,-0.0952,16954.8900,35.4623,NA
gamemd.exe,18224,0x42C3CE0,D3D9,0,0,1,Hardware: Independent Flip,16985.4751,NA,15.45350000000000,16.36160000000000,2.55920000000000,6.45980000000000,6.6660,NA,16971.3625,16.6718,14.1126,2.5592,15.7398,4.8326,3.9655,0.8671,0.1109,16971.3625,NA,NA
gamemd.exe,18224,0x42C3CE0,D3D9,0,0,1,Hardware: Independent Flip,17002.9310,NA,17.45590000000000,16.41240000000000,1.49130000000000,5.42160000000000,5.6225,NA,16988.0343,16.3880,14.8967,1.4913,15.5962,4.7221,4.2062,0.5159,0.2594,16988.0343,NA,NA
gamemd.exe,18224,0x42C3CE0,D3D9,0,0,1,Hardware: Independent Flip,17018.7982,NA,15.86720000000000,16.98760000000000,2.53240000000000,6.50580000000000,6.7429,NA,17004.4223,16.9083,14.3759,2.5324,16.0975,4.7842,4.0702,0.7140,-0.5996,17004.4223,NA,NA
gamemd.exe,18224,0x42C3CE0,D3D9,0,0,1,Hardware: Independent Flip,17035.5308,NA,16.73260000000000,17.01680000000000,2.61370000000000,6.79470000000000,7.0271,NA,17021.3306,16.8139,14.2002,2.6137,15.9923,5.0026,4.1755,0.8271,-0.1085,17021.3306,NA,NA
gamemd.exe,18224,0x42C3CE0,D3D9,0,0,1,Hardware: Independent Flip,17051.9433,NA,16.41250000000000,14.93100000000000,1.28540000000000,4.84830000000000,5.5456,NA,17038.1445,15.0842,13.7988,1.2854,14.4837,4.1634,4.0109,0.1525,1.8829,17038.1445,NA,NA
gamemd.exe,18224,0x42C3CE0,D3D9,0,0,1,Hardware: Independent Flip,17068.9439,NA,17.00060000000000,16.84520000000000,1.20350000000000,5.16270000000000,5.3902,NA,17053.2287,16.9187,15.7152,1.2035,16.2869,4.5910,4.1429,0.4481,-1.7610,17053.2287,NA,NA
gamemd.exe,18224,0x42C3CE0,D3D9,0,0,1,Hardware: Independent Flip,17085.6292,NA,16.68530000000000,17.25700000000000,3.15580000000000,5.76060000000000,5.9619,NA,17070.1474,18.6376,15.4818,3.1558,16.4074,4.8350,4.3278,0.5072,-0.3383,17070.1474,NA,NA
gamemd.exe,18224,0x42C3CE0,D3D9,0,0,1,Hardware: Independent Flip,17103.1625,NA,17.53330000000000,17.22670000000000,2.28050000000000,5.43570000000000,5.6553,NA,17088.7850,16.6580,14.3775,2.2805,15.0058,4.8074,4.3272,0.4802,1.4109,17088.7850,NA,NA
gamemd.exe,18224,0x42C3CE0,D3D9,0,0,1,Hardware: Independent Flip,17119.2507,NA,16.08820000000000,16.49770000000000,2.51760000000000,5.85360000000000,6.0648,NA,17105.4430,16.3253,13.8077,2.5176,14.6162,5.0451,4.2699,0.7752,0.1603,17105.4430,NA,NA
gamemd.exe,18224,0x42C3CE0,D3D9,0,0,1,Hardware: Independent Flip,17136.0352,NA,16.78450000000000,17.22700000000000,2.48770000000000,6.24870000000000,6.5073,NA,17121.7683,16.7546,14.2669,2.4877,15.8488,4.6668,4.1232,0.5436,-0.9017,17121.7683,18.2346,NA
gamemd.exe,18224,0x42C3CE0,D3D9,0,0,1,Hardware: Independent Flip,17153.4656,NA,17.43040000000000,16.63830000000000,1.58720000000000,5.50180000000000,5.7152,NA,17138.5229,16.5299,14.9427,1.5872,15.7826,4.6619,4.1680,0.4939,0.1163,17138.5229,18.8688,NA
gamemd.exe,18224,0x42C3CE0,D3D9,0,0,1,Hardware: Independent Flip,17168.9281,NA,15.46250000000000,16.00500000000000,3.46890000000000,6.08590000000000,6.2577,NA,17155.0528,17.3442,13.8753,3.4689,15.6249,4.3363,4.2268,0.1095,0.5249,17155.0528,18.9200,NA
gamemd.exe,18224,0x42C3CE0,D3D9,0,0,1,Hardware: Independent Flip,17185.6500,NA,16.72190000000000,16.98500000000000,2.36700000000000,6.30970000000000,6.5208,NA,17172.3970,15.6200,13.2530,2.3670,14.7771,4.7856,4.0424,0.7432,0.3592,17172.3970,19.8802,NA
gamemd.exe,18224,0x42C3CE0,D3D9,0,0,1,Hardware: Independent Flip,17202.6198,NA,16.96980000000000,16.89930000000000,2.31700000000000,6.23670000000000,6.4503,NA,17188.0170,16.9198,14.6028,2.3170,15.9864,4.8531,4.0281,0.8250,-1.2793,17188.0170,20.7362,NA
gamemd.exe,18224,0x42C3CE0,D3D9,0,0,1,Hardware: Independent Flip,17218.9430,NA,16.32320000000000,16.55620000000000,2.56220000000000,6.51200000000000,6.6833,NA,17204.9368,16.5684,14.0062,2.5622,15.8203,4.6979,4.1110,0.5869,0.3636,17204.9368,13.3835,NA
gamemd.exe,18224,0x42C3CE0,D3D9,0,0,1,Hardware: Independent Flip,17235.4804,NA,16.53740000000000,16.69700000000000,2.72050000000000,6.62200000000000,6.8429,NA,17221.5052,16.6957,13.9752,2.7205,15.7951,4.8021,4.3434,0.4587,-0.1286,17221.5052,NA,NA
gamemd.exe,18224,0x42C3CE0,D3D9,0,0,1,Hardware: Independent Flip,17251.8036,NA,16.32320000000000,15.08520000000000,1.45260000000000,5.35130000000000,5.6049,NA,17238.2009,15.0553,13.6027,1.4526,14.1217,4.8323,4.7420,0.0903,1.6105,17238.2009,21.0522,NA
gamemd.exe,18224,0x42C3CE0,D3D9,0,0,1,Hardware: Independent Flip,17268.8737,NA,17.07010000000000,16.69290000000000,1.40200000000000,5.05230000000000,5.2277,NA,17253.2562,17.0195,15.6175,1.4020,16.1897,4.4801,4.3111,0.1690,-1.6376,17253.2562,21.8506,NA
gamemd.exe,18224,0x42C3CE0,D3D9,0,0,1,Hardware: Independent Flip,17285.1955,NA,16.32180000000000,16.63700000000000,1.20750000000000,4.76290000000000,5.5429,NA,17270.2757,16.1273,14.9198,1.2075,15.4442,4.2385,3.8085,0.4300,0.3825,17270.2757,22.4920,NA
gamemd.exe,18224,0x42C3CE0,D3D9,0,0,1,Hardware: Independent Flip,17302.2695,NA,17.07400000000000,16.82400000000000,1.37520000000000,5.06990000000000,5.2929,NA,17286.4030,17.2417,15.8665,1.3752,16.4440,4.4924,4.3481,0.1443,-0.6967,17286.4030,23.2999,NA
gamemd.exe,18224,0x42C3CE0,D3D9,0,0,1,Hardware: Independent Flip,17318.8399,NA,16.57040000000000,16.74290000000000,1.50950000000000,5.23910000000000,5.4654,NA,17303.6447,16.7047,15.1952,1.5095,15.8470,4.5873,4.0654,0.5219,0.4988,17303.6447,15.8303,NA
gamemd.exe,18224,0x42C3CE0,D3D9,0,0,1,Hardware: Independent Flip,17335.3243,NA,16.48440000000000,17.61300000000000,2.75300000000000,6.36150000000000,6.5940,NA,17320.3494,17.7279,14.9749,2.7530,16.0937,5.2427,4.8697,0.3730,-0.9083,17320.3494,25.6432,NA
gamemd.exe,18224,0x42C3CE0,D3D9,0,0,1,Hardware: Independent Flip,17351.8352,NA,16.51090000000000,15.46100000000000,1.46760000000000,5.25410000000000,5.5441,NA,17338.0773,15.2255,13.7579,1.4676,14.3263,4.6857,4.0810,0.6047,2.2669,17338.0773,17.0827,NA
gamemd.exe,18224,0x42C3CE0,D3D9,0,0,1,Hardware: Independent Flip,17368.5255,NA,16.69030000000000,17.01620000000000,1.25370000000000,5.59140000000000,5.8700,NA,17353.3028,16.4764,15.2227,1.2537,15.7490,5.0651,4.9796,0.0855,-1.7907,17353.3028,18.1422,NA
gamemd.exe,18224,0x42C3CE0,D3D9,0,0,1,Hardware: Independent Flip,17386.2573,NA,17.73180000000000,17.08780000000000,2.43760000000000,5.05060000000000,5.2260,NA,17369.7792,18.9157,16.4781,2.4376,17.1459,4.3828,4.3046,0.0782,-0.6114,17369.7792,27.2413,NA
gamemd.exe,18224,0x42C3CE0,D3D9,0,0,1,Hardware: Independent Flip,17403.1779,NA,16.92060000000000,17.49440000000000,1.64960000000000,5.58210000000000,5.7998,NA,17388.6949,16.1326,14.4830,1.6496,15.1166,4.9485,4.0463,0.9022,1.4213,17388.6949,28.6625,NA
gamemd.exe,18224,0x42C3CE0,D3D9,0,0,1,Hardware: Independent Flip,17418.7410,NA,15.56310000000000,16.00080000000000,2.62350000000000,6.03440000000000,6.2375,NA,17404.8275,16.5370,13.9135,2.6235,14.6157,5.3322,4.5549,0.7773,0.1318,17404.8275,20.7269,NA
gamemd.exe,18224,0x42C3CE0,D3D9,0,0,1,Hardware: Independent Flip,17435.6982,NA,16.95720000000000,17.48320000000000,2.57000000000000,6.51540000000000,6.7635,NA,17421.3645,16.9037,14.3337,2.5700,15.9914,4.8577,4.1548,0.7029,-0.9462,17421.3645,14.2212,NA
gamemd.exe,18224,0x42C3CE0,D3D9,0,0,1,Hardware: Independent Flip,17453.3394,NA,17.64120000000000,16.57590000000000,1.74180000000000,5.48050000000000,5.6982,NA,17438.2682,16.8130,15.0712,1.7418,15.8089,4.7428,4.1844,0.5584,0.3278,17438.2682,14.7955,NA
gamemd.exe,18224,0x42C3CE0,D3D9,0,0,1,Hardware: Independent Flip,17469.7489,NA,16.40950000000000,16.74740000000000,1.72970000000000,5.83610000000000,6.0361,NA,17455.0812,16.3974,14.6677,1.7297,15.4922,5.0116,4.0579,0.9537,0.0656,17455.0812,7.4987,NA
gamemd.exe,18224,0x42C3CE0,D3D9,0,0,1,Hardware: Independent Flip,17485.9070,NA,16.15810000000000,16.60170000000000,1.99180000000000,6.24130000000000,6.4797,NA,17471.4786,16.4202,14.4284,1.9918,15.7016,4.9681,4.1075,0.8606,-0.2043,17471.4786,16.1240,NA
gamemd.exe,18224,0x42C3CE0,D3D9,0,0,1,Hardware: Independent Flip,17502.6215,NA,16.71450000000000,16.69290000000000,3.76480000000000,6.27820000000000,6.4581,NA,17487.8988,18.4875,14.7227,3.7648,16.5394,4.4615,4.3207,0.1408,-0.2727,17487.8988,16.8177,NA
gamemd.exe,18224,0x42C3CE0,D3D9,0,0,1,Hardware: Independent Flip,17519.0440,NA,16.42250000000000,16.32010000000000,3.20030000000000,6.16410000000000,6.3557,NA,17506.3863,15.8580,12.6577,3.2003,13.5205,5.3013,4.8143,0.4870,2.1674,17506.3863,NA,NA
gamemd.exe,18224,0x42C3CE0,D3D9,0,0,1,Hardware: Independent Flip,17535.6343,NA,16.59030000000000,16.69030000000000,3.59560000000000,6.28420000000000,6.4557,NA,17522.2443,16.9856,13.3900,3.5956,15.1591,4.5151,4.3426,0.1725,-0.8323,17522.2443,NA,NA
gamemd.exe,18224,0x42C3CE0,D3D9,0,0,1,Hardware: Independent Flip,17552.2174,NA,16.58310000000000,16.68240000000000,2.66790000000000,6.36410000000000,6.5550,NA,17539.2299,15.6554,12.9875,2.6679,14.7972,4.5544,4.3809,0.1735,0.3032,17539.2299,NA,NA
gamemd.exe,18224,0x42C3CE0,D3D9,0,0,1,Hardware: Independent Flip,17568.5865,NA,16.36910000000000,16.32770000000000,2.78360000000000,6.32790000000000,6.5136,NA,17554.8853,16.4848,13.7012,2.7836,14.3608,5.6683,5.1069,0.5614,-0.6723,17554.8853,NA,NA
gamemd.exe,18224,0x42C3CE0,D3D9,0,0,1,Hardware: Independent Flip,17585.7772,NA,17.19070000000000,17.15330000000000,3.42710000000000,6.27340000000000,6.4762,NA,17571.3701,17.8342,14.4071,3.4271,16.0236,4.6569,4.3897,0.2672,-0.6685,17571.3701,NA,NA
gamemd.exe,18224,0x42C3CE0,D3D9,0,0,1,Hardware: Independent Flip,17604.0853,NA,18.30810000000000,17.13660000000000,1.46070000000000,5.13210000000000,5.3047,NA,17589.2043,16.3417,14.8810,1.4607,15.5760,4.4371,3.8175,0.6196,0.6976,17589.2043,NA,NA
gamemd.exe,18224,0x42C3CE0,D3D9,0,0,1,Hardware: Independent Flip,17620.0051,NA,15.91980000000000,16.24410000000000,1.61670000000000,5.41460000000000,5.6290,NA,17605.5460,16.0758,14.4591,1.6167,15.3121,4.5616,4.0704,0.4912,0.0976,17605.5460,29.3874,NA
gamemd.exe,18224,0x42C3CE0,D3D9,0,0,1,Hardware: Independent Flip,17636.8274,NA,16.82230000000000,16.41860000000000,2.57860000000000,5.03940000000000,5.2253,NA,17621.6218,17.7842,15.2056,2.5786,15.9373,4.3077,4.2069,0.1008,-0.3428,17621.6218,21.7494,NA
gamemd.exe,18224,0x42C3CE0,D3D9,0,0,1,Hardware: Independent Flip,17653.4402,NA,16.61280000000000,16.89670000000000,2.55030000000000,5.33100000000000,5.5092,NA,17639.4060,16.5845,14.0342,2.5503,14.8625,4.5027,4.3070,0.1957,0.8875,17639.4060,22.2275,NA
gamemd.exe,18224,0x42C3CE0,D3D9,0,0,1,Hardware: Independent Flip,17670.1143,NA,16.67410000000000,17.10490000000000,2.75850000000000,5.72410000000000,5.9400,NA,17655.9905,16.8823,14.1238,2.7585,14.9458,4.9021,4.4456,0.4565,-0.5204,17655.9905,23.7572,NA
gamemd.exe,18224,0x42C3CE0,D3D9,0,0,1,Hardware: Independent Flip,17686.6687,NA,16.55440000000000,16.49090000000000,2.17060000000000,5.65410000000000,5.8765,NA,17672.8728,15.9665,13.7959,2.1706,14.4237,5.0263,4.4102,0.6161,0.3914,17672.8728,24.2500,NA
gamemd.exe,18224,0x42C3CE0,D3D9,0,0,1,Hardware: Independent Flip,17702.5168,NA,15.84810000000000,16.41600000000000,2.38950000000000,6.15350000000000,6.4444,NA,17688.8393,16.0670,13.6775,2.3895,15.1543,4.6767,3.9340,0.7427,-0.4495,17688.8393,16.6486,NA
gamemd.exe,18224,0x42C3CE0,D3D9,0,0,1,Hardware: Independent Flip,17719.3454,NA,16.82860000000000,18.14090000000000,3.54700000000000,7.53490000000000,7.7567,NA,17704.9063,17.9861,14.4391,3.5470,16.9975,4.9765,4.1813,0.7952,-2.0739,17704.9063,26.8105,NA
gamemd.exe,18224,0x42C3CE0,D3D9,0,0,1,Hardware: Independent Flip,17737.0540,NA,17.70860000000000,15.68270000000000,1.55030000000000,5.46220000000000,5.7308,NA,17722.8924,15.7119,14.1616,1.5503,14.8783,4.7455,4.3024,0.4431,2.3034,17722.8924,26.5104,NA
gamemd.exe,18224,0x42C3CE0,D3D9,0,0,1,Hardware: Independent Flip,17752.8987,NA,15.84470000000000,14.82800000000000,1.29870000000000,4.54120000000000,4.7141,NA,17738.6043,15.5931,14.2944,1.2987,14.8886,3.9470,3.8702,0.0768,0.8839,17738.6043,33.3143,NA
gamemd.exe,18224,0x42C3CE0,D3D9,0,0,1,Hardware: Independent Flip,17769.1204,NA,16.22170000000000,16.48840000000000,1.61230000000000,4.83180000000000,4.9808,NA,17754.1974,16.5353,14.9230,1.6123,15.6051,4.1497,4.0716,0.0781,-0.8953,17754.1974,17.8663,NA
gamemd.exe,18224,0x42C3CE0,D3D9,0,0,1,Hardware: Independent Flip,17786.0120,NA,16.89160000000000,17.15170000000000,1.90680000000000,5.10040000000000,5.2409,NA,17770.7327,17.1861,15.2793,1.9068,15.9317,4.4480,4.3561,0.0919,-0.6164,17770.7327,18.9985,NA
gamemd.exe,18224,0x42C3CE0,D3D9,0,0,1,Hardware: Independent Flip,17802.1755,NA,16.16350000000000,16.06950000000000,1.55150000000000,4.78590000000000,5.1469,NA,17787.9188,15.8082,14.2567,1.5515,14.7409,4.3017,4.2195,0.0822,1.1166,17787.9188,11.0745,NA
gamemd.exe,18224,0x42C3CE0,D3D9,0,0,1,Hardware: Independent Flip,17819.3606,NA,17.18510000000000,17.15850000000000,1.70880000000000,4.89880000000000,5.1203,NA,17803.7270,17.3424,15.6336,1.7088,16.2455,4.2869,4.1986,0.0883,-1.3503,17803.7270,12.2353,NA
gamemd.exe,18224,0x42C3CE0,D3D9,0,0,1,Hardware: Independent Flip,17835.7859,NA,16.42530000000000,16.86720000000000,2.30760000000000,5.34790000000000,5.5622,NA,17821.0694,17.0241,14.7165,2.3076,15.7174,4.3470,4.2402,0.1068,0.4752,17821.0694,13.0811,NA
gamemd.exe,18224,0x42C3CE0,D3D9,0,0,1,Hardware: Independent Flip,17853.3027,NA,17.51680000000000,17.10490000000000,2.43400000000000,4.97410000000000,5.1503,NA,17838.0935,17.6432,15.2092,2.4340,15.7999,4.3834,4.2822,0.1012,-0.0808,17838.0935,14.2056,NA
gamemd.exe,18224,0x42C3CE0,D3D9,0,0,1,Hardware: Independent Flip,17869.4377,NA,16.13500000000000,16.31150000000000,1.79350000000000,5.14880000000000,5.3268,NA,17855.7367,15.4945,13.7010,1.7935,14.3361,4.5137,4.3961,0.1176,1.3317,17855.7367,6.2849,NA
gamemd.exe,18224,0x42C3CE0,D3D9,0,0,1,Hardware: Independent Flip,17885.5223,NA,16.08460000000000,15.87170000000000,1.69160000000000,4.84480000000000,5.1139,NA,17871.2312,15.9827,14.2911,1.6916,14.9053,4.2306,4.1101,0.1205,-0.3772,17871.2312,14.3553,NA
gamemd.exe,18224,0x42C3CE0,D3D9,0,0,1,Hardware: Independent Flip,17902.3330,NA,16.81070000000000,16.79710000000000,1.67270000000000,4.97380000000000,5.1003,NA,17887.2139,16.7918,15.1191,1.6727,15.7342,4.3587,4.2755,0.0832,-0.8144,17887.2139,7.1196,NA
gamemd.exe,18224,0x42C3CE0,D3D9,0,0,1,Hardware: Independent Flip,17919.7197,NA,17.38670000000000,17.09200000000000,1.34230000000000,4.64480000000000,4.8056,NA,17904.0057,17.0563,15.7140,1.3423,16.4005,3.9583,3.8517,0.1066,-0.3002,17904.0057,16.2267,NA
gamemd.exe,18224,0x42C3CE0,D3D9,0,0,1,Hardware: Independent Flip,17936.3517,NA,16.63200000000000,17.24310000000000,1.49480000000000,5.20310000000000,5.4167,NA,17921.0620,16.7845,15.2897,1.4948,15.8660,4.6268,4.2622,0.3646,-0.1868,17921.0620,9.4969,NA
gamemd.exe,18224,0x42C3CE0,D3D9,0,0,1,Hardware: Independent Flip,17953.1221,NA,16.77040000000000,18.03480000000000,2.51500000000000,6.47910000000000,6.6811,NA,17937.8465,17.7906,15.2756,2.5150,16.3680,5.3867,4.6373,0.7494,-1.2503,17937.8465,19.5281,19.5281
gamemd.exe,18224,0x42C3CE0,D3D9,0,0,1,Hardware: Independent Flip,17968.8052,NA,15.68310000000000,15.31270000000000,2.34610000000000,6.11760000000000,6.3107,NA,17955.6371,15.5142,13.1681,2.3461,14.5930,4.6927,3.9879,0.7048,2.4779,17955.6371,26.8682,NA
gamemd.exe,18224,0x42C3CE0,D3D9,0,0,1,Hardware: Independent Flip,17986.2958,NA,17.49060000000000,16.07560000000000,1.34060000000000,4.66710000000000,4.8957,NA,17971.1513,16.4851,15.1445,1.3406,15.7383,4.0733,3.7252,0.3481,-0.5614,17971.1513,NA,NA
gamemd.exe,18224,0x42C3CE0,D3D9,0,0,1,Hardware: Independent Flip,18002.2709,NA,15.97510000000000,16.08770000000000,1.54650000000000,4.65560000000000,5.0083,NA,17987.6364,16.1810,14.6345,1.5465,15.4224,3.8677,3.7841,0.0836,0.3974,17987.6364,NA,NA
gamemd.exe,18224,0x42C3CE0,D3D9,0,0,1,Hardware: Independent Flip,18018.9492,NA,16.67830000000000,16.68360000000000,1.43600000000000,4.60450000000000,5.0136,NA,18003.8174,16.5678,15.1318,1.4360,15.7228,4.0135,3.9351,0.0784,-0.5026,18003.8174,19.7027,19.7027
gamemd.exe,18224,0x42C3CE0,D3D9,0,0,1,Hardware: Independent Flip,18035.6896,NA,16.74040000000000,16.66730000000000,2.01810000000000,4.73870000000000,4.9405,NA,18020.3852,17.3225,15.3044,2.0181,16.1816,3.8615,3.7400,0.1215,-0.0995,18020.3852,20.3677,NA
gamemd.exe,18224,0x42C3CE0,D3D9,0,0,1,Hardware: Independent Flip,18052.8184,NA,17.12880000000000,16.79510000000000,1.62990000000000,4.38580000000000,4.6068,NA,18037.7077,16.7406,15.1107,1.6299,15.7549,3.7416,3.6824,0.0592,0.5274,18037.7077,21.1625,NA
gamemd.exe,18224,0x42C3CE0,D3D9,0,0,1,Hardware: Independent Flip,18069.8490,NA,17.03060000000000,18.59410000000000,2.23540000000000,5.97260000000000,6.1703,NA,18054.4483,17.6361,15.4007,2.2354,16.7557,4.6176,3.9896,0.6280,-1.8535,18054.4483,23.7319,NA
gamemd.exe,18224,0x42C3CE0,D3D9,0,0,1,Hardware: Independent Flip,18086.5904,NA,16.74140000000000,15.59510000000000,1.52940000000000,4.87390000000000,5.0240,NA,18072.0844,16.0354,14.5060,1.5294,15.2604,4.1195,3.6548,0.4647,2.0410,18072.0844,22.6080,NA
gamemd.exe,18224,0x42C3CE0,D3D9,0,0,1,Hardware: Independent Flip,18102.7951,NA,16.20470000000000,16.05040000000000,1.72720000000000,4.72890000000000,4.8697,NA,18088.1198,16.4025,14.6753,1.7272,15.3574,4.0468,3.9690,0.0778,-0.0150,18088.1198,15.3929,NA
gamemd.exe,18224,0x42C3CE0,D3D9,0,0,1,Hardware: Independent Flip,18119.2390,NA,16.44390000000000,16.44360000000000,2.18150000000000,4.71210000000000,4.8694,NA,18104.5223,16.8982,14.7167,2.1815,15.5776,3.8512,3.7476,0.1036,-0.0411,18104.5223,23.5102,NA
gamemd.exe,18224,0x42C3CE0,D3D9,0,0,1,Hardware: Independent Flip,18135.7017,NA,16.46270000000000,16.73870000000000,1.52000000000000,4.93580000000000,5.1454,NA,18121.4205,15.8012,14.2812,1.5200,14.8453,4.3717,4.2627,0.1090,0.1595,18121.4205,24.1869,NA
gamemd.exe,18224,0x42C3CE0,D3D9,0,0,1,Hardware: Independent Flip,18153.8436,NA,18.14190000000000,18.50690000000000,1.56990000000000,5.30200000000000,5.5104,NA,18137.2217,18.1918,16.6219,1.5699,17.3302,4.5937,4.2677,0.3260,-2.7057,18137.2217,19.0634,NA
gamemd.exe,18224,0x42C3CE0,D3D9,0,0,1,Hardware: Independent Flip,18168.8527,NA,15.00910000000000,15.66620000000000,2.17350000000000,5.95120000000000,6.1675,NA,18155.4135,15.6127,13.4392,2.1735,14.8751,4.5153,3.9453,0.5700,2.5256,18155.4135,26.7460,NA
gamemd.exe,18224,0x42C3CE0,D3D9,0,0,1,Hardware: Independent Flip,18186.0333,NA,17.18060000000000,15.87820000000000,1.51120000000000,4.63170000000000,4.8651,NA,18171.0262,16.5183,15.0071,1.5112,15.6162,4.0226,3.9358,0.0868,-0.2655,18171.0262,18.6093,NA
gamemd.exe,18224,0x42C3CE0,D3D9,0,0,1,Hardware: Independent Flip,18202.5062,NA,16.47290000000000,16.78210000000000,1.91030000000000,5.04760000000000,5.1743,NA,18187.5445,16.8720,14.9617,1.9103,15.6592,4.3501,4.2390,0.1111,-0.2638,18187.5445,11.4130,NA
gamemd.exe,18224,0x42C3CE0,D3D9,0,0,1,Hardware: Independent Flip,18219.1034,NA,16.59720000000000,16.47820000000000,1.94010000000000,4.92850000000000,5.0553,NA,18204.4165,16.6270,14.6869,1.9401,15.2518,4.3636,4.2673,0.0963,0.3938,18204.4165,11.9150,NA
gamemd.exe,18224,0x42C3CE0,D3D9,0,0,1,Hardware: Independent Flip,18235.7705,NA,16.66710000000000,16.80640000000000,1.93090000000000,5.06050000000000,5.1946,NA,18221.0435,16.6579,14.7270,1.9309,15.6526,4.1349,4.0136,0.1213,-0.1794,18221.0435,NA,NA
gamemd.exe,18224,0x42C3CE0,D3D9,0,0,1,Hardware: Independent Flip,18252.9144,NA,17.14390000000000,17.67690000000000,1.45450000000000,5.46810000000000,5.7276,NA,18237.7014,16.6675,15.2130,1.4545,15.9100,4.7711,4.0480,0.7231,-1.0190,18237.7014,14.3309,NA
gamemd.exe,18224,0x42C3CE0,D3D9,0,0,1,Hardware: Independent Flip,18269.1402,NA,16.22580000000000,17.23960000000000,2.52480000000000,6.55710000000000,6.7414,NA,18254.3689,17.2961,14.7713,2.5248,16.4682,4.8602,4.1194,0.7408,-0.5721,18254.3689,23.5778,NA
gamemd.exe,18224,0x42C3CE0,D3D9,0,0,1,Hardware: Independent Flip,18286.3638,NA,17.22360000000000,15.53450000000000,1.45250000000000,4.91280000000000,5.0523,NA,18271.6650,16.1513,14.6988,1.4525,15.3291,4.2825,4.0082,0.2743,1.7616,18271.6650,NA,NA
gamemd.exe,18224,0x42C3CE0,D3D9,0,0,1,Hardware: Independent Flip,18302.6133,NA,16.24950000000000,16.05450000000000,1.48960000000000,4.73510000000000,4.8573,NA,18287.8163,16.2866,14.7970,1.4896,15.3395,4.1926,4.0531,0.1395,0.0968,18287.8163,NA,NA
gamemd.exe,18224,0x42C3CE0,D3D9,0,0,1,Hardware: Independent Flip,18318.9940,NA,16.38070000000000,16.55360000000000,2.25310000000000,4.83870000000000,5.0302,NA,18304.1029,17.1442,14.8911,2.2531,15.4664,4.2634,4.1734,0.0900,-0.2670,18304.1029,7.2441,NA
gamemd.exe,18224,0x42C3CE0,D3D9,0,0,1,Hardware: Independent Flip,18336.3299,NA,17.33590000000000,17.74640000000000,1.57910000000000,5.23420000000000,5.4407,NA,18321.2471,16.6619,15.0828,1.5791,15.8518,4.4652,4.3711,0.0941,-0.6022,18321.2471,9.4787,NA
gamemd.exe,18224,0x42C3CE0,D3D9,0,0,1,Hardware: Independent Flip,18353.4694,NA,17.13950000000000,18.06320000000000,2.41250000000000,6.17340000000000,6.3644,NA,18337.9090,17.9729,15.5604,2.4125,17.1419,4.5919,4.0180,0.5739,-1.4013,18337.9090,19.5000,NA
gamemd.exe,18224,0x42C3CE0,D3D9,0,0,1,Hardware: Independent Flip,18369.7396,NA,16.27020000000000,15.64120000000000,1.48810000000000,5.53860000000000,5.7354,NA,18355.8819,15.3458,13.8577,1.4881,14.5981,4.7982,4.1121,0.6861,2.3317,18355.8819,19.2341,NA
gamemd.exe,18224,0x42C3CE0,D3D9,0,0,1,Hardware: Independent Flip,18386.3245,NA,16.58490000000000,16.11930000000000,1.52580000000000,5.14460000000000,5.2698,NA,18371.2277,16.6226,15.0968,1.5258,15.7703,4.4711,3.9134,0.5577,-0.7735,18371.2277,19.3005,NA
gamemd.exe,18224,0x42C3CE0,D3D9,0,0,1,Hardware: Independent Flip,18402.7517,NA,16.42720000000000,16.12630000000000,1.91420000000000,4.84700000000000,4.9689,NA,18387.8503,16.8156,14.9014,1.9142,15.5453,4.2031,4.1240,0.0791,0.4963,18387.8503,19.4327,NA
gamemd.exe,18224,0x42C3CE0,D3D9,0,0,1,Hardware: Independent Flip,18419.5077,NA,16.75600000000000,16.66030000000000,1.58570000000000,4.75130000000000,4.8732,NA,18404.6659,16.4275,14.8418,1.5857,15.4830,4.1101,3.9724,0.1377,0.1553,18404.6659,20.1118,NA
gamemd.exe,18224,0x42C3CE0,D3D9,0,0,1,Hardware: Independent Flip,18435.9701,NA,16.46240000000000,16.20760000000000,1.44650000000000,4.42120000000000,4.6184,NA,18421.0934,16.3232,14.8767,1.4465,15.5274,3.7705,3.6909,0.0796,0.2199,18421.0934,20.3467,NA
gamemd.exe,18224,0x42C3CE0,D3D9,0,0,1,Hardware: Independent Flip,18452.6986,NA,16.72850000000000,16.65740000000000,1.73340000000000,4.35550000000000,4.5473,NA,18437.4166,17.0154,15.2820,1.7334,16.0482,3.5893,3.5130,0.0763,-0.3342,18437.4166,20.9701,NA
gamemd.exe,18224,0x42C3CE0,D3D9,0,0,1,Hardware: Independent Flip,18469.2850,NA,16.58640000000000,17.45170000000000,1.39680000000000,5.05200000000000,5.4126,NA,18454.4320,16.2498,14.8530,1.3968,15.4123,4.4927,4.0444,0.4483,-0.4363,18454.4320,22.4036,NA
gamemd.exe,18224,0x42C3CE0,D3D9,0,0,1,Hardware: Independent Flip,18485.5743,NA,16.28930000000000,17.52690000000000,2.44650000000000,6.40410000000000,6.6502,NA,18470.6818,17.3390,14.8925,2.4465,16.5100,4.7866,4.0313,0.7553,-1.2771,18470.6818,23.7435,NA
gamemd.exe,18224,0x42C3CE0,D3D9,0,0,1,Hardware: Independent Flip,18502.8269,NA,17.25260000000000,15.37890000000000,1.27560000000000,4.56820000000000,4.7765,NA,18488.0208,16.0817,14.8061,1.2756,15.3477,4.0266,3.9415,0.0851,1.9601,18488.0208,22.9353,NA
gamemd.exe,18224,0x42C3CE0,D3D9,0,0,1,Hardware: Independent Flip,18519.5713,NA,16.74440000000000,16.70560000000000,1.42460000000000,4.58710000000000,4.7377,NA,18504.1025,16.8934,15.4688,1.4246,15.9786,4.0773,3.9857,0.0916,-0.6239,18504.1025,23.5496,NA
gamemd.exe,18224,0x42C3CE0,D3D9,0,0,1,Hardware: Independent Flip,18535.6937,NA,16.12240000000000,16.28800000000000,1.24470000000000,4.44260000000000,4.9033,NA,18520.9959,15.9425,14.6978,1.2447,15.1521,3.9883,3.9112,0.0771,0.6054,18520.9959,24.3398,NA
gamemd.exe,18224,0x42C3CE0,D3D9,0,0,1,Hardware: Independent Flip,18552.3628,NA,16.66910000000000,16.67060000000000,1.75910000000000,4.73150000000000,4.9048,NA,18536.9384,17.1835,15.4244,1.7591,16.2681,3.8878,3.8141,0.0737,-0.7281,18536.9384,24.9943,NA
gamemd.exe,18224,0x42C3CE0,D3D9,0,0,1,Hardware: Independent Flip,18569.8573,NA,17.49450000000000,19.14010000000000,2.88960000000000,6.34950000000000,6.5504,NA,18554.1219,18.6250,15.7354,2.8896,17.1329,4.9520,4.0296,0.9224,-1.9566,18554.1219,28.0833,NA
gamemd.exe,18224,0x42C3CE0,D3D9,0,0,1,Hardware: Independent Flip,18585.5724,NA,15.71510000000000,15.93350000000000,2.85950000000000,6.46720000000000,6.7688,NA,18572.7469,15.6850,12.8255,2.8595,14.4773,4.8154,4.0866,0.7288,2.6915,18572.7469,20.1017,NA
gamemd.exe,18224,0x42C3CE0,D3D9,0,0,1,Hardware: Independent Flip,18602.5898,NA,17.01740000000000,15.61690000000000,2.64020000000000,5.23940000000000,5.3683,NA,18588.4319,16.7981,14.1579,2.6402,15.3521,4.0452,3.9405,0.1047,0.0681,18588.4319,11.7071,NA
gamemd.exe,18224,0x42C3CE0,D3D9,0,0,1,Hardware: Independent Flip,18619.0363,NA,16.44650000000000,16.27190000000000,2.22100000000000,5.03380000000000,5.1937,NA,18605.2300,16.0273,13.8063,2.2210,14.4433,4.3968,4.2855,0.1113,0.5262,18605.2300,NA,NA
gamemd.exe,18224,0x42C3CE0,D3D9,0,0,1,Hardware: Independent Flip,18635.6579,NA,16.62160000000000,16.52540000000000,1.95560000000000,4.97320000000000,5.0975,NA,18621.2573,16.3562,14.4006,1.9556,14.9470,4.4268,4.3261,0.1007,-0.4981,18621.2573,12.4977,NA
gamemd.exe,18224,0x42C3CE0,D3D9,0,0,1,Hardware: Independent Flip,18652.4646,NA,16.80670000000000,16.81370000000000,1.82610000000000,4.96140000000000,5.1045,NA,18637.6135,16.6772,14.8511,1.8261,15.4763,4.3362,4.2299,0.1063,-0.4575,18637.6135,13.3075,NA
gamemd.exe,18224,0x42C3CE0,D3D9,0,0,1,Hardware: Independent Flip,18669.0591,NA,16.59450000000000,16.76790000000000,1.57000000000000,5.05190000000000,5.2779,NA,18654.2907,16.3384,14.7684,1.5700,15.3331,4.4872,4.3923,0.0949,-0.0907,18654.2907,5.9831,NA
gamemd.exe,18224,0x42C3CE0,D3D9,0,0,1,Hardware: Independent Flip,18685.8003,NA,16.74120000000000,18.08520000000000,2.52320000000000,6.35130000000000,6.6219,NA,18670.6291,17.6944,15.1712,2.5232,16.7363,4.7862,4.0725,0.7137,-1.7468,18670.6291,NA,NA
gamemd.exe,18224,0x42C3CE0,D3D9,0,0,1,Hardware: Independent Flip,18702.8853,NA,17.08500000000000,17.02360000000000,2.52020000000000,6.32840000000000,6.5605,NA,18688.3235,17.0820,14.5618,2.5202,16.2867,4.6035,3.9735,0.6300,0.6708,18688.3235,17.1941,NA
gamemd.exe,18224,0x42C3CE0,D3D9,0,0,1,Hardware: Independent Flip,18719.2444,NA,16.35910000000000,16.27010000000000,2.43730000000000,6.27640000000000,6.4715,NA,18705.4055,16.2762,13.8389,2.4373,15.3994,4.7159,3.9372,0.7787,0.8119,18705.4055,17.4262,NA
gamemd.exe,18224,0x42C3CE0,D3D9,0,0,1,Hardware: Independent Flip,18736.1321,NA,16.88770000000000,15.45710000000000,1.55060000000000,4.89280000000000,5.0409,NA,18721.6817,16.0010,14.4504,1.5506,15.1023,4.2409,3.8839,0.3570,0.8191,18721.6817,16.9179,NA
gamemd.exe,18224,0x42C3CE0,D3D9,0,0,1,Hardware: Independent Flip,18752.6768,NA,16.54470000000000,16.55880000000000,1.36650000000000,4.88870000000000,5.0550,NA,18737.6827,16.3606,14.9941,1.3665,15.6364,4.2464,3.7004,0.5460,-0.5578,18737.6827,17.4603,NA
gamemd.exe,18224,0x42C3CE0,D3D9,0,0,1,Hardware: Independent Flip,18768.8635,NA,16.18670000000000,17.44600000000000,2.24720000000000,6.12010000000000,6.3143,NA,18754.0433,17.0674,14.8202,2.2472,16.3265,4.6138,4.0697,0.5441,-1.0854,18754.0433,18.8885,NA
gamemd.exe,18224,0x42C3CE0,D3D9,0,0,1,Hardware: Independent Flip,18786.5517,NA,17.68820000000000,16.72620000000000,1.41160000000000,5.16080000000000,5.3523,NA,18771.1107,16.8526,15.4410,1.4116,16.0101,4.5917,4.0164,0.5753,0.3412,18771.1107,19.5817,NA
gamemd.exe,18224,0x42C3CE0,D3D9,0,0,1,Hardware: Independent Flip,18802.7646,NA,16.21290000000000,15.98630000000000,2.06380000000000,5.01090000000000,5.1257,NA,18787.9633,16.8651,14.8013,2.0638,15.9000,3.9122,3.8294,0.0828,0.8663,18787.9633,19.5890,NA
gamemd.exe,18224,0x42C3CE0,D3D9,0,0,1,Hardware: Independent Flip,18819.1702,NA,16.40560000000000,16.30600000000000,2.09640000000000,4.91000000000000,5.0261,NA,18804.8284,16.4382,14.3418,2.0964,15.3150,3.9368,3.8454,0.0914,0.5591,18804.8284,19.8872,NA
gamemd.exe,18224,0x42C3CE0,D3D9,0,0,1,Hardware: Independent Flip,18835.8858,NA,16.71560000000000,16.46280000000000,2.02390000000000,4.61780000000000,4.7733,NA,18821.2666,16.6431,14.6192,2.0239,15.4298,3.8072,3.7276,0.0796,-0.0246,18821.2666,20.4054,20.4054
gamemd.exe,18224,0x42C3CE0,D3D9,0,0,1,Hardware: Independent Flip,18853.1327,NA,17.24690000000000,18.00000000000000,1.47150000000000,5.28240000000000,5.5264,NA,18837.9097,16.6945,15.2230,1.4715,15.8371,4.6683,4.0606,0.6077,-1.3569,18837.9097,NA,NA
gamemd.exe,18224,0x42C3CE0,D3D9,0,0,1,Hardware: Independent Flip,18869.3009,NA,16.16820000000000,17.57640000000000,3.33220000000000,6.72630000000000,6.9346,NA,18854.6042,18.0289,14.6967,3.3322,16.2641,5.1589,4.4890,0.6699,-0.8819,18854.6042,NA,NA
gamemd.exe,18224,0x42C3CE0,D3D9,0,0,1,Hardware: Independent Flip,18885.7654,NA,16.46450000000000,15.58600000000000,2.40330000000000,5.88500000000000,6.0561,NA,18872.6331,15.5356,13.1323,2.4033,14.3442,4.6731,4.0170,0.6561,2.4429,18872.6331,NA,NA
gamemd.exe,18224,0x42C3CE0,D3D9,0,0,1,Hardware: Independent Flip,18902.4677,NA,16.70230000000000,15.49400000000000,2.08100000000000,4.72540000000000,4.8478,NA,18888.1687,16.3800,14.2990,2.0810,15.0635,3.9609,3.8688,0.0921,0.0416,18888.1687,NA,NA
gamemd.exe,18224,0x42C3CE0,D3D9,0,0,1,Hardware: Independent Flip,18919.1086,NA,16.64090000000000,16.61270000000000,1.37330000000000,4.65450000000000,4.8196,NA,18904.5487,15.9332,14.5599,1.3733,15.3095,3.9049,3.7791,0.1258,-0.2327,18904.5487,NA,NA
gamemd.exe,18224,0x42C3CE0,D3D9,0,0,1,Hardware: Independent Flip,18935.7713,NA,16.66270000000000,16.60680000000000,1.49320000000000,4.60280000000000,4.7637,NA,18920.4819,16.7826,15.2894,1.4932,15.8544,4.0378,3.9349,0.1029,-0.6736,18920.4819,32.2792,32.2792
gamemd.exe,18224,0x42C3CE0,D3D9,0,0,1,Hardware: Independent Flip,18952.9828,NA,17.21150000000000,18.46550000000000,1.73070000000000,5.66080000000000,6.0177,NA,18937.2645,17.4490,15.7183,1.7307,16.7266,4.6525,4.1520,0.5005,-1.6829,18937.2645,NA,NA
gamemd.exe,18224,0x42C3CE0,D3D9,0,0,1,Hardware: Independent Flip,18969.6603,NA,16.67750000000000,16.32050000000000,1.34130000000000,5.43800000000000,5.6607,NA,18954.7135,16.2881,14.9468,1.3413,15.5211,4.8637,4.2964,0.5673,1.1285,18954.7135,NA,NA
gamemd.exe,18224,0x42C3CE0,D3D9,0,0,1,Hardware: Independent Flip,18986.0422,NA,16.38190000000000,16.22050000000000,1.30990000000000,5.27980000000000,5.4993,NA,18971.0016,16.3505,15.0406,1.3099,15.6101,4.7103,4.0235,0.6868,0.0676,18971.0016,NA,NA
gamemd.exe,18224,0x42C3CE0,D3D9,0,0,1,Hardware: Independent Flip,19002.1953,NA,16.15310000000000,15.88010000000000,1.98780000000000,5.03220000000000,5.2263,NA,18987.3521,16.8310,14.8432,1.9878,15.7012,4.1742,4.0910,0.0832,0.4704,18987.3521,NA,NA
gamemd.exe,18224,0x42C3CE0,D3D9,0,0,1,Hardware: Independent Flip,19018.9560,NA,16.76070000000000,16.56440000000000,2.02300000000000,4.87680000000000,5.0300,NA,19004.1831,16.7959,14.7729,2.0230,15.6635,3.9862,3.9112,0.0750,0.2666,19004.1831,NA,NA
gamemd.exe,18224,0x42C3CE0,D3D9,0,0,1,Hardware: Independent Flip,19035.7343,NA,16.77830000000000,16.85210000000000,2.36200000000000,4.90240000000000,5.1038,NA,19020.9790,17.1173,14.7553,2.3620,15.4867,4.1710,4.0843,0.0867,-0.0562,19020.9790,NA,NA
gamemd.exe,18224,0x42C3CE0,D3D9,0,0,1,Hardware: Independent Flip,19053.4720,NA,17.73770000000000,18.14340000000000,1.77620000000000,5.29550000000000,5.5095,NA,19038.0963,17.1519,15.3757,1.7762,16.0022,4.6690,4.0993,0.5697,-1.0261,19038.0963,NA,NA
gamemd.exe,18224,0x42C3CE0,D3D9,0,0,1,Hardware: Independent Flip,19069.3492,NA,15.87720000000000,15.55680000000000,1.43900000000000,5.06070000000000,5.1891,NA,19055.2482,15.5400,14.1010,1.4390,14.7451,4.4166,4.2245,0.1921,1.5951,19055.2482,NA,NA
gamemd.exe,18224,0x42C3CE0,D3D9,0,0,1,Hardware: Independent Flip,19085.6704,NA,16.32120000000000,16.02950000000000,1.46600000000000,4.77760000000000,4.8974,NA,19070.7882,16.3482,14.8822,1.4660,15.4284,4.2314,4.1319,0.0995,-0.4895,19070.7882,NA,NA
gamemd.exe,18224,0x42C3CE0,D3D9,0,0,1,Hardware: Independent Flip,19102.6283,NA,16.95790000000000,16.99450000000000,1.65210000000000,4.81860000000000,4.9340,NA,19087.1364,17.1440,15.4919,1.6521,16.0609,4.2496,4.1577,0.0919,-0.6463,19087.1364,NA,NA
gamemd.exe,18224,0x42C3CE0,D3D9,0,0,1,Hardware: Independent Flip,19119.4655,NA,16.83720000000000,16.93410000000000,1.26100000000000,4.90670000000000,5.0309,NA,19104.2804,16.4461,15.1851,1.2610,15.7890,4.3028,3.7310,0.5718,0.2099,19104.2804,NA,NA
gamemd.exe,18224,0x42C3CE0,D3D9,0,0,1,Hardware: Independent Flip,19135.7426,NA,16.27710000000000,16.02440000000000,1.47640000000000,4.54060000000000,4.7782,NA,19120.7265,16.4925,15.0161,1.4764,15.6004,3.9563,3.8489,0.1074,0.4217,19120.7265,NA,NA
gamemd.exe,18224,0x42C3CE0,D3D9,0,0,1,Hardware: Independent Flip,19153.1293,NA,17.38670000000000,18.10970000000000,1.37720000000000,5.24410000000000,5.5012,NA,19137.2190,17.2875,15.9103,1.3772,16.5043,4.6501,4.1535,0.4966,-1.6172,19137.2190,NA,NA
gamemd.exe,18224,0x42C3CE0,D3D9,0,0,1,Hardware: Independent Flip,19170.4779,NA,17.34860000000000,17.28910000000000,1.37490000000000,5.24030000000000,5.4417,NA,19154.5065,17.3463,15.9714,1.3749,16.6640,4.5477,3.9344,0.6133,-0.0016,19154.5065,NA,NA
gamemd.exe,18224,0x42C3CE0,D3D9,0,0,1,Hardware: Independent Flip,19186.8584,NA,16.38050000000000,15.98740000000000,1.47480000000000,4.92190000000000,5.0486,NA,19171.8528,16.4804,15.0056,1.4748,15.6736,4.2539,3.7561,0.4978,1.3589,19171.8528,NA,NA
gamemd.exe,18224,0x42C3CE0,D3D9,0,0,1,Hardware: Independent Flip,19202.7763,NA,15.91790000000000,15.53940000000000,1.54600000000000,4.55330000000000,4.6701,NA,19188.3332,15.9891,14.4431,1.5460,15.0417,3.9547,3.8734,0.0813,0.9410,19188.3332,NA,NA
gamemd.exe,18224,0x42C3CE0,D3D9,0,0,1,Hardware: Independent Flip,19219.2281,NA,16.45180000000000,16.64660000000000,1.72740000000000,4.75260000000000,4.8649,NA,19204.3223,16.6332,14.9058,1.7274,15.7172,3.9412,3.8548,0.0864,-0.6575,19204.3223,NA,NA
gamemd.exe,18224,0x42C3CE0,D3D9,0,0,1,Hardware: Independent Flip,19235.6538,NA,16.42570000000000,16.59220000000000,1.80150000000000,4.86000000000000,5.0314,NA,19220.9555,16.4998,14.6983,1.8015,15.6658,3.8925,3.8415,0.0510,0.0410,19220.9555,NA,NA
gamemd.exe,18224,0x42C3CE0,D3D9,0,0,1,Hardware: Independent Flip,19254.4903,NA,18.83650000000000,19.20340000000000,1.63360000000000,5.20380000000000,5.3983,NA,19237.4553,18.6686,17.0350,1.6336,17.8255,4.4133,3.9500,0.4633,-2.7036,19237.4553,23.5808,NA
gamemd.exe,18224,0x42C3CE0,D3D9,0,0,1,Hardware: Independent Flip,19269.4929,NA,15.00260000000000,14.65700000000000,1.42670000000000,4.87690000000000,5.0527,NA,19256.1239,14.7957,13.3690,1.4267,13.9451,4.3008,4.2137,0.0871,4.0116,19256.1239,21.5498,NA
gamemd.exe,18224,0x42C3CE0,D3D9,0,0,1,Hardware: Independent Flip,19285.5119,NA,16.01900000000000,15.96360000000000,1.47510000000000,4.51200000000000,4.9973,NA,19270.9196,16.0674,14.5923,1.4751,15.1547,3.9496,3.8663,0.0833,-1.1679,19270.9196,NA,NA
gamemd.exe,18224,0x42C3CE0,D3D9,0,0,1,Hardware: Independent Flip,19301.9659,NA,16.45400000000000,16.66700000000000,1.97010000000000,4.82690000000000,5.2103,NA,19286.9870,16.9490,14.9789,1.9701,15.7799,4.0259,3.9059,0.1200,-0.5996,19286.9870,NA,NA
gamemd.exe,18224,0x42C3CE0,D3D9,0,0,1,Hardware: Independent Flip,19318.9195,NA,16.95360000000000,16.65740000000000,2.33350000000000,4.77720000000000,4.9141,NA,19303.9360,17.3170,14.9835,2.3335,15.8813,3.8794,3.7827,0.0967,0.2916,19303.9360,23.5877,NA
gamemd.exe,18224,0x42C3CE0,D3D9,0,0,1,Hardware: Independent Flip,19335.5861,NA,16.66660000000000,16.66080000000000,1.43020000000000,4.63430000000000,4.9083,NA,19321.2530,15.7633,14.3331,1.4302,14.9803,3.9871,3.9015,0.0856,0.6562,19321.2530,NA,NA
gamemd.exe,18224,0x42C3CE0,D3D9,0,0,1,Hardware: Independent Flip,19351.9326,NA,16.34650000000000,16.79280000000000,2.01910000000000,5.17260000000000,5.3546,NA,19337.0163,16.9354,14.9163,2.0191,15.9173,4.1716,4.0420,0.1296,-1.0295,19337.0163,NA,NA
gamemd.exe,18224,0x42C3CE0,D3D9,0,0,1,Hardware: Independent Flip,19369.9663,NA,18.03370000000000,18.29920000000000,1.65710000000000,5.43620000000000,5.6201,NA,19353.9517,17.6717,16.0146,1.6571,16.5950,4.8558,4.3071,0.5487,-1.3638,19353.9517,NA,NA
gamemd.exe,18224,0x42C3CE0,D3D9,0,0,1,Hardware: Independent Flip,19385.6301,NA,15.66380000000000,14.90310000000000,1.44510000000000,4.72540000000000,4.8594,NA,19371.6234,15.4518,14.0067,1.4451,14.5391,4.1930,4.0650,0.1280,2.7686,19371.6234,NA,NA
gamemd.exe,18224,0x42C3CE0,D3D9,0,0,1,Hardware: Independent Flip,19402.4102,NA,16.78010000000000,16.83210000000000,1.57190000000000,4.76970000000000,4.9114,NA,19387.0752,16.9069,15.3350,1.5719,15.9228,4.1819,4.0904,0.0915,-1.3803,19387.0752,NA,NA
gamemd.exe,18224,0x42C3CE0,D3D9,0,0,1,Hardware: Independent Flip,19419.0585,NA,16.64830000000000,16.75810000000000,1.95590000000000,4.90870000000000,5.0212,NA,19403.9821,17.0323,15.0764,1.9559,16.0427,3.9424,3.8448,0.0976,0.1488,19403.9821,NA,NA
gamemd.exe,18224,0x42C3CE0,D3D9,0,0,1,Hardware: Independent Flip,19435.8955,NA,16.83700000000000,16.71020000000000,1.57130000000000,4.77120000000000,4.8944,NA,19421.0144,16.4524,14.8811,1.5713,15.6169,4.0354,3.9658,0.0696,0.3221,19421.0144,NA,NA
gamemd.exe,18224,0x42C3CE0,D3D9,0,0,1,Hardware: Independent Flip,19452.1347,NA,16.23920000000000,18.00220000000000,2.53770000000000,6.46260000000000,6.6574,NA,19437.4668,17.2056,14.6679,2.5377,16.4464,4.6841,3.9772,0.7069,-1.5498,19437.4668,NA,NA
gamemd.exe,18224,0x42C3CE0,D3D9,0,0,1,Hardware: Independent Flip,19469.6149,NA,17.48020000000000,16.41690000000000,1.47660000000000,5.40970000000000,5.5941,NA,19454.6724,16.4191,14.9425,1.4766,15.6975,4.6547,4.2224,0.4323,0.7887,19454.6724,NA,NA
gamemd.exe,18224,0x42C3CE0,D3D9,0,0,1,Hardware: Independent Flip,19485.4576,NA,15.84270000000000,15.28820000000000,1.67790000000000,4.63470000000000,5.0396,NA,19471.0915,16.0440,14.3661,1.6779,14.9706,4.0302,3.9280,0.1022,1.1309,19471.0915,NA,NA
gamemd.exe,18224,0x42C3CE0,D3D9,0,0,1,Hardware: Independent Flip,19502.4546,NA,16.99700000000000,17.01030000000000,1.40500000000000,4.84750000000000,5.0529,NA,19487.1355,16.7241,15.3191,1.4050,16.0537,4.1129,4.0192,0.0937,-0.9663,19487.1355,NA,NA
gamemd.exe,18224,0x42C3CE0,D3D9,0,0,1,Hardware: Independent Flip,19519.3668,NA,16.91220000000000,16.97770000000000,1.72910000000000,4.95650000000000,5.1184,NA,19503.8596,17.2363,15.5072,1.7291,16.1049,4.3588,4.2165,0.1423,-0.2536,19503.8596,16.2442,NA
gamemd.exe,18224,0x42C3CE0,D3D9,0,0,1,Hardware: Independent Flip,19535.4582,NA,16.09140000000000,16.26550000000000,1.96110000000000,5.11440000000000,5.2925,NA,19521.0959,16.3234,14.3623,1.9611,15.1051,4.3716,4.2097,0.1619,0.9708,19521.0959,8.2235,NA
gamemd.exe,18224,0x42C3CE0,D3D9,0,0,1,Hardware: Independent Flip,19552.3625,NA,16.90430000000000,16.77050000000000,1.75200000000000,4.94840000000000,5.1587,NA,19537.4193,16.6952,14.9432,1.7520,15.5787,4.3129,4.2093,0.1036,-0.4471,19537.4193,17.2372,NA
gamemd.exe,18224,0x42C3CE0,D3D9,0,0,1,Hardware: Independent Flip,19569.7832,NA,17.42070000000000,17.57180000000000,1.49300000000000,5.13360000000000,5.3098,NA,19554.1145,17.1617,15.6687,1.4930,16.3527,4.4496,4.0065,0.4431,-0.8766,19554.1145,NA,NA
gamemd.exe,18224,0x42C3CE0,D3D9,0,0,1,Hardware: Independent Flip,19585.9359,NA,16.15270000000000,16.92770000000000,2.32290000000000,5.93790000000000,6.0848,NA,19571.2762,16.9826,14.6597,2.3229,16.1807,4.4169,3.7138,0.7031,0.2340,19571.2762,19.7244,NA
gamemd.exe,18224,0x42C3CE0,D3D9,0,0,1,Hardware: Independent Flip,19602.6833,NA,16.74740000000000,15.44140000000000,1.55390000000000,4.64440000000000,4.7788,NA,19588.2588,15.9784,14.4245,1.5539,15.0700,3.9989,3.8780,0.1209,1.5412,19588.2588,NA,NA
gamemd.exe,18224,0x42C3CE0,D3D9,0,0,1,Hardware: Independent Flip,19619.5984,NA,16.91510000000000,17.38090000000000,1.71600000000000,5.13310000000000,5.2446,NA,19604.2372,17.0772,15.3612,1.7160,16.1836,4.3107,3.9863,0.3244,-1.4025,19604.2372,20.5709,NA
gamemd.exe,18224,0x42C3CE0,D3D9,0,0,1,Hardware: Independent Flip,19635.7400,NA,16.14160000000000,15.67000000000000,1.66620000000000,4.63450000000000,4.7730,NA,19621.3144,16.0918,14.4256,1.6662,15.0439,4.0162,3.9260,0.0902,1.4072,19621.3144,20.1791,NA
gamemd.exe,18224,0x42C3CE0,D3D9,0,0,1,Hardware: Independent Flip,19653.0184,NA,17.27840000000000,18.62620000000000,2.43430000000000,5.92380000000000,6.1208,NA,19637.4062,18.0465,15.6122,2.4343,17.0618,4.4742,3.9418,0.5324,-2.5344,19637.4062,22.8779,NA
gamemd.exe,18224,0x42C3CE0,D3D9,0,0,1,Hardware: Independent Flip,19670.1376,NA,17.11920000000000,17.20630000000000,2.49000000000000,6.00030000000000,6.2079,NA,19655.4527,17.1749,14.6849,2.4900,16.2476,4.4376,4.3381,0.0995,0.8402,19655.4527,23.9358,NA
gamemd.exe,18224,0x42C3CE0,D3D9,0,0,1,Hardware: Independent Flip,19685.6205,NA,15.48290000000000,14.13240000000000,1.45440000000000,4.51130000000000,4.8574,NA,19672.6276,14.4473,12.9929,1.4544,13.5668,3.9374,3.8669,0.0705,3.0425,19672.6276,22.1709,NA
gamemd.exe,18224,0x42C3CE0,D3D9,0,0,1,Hardware: Independent Flip,19702.3018,NA,16.68130000000000,16.66340000000000,1.58270000000000,4.68900000000000,4.8395,NA,19687.0749,16.8096,15.2269,1.5827,15.8890,4.0269,3.9499,0.0770,-2.2161,19687.0749,22.4609,NA
gamemd.exe,18224,0x42C3CE0,D3D9,0,0,1,Hardware: Independent Flip,19718.7216,NA,16.41980000000000,16.68030000000000,1.33130000000000,4.46180000000000,5.1000,NA,19703.8845,16.1684,14.8371,1.3313,15.3921,3.9068,3.8390,0.0678,0.1293,19703.8845,23.5323,NA
gamemd.exe,18224,0x42C3CE0,D3D9,0,0,1,Hardware: Independent Flip,19735.5199,NA,16.79830000000000,16.69350000000000,1.88450000000000,4.82790000000000,4.9952,NA,19720.0529,17.3515,15.4670,1.8845,16.2006,4.0943,3.9839,0.1104,-0.5251,19720.0529,23.8095,NA
gamemd.exe,18224,0x42C3CE0,D3D9,0,0,1,Hardware: Independent Flip,19752.4790,NA,16.95910000000000,17.23390000000000,2.00140000000000,5.05310000000000,5.2700,NA,19737.4044,17.0760,15.0746,2.0014,15.9682,4.1595,4.0264,0.1331,0.1176,19737.4044,25.4513,NA
gamemd.exe,18224,0x42C3CE0,D3D9,0,0,1,Hardware: Independent Flip,19769.1861,NA,16.70710000000000,17.79160000000000,2.16010000000000,6.12410000000000,6.3545,NA,19754.4804,16.8658,14.7057,2.1601,15.9455,4.8843,4.1636,0.7207,-0.7156,19754.4804,27.2959,NA
gamemd.exe,18224,0x42C3CE0,D3D9,0,0,1,Hardware: Independent Flip,19786.1590,NA,16.97290000000000,15.78480000000000,1.61390000000000,4.99580000000000,5.1664,NA,19771.3462,16.4267,14.8128,1.6139,15.5479,4.2607,4.1075,0.1532,1.0810,19771.3462,27.0731,NA
gamemd.exe,18224,0x42C3CE0,D3D9,0,0,1,Hardware: Independent Flip,19802.7641,NA,16.60510000000000,16.41060000000000,1.37790000000000,4.83250000000000,4.9719,NA,19787.7729,16.3691,14.9912,1.3779,15.5028,4.3209,4.2144,0.1065,0.0161,19787.7729,27.4618,NA
gamemd.exe,18224,0x42C3CE0,D3D9,0,0,1,Hardware: Independent Flip,19818.9203,NA,16.15620000000000,16.25780000000000,2.12630000000000,4.93300000000000,5.0735,NA,19804.1420,16.9046,14.7783,2.1263,15.6977,4.0136,3.9170,0.0966,0.1113,19804.1420,27.7222,NA
gamemd.exe,18224,0x42C3CE0,D3D9,0,0,1,Hardware: Independent Flip,19835.5712,NA,16.65090000000000,17.00900000000000,1.70990000000000,5.25730000000000,5.4316,NA,19821.0466,16.2345,14.5246,1.7099,15.2451,4.5368,3.8775,0.6593,-0.1044,19821.0466,12.7479,NA
gamemd.exe,18224,0x42C3CE0,D3D9,0,0,1,Hardware: Independent Flip,19852.3872,NA,16.81600000000000,16.49080000000000,2.56220000000000,4.98890000000000,5.1064,NA,19837.2811,17.6683,15.1061,2.5622,15.9601,4.1349,3.9909,0.1440,-0.2563,19837.2811,13.2596,NA
gamemd.exe,18224,0x42C3CE0,D3D9,0,0,1,Hardware: Independent Flip,19869.2653,NA,16.87810000000000,18.07920000000000,2.28320000000000,6.09150000000000,6.3075,NA,19854.9494,16.5991,14.3159,2.2832,15.7957,4.6117,3.9785,0.6332,-0.4109,19854.9494,NA,NA
gamemd.exe,18224,0x42C3CE0,D3D9,0,0,1,Hardware: Independent Flip,19885.6023,NA,16.33700000000000,16.26940000000000,2.04170000000000,6.00130000000000,6.2399,NA,19871.5485,16.0955,14.0538,2.0417,15.3101,4.7450,4.0245,0.7205,0.3297,19871.5485,15.5713,NA
gamemd.exe,18224,0x42C3CE0,D3D9,0,0,1,Hardware: Independent Flip,19902.7538,NA,17.15150000000000,16.12900000000000,1.38410000000000,5.06760000000000,5.2174,NA,19887.6440,16.4939,15.1098,1.3841,15.7489,4.4285,3.9293,0.4992,-0.0335,19887.6440,23.4296,NA
gamemd.exe,18224,0x42C3CE0,D3D9,0,0,1,Hardware: Independent Flip,19918.6663,NA,15.91250000000000,15.79490000000000,2.02730000000000,4.98720000000000,5.0998,NA,19904.1379,16.5557,14.5284,2.0273,15.3146,4.2010,4.1159,0.0851,0.6990,19904.1379,15.5230,NA
gamemd.exe,18224,0x42C3CE0,D3D9,0,0,1,Hardware: Independent Flip,19935.8164,NA,17.15010000000000,16.78460000000000,1.24510000000000,4.59220000000000,4.7343,NA,19920.6936,16.3679,15.1228,1.2451,15.6905,4.0245,3.9329,0.0916,-0.2289,19920.6936,NA,NA
gamemd.exe,18224,0x42C3CE0,D3D9,0,0,1,Hardware: Independent Flip,19952.3843,NA,16.56790000000000,17.01970000000000,1.76630000000000,4.95100000000000,5.1861,NA,19937.0615,17.0891,15.3228,1.7663,16.1137,4.1601,4.0285,0.1316,-0.6518,19937.0615,NA,NA
gamemd.exe,18224,0x42C3CE0,D3D9,0,0,1,Hardware: Independent Flip,19969.9337,NA,17.54940000000000,17.63270000000000,1.41660000000000,5.10120000000000,5.2694,NA,19954.1506,17.1997,15.7831,1.4166,16.3849,4.4994,4.0986,0.4008,-0.5436,19954.1506,NA,NA
gamemd.exe,18224,0x42C3CE0,D3D9,0,0,1,Hardware: Independent Flip,19986.3090,NA,16.37530000000000,15.95750000000000,1.40410000000000,4.70560000000000,4.8516,NA,19971.3503,16.3628,14.9587,1.4041,15.5776,4.0867,3.7231,0.3636,1.2422,19971.3503,NA,NA
gamemd.exe,18224,0x42C3CE0,D3D9,0,0,1,Hardware: Independent Flip,20002.1841,NA,15.87510000000000,15.94120000000000,1.68120000000000,4.66200000000000,4.9177,NA,19987.7131,16.1522,14.4710,1.6812,15.2560,3.8770,3.7988,0.0782,0.4216,19987.7131,NA,NA
gamemd.exe,18224,0x42C3CE0,D3D9,0,0,1,Hardware: Independent Flip,20019.0655,NA,16.88140000000000,16.69280000000000,1.82090000000000,4.61670000000000,4.7291,NA,20003.8653,17.0211,15.2002,1.8209,15.9989,3.8180,3.7456,0.0724,-0.5406,20003.8653,NA,NA
gamemd.exe,18224,0x42C3CE0,D3D9,0,0,1,Hardware: Independent Flip,20035.5510,NA,16.48550000000000,16.63770000000000,1.50680000000000,4.61330000000000,4.8813,NA,20020.8864,16.1714,14.6646,1.5068,15.2254,4.0525,3.9477,0.1048,0.3834,20020.8864,20.1631,NA
gamemd.exe,18224,0x42C3CE0,D3D9,0,0,1,Hardware: Independent Flip,20052.3840,NA,16.83300000000000,16.67440000000000,1.47520000000000,4.58510000000000,4.7227,NA,20037.0578,16.8014,15.3262,1.4752,15.9910,3.9203,3.8217,0.0986,-0.5030,20037.0578,20.8646,NA
gamemd.exe,18224,0x42C3CE0,D3D9,0,0,1,Hardware: Independent Flip,20069.7507,NA,17.36670000000000,18.01120000000000,1.38040000000000,5.16280000000000,5.3672,NA,20053.8592,17.2719,15.8915,1.3804,16.4907,4.5636,4.1332,0.4304,-1.2098,20053.8592,NA,NA
gamemd.exe,18224,0x42C3CE0,D3D9,0,0,1,Hardware: Independent Flip,20086.0035,NA,16.25280000000000,17.32490000000000,3.78170000000000,6.22670000000000,6.4393,NA,20071.1311,18.6541,14.8724,3.7817,16.6882,4.4109,4.2788,0.1321,-0.0530,20071.1311,NA,NA
gamemd.exe,18224,0x42C3CE0,D3D9,0,0,1,Hardware: Independent Flip,20103.6503,NA,17.64680000000000,17.48490000000000,2.88030000000000,6.08280000000000,6.2774,NA,20089.7852,16.7454,13.8651,2.8803,14.6600,5.2879,4.4835,0.8044,1.1692,20089.7852,25.6714,NA
gamemd.exe,18224,0x42C3CE0,D3D9,0,0,1,Hardware: Independent Flip,20120.0926,NA,16.44230000000000,15.51660000000000,1.49450000000000,5.08490000000000,5.3517,NA,20106.5306,15.0565,13.5620,1.4945,14.2481,4.3988,3.9912,0.4076,1.2288,20106.5306,25.1798,NA
gamemd.exe,18224,0x42C3CE0,D3D9,0,0,1,Hardware: Independent Flip,20135.7901,NA,15.69750000000000,15.12480000000000,1.60300000000000,4.53920000000000,4.7790,NA,20121.5871,15.8060,14.2030,1.6030,14.7789,3.9633,3.8923,0.0710,-0.0683,20121.5871,24.3076,NA
gamemd.exe,18224,0x42C3CE0,D3D9,0,0,1,Hardware: Independent Flip,20152.3407,NA,16.55060000000000,16.71120000000000,1.81380000000000,4.75660000000000,4.9396,NA,20137.3931,16.7614,14.9476,1.8138,15.7727,3.9315,3.8645,0.0670,-0.9052,20137.3931,24.9920,NA
gamemd.exe,18224,0x42C3CE0,D3D9,0,0,1,Hardware: Independent Flip,20169.0119,NA,16.67120000000000,18.39100000000000,2.77170000000000,6.38130000000000,6.6594,NA,20154.1545,17.6291,14.8574,2.7717,16.4980,4.7407,4.1567,0.5840,-1.6296,20154.1545,27.3900,NA
gamemd.exe,18224,0x42C3CE0,D3D9,0,0,1,Hardware: Independent Flip,20186.2494,NA,17.23750000000000,16.96380000000000,2.39830000000000,6.17910000000000,6.3857,NA,20171.7836,16.8641,14.4658,2.3983,15.7083,4.9366,4.0058,0.9308,0.6653,20171.7836,20.3956,NA
gamemd.exe,18224,0x42C3CE0,D3D9,0,0,1,Hardware: Independent Flip,20202.6607,NA,16.41130000000000,15.19530000000000,2.63280000000000,5.00850000000000,5.1697,NA,20188.6477,16.6458,14.0130,2.6328,15.0891,3.9324,3.8452,0.0872,1.6688,20188.6477,11.5830,NA
gamemd.exe,18224,0x42C3CE0,D3D9,0,0,1,Hardware: Independent Flip,20218.8136,NA,16.15290000000000,16.13900000000000,2.55980000000000,5.03840000000000,5.1558,NA,20205.2935,16.0799,13.5201,2.5598,14.6978,3.8607,3.7829,0.0778,0.5068,20205.2935,19.7146,NA
gamemd.exe,18224,0x42C3CE0,D3D9,0,0,1,Hardware: Independent Flip,20235.5669,NA,16.75330000000000,16.78680000000000,1.88500000000000,5.06390000000000,5.1893,NA,20221.3734,16.0785,14.1935,1.8850,15.0319,4.2255,4.1206,0.1049,-0.7069,20221.3734,NA,NA
gamemd.exe,18224,0x42C3CE0,D3D9,0,0,1,Hardware: Independent Flip,20252.5275,NA,16.96060000000000,16.67560000000000,2.12850000000000,4.78540000000000,4.9043,NA,20237.4519,17.2041,15.0756,2.1285,15.9599,3.9011,3.7985,0.1026,-0.5971,20237.4519,NA,NA
gamemd.exe,18224,0x42C3CE0,D3D9,0,0,1,Hardware: Independent Flip,20269.0818,NA,16.55430000000000,16.67680000000000,1.57340000000000,4.89150000000000,5.0268,NA,20254.6560,15.9992,14.4258,1.5734,15.0792,4.2381,4.1577,0.0804,0.5273,20254.6560,NA,NA
gamemd.exe,18224,0x42C3CE0,D3D9,0,0,1,Hardware: Independent Flip,20285.8527,NA,16.77090000000000,16.80830000000000,1.29760000000000,4.86930000000000,5.0642,NA,20270.6552,16.4951,15.1975,1.2976,15.7139,4.3529,4.2112,0.1417,-0.8091,20270.6552,NA,NA
gamemd.exe,18224,0x42C3CE0,D3D9,0,0,1,Hardware: Independent Flip,20302.3364,NA,16.48370000000000,17.76630000000000,2.30840000000000,6.16500000000000,6.3468,NA,20287.1503,17.4945,15.1861,2.3084,16.5473,4.8038,4.1006,0.7032,-1.2712,20287.1503,NA,NA
gamemd.exe,18224,0x42C3CE0,D3D9,0,0,1,Hardware: Independent Flip,20319.3662,NA,17.02980000000000,15.59020000000000,1.35440000000000,4.71550000000000,4.9072,NA,20304.6448,16.0758,14.7214,1.3544,15.3109,4.1260,3.7196,0.4064,1.9043,20304.6448,NA,NA
gamemd.exe,18224,0x42C3CE0,D3D9,0,0,1,Hardware: Independent Flip,20336.6539,NA,17.28770000000000,17.32170000000000,1.48540000000000,4.80610000000000,4.9412,NA,20320.7206,17.4187,15.9333,1.4854,16.6617,4.0777,3.9914,0.0863,-1.2459,20320.7206,17.3387,NA
gamemd.exe,18224,0x42C3CE0,D3D9,0,0,1,Hardware: Independent Flip,20352.5759,NA,15.92200000000000,15.85300000000000,1.52560000000000,4.72690000000000,4.8722,NA,20338.1393,15.9622,14.4366,1.5256,14.9963,4.1672,4.0206,0.1466,1.5657,20338.1393,17.0324,NA
gamemd.exe,18224,0x42C3CE0,D3D9,0,0,1,Hardware: Independent Flip,20369.3412,NA,16.76530000000000,16.84250000000000,1.48460000000000,4.82590000000000,4.9494,NA,20354.1015,16.7243,15.2397,1.4846,15.8858,4.1798,3.9911,0.1887,-0.8803,20354.1015,18.0450,NA
gamemd.exe,18224,0x42C3CE0,D3D9,0,0,1,Hardware: Independent Flip,20385.6867,NA,16.34550000000000,17.81530000000000,2.32480000000000,6.17330000000000,6.4192,NA,20370.8258,17.1857,14.8609,2.3248,16.1503,4.8839,4.2603,0.6236,-1.0910,20370.8258,19.8398,NA
gamemd.exe,18224,0x42C3CE0,D3D9,0,0,1,Hardware: Independent Flip,20403.3587,NA,17.67200000000000,17.78170000000000,2.51210000000000,6.36590000000000,6.5289,NA,20388.0115,17.8593,15.3472,2.5121,17.0587,4.6544,3.8209,0.8335,-0.5960,20388.0115,21.5875,NA
gamemd.exe,18224,0x42C3CE0,D3D9,0,0,1,Hardware: Independent Flip,20420.0346,NA,16.67590000000000,15.14070000000000,2.42050000000000,4.87980000000000,4.9937,NA,20405.8708,16.5843,14.1638,2.4205,15.1568,3.8868,3.7824,0.1044,2.7186,20405.8708,20.2978,NA
gamemd.exe,18224,0x42C3CE0,D3D9,0,0,1,Hardware: Independent Flip,20435.9348,NA,15.90020000000000,15.94780000000000,1.95080000000000,4.92870000000000,5.0413,NA,20422.4551,15.4305,13.4797,1.9508,14.3774,4.0310,3.9478,0.0832,0.6365,20422.4551,20.6832,NA
gamemd.exe,18224,0x42C3CE0,D3D9,0,0,1,Hardware: Independent Flip,20452.0718,NA,16.13700000000000,16.12040000000000,2.03590000000000,4.90080000000000,5.0247,NA,20437.8856,16.2221,14.1862,2.0359,15.3003,3.7867,3.6662,0.1205,-0.6899,20437.8856,20.8280,NA
gamemd.exe,18224,0x42C3CE0,D3D9,0,0,1,Hardware: Independent Flip,20468.7296,NA,16.65780000000000,16.73590000000000,1.55890000000000,4.53160000000000,5.1028,NA,20454.1077,16.1808,14.6219,1.5589,15.3575,3.7960,3.6656,0.1304,-0.5138,20454.1077,21.5865,NA
gamemd.exe,18224,0x42C3CE0,D3D9,0,0,1,Hardware: Independent Flip,20485.4935,NA,16.76390000000000,16.55420000000000,1.70210000000000,4.70350000000000,4.8931,NA,20470.2885,16.9071,15.2050,1.7021,16.0009,3.9076,3.7310,0.1766,-0.3734,20470.2885,22.0842,NA
gamemd.exe,18224,0x42C3CE0,D3D9,0,0,1,Hardware: Independent Flip,20502.4499,NA,16.95640000000000,17.45650000000000,1.95560000000000,5.19810000000000,5.3932,NA,20487.1956,17.2099,15.2543,1.9556,16.1973,4.2551,4.1275,0.1276,-0.5494,20487.1956,23.5252,NA
gamemd.exe,18224,0x42C3CE0,D3D9,0,0,1,Hardware: Independent Flip,20520.0918,NA,17.64190000000000,19.00590000000000,2.32190000000000,6.55500000000000,6.7572,NA,20504.4055,18.0082,15.6863,2.3219,17.1309,5.1104,4.0537,1.0567,-1.7960,20504.4055,18.6167,NA
gamemd.exe,18224,0x42C3CE0,D3D9,0,0,1,Hardware: Independent Flip,20536.0205,NA,15.92870000000000,15.50490000000000,2.61130000000000,6.13610000000000,6.3334,NA,20522.4137,16.2181,13.6068,2.6113,15.2390,4.5039,4.1032,0.4007,2.5033,20522.4137,26.1051,NA
gamemd.exe,18224,0x42C3CE0,D3D9,0,0,1,Hardware: Independent Flip,20552.8116,NA,16.79110000000000,15.61960000000000,1.55690000000000,5.01910000000000,5.1619,NA,20538.6318,15.7367,14.1798,1.5569,15.0223,4.1766,4.0870,0.0896,0.5985,20538.6318,NA,NA
gamemd.exe,18224,0x42C3CE0,D3D9,0,0,1,Hardware: Independent Flip,20568.7468,NA,15.93520000000000,15.74000000000000,1.71260000000000,4.72060000000000,4.9667,NA,20554.3685,16.0909,14.3783,1.7126,15.0548,4.0441,3.9608,0.0833,-0.0033,20554.3685,NA,NA
gamemd.exe,18224,0x42C3CE0,D3D9,0,0,1,Hardware: Independent Flip,20585.4756,NA,16.72880000000000,16.66890000000000,1.39910000000000,4.53650000000000,4.9068,NA,20570.4594,16.4153,15.0162,1.3991,15.5348,4.0179,3.9339,0.0840,-0.5780,20570.4594,NA,NA
gamemd.exe,18224,0x42C3CE0,D3D9,0,0,1,Hardware: Independent Flip,20603.1375,NA,17.66190000000000,18.44470000000000,1.51020000000000,5.41940000000000,5.6896,NA,20586.8747,17.7730,16.2628,1.5102,16.8773,4.8049,4.1180,0.6869,-2.0294,20586.8747,28.5517,NA
gamemd.exe,18224,0x42C3CE0,D3D9,0,0,1,Hardware: Independent Flip,20619.9398,NA,16.80230000000000,16.84190000000000,1.44490000000000,5.58070000000000,5.7292,NA,20604.6477,16.7370,15.2921,1.4449,15.9869,4.8859,4.4732,0.4127,0.9311,20604.6477,29.4156,NA
gamemd.exe,18224,0x42C3CE0,D3D9,0,0,1,Hardware: Independent Flip,20635.6258,NA,15.68600000000000,15.17970000000000,2.47430000000000,5.10200000000000,5.2229,NA,20621.3847,16.7154,14.2411,2.4743,15.3253,4.0178,3.9194,0.0984,1.5573,20621.3847,NA,NA
gamemd.exe,18224,0x42C3CE0,D3D9,0,0,1,Hardware: Independent Flip,20652.3592,NA,16.73340000000000,16.45640000000000,1.90150000000000,4.82360000000000,4.9459,NA,20638.1001,16.1606,14.2591,1.9015,15.1649,3.9178,3.8365,0.0813,0.2590,20638.1001,NA,NA
gamemd.exe,18224,0x42C3CE0,D3D9,0,0,1,Hardware: Independent Flip,20668.7040,NA,16.34480000000000,16.39690000000000,1.60580000000000,4.84930000000000,4.9980,NA,20654.2607,16.0491,14.4433,1.6058,15.1729,4.1197,4.0392,0.0805,-0.2363,20654.2607,NA,NA
gamemd.exe,18224,0x42C3CE0,D3D9,0,0,1,Hardware: Independent Flip,20685.7775,NA,17.07350000000000,16.96070000000000,1.94650000000000,4.75060000000000,4.8852,NA,20670.3098,17.4142,15.4677,1.9465,16.0175,4.2008,4.0935,0.1073,-0.9116,20670.3098,NA,NA
gamemd.exe,18224,0x42C3CE0,D3D9,0,0,1,Hardware: Independent Flip,20702.4565,NA,16.67900000000000,17.27910000000000,2.58380000000000,5.28780000000000,5.4853,NA,20687.7240,17.3163,14.7325,2.5838,15.9100,4.1103,4.0234,0.0869,0.1351,20687.7240,NA,NA
gamemd.exe,18224,0x42C3CE0,D3D9,0,0,1,Hardware: Independent Flip,20719.6470,NA,17.19050000000000,17.91510000000000,2.42370000000000,6.02440000000000,6.2099,NA,20705.0403,17.0304,14.6067,2.4237,16.2281,4.4030,3.7697,0.6333,-0.5988,20705.0403,NA,NA
gamemd.exe,18224,0x42C3CE0,D3D9,0,0,1,Hardware: Independent Flip,20736.2393,NA,16.59230000000000,15.18810000000000,1.36570000000000,4.67460000000000,4.8057,NA,20722.0707,15.5343,14.1686,1.3657,14.7928,4.0504,3.9331,0.1173,1.8423,20722.0707,NA,NA
gamemd.exe,18224,0x42C3CE0,D3D9,0,0,1,Hardware: Independent Flip,20752.5800,NA,16.34070000000000,16.59980000000000,1.41920000000000,4.94470000000000,5.0648,NA,20737.6050,16.3942,14.9750,1.4192,15.5985,4.3212,3.8944,0.4268,-1.0655,20737.6050,NA,NA
gamemd.exe,18224,0x42C3CE0,D3D9,0,0,1,Hardware: Independent Flip,20769.1168,NA,16.53680000000000,16.23950000000000,1.58210000000000,4.64900000000000,4.7675,NA,20753.9992,16.6997,15.1176,1.5821,15.6785,4.0881,4.0066,0.0815,0.1547,20753.9992,NA,NA
gamemd.exe,18224,0x42C3CE0,D3D9,0,0,1,Hardware: Independent Flip,20785.8396,NA,16.72280000000000,17.21010000000000,1.41260000000000,5.00580000000000,5.2548,NA,20770.6989,16.5533,15.1407,1.4126,15.7574,4.3891,4.1971,0.1920,-0.5104,20770.6989,18.8428,18.8428
gamemd.exe,18224,0x42C3CE0,D3D9,0,0,1,Hardware: Independent Flip,20802.0976,NA,16.25800000000000,17.25230000000000,2.12870000000000,6.01810000000000,6.2491,NA,20787.2522,16.9741,14.8454,2.1287,16.2457,4.6178,3.9527,0.6651,-0.6990,20787.2522,NA,NA
gamemd.exe,18224,0x42C3CE0,D3D9,0,0,1,Hardware: Independent Flip,20819.1277,NA,17.03010000000000,17.24050000000000,2.39010000000000,6.21870000000000,6.4595,NA,20804.2263,17.2915,14.9014,2.3901,16.4809,4.6392,3.9714,0.6678,-0.2664,20804.2263,NA,NA
gamemd.exe,18224,0x42C3CE0,D3D9,0,0,1,Hardware: Independent Flip,20836.2140,NA,17.08630000000000,15.53910000000000,1.38450000000000,4.73320000000000,4.9123,NA,20821.5178,16.0807,14.6962,1.3845,15.2360,4.1934,3.8435,0.3499,1.7524,20821.5178,NA,NA
gamemd.exe,18224,0x42C3CE0,D3D9,0,0,1,Hardware: Independent Flip,20851.9824,NA,15.76840000000000,17.11700000000000,2.26390000000000,6.05950000000000,6.2609,NA,20837.5985,16.6478,14.3839,2.2639,15.6314,4.8120,4.1083,0.7037,-1.0363,20837.5985,NA,NA
gamemd.exe,18224,0x42C3CE0,D3D9,0,0,1,Hardware: Independent Flip,20869.6909,NA,17.70850000000000,17.96370000000000,2.40460000000000,6.30230000000000,6.5161,NA,20854.2463,17.8492,15.4446,2.4046,17.0123,4.7346,3.9046,0.8300,-1.3159,20854.2463,NA,NA
gamemd.exe,18224,0x42C3CE0,D3D9,0,0,1,Hardware: Independent Flip,20886.3051,NA,16.61420000000000,15.16130000000000,1.40850000000000,4.85120000000000,5.0632,NA,20872.0955,15.6181,14.2096,1.4085,14.8168,4.2440,3.8539,0.3901,2.6879,20872.0955,23.0290,23.0290
gamemd.exe,18224,0x42C3CE0,D3D9,0,0,1,Hardware: Independent Flip,20902.2267,NA,15.92160000000000,16.00330000000000,1.87450000000000,4.97030000000000,5.1449,NA,20887.7136,16.3876,14.5131,1.8745,15.3653,4.1181,4.0534,0.0647,-0.3852,20887.7136,NA,NA
gamemd.exe,18224,0x42C3CE0,D3D9,0,0,1,Hardware: Independent Flip,20918.6143,NA,16.38760000000000,16.31460000000000,1.65450000000000,4.65090000000000,5.0719,NA,20904.1012,16.1676,14.5131,1.6545,15.2682,3.8958,3.7839,0.1119,0.0730,20904.1012,NA,NA
gamemd.exe,18224,0x42C3CE0,D3D9,0,0,1,Hardware: Independent Flip,20935.4085,NA,16.79420000000000,16.73840000000000,1.46930000000000,4.81370000000000,5.0161,NA,20920.2688,16.6090,15.1397,1.4693,15.7358,4.2176,4.1346,0.0830,-0.5708,20920.2688,NA,NA
gamemd.exe,18224,0x42C3CE0,D3D9,0,0,1,Hardware: Independent Flip,20953.1883,NA,17.77980000000000,18.24540000000000,1.42340000000000,5.27700000000000,5.4817,NA,20936.8778,17.7339,16.3105,1.4234,16.9330,4.6545,4.1067,0.5478,-1.6364,20936.8778,NA,NA
gamemd.exe,18224,0x42C3CE0,D3D9,0,0,1,Hardware: Independent Flip,20969.2043,NA,16.01600000000000,15.63170000000000,1.91940000000000,4.88550000000000,5.0974,NA,20954.6117,16.5120,14.5926,1.9194,15.4506,4.0275,3.8943,0.1332,2.1022,20954.6117,NA,NA
gamemd.exe,18224,0x42C3CE0,D3D9,0,0,1,Hardware: Independent Flip,20985.6589,NA,16.45460000000000,16.21730000000000,1.53490000000000,4.72350000000000,4.8601,NA,20971.1237,16.0701,14.5352,1.5349,15.1592,4.0995,3.9706,0.1289,0.2947,20971.1237,NA,NA
gamemd.exe,18224,0x42C3CE0,D3D9,0,0,1,Hardware: Independent Flip,21002.9503,NA,17.29140000000000,17.35490000000000,1.83780000000000,4.80700000000000,4.9236,NA,20987.1938,17.5943,15.7565,1.8378,16.6287,3.9348,3.8418,0.0930,-1.2848,20987.1938,NA,NA
gamemd.exe,18224,0x42C3CE0,D3D9,0,0,1,Hardware: Independent Flip,21018.8416,NA,15.89130000000000,16.13500000000000,2.05610000000000,5.05470000000000,5.1673,NA,21004.7881,16.1096,14.0535,2.0561,15.1606,3.9476,3.8562,0.0914,1.4593,21004.7881,NA,NA
gamemd.exe,18224,0x42C3CE0,D3D9,0,0,1,Hardware: Independent Flip,21035.6905,NA,16.84890000000000,16.87740000000000,1.16390000000000,5.01870000000000,5.1958,NA,21020.8977,15.9567,14.7928,1.1639,15.3351,4.4764,3.9670,0.5094,-0.7678,21020.8977,NA,NA
gamemd.exe,18224,0x42C3CE0,D3D9,0,0,1,Hardware: Independent Flip,21052.2198,NA,16.52930000000000,16.41420000000000,1.76400000000000,4.90210000000000,5.0807,NA,21036.8544,17.1294,15.3654,1.7640,16.0611,4.2064,4.1045,0.1019,-0.4575,21036.8544,NA,NA
gamemd.exe,18224,0x42C3CE0,D3D9,0,0,1,Hardware: Independent Flip,21069.6101,NA,17.39030000000000,17.40690000000000,1.33100000000000,4.93810000000000,5.0973,NA,21053.9838,16.9573,15.6263,1.3310,16.1946,4.3698,4.2720,0.0978,-0.2775,21053.9838,NA,NA
gamemd.exe,18224,0x42C3CE0,D3D9,0,0,1,Hardware: Independent Flip,21086.0213,NA,16.41120000000000,16.36630000000000,1.36230000000000,4.92550000000000,5.0524,NA,21070.9411,16.4425,15.0802,1.3623,15.7313,4.2744,4.1747,0.0997,0.5910,21070.9411,NA,NA
gamemd.exe,18224,0x42C3CE0,D3D9,0,0,1,Hardware: Independent Flip,21102.5297,NA,16.50840000000000,16.02120000000000,1.41410000000000,4.43740000000000,4.5652,NA,21087.3836,16.5602,15.1461,1.4141,15.7697,3.8138,3.7312,0.0826,0.4213,21087.3836,NA,NA
gamemd.exe,18224,0x42C3CE0,D3D9,0,0,1,Hardware: Independent Flip,21118.9325,NA,16.40280000000000,16.74030000000000,1.84300000000000,4.78810000000000,4.9027,NA,21103.9438,16.8317,14.9887,1.8430,15.8022,3.9746,3.8887,0.0859,-0.1801,21103.9438,NA,NA
gamemd.exe,18224,0x42C3CE0,D3D9,0,0,1,Hardware: Independent Flip,21135.4213,NA,16.48880000000000,16.53530000000000,1.50360000000000,4.78760000000000,4.9492,NA,21120.7755,16.1494,14.6458,1.5036,15.2382,4.1952,4.1165,0.0787,0.2964,21120.7755,16.1224,16.1224
gamemd.exe,18224,0x42C3CE0,D3D9,0,0,1,Hardware: Independent Flip,21152.7460,NA,17.32470000000000,18.02070000000000,2.39720000000000,5.46530000000000,5.6452,NA,21136.9249,18.2183,15.8211,2.3972,16.4901,4.7963,4.1330,0.6633,-1.8713,21136.9249,NA,NA
gamemd.exe,18224,0x42C3CE0,D3D9,0,0,1,Hardware: Independent Flip,21169.2401,NA,16.49410000000000,15.95650000000000,1.36470000000000,4.95650000000000,5.1076,NA,21155.1432,15.4616,14.0969,1.3647,14.6617,4.3917,3.7692,0.6225,2.2618,21155.1432,NA,NA
gamemd.exe,18224,0x42C3CE0,D3D9,0,0,1,Hardware: Independent Flip,21185.9527,NA,16.71260000000000,16.28240000000000,1.66330000000000,4.55950000000000,4.6774,NA,21170.6048,17.0112,15.3479,1.6633,16.0004,3.9070,3.8254,0.0816,-0.8208,21170.6048,NA,NA
gamemd.exe,18224,0x42C3CE0,D3D9,0,0,1,Hardware: Independent Flip,21202.1497,NA,16.19700000000000,16.70250000000000,2.54760000000000,5.06860000000000,5.1829,NA,21187.6160,17.0813,14.5337,2.5476,15.5202,4.0821,3.9761,0.1060,0.3087,21187.6160,NA,NA
gamemd.exe,18224,0x42C3CE0,D3D9,0,0,1,Hardware: Independent Flip,21218.8335,NA,16.68380000000000,16.32560000000000,1.29610000000000,4.41200000000000,4.8247,NA,21204.6973,15.4323,14.1362,1.2961,14.6637,3.8845,3.7829,0.1016,0.7557,21204.6973,19.1854,19.1854
gamemd.exe,18224,0x42C3CE0,D3D9,0,0,1,Hardware: Independent Flip,21235.5271,NA,16.69360000000000,16.65970000000000,1.56010000000000,4.51960000000000,4.7908,NA,21220.1296,16.9576,15.3975,1.5601,16.0034,3.9137,3.8369,0.0768,-1.2274,21220.1296,NA,NA
gamemd.exe,18224,0x42C3CE0,D3D9,0,0,1,Hardware: Independent Flip,21252.3196,NA,16.79250000000000,17.05550000000000,1.25400000000000,4.84350000000000,5.0538,NA,21237.0872,16.4864,15.2324,1.2540,15.8005,4.2754,4.1567,0.1187,-0.0979,21237.0872,NA,NA
gamemd.exe,18224,0x42C3CE0,D3D9,0,0,1,Hardware: Independent Flip,21268.7349,NA,16.41530000000000,18.09770000000000,2.35330000000000,6.51500000000000,6.7362,NA,21253.5736,17.5146,15.1613,2.3533,16.5308,5.1455,4.2881,0.8574,-1.6113,21253.5736,NA,NA
gamemd.exe,18224,0x42C3CE0,D3D9,0,0,1,Hardware: Independent Flip,21285.4487,NA,16.71380000000000,16.27630000000000,2.15310000000000,6.06860000000000,6.2987,NA,21271.0882,16.5136,14.3605,2.1531,15.7453,4.6838,4.1053,0.5785,1.2383,21271.0882,NA,NA
gamemd.exe,18224,0x42C3CE0,D3D9,0,0,1,Hardware: Independent Flip,21302.8892,NA,17.44050000000000,16.51840000000000,1.37000000000000,5.19030000000000,5.3766,NA,21287.6018,16.6574,15.2874,1.3700,16.0262,4.4515,4.0064,0.4451,-0.0048,21287.6018,23.8993,NA
gamemd.exe,18224,0x42C3CE0,D3D9,0,0,1,Hardware: Independent Flip,21318.9045,NA,16.01530000000000,15.43850000000000,1.34270000000000,4.44140000000000,4.7998,NA,21304.2592,15.9880,14.6453,1.3427,15.1797,3.9070,3.8477,0.0593,1.2189,21304.2592,23.3969,NA
gamemd.exe,18224,0x42C3CE0,D3D9,0,0,1,Hardware: Independent Flip,21335.5973,NA,16.69280000000000,16.71110000000000,1.58220000000000,4.63440000000000,4.8181,NA,21320.2472,16.9323,15.3501,1.5822,16.0462,3.9383,3.8625,0.0758,-0.7231,21320.2472,23.7496,NA
gamemd.exe,18224,0x42C3CE0,D3D9,0,0,1,Hardware: Independent Flip,21352.9165,NA,17.31920000000000,17.89020000000000,1.44700000000000,5.15780000000000,5.3891,NA,21337.1795,17.1840,15.7370,1.4470,16.3857,4.5091,4.0344,0.4747,-0.9579,21337.1795,26.0384,NA
gamemd.exe,18224,0x42C3CE0,D3D9,0,0,1,Hardware: Independent Flip,21369.8037,NA,16.88720000000000,17.71970000000000,2.33100000000000,6.01930000000000,6.2216,NA,21354.3635,17.7712,15.4402,2.3310,16.3810,5.0785,4.4860,0.5925,-0.5357,21354.3635,19.7256,NA
gamemd.exe,18224,0x42C3CE0,D3D9,0,0,1,Hardware: Independent Flip,21386.1694,NA,16.36570000000000,16.55540000000000,2.82680000000000,6.20440000000000,6.4113,NA,21372.1347,16.8615,14.0347,2.8268,15.6521,4.5870,3.9962,0.5908,1.2158,21372.1347,20.3020,NA
gamemd.exe,18224,0x42C3CE0,D3D9,0,0,1,Hardware: Independent Flip,21402.8791,NA,16.70970000000000,15.51480000000000,2.14730000000000,5.07810000000000,5.2164,NA,21388.9962,16.0302,13.8829,2.1473,14.5148,4.4462,4.3487,0.0975,1.3467,21388.9962,11.8605,NA
gamemd.exe,18224,0x42C3CE0,D3D9,0,0,1,Hardware: Independent Flip,21418.8897,NA,16.01060000000000,15.73100000000000,1.89440000000000,4.80930000000000,4.9368,NA,21405.0264,15.7577,13.8633,1.8944,14.5604,4.1122,4.0240,0.0882,0.2992,21405.0264,NA,NA
gamemd.exe,18224,0x42C3CE0,D3D9,0,0,1,Hardware: Independent Flip,21435.4859,NA,16.59620000000000,17.03870000000000,2.50220000000000,5.17990000000000,5.3793,NA,21420.7841,17.2040,14.7018,2.5022,15.3541,4.5276,4.3789,0.1487,-1.2810,21420.7841,20.6271,NA
gamemd.exe,18224,0x42C3CE0,D3D9,0,0,1,Hardware: Independent Flip,21452.2879,NA,16.80200000000000,17.73770000000000,2.62230000000000,6.09330000000000,6.3150,NA,21437.9881,16.9221,14.2998,2.6223,15.0179,5.3752,4.4953,0.8799,-0.5337,21437.9881,30.3650,NA
gamemd.exe,18224,0x42C3CE0,D3D9,0,0,1,Hardware: Independent Flip,21469.9416,NA,17.65370000000000,17.01120000000000,1.56510000000000,5.47690000000000,5.6725,NA,21454.9102,16.5965,15.0314,1.5651,15.7952,4.7131,4.2106,0.5025,-0.0891,21454.9102,15.3707,NA
gamemd.exe,18224,0x42C3CE0,D3D9,0,0,1,Hardware: Independent Flip,21486.1560,NA,16.21440000000000,15.38130000000000,1.63430000000000,4.71640000000000,4.8394,NA,21471.5067,16.2836,14.6493,1.6343,15.2452,4.1205,4.0319,0.0886,1.2152,21471.5067,14.7605,NA
gamemd.exe,18224,0x42C3CE0,D3D9,0,0,1,Hardware: Independent Flip,21502.5457,NA,16.38970000000000,16.68810000000000,2.30300000000000,5.02160000000000,5.1378,NA,21487.7903,17.0584,14.7554,2.3030,15.6531,4.1239,4.0071,0.1168,-0.4045,21487.7903,7.4159,NA
gamemd.exe,18224,0x42C3CE0,D3D9,0,0,1,Hardware: Independent Flip,21518.9030,NA,16.35730000000000,16.28630000000000,1.76470000000000,4.86170000000000,5.0668,NA,21504.8487,15.8190,14.0543,1.7647,14.6824,4.2336,4.1346,0.0990,0.7721,21504.8487,15.7402,NA
gamemd.exe,18224,0x42C3CE0,D3D9,0,0,1,Hardware: Independent Flip,21536.7028,NA,17.79980000000000,19.09610000000000,2.25520000000000,6.17590000000000,6.3631,NA,21520.6677,18.2903,16.0351,2.2552,17.5051,4.7059,4.0021,0.7038,-3.2771,21520.6677,18.8448,NA
gamemd.exe,18224,0x42C3CE0,D3D9,0,0,1,Hardware: Independent Flip,21553.2291,NA,16.52630000000000,15.67140000000000,1.47540000000000,5.31090000000000,5.5082,NA,21538.9580,15.7465,14.2711,1.4754,14.9477,4.6343,3.9237,0.7106,2.6189,21538.9580,18.4912,NA
gamemd.exe,18224,0x42C3CE0,D3D9,0,0,1,Hardware: Independent Flip,21569.0906,NA,15.86150000000000,15.60800000000000,1.38180000000000,5.13620000000000,5.2547,NA,21554.7045,15.7679,14.3861,1.3818,15.0537,4.4686,4.0272,0.4414,0.1385,21554.7045,18.0226,NA
gamemd.exe,18224,0x42C3CE0,D3D9,0,0,1,Hardware: Independent Flip,21585.9086,NA,16.81800000000000,16.17700000000000,1.43560000000000,4.46950000000000,4.6137,NA,21570.4724,16.8718,15.4362,1.4356,16.0145,3.8912,3.7954,0.0958,-0.4091,21570.4724,18.2483,NA
gamemd.exe,18224,0x42C3CE0,D3D9,0,0,1,Hardware: Independent Flip,21602.6012,NA,16.69260000000000,16.91430000000000,1.99040000000000,4.72370000000000,4.8354,NA,21587.3442,17.2474,15.2570,1.9904,16.0407,3.9400,3.8618,0.0782,-0.0425,21587.3442,19.1895,NA
gamemd.exe,18224,0x42C3CE0,D3D9,0,0,1,Hardware: Independent Flip,21619.2552,NA,16.65400000000000,16.48850000000000,1.41810000000000,4.54240000000000,4.6699,NA,21604.5916,16.0817,14.6636,1.4181,15.3061,3.8999,3.7793,0.1206,0.7589,21604.5916,19.6441,NA
gamemd.exe,18224,0x42C3CE0,D3D9,0,0,1,Hardware: Independent Flip,21635.8840,NA,16.62880000000000,16.65340000000000,1.24010000000000,4.54950000000000,4.6945,NA,21620.6733,16.4508,15.2107,1.2401,15.7693,3.9909,3.9064,0.0845,-0.5717,21620.6733,20.3220,NA
gamemd.exe,18224,0x42C3CE0,D3D9,0,0,1,Hardware: Independent Flip,21652.4781,NA,16.59410000000000,17.25410000000000,1.78390000000000,5.15820000000000,5.3545,NA,21637.1241,17.1379,15.3540,1.7839,16.0319,4.4803,3.8427,0.6376,-0.8033,21637.1241,21.5810,NA
gamemd.exe,18224,0x42C3CE0,D3D9,0,0,1,Hardware: Independent Flip,21669.0474,NA,16.56930000000000,17.99040000000000,3.39590000000000,6.54240000000000,6.7756,NA,21654.2620,18.1813,14.7854,3.3959,16.3564,4.9714,4.2293,0.7421,-0.8525,21654.2620,23.5217,NA
gamemd.exe,18224,0x42C3CE0,D3D9,0,0,1,Hardware: Independent Flip,21686.5911,NA,17.54370000000000,15.52680000000000,1.45170000000000,4.63570000000000,4.7587,NA,21672.4433,15.5995,14.1478,1.4517,14.8084,3.9751,3.8389,0.1362,2.6545,21672.4433,22.9475,NA
gamemd.exe,18224,0x42C3CE0,D3D9,0,0,1,Hardware: Independent Flip,21702.2421,NA,15.65100000000000,15.62350000000000,1.45960000000000,4.57110000000000,4.7312,NA,21688.0428,15.6589,14.1993,1.4596,14.8119,3.9585,3.8865,0.0720,-0.0240,21688.0428,22.1457,NA
gamemd.exe,18224,0x42C3CE0,D3D9,0,0,1,Hardware: Independent Flip,21718.8261,NA,16.58400000000000,16.74450000000000,1.49570000000000,4.66760000000000,4.8917,NA,21703.7017,16.6201,15.1244,1.4957,15.9185,3.8735,3.7936,0.0799,-1.0856,21703.7017,19.3034,NA
gamemd.exe,18224,0x42C3CE0,D3D9,0,0,1,Hardware: Independent Flip,21735.2759,NA,16.44980000000000,16.56810000000000,1.47830000000000,4.74790000000000,5.0100,NA,21720.3218,16.4324,14.9541,1.4783,15.6085,4.0935,4.0201,0.0734,0.0520,21720.3218,NA,NA
gamemd.exe,18224,0x42C3CE0,D3D9,0,0,1,Hardware: Independent Flip,21753.6418,NA,18.36590000000000,19.20040000000000,1.72580000000000,5.66670000000000,5.8445,NA,21736.7542,18.6134,16.8876,1.7258,17.7531,4.8012,3.9052,0.8960,-2.7680,21736.7542,NA,NA
gamemd.exe,18224,0x42C3CE0,D3D9,0,0,1,Hardware: Independent Flip,21769.2067,NA,15.56490000000000,14.92060000000000,1.51860000000000,5.02950000000000,5.2002,NA,21755.3676,15.3577,13.8391,1.5186,14.4701,4.3985,4.2932,0.1053,3.6928,21755.3676,NA,NA
gamemd.exe,18224,0x42C3CE0,D3D9,0,0,1,Hardware: Independent Flip,21785.5246,NA,16.31790000000000,16.04380000000000,1.61950000000000,4.80590000000000,4.9261,NA,21770.7253,16.4188,14.7993,1.6195,15.5468,4.0584,3.9211,0.1373,-0.6861,21770.7253,NA,NA
gamemd.exe,18224,0x42C3CE0,D3D9,0,0,1,Hardware: Independent Flip,21802.1968,NA,16.67220000000000,16.78260000000000,1.80630000000000,4.91980000000000,5.0365,NA,21787.1441,16.8590,15.0527,1.8063,15.8634,4.1091,4.0073,0.1018,-0.3638,21787.1441,NA,NA
gamemd.exe,18224,0x42C3CE0,D3D9,0,0,1,Hardware: Independent Flip,21818.7240,NA,16.52720000000000,16.46850000000000,1.80160000000000,4.85790000000000,4.9778,NA,21804.0031,16.5225,14.7209,1.8016,15.4453,4.1335,4.0422,0.0913,0.3905,21804.0031,NA,NA
gamemd.exe,18224,0x42C3CE0,D3D9,0,0,1,Hardware: Independent Flip,21835.3798,NA,16.65580000000000,16.87010000000000,2.50020000000000,5.07650000000000,5.1921,NA,21820.5256,17.3544,14.8542,2.5002,15.7414,4.1893,4.0261,0.1632,-0.3476,21820.5256,NA,NA
gamemd.exe,18224,0x42C3CE0,D3D9,0,0,1,Hardware: Independent Flip,21852.5330,NA,17.15320000000000,17.51310000000000,1.76550000000000,5.34630000000000,5.5520,NA,21837.8800,16.4185,14.6530,1.7655,15.6054,4.3939,4.2843,0.1096,-0.1587,21837.8800,11.5598,NA
gamemd.exe,18224,0x42C3CE0,D3D9,0,0,1,Hardware: Independent Flip,21869.7902,NA,17.25720000000000,17.98050000000000,2.46910000000000,6.08130000000000,6.2753,NA,21854.2985,17.9608,15.4917,2.4691,17.0108,4.5622,3.8645,0.6977,-1.5620,21854.2985,NA,NA
gamemd.exe,18224,0x42C3CE0,D3D9,0,0,1,Hardware: Independent Flip,21886.4384,NA,16.64820000000000,15.48450000000000,1.41930000000000,4.95900000000000,5.1116,NA,21872.2593,15.5984,14.1791,1.4193,14.8072,4.3309,4.1262,0.2047,2.4763,21872.2593,NA,NA
gamemd.exe,18224,0x42C3CE0,D3D9,0,0,1,Hardware: Independent Flip,21902.6739,NA,16.23550000000000,15.73360000000000,1.22070000000000,4.48860000000000,4.6097,NA,21887.8577,16.0369,14.8162,1.2207,15.3598,3.9450,3.8534,0.0916,-0.1352,21887.8577,NA,NA
gamemd.exe,18224,0x42C3CE0,D3D9,0,0,1,Hardware: Independent Flip,21919.0155,NA,16.34160000000000,16.95940000000000,2.69190000000000,5.06210000000000,5.2275,NA,21903.8946,17.8128,15.1209,2.6919,16.4154,3.7676,3.6998,0.0678,-0.9225,21903.8946,NA,NA
gamemd.exe,18224,0x42C3CE0,D3D9,0,0,1,Hardware: Independent Flip,21935.2552,NA,16.23970000000000,16.16110000000000,1.79930000000000,5.01760000000000,5.1489,NA,21921.7074,15.3471,13.5478,1.7993,14.2611,4.3043,4.2327,0.0716,1.6517,21921.7074,NA,NA
gamemd.exe,18224,0x42C3CE0,D3D9,0,0,1,Hardware: Independent Flip,21951.9990,NA,16.74380000000000,16.51460000000000,1.83420000000000,4.78740000000000,4.9197,NA,21937.0545,16.7787,14.9445,1.8342,15.5968,4.1351,4.0694,0.0657,-1.1675,21937.0545,NA,NA
gamemd.exe,18224,0x42C3CE0,D3D9,0,0,1,Hardware: Independent Flip,21968.7053,NA,16.70630000000000,16.99010000000000,1.45150000000000,5.00630000000000,5.2035,NA,21953.8332,16.3236,14.8721,1.4515,15.5210,4.3574,4.2664,0.0910,-0.2114,21953.8332,17.5804,NA
gamemd.exe,18224,0x42C3CE0,D3D9,0,0,1,Hardware: Independent Flip,21985.8563,NA,17.15100000000000,18.36650000000000,2.41240000000000,6.23050000000000,6.4190,NA,21970.1568,18.1119,15.6995,2.4124,17.2142,4.7158,3.8822,0.8336,-2.0429,21970.1568,19.9884,NA
gamemd.exe,18224,0x42C3CE0,D3D9,0,0,1,Hardware: Independent Flip,22003.3633,NA,17.50700000000000,16.53340000000000,1.57180000000000,5.30200000000000,5.4454,NA,21988.2687,16.6664,15.0946,1.5718,15.7992,4.5974,3.8642,0.7332,1.5785,21988.2687,20.5315,NA
gamemd.exe,18224,0x42C3CE0,D3D9,0,0,1,Hardware: Independent Flip,22019.2449,NA,15.88160000000000,15.16250000000000,1.68160000000000,4.60820000000000,4.7263,NA,22004.9351,15.9914,14.3098,1.6816,14.9036,4.0144,3.9204,0.0940,1.5039,22004.9351,19.7101,NA
gamemd.exe,18224,0x42C3CE0,D3D9,0,0,1,Hardware: Independent Flip,22035.5555,NA,16.31060000000000,16.28980000000000,1.82400000000000,4.56640000000000,4.7055,NA,22020.9265,16.4530,14.6290,1.8240,15.1627,4.0327,3.9456,0.0871,-0.2984,22020.9265,20.0047,NA
gamemd.exe,18224,0x42C3CE0,D3D9,0,0,1,Hardware: Independent Flip,22052.1900,NA,16.63450000000000,16.69540000000000,1.95900000000000,4.63500000000000,4.7664,NA,22037.3795,16.7695,14.8105,1.9590,15.7983,3.6472,3.5872,0.0600,-0.2424,22037.3795,20.7239,NA
gamemd.exe,18224,0x42C3CE0,D3D9,0,0,1,Hardware: Independent Flip,22069.3098,NA,17.11980000000000,17.64400000000000,1.28020000000000,5.12790000000000,5.2906,NA,22054.1490,16.4410,15.1608,1.2802,15.7300,4.5587,4.4260,0.1327,-0.8745,22054.1490,22.2637,NA
gamemd.exe,18224,0x42C3CE0,D3D9,0,0,1,Hardware: Independent Flip,22086.4021,NA,17.09230000000000,17.40930000000000,1.56690000000000,5.42450000000000,5.6076,NA,22070.5900,17.3790,15.8121,1.5669,16.6844,4.5522,3.7332,0.8190,-0.9683,22070.5900,23.5340,NA
gamemd.exe,18224,0x42C3CE0,D3D9,0,0,1,Hardware: Independent Flip,22102.3378,NA,15.93570000000000,16.43480000000000,2.32590000000000,5.88040000000000,6.1067,NA,22087.9690,16.6947,14.3688,2.3259,15.9460,4.3032,3.8721,0.4311,0.9442,22087.9690,16.1952,NA
gamemd.exe,18224,0x42C3CE0,D3D9,0,0,1,Hardware: Independent Flip,22118.8009,NA,16.46310000000000,15.13030000000000,1.47460000000000,4.46070000000000,4.7739,NA,22104.6637,15.6118,14.1372,1.4746,14.6316,3.9663,3.8813,0.0850,1.5644,22104.6637,23.2807,NA
gamemd.exe,18224,0x42C3CE0,D3D9,0,0,1,Hardware: Independent Flip,22135.2752,NA,16.47430000000000,16.66220000000000,1.71190000000000,4.78350000000000,4.9618,NA,22120.2755,16.7116,14.9997,1.7119,15.6858,4.0974,4.0170,0.0804,-1.0504,22120.2755,23.5268,NA
gamemd.exe,18224,0x42C3CE0,D3D9,0,0,1,Hardware: Independent Flip,22152.0284,NA,16.75320000000000,16.83310000000000,1.67590000000000,4.86310000000000,5.0417,NA,22136.9871,16.7172,15.0413,1.6759,15.9577,3.9467,3.8664,0.0803,-0.1215,22136.9871,24.7594,NA
gamemd.exe,18224,0x42C3CE0,D3D9,0,0,1,Hardware: Independent Flip,22168.7489,NA,16.72050000000000,16.81810000000000,1.59870000000000,4.97620000000000,5.1393,NA,22153.7043,16.6433,15.0446,1.5987,15.9218,4.0990,4.0221,0.0769,-0.1009,22153.7043,25.5992,NA
gamemd.exe,18224,0x42C3CE0,D3D9,0,0,1,Hardware: Independent Flip,22185.5023,NA,16.75340000000000,18.02060000000000,2.38020000000000,6.16520000000000,6.4065,NA,22170.3476,17.5349,15.1547,2.3802,16.6707,4.6492,4.1116,0.5376,-1.3773,22170.3476,27.6447,NA
gamemd.exe,18224,0x42C3CE0,D3D9,0,0,1,Hardware: Independent Flip,22202.8867,NA,17.38440000000000,16.43620000000000,1.58810000000000,5.27730000000000,5.4583,NA,22187.8825,16.5923,15.0042,1.5881,15.5815,4.7000,4.2704,0.4296,1.0987,22187.8825,28.1053,NA
gamemd.exe,18224,0x42C3CE0,D3D9,0,0,1,Hardware: Independent Flip,22219.1575,NA,16.27080000000000,16.18180000000000,2.31370000000000,5.25200000000000,5.3693,NA,22204.4748,16.9964,14.6827,2.3137,15.9125,4.0222,3.8848,0.1374,0.4105,22204.4748,20.2454,NA
gamemd.exe,18224,0x42C3CE0,D3D9,0,0,1,Hardware: Independent Flip,22235.8414,NA,16.68390000000000,16.41220000000000,2.43460000000000,4.98850000000000,5.0976,NA,22221.4712,16.8048,14.3702,2.4346,15.1521,4.2066,4.1018,0.1048,0.5842,22221.4712,20.6722,NA
gamemd.exe,18224,0x42C3CE0,D3D9,0,0,1,Hardware: Independent Flip,22252.4866,NA,16.64520000000000,16.39320000000000,1.40300000000000,4.72300000000000,4.8456,NA,22238.2760,15.6136,14.2106,1.4030,14.7761,4.1575,4.0553,0.1022,0.4116,22238.2760,NA,NA
gamemd.exe,18224,0x42C3CE0,D3D9,0,0,1,Hardware: Independent Flip,22268.9634,NA,16.47680000000000,16.89170000000000,1.88100000000000,5.06670000000000,5.2605,NA,22253.8896,16.9548,15.0738,1.8810,15.7484,4.3921,4.2839,0.1082,-1.2781,22253.8896,NA,NA
gamemd.exe,18224,0x42C3CE0,D3D9,0,0,1,Hardware: Independent Flip,22286.6580,NA,17.69460000000000,17.50020000000000,1.44990000000000,4.72950000000000,5.0661,NA,22270.8444,17.2635,15.8136,1.4499,16.4313,4.1118,3.8801,0.2317,-0.5454,22270.8444,NA,NA
gamemd.exe,18224,0x42C3CE0,D3D9,0,0,1,Hardware: Independent Flip,22302.7433,NA,16.08530000000000,15.79310000000000,1.40090000000000,4.47840000000000,4.7739,NA,22288.1079,16.0363,14.6354,1.4009,15.2049,3.9089,3.8055,0.1034,1.4704,22288.1079,NA,NA
gamemd.exe,18224,0x42C3CE0,D3D9,0,0,1,Hardware: Independent Flip,22319.4824,NA,16.73910000000000,16.76520000000000,1.60750000000000,4.65890000000000,4.8000,NA,22304.1442,16.9457,15.3382,1.6075,15.8989,4.0982,3.9968,0.1014,-0.7289,22304.1442,7.5906,NA
gamemd.exe,18224,0x42C3CE0,D3D9,0,0,1,Hardware: Independent Flip,22335.6093,NA,16.12690000000000,16.28680000000000,1.89650000000000,4.79260000000000,4.9599,NA,22321.0899,16.4159,14.5194,1.8965,15.2115,4.1005,4.0093,0.0912,0.6589,22321.0899,8.1773,NA
gamemd.exe,18224,0x42C3CE0,D3D9,0,0,1,Hardware: Independent Flip,22352.1886,NA,16.57930000000000,16.48930000000000,1.48810000000000,4.72070000000000,4.8699,NA,22337.5058,16.1709,14.6828,1.4881,15.2582,4.1453,4.0346,0.1107,-0.0734,22337.5058,16.7168,NA
gamemd.exe,18224,0x42C3CE0,D3D9,0,0,1,Hardware: Independent Flip,22369.5724,NA,17.38380000000000,17.50200000000000,1.40100000000000,4.81920000000000,4.9881,NA,22353.6767,17.2967,15.8957,1.4010,16.5904,4.1245,4.0357,0.0888,-1.3311,22353.6767,18.2618,NA
gamemd.exe,18224,0x42C3CE0,D3D9,0,0,1,Hardware: Independent Flip,22385.3169,NA,15.74450000000000,17.41220000000000,2.28730000000000,6.41090000000000,6.6558,NA,22370.9734,16.6308,14.3435,2.2873,15.8467,4.9077,3.9955,0.9122,-0.1155,22370.9734,19.7031,NA
gamemd.exe,18224,0x42C3CE0,D3D9,0,0,1,Hardware: Independent Flip,22402.9303,NA,17.61340000000000,16.22860000000000,1.34460000000000,5.10190000000000,5.2710,NA,22387.6042,16.6707,15.3261,1.3446,15.9175,4.5105,3.7930,0.7175,0.4022,22387.6042,19.9132,NA
gamemd.exe,18224,0x42C3CE0,D3D9,0,0,1,Hardware: Independent Flip,22419.5715,NA,16.64120000000000,16.62580000000000,1.60160000000000,5.11410000000000,5.2556,NA,22404.2749,16.8982,15.2966,1.6016,16.1538,4.2569,3.8057,0.4512,0.0449,22404.2749,20.5439,NA
gamemd.exe,18224,0x42C3CE0,D3D9,0,0,1,Hardware: Independent Flip,22435.9532,NA,16.38170000000000,16.08290000000000,1.51520000000000,4.80510000000000,4.9568,NA,22421.1731,16.2953,14.7801,1.5152,15.4040,4.1812,3.7842,0.3970,0.8153,22421.1731,20.6651,NA
gamemd.exe,18224,0x42C3CE0,D3D9,0,0,1,Hardware: Independent Flip,22452.8635,NA,16.91030000000000,16.56120000000000,1.79190000000000,4.49610000000000,4.6077,NA,22437.4684,17.1870,15.3951,1.7919,16.1234,3.7678,3.7025,0.0653,-0.2659,22437.4684,21.1468,NA
gamemd.exe,18224,0x42C3CE0,D3D9,0,0,1,Hardware: Independent Flip,22469.1033,NA,16.23980000000000,16.52880000000000,2.45260000000000,4.76480000000000,4.8967,NA,22454.6554,16.9005,14.4479,2.4526,15.3017,3.9110,3.8341,0.0769,0.6582,22454.6554,21.7202,NA
gamemd.exe,18224,0x42C3CE0,D3D9,0,0,1,Hardware: Independent Flip,22485.9903,NA,16.88700000000000,16.99050000000000,1.57250000000000,4.82740000000000,5.0002,NA,22471.5559,16.0069,14.4344,1.5725,14.9833,4.2785,4.1790,0.0995,-0.0900,22471.5559,NA,NA
gamemd.exe,18224,0x42C3CE0,D3D9,0,0,1,Hardware: Independent Flip,22502.0157,NA,16.02540000000000,16.03900000000000,1.28510000000000,4.88640000000000,5.0138,NA,22487.5628,15.7380,14.4529,1.2851,15.0854,4.2539,3.8649,0.3890,-0.0321,22487.5628,NA,NA
gamemd.exe,18224,0x42C3CE0,D3D9,0,0,1,Hardware: Independent Flip,22518.9722,NA,16.95650000000000,17.18770000000000,1.43260000000000,5.07150000000000,5.2450,NA,22503.3008,17.1040,15.6714,1.4326,16.3346,4.4083,3.9876,0.4207,-1.4497,22503.3008,NA,NA
gamemd.exe,18224,0x42C3CE0,D3D9,0,0,1,Hardware: Independent Flip,22535.6079,NA,16.63570000000000,16.26140000000000,1.70390000000000,4.73670000000000,4.8707,NA,22520.4048,16.9070,15.2031,1.7039,15.9520,3.9878,3.8199,0.1679,0.8426,22520.4048,NA,NA
gamemd.exe,18224,0x42C3CE0,D3D9,0,0,1,Hardware: Independent Flip,22552.2641,NA,16.65620000000000,16.75350000000000,1.59440000000000,4.79320000000000,4.9680,NA,22537.3118,16.5467,14.9523,1.5944,15.8416,3.9039,3.8048,0.0991,0.1535,22537.3118,NA,NA
gamemd.exe,18224,0x42C3CE0,D3D9,0,0,1,Hardware: Independent Flip,22569.6501,NA,17.38600000000000,18.08470000000000,1.75700000000000,5.43900000000000,5.6667,NA,22553.8585,17.5486,15.7916,1.7570,16.6064,4.6242,4.0960,0.5282,-1.5380,22553.8585,NA,NA
gamemd.exe,18224,0x42C3CE0,D3D9,0,0,1,Hardware: Independent Flip,22585.9383,NA,16.28820000000000,15.90250000000000,1.65270000000000,5.07160000000000,5.2810,NA,22571.4071,16.1839,14.5312,1.6527,15.1297,4.4731,4.3797,0.0934,1.6461,22571.4071,26.9519,NA
gamemd.exe,18224,0x42C3CE0,D3D9,0,0,1,Hardware: Independent Flip,22602.6036,NA,16.66530000000000,16.42900000000000,2.12990000000000,4.88590000000000,5.0447,NA,22587.5910,17.1425,15.0126,2.1299,15.9415,3.9570,3.8843,0.0727,-0.2451,22587.5910,11.4125,NA
gamemd.exe,18224,0x42C3CE0,D3D9,0,0,1,Hardware: Independent Flip,22618.9814,NA,16.37780000000000,16.49010000000000,2.25950000000000,5.02260000000000,5.1570,NA,22604.7335,16.5074,14.2479,2.2595,15.1631,4.1074,4.0286,0.0788,0.6524,22604.7335,19.9035,NA
gamemd.exe,18224,0x42C3CE0,D3D9,0,0,1,Hardware: Independent Flip,22635.7365,NA,16.75510000000000,16.43020000000000,2.12290000000000,4.67530000000000,4.8321,NA,22621.2409,16.6185,14.4956,2.1229,15.2947,3.8762,3.7841,0.0921,0.0772,22621.2409,28.3271,NA
gamemd.exe,18224,0x42C3CE0,D3D9,0,0,1,Hardware: Independent Flip,22652.4486,NA,16.71210000000000,17.18180000000000,2.00690000000000,5.14200000000000,5.3018,NA,22637.8594,16.5961,14.5892,2.0069,15.4065,4.3247,4.1823,0.1424,-0.5633,22637.8594,13.5212,NA
gamemd.exe,18224,0x42C3CE0,D3D9,0,0,1,Hardware: Independent Flip,22669.3685,NA,16.91990000000000,16.65650000000000,1.99730000000000,4.92420000000000,5.0384,NA,22654.4555,16.9103,14.9130,1.9973,15.7979,4.0393,3.9427,0.0966,-0.0604,22654.4555,14.1043,NA
gamemd.exe,18224,0x42C3CE0,D3D9,0,0,1,Hardware: Independent Flip,22685.5843,NA,16.21580000000000,16.50500000000000,2.70280000000000,5.15000000000000,5.3276,NA,22671.3658,16.9213,14.2185,2.7028,15.2594,4.1091,4.0052,0.1039,0.4053,22671.3658,6.5312,NA
gamemd.exe,18224,0x42C3CE0,D3D9,0,0,1,Hardware: Independent Flip,22702.8381,NA,17.25380000000000,18.54500000000000,2.24640000000000,6.39790000000000,6.6188,NA,22688.2871,16.7974,14.5510,2.2464,16.0455,4.9034,4.2036,0.6998,-1.6237,22688.2871,17.2182,NA
gamemd.exe,18224,0x42C3CE0,D3D9,0,0,1,Hardware: Independent Flip,22718.6583,NA,15.82020000000000,15.99600000000000,2.59750000000000,6.55400000000000,6.7946,NA,22705.0845,16.1713,13.5738,2.5975,15.1575,4.9703,4.1865,0.7838,0.8014,22705.0845,9.1746,NA
gamemd.exe,18224,0x42C3CE0,D3D9,0,0,1,Hardware: Independent Flip,22736.3201,NA,17.66180000000000,16.09650000000000,1.39600000000000,5.08740000000000,5.2293,NA,22721.2558,16.4603,15.0643,1.3960,15.7346,4.4171,3.9616,0.4555,0.0748,22721.2558,9.2843,NA
gamemd.exe,18224,0x42C3CE0,D3D9,0,0,1,Hardware: Independent Flip,22752.6649,NA,16.34480000000000,16.44390000000000,1.51020000000000,5.17540000000000,5.3284,NA,22737.7161,16.4590,14.9488,1.5102,15.7105,4.4137,3.7939,0.6198,0.0164,22737.7161,17.7195,NA
gamemd.exe,18224,0x42C3CE0,D3D9,0,0,1,Hardware: Independent Flip,22769.2537,NA,16.58880000000000,16.05060000000000,1.29090000000000,4.66870000000000,4.7902,NA,22754.1751,16.3695,15.0786,1.2909,15.6903,4.0570,3.9586,0.0984,0.4084,22754.1751,17.7581,NA
gamemd.exe,18224,0x42C3CE0,D3D9,0,0,1,Hardware: Independent Flip,22786.0316,NA,16.77790000000000,19.08860000000000,3.86820000000000,6.89370000000000,7.1009,NA,22770.5446,19.3552,15.4870,3.8682,17.2127,5.1680,4.4232,0.7448,-2.7191,22770.5446,20.8644,NA
gamemd.exe,18224,0x42C3CE0,D3D9,0,0,1,Hardware: Independent Flip,22802.3326,NA,16.30100000000000,15.54840000000000,2.32000000000000,6.12530000000000,6.3483,NA,22789.8998,14.7528,12.4328,2.3200,13.9717,4.5864,3.9722,0.6142,3.8068,22789.8998,20.1705,NA
gamemd.exe,18224,0x42C3CE0,D3D9,0,0,1,Hardware: Independent Flip,22818.9380,NA,16.60540000000000,14.94310000000000,1.65040000000000,4.45040000000000,4.6860,NA,22804.6526,15.9358,14.2854,1.6504,15.0210,3.7148,3.6518,0.0630,-0.1903,22804.6526,NA,NA
gamemd.exe,18224,0x42C3CE0,D3D9,0,0,1,Hardware: Independent Flip,22835.5013,NA,16.56330000000000,16.52780000000000,1.42680000000000,4.38260000000000,4.6505,NA,22820.5884,16.3397,14.9129,1.4268,15.5563,3.7392,3.6763,0.0629,-0.5920,22820.5884,NA,NA
gamemd.exe,18224,0x42C3CE0,D3D9,0,0,1,Hardware: Independent Flip,22852.0103,NA,16.50900000000000,16.70380000000000,1.59740000000000,4.18980000000000,4.8453,NA,22836.9281,16.6796,15.0822,1.5974,15.7151,3.5569,3.5055,0.0514,-0.3641,22836.9281,NA,NA
gamemd.exe,18224,0x42C3CE0,D3D9,0,0,1,Hardware: Independent Flip,22868.8016,NA,16.79130000000000,16.66250000000000,1.65240000000000,4.29980000000000,4.7165,NA,22853.6077,16.8463,15.1939,1.6524,15.7301,3.7636,3.6681,0.0955,0.0171,22853.6077,NA,NA
gamemd.exe,18224,0x42C3CE0,D3D9,0,0,1,Hardware: Independent Flip,22885.9534,NA,17.15180000000000,17.15580000000000,1.97710000000000,4.61110000000000,4.7205,NA,22870.4540,17.4765,15.4994,1.9771,16.4425,3.6680,3.6100,0.0580,-0.3095,22870.4540,NA,NA
gamemd.exe,18224,0x42C3CE0,D3D9,0,0,1,Hardware: Independent Flip,22902.1266,NA,16.17320000000000,16.62830000000000,1.86050000000000,4.96240000000000,5.1756,NA,22887.9305,16.0566,14.1961,1.8605,15.0663,4.0922,3.9952,0.0970,0.8482,22887.9305,NA,NA
gamemd.exe,18224,0x42C3CE0,D3D9,0,0,1,Hardware: Independent Flip,22919.6272,NA,17.50060000000000,18.21860000000000,1.65680000000000,5.69770000000000,5.8936,NA,22903.9871,17.2969,15.6401,1.6568,16.5533,4.7845,4.0567,0.7278,-2.1620,22903.9871,24.8918,NA
gamemd.exe,18224,0x42C3CE0,D3D9,0,0,1,Hardware: Independent Flip,22935.7349,NA,16.10770000000000,15.14310000000000,1.51020000000000,4.74730000000000,4.9290,NA,22921.2840,15.9611,14.4509,1.5102,15.0171,4.1811,4.0889,0.0922,2.1538,22921.2840,24.3434,NA
gamemd.exe,18224,0x42C3CE0,D3D9,0,0,1,Hardware: Independent Flip,22952.0187,NA,16.28380000000000,16.16610000000000,1.60030000000000,4.67790000000000,4.8113,NA,22937.2451,16.3739,14.7736,1.6003,15.3949,4.0566,3.9402,0.1164,-0.2050,22937.2451,NA,NA
gamemd.exe,18224,0x42C3CE0,D3D9,0,0,1,Hardware: Independent Flip,22968.9825,NA,16.96380000000000,17.02750000000000,1.69740000000000,4.74310000000000,4.8750,NA,22953.6190,17.0609,15.3635,1.6974,16.1061,4.0005,3.8560,0.1445,-0.6536,22953.6190,NA,NA
gamemd.exe,18224,0x42C3CE0,D3D9,0,0,1,Hardware: Independent Flip,22985.2785,NA,16.29600000000000,16.45050000000000,1.78840000000000,4.79170000000000,5.0295,NA,22970.6799,16.3870,14.5986,1.7884,15.1587,4.2316,4.1321,0.0995,0.6104,22970.6799,NA,NA
gamemd.exe,18224,0x42C3CE0,D3D9,0,0,1,Hardware: Independent Flip,23002.7119,NA,17.43340000000000,18.06000000000000,1.48480000000000,5.39870000000000,5.6561,NA,22987.0669,17.1298,15.6450,1.4848,16.2090,4.8347,4.1238,0.7109,-1.6730,22987.0669,NA,NA
gamemd.exe,18224,0x42C3CE0,D3D9,0,0,1,Hardware: Independent Flip,23019.8642,NA,17.15230000000000,16.78960000000000,1.42390000000000,5.07910000000000,5.2934,NA,23004.1967,17.0914,15.6675,1.4239,16.3120,4.4346,4.0122,0.4224,0.3402,23004.1967,20.9208,NA
gamemd.exe,18224,0x42C3CE0,D3D9,0,0,1,Hardware: Independent Flip,23035.6157,NA,15.75150000000000,15.90670000000000,1.83510000000000,5.31720000000000,5.4486,NA,23021.2881,16.1627,14.3276,1.8351,14.8394,4.8054,4.3142,0.4912,1.1847,23021.2881,12.8029,NA
gamemd.exe,18224,0x42C3CE0,D3D9,0,0,1,Hardware: Independent Flip,23052.6758,NA,17.06010000000000,16.74340000000000,2.36900000000000,4.98750000000000,5.1319,NA,23037.4508,17.5940,15.2250,2.3690,16.1700,4.0425,3.9284,0.1141,-0.5807,23037.4508,5.5700,NA
gamemd.exe,18224,0x42C3CE0,D3D9,0,0,1,Hardware: Independent Flip,23068.8100,NA,16.13420000000000,16.10860000000000,1.91460000000000,4.98920000000000,5.1063,NA,23055.0448,15.6798,13.7652,1.9146,14.6406,4.1138,4.0361,0.0777,1.4854,23055.0448,13.6298,NA
gamemd.exe,18224,0x42C3CE0,D3D9,0,0,1,Hardware: Independent Flip,23085.8222,NA,17.01220000000000,17.05750000000000,2.28320000000000,4.95950000000000,5.1516,NA,23070.7246,17.3808,15.0976,2.2832,15.9589,4.0982,4.0236,0.0746,-1.3777,23070.7246,14.7026,NA
gamemd.exe,18224,0x42C3CE0,D3D9,0,0,1,Hardware: Independent Flip,23103.0414,NA,17.21920000000000,18.49820000000000,2.64530000000000,6.24920000000000,6.4306,NA,23088.1054,17.5813,14.9360,2.6453,16.4278,4.7574,4.1173,0.6401,-1.1174,23088.1054,9.2188,NA
gamemd.exe,18224,0x42C3CE0,D3D9,0,0,1,Hardware: Independent Flip,23119.3379,NA,16.29650000000000,15.51190000000000,1.44790000000000,5.37630000000000,5.6460,NA,23105.6867,15.0991,13.6512,1.4479,14.2827,4.7448,4.3574,0.3874,2.0694,23105.6867,8.3058,NA
gamemd.exe,18224,0x42C3CE0,D3D9,0,0,1,Hardware: Independent Flip,23135.5908,NA,16.25290000000000,15.84220000000000,1.55840000000000,5.05480000000000,5.2353,NA,23120.7858,16.3634,14.8050,1.5584,15.5055,4.3543,3.9058,0.4485,-0.7431,23120.7858,NA,NA
gamemd.exe,18224,0x42C3CE0,D3D9,0,0,1,Hardware: Independent Flip,23152.1316,NA,16.54080000000000,16.05140000000000,1.59920000000000,4.63230000000000,4.7459,NA,23137.1492,16.5816,14.9824,1.5992,15.5926,4.0221,3.9305,0.0916,0.3120,23137.1492,16.5514,NA
gamemd.exe,18224,0x42C3CE0,D3D9,0,0,1,Hardware: Independent Flip,23168.5983,NA,16.46670000000000,16.59600000000000,1.60110000000000,4.63700000000000,4.8752,NA,23153.7308,16.4686,14.8675,1.6011,15.4458,4.0587,3.9779,0.0808,-0.0144,23153.7308,NA,NA
gamemd.exe,18224,0x42C3CE0,D3D9,0,0,1,Hardware: Independent Flip,23185.6921,NA,17.09380000000000,16.79620000000000,1.41180000000000,4.46730000000000,4.5776,NA,23170.1994,16.9045,15.4927,1.4118,16.0554,3.9046,3.8294,0.0752,-0.3276,23170.1994,NA,NA
gamemd.exe,18224,0x42C3CE0,D3D9,0,0,1,Hardware: Independent Flip,23202.8444,NA,17.15230000000000,18.15370000000000,1.44990000000000,5.41740000000000,5.5790,NA,23187.1039,17.1904,15.7405,1.4499,16.3922,4.7657,4.2880,0.4777,-1.2492,23187.1039,NA,NA
gamemd.exe,18224,0x42C3CE0,D3D9,0,0,1,Hardware: Independent Flip,23218.6727,NA,15.82830000000000,16.71170000000000,2.20390000000000,6.22050000000000,6.4624,NA,23204.2943,16.5823,14.3784,2.2039,15.7652,4.8337,3.9330,0.9007,0.4787,23204.2943,NA,NA
gamemd.exe,18224,0x42C3CE0,D3D9,0,0,1,Hardware: Independent Flip,23235.7874,NA,17.11470000000000,16.47830000000000,2.27670000000000,5.67120000000000,5.8260,NA,23220.8766,17.1875,14.9108,2.2767,16.3353,4.2467,3.8111,0.4356,0.1040,23220.8766,NA,NA
gamemd.exe,18224,0x42C3CE0,D3D9,0,0,1,Hardware: Independent Flip,23252.2960,NA,16.50860000000000,15.34660000000000,1.69020000000000,4.54590000000000,4.6640,NA,23238.0641,15.9221,14.2319,1.6902,15.0369,3.7409,3.6599,0.0810,1.8409,23238.0641,NA,NA
gamemd.exe,18224,0x42C3CE0,D3D9,0,0,1,Hardware: Independent Flip,23268.8983,NA,16.60230000000000,17.02070000000000,1.49590000000000,4.32770000000000,5.0824,NA,23253.9862,16.4080,14.9121,1.4959,15.4618,3.7780,3.6909,0.0871,-1.0986,23253.9862,NA,NA
gamemd.exe,18224,0x42C3CE0,D3D9,0,0,1,Hardware: Independent Flip,23285.5072,NA,16.60890000000000,16.21600000000000,1.73850000000000,4.52090000000000,4.6895,NA,23270.3942,16.8515,15.1130,1.7385,15.8308,3.8031,3.7372,0.0659,0.1920,23270.3942,NA,NA
gamemd.exe,18224,0x42C3CE0,D3D9,0,0,1,Hardware: Independent Flip,23302.3532,NA,16.84600000000000,18.55380000000000,2.27270000000000,6.16420000000000,6.3973,NA,23287.2457,17.3802,15.1075,2.2727,16.5988,4.6729,4.0675,0.6054,-1.7023,23287.2457,NA,NA
gamemd.exe,18224,0x42C3CE0,D3D9,0,0,1,Hardware: Independent Flip,23319.2298,NA,16.87660000000000,16.91680000000000,2.32540000000000,6.25690000000000,6.4375,NA,23304.6259,16.9293,14.6039,2.3254,16.2065,4.6543,4.1111,0.5432,0.4634,23304.6259,NA,NA
gamemd.exe,18224,0x42C3CE0,D3D9,0,0,1,Hardware: Independent Flip,23335.7617,NA,16.53190000000000,15.18550000000000,1.44890000000000,4.93040000000000,5.0911,NA,23321.5552,15.6554,14.2065,1.4489,14.8306,4.3063,4.1457,0.1606,1.7438,23321.5552,NA,NA
gamemd.exe,18224,0x42C3CE0,D3D9,0,0,1,Hardware: Independent Flip,23352.3268,NA,16.56510000000000,16.75450000000000,2.56980000000000,5.12540000000000,5.2805,NA,23337.2106,17.6860,15.1162,2.5698,16.0438,4.1978,4.0836,0.1142,-1.0991,23337.2106,NA,NA
gamemd.exe,18224,0x42C3CE0,D3D9,0,0,1,Hardware: Independent Flip,23369.1364,NA,16.80960000000000,16.52900000000000,2.30950000000000,4.86700000000000,4.9999,NA,23354.8966,16.5493,14.2398,2.3095,15.0399,4.0669,3.9776,0.0893,1.1570,23354.8966,33.8028,33.8028
gamemd.exe,18224,0x42C3CE0,D3D9,0,0,1,Hardware: Independent Flip,23385.6678,NA,16.53140000000000,16.80360000000000,2.16870000000000,5.07040000000000,5.2721,NA,23371.4459,16.3906,14.2219,2.1687,15.1141,4.1782,4.0759,0.1023,-0.2543,23371.4459,NA,NA
gamemd.exe,18224,0x42C3CE0,D3D9,0,0,1,Hardware: Independent Flip,23402.1598,NA,16.49200000000000,17.59580000000000,2.94890000000000,6.16050000000000,6.3759,NA,23387.8365,17.2722,14.3233,2.9489,15.5811,4.9027,4.3499,0.5528,-1.2052,23387.8365,NA,NA
gamemd.exe,18224,0x42C3CE0,D3D9,0,0,1,Hardware: Independent Flip,23419.3170,NA,17.15720000000000,16.16720000000000,1.47530000000000,5.07940000000000,5.3859,NA,23405.1087,15.6836,14.2083,1.4753,14.7541,4.5336,4.1331,0.4005,1.1050,23405.1087,NA,NA
gamemd.exe,18224,0x42C3CE0,D3D9,0,0,1,Hardware: Independent Flip,23435.6675,NA,16.35050000000000,16.22360000000000,2.48680000000000,5.14750000000000,5.2590,NA,23420.7923,17.3620,14.8752,2.4868,15.7707,4.2520,4.1153,0.1367,-0.5400,23420.7923,36.6741,36.6741
gamemd.exe,18224,0x42C3CE0,D3D9,0,0,1,Hardware: Independent Flip,23452.1091,NA,16.44160000000000,16.72930000000000,1.57060000000000,5.37660000000000,5.5467,NA,23438.1543,15.5254,13.9548,1.5706,14.7034,4.6280,4.1653,0.4627,0.6327,23438.1543,13.3936,NA
gamemd.exe,18224,0x42C3CE0,D3D9,0,0,1,Hardware: Independent Flip,23469.1542,NA,17.04510000000000,16.60630000000000,1.27400000000000,4.98050000000000,5.1079,NA,23453.6797,16.7485,15.4745,1.2740,16.0568,4.3982,4.2394,0.1588,-1.0809,23453.6797,5.9443,NA
gamemd.exe,18224,0x42C3CE0,D3D9,0,0,1,Hardware: Independent Flip,23486.2272,NA,17.07300000000000,18.54360000000000,2.48770000000000,6.36600000000000,6.5785,NA,23470.4282,18.2867,15.7990,2.4877,17.2780,4.8870,4.0289,0.8581,-1.7951,23470.4282,16.5775,NA
gamemd.exe,18224,0x42C3CE0,D3D9,0,0,1,Hardware: Independent Flip,23503.0062,NA,16.77900000000000,15.50890000000000,1.32250000000000,5.09360000000000,5.3084,NA,23488.7149,15.6138,14.2913,1.3225,14.8697,4.5152,4.1445,0.3707,2.7778,23488.7149,16.0255,NA
gamemd.exe,18224,0x42C3CE0,D3D9,0,0,1,Hardware: Independent Flip,23520.0124,NA,17.00620000000000,16.74490000000000,1.36690000000000,4.85430000000000,5.0471,NA,23504.3287,17.0506,15.6837,1.3669,16.3146,4.2234,4.1040,0.1194,-1.1311,23504.3287,16.8149,NA
gamemd.exe,18224,0x42C3CE0,D3D9,0,0,1,Hardware: Independent Flip,23535.7081,NA,15.69570000000000,15.43240000000000,1.45130000000000,4.63450000000000,4.7838,NA,23521.3793,15.7801,14.3288,1.4513,14.8527,4.1106,4.0124,0.0982,1.6182,23521.3793,16.1570,NA
gamemd.exe,18224,0x42C3CE0,D3D9,0,0,1,Hardware: Independent Flip,23551.8758,NA,16.16770000000000,16.53050000000000,2.38000000000000,5.00780000000000,5.1466,NA,23537.1594,17.0964,14.7164,2.3800,15.4641,4.2601,4.1567,0.1034,-0.7504,23537.1594,16.6922,NA
gamemd.exe,18224,0x42C3CE0,D3D9,0,0,1,Hardware: Independent Flip,23569.0081,NA,17.13230000000000,17.28100000000000,2.49410000000000,5.17590000000000,5.2953,NA,23554.2558,17.2464,14.7523,2.4941,15.7598,4.1684,4.0441,0.1243,-0.1846,23554.2558,18.0472,NA
gamemd.exe,18224,0x42C3CE0,D3D9,0,0,1,Hardware: Independent Flip,23586.1899,NA,17.18180000000000,16.55510000000000,1.30600000000000,4.55450000000000,4.6686,NA,23571.5022,15.9937,14.6877,1.3060,15.2629,3.9793,3.8525,0.1268,0.6913,23571.5022,18.6279,NA
gamemd.exe,18224,0x42C3CE0,D3D9,0,0,1,Hardware: Independent Flip,23602.2499,NA,16.06000000000000,16.77690000000000,2.25690000000000,5.17310000000000,5.3855,NA,23587.4959,17.0109,14.7540,2.2569,15.7195,4.2076,4.1245,0.0831,-0.7832,23587.4959,NA,NA
gamemd.exe,18224,0x42C3CE0,D3D9,0,0,1,Hardware: Independent Flip,23619.1425,NA,16.89260000000000,16.63260000000000,1.39910000000000,4.90210000000000,5.1255,NA,23604.5068,16.0348,14.6357,1.3991,15.1676,4.3702,3.9064,0.4638,0.3783,23604.5068,19.8389,19.8389
gamemd.exe,18224,0x42C3CE0,D3D9,0,0,1,Hardware: Independent Flip,23636.0622,NA,16.91970000000000,16.38300000000000,1.20200000000000,4.46370000000000,4.5888,NA,23620.5416,16.7226,15.5206,1.2020,16.0561,3.9282,3.8111,0.1171,-0.3482,23620.5416,NA,NA
gamemd.exe,18224,0x42C3CE0,D3D9,0,0,1,Hardware: Independent Flip,23652.2311,NA,16.16890000000000,16.09770000000000,1.98380000000000,4.40210000000000,4.5176,NA,23637.2642,16.9507,14.9669,1.9838,15.7422,3.6268,3.5663,0.0605,0.6249,23637.2642,NA,NA
gamemd.exe,18224,0x42C3CE0,D3D9,0,0,1,Hardware: Independent Flip,23668.8734,NA,16.64230000000000,16.66470000000000,1.24440000000000,4.41320000000000,4.5400,NA,23654.2149,15.9029,14.6585,1.2444,15.1604,3.9113,3.8266,0.0847,0.2860,23654.2149,NA,NA
gamemd.exe,18224,0x42C3CE0,D3D9,0,0,1,Hardware: Independent Flip,23685.5626,NA,16.68920000000000,16.67550000000000,1.40250000000000,4.38180000000000,4.5263,NA,23670.1178,16.8473,15.4448,1.4025,15.9704,3.8562,3.7834,0.0728,-0.7726,23670.1178,NA,NA
gamemd.exe,18224,0x42C3CE0,D3D9,0,0,1,Hardware: Independent Flip,23702.7305,NA,17.16790000000000,18.11310000000000,1.36950000000000,5.13000000000000,5.4715,NA,23686.9651,17.1349,15.7654,1.3695,16.3603,4.5351,4.1309,0.4042,-1.2658,23686.9651,23.7253,23.7253
gamemd.exe,18224,0x42C3CE0,D3D9,0,0,1,Hardware: Independent Flip,23719.5282,NA,16.79770000000000,17.84070000000000,3.21620000000000,6.25710000000000,6.5145,NA,23704.1000,18.6444,15.4282,3.2162,16.6436,5.0417,4.3425,0.6992,-0.7058,23704.1000,NA,NA
gamemd.exe,18224,0x42C3CE0,D3D9,0,0,1,Hardware: Independent Flip,23735.8369,NA,16.30870000000000,14.53180000000000,1.27200000000000,4.60080000000000,4.7376,NA,23722.7444,14.3645,13.0925,1.2720,13.6273,4.0660,3.9519,0.1141,4.1126,23722.7444,NA,NA
gamemd.exe,18224,0x42C3CE0,D3D9,0,0,1,Hardware: Independent Flip,23752.1364,NA,16.29950000000000,16.18630000000000,1.80480000000000,4.38930000000000,4.6244,NA,23737.1089,16.8323,15.0275,1.8048,15.7447,3.6721,3.6149,0.0572,-1.8218,23737.1089,NA,NA
gamemd.exe,18224,0x42C3CE0,D3D9,0,0,1,Hardware: Independent Flip,23768.7272,NA,16.59080000000000,16.83250000000000,1.27670000000000,4.69000000000000,4.8661,NA,23753.9412,16.0627,14.7860,1.2767,15.4324,4.0436,3.9620,0.0816,-0.0002,23753.9412,NA,NA
gamemd.exe,18224,0x42C3CE0,D3D9,0,0,1,Hardware: Independent Flip,23785.6318,NA,16.90460000000000,16.58620000000000,1.59800000000000,4.38370000000000,4.5477,NA,23770.0039,17.2259,15.6279,1.5980,16.1752,3.8364,3.7668,0.0696,-0.5235,23770.0039,NA,NA
gamemd.exe,18224,0x42C3CE0,D3D9,0,0,1,Hardware: Independent Flip,23802.5624,NA,16.93060000000000,17.18280000000000,2.04270000000000,4.68660000000000,4.7999,NA,23787.2298,17.3753,15.3326,2.0427,16.0841,3.9351,3.8632,0.0719,0.0431,23787.2298,NA,NA
gamemd.exe,18224,0x42C3CE0,D3D9,0,0,1,Hardware: Independent Flip,23818.9284,NA,16.36600000000000,17.09150000000000,2.71350000000000,5.30450000000000,5.5254,NA,23804.6051,17.0368,14.3233,2.7135,15.4287,4.1991,4.1130,0.0861,0.2838,23804.6051,NA,NA
gamemd.exe,18224,0x42C3CE0,D3D9,0,0,1,Hardware: Independent Flip,23836.5940,NA,17.66560000000000,17.50390000000000,1.55680000000000,5.18980000000000,5.3637,NA,23821.6419,16.5089,14.9521,1.5568,15.6485,4.4934,3.9442,0.5492,-0.4671,23821.6419,NA,NA
gamemd.exe,18224,0x42C3CE0,D3D9,0,0,1,Hardware: Independent Flip,23852.4867,NA,15.89270000000000,15.87060000000000,1.76330000000000,5.14020000000000,5.3416,NA,23838.1508,16.0992,14.3359,1.7633,14.9997,4.4764,4.3706,0.1058,0.6383,23838.1508,NA,NA
gamemd.exe,18224,0x42C3CE0,D3D9,0,0,1,Hardware: Independent Flip,23869.0020,NA,16.51530000000000,16.51570000000000,2.88430000000000,5.17050000000000,5.3420,NA,23854.2500,17.6363,14.7520,2.8843,15.6184,4.3041,4.1769,0.1272,-0.4165,23854.2500,NA,NA
gamemd.exe,18224,0x42C3CE0,D3D9,0,0,1,Hardware: Independent Flip,23885.6561,NA,16.65410000000000,16.19750000000000,1.76990000000000,4.74820000000000,4.8854,NA,23871.8863,15.5397,13.7698,1.7699,14.4891,4.0289,3.9391,0.0898,1.4388,23871.8863,NA,NA
gamemd.exe,18224,0x42C3CE0,D3D9,0,0,1,Hardware: Independent Flip,23902.5774,NA,16.92130000000000,16.95940000000000,2.12020000000000,4.80850000000000,4.9235,NA,23887.4260,17.2716,15.1514,2.1202,16.0262,3.9337,3.8558,0.0779,-1.4197,23887.4260,NA,NA
gamemd.exe,18224,0x42C3CE0,D3D9,0,0,1,Hardware: Independent Flip,23919.1446,NA,16.56720000000000,17.46600000000000,1.56250000000000,5.62050000000000,5.8223,NA,23904.6976,16.0095,14.4470,1.5625,15.2702,4.7973,4.1484,0.6489,-0.1944,23904.6976,NA,NA
gamemd.exe,18224,0x42C3CE0,D3D9,0,0,1,Hardware: Independent Flip,23936.0523,NA,16.90770000000000,16.66430000000000,1.56690000000000,5.32840000000000,5.5789,NA,23920.7071,16.9121,15.3452,1.5669,16.1297,4.5439,4.0430,0.5009,-0.6548,23920.7071,NA,NA
gamemd.exe,18224,0x42C3CE0,D3D9,0,0,1,Hardware: Independent Flip,23952.9248,NA,16.87250000000000,16.75960000000000,1.59240000000000,5.26680000000000,5.4660,NA,23937.6192,16.8980,15.3056,1.5924,16.0419,4.5305,3.8372,0.6933,0.1525,23937.6192,NA,NA
gamemd.exe,18224,0x42C3CE0,D3D9,0,0,1,Hardware: Independent Flip,23969.0807,NA,16.15590000000000,15.87750000000000,1.22250000000000,5.07290000000000,5.1876,NA,23954.5172,15.7860,14.5635,1.2225,15.1293,4.5071,4.1053,0.4018,1.0205,23954.5172,18.0062,NA
gamemd.exe,18224,0x42C3CE0,D3D9,0,0,1,Hardware: Independent Flip,23985.2946,NA,16.21390000000000,15.85980000000000,1.35930000000000,4.71600000000000,4.8335,NA,23970.3032,16.3507,14.9914,1.3593,15.6112,4.0962,3.9980,0.0982,-0.0738,23970.3032,17.8668,NA
gamemd.exe,18224,0x42C3CE0,D3D9,0,0,1,Hardware: Independent Flip,24002.4624,NA,17.16780000000000,17.53490000000000,1.66860000000000,5.03660000000000,5.2006,NA,23986.6539,17.4771,15.8085,1.6686,16.5941,4.2510,4.1354,0.1156,-1.1842,23986.6539,19.3532,NA
gamemd.exe,18224,0x42C3CE0,D3D9,0,0,1,Hardware: Independent Flip,24019.0905,NA,16.62810000000000,17.70500000000000,2.32380000000000,6.07470000000000,6.2775,NA,24004.1310,17.2833,14.9595,2.3238,16.5562,4.4780,3.8672,0.6108,-0.2279,24004.1310,13.1449,NA
gamemd.exe,18224,0x42C3CE0,D3D9,0,0,1,Hardware: Independent Flip,24036.7901,NA,17.69960000000000,17.26310000000000,1.75170000000000,5.57210000000000,5.8410,NA,24021.4143,17.1275,15.3758,1.7517,16.3441,4.6038,4.0608,0.5430,0.0202,24021.4143,22.1764,NA
gamemd.exe,18224,0x42C3CE0,D3D9,0,0,1,Hardware: Independent Flip,24052.6567,NA,15.86660000000000,14.98000000000000,2.39390000000000,4.83720000000000,4.9544,NA,24038.5418,16.5088,14.1149,2.3939,15.1733,3.7788,3.6914,0.0874,2.1475,24038.5418,20.8021,NA
gamemd.exe,18224,0x42C3CE0,D3D9,0,0,1,Hardware: Independent Flip,24068.8873,NA,16.23060000000000,15.86260000000000,1.48710000000000,4.45470000000000,4.5864,NA,24055.0506,15.3238,13.8367,1.4871,14.5549,3.7365,3.6477,0.0888,0.6462,24055.0506,21.2121,NA
gamemd.exe,18224,0x42C3CE0,D3D9,0,0,1,Hardware: Independent Flip,24085.8393,NA,16.95200000000000,16.99810000000000,1.76620000000000,4.50320000000000,4.6325,NA,24070.3744,17.2311,15.4649,1.7662,16.2728,3.6953,3.6348,0.0605,-1.6743,24070.3744,22.2442,NA
gamemd.exe,18224,0x42C3CE0,D3D9,0,0,1,Hardware: Independent Flip,24102.1620,NA,16.32270000000000,16.95260000000000,1.83010000000000,5.04290000000000,5.2624,NA,24087.6055,16.3866,14.5565,1.8301,15.3132,4.2862,4.1751,0.1111,0.2785,24087.6055,23.1559,NA
gamemd.exe,18224,0x42C3CE0,D3D9,0,0,1,Hardware: Independent Flip,24119.6593,NA,17.49730000000000,18.88030000000000,2.52240000000000,6.44530000000000,6.6454,NA,24103.9921,18.1896,15.6672,2.5224,17.2728,4.8397,4.1997,0.6400,-2.4937,24103.9921,25.7282,NA
gamemd.exe,18224,0x42C3CE0,D3D9,0,0,1,Hardware: Independent Flip,24136.5595,NA,16.90020000000000,15.46330000000000,1.53290000000000,5.07340000000000,5.2085,NA,24122.1817,15.9107,14.3778,1.5329,15.0560,4.3952,4.2893,0.1059,2.7263,24122.1817,25.5201,NA
gamemd.exe,18224,0x42C3CE0,D3D9,0,0,1,Hardware: Independent Flip,24152.5900,NA,16.03050000000000,15.47990000000000,1.80690000000000,4.52860000000000,4.6579,NA,24138.0924,16.3045,14.4976,1.8069,15.2755,3.7507,3.6664,0.0843,0.4308,24138.0924,25.0014,NA
gamemd.exe,18224,0x42C3CE0,D3D9,0,0,1,Hardware: Independent Flip,24168.6380,NA,16.04800000000000,16.36950000000000,1.40360000000000,4.81220000000000,4.9794,NA,24154.3969,15.6447,14.2411,1.4036,14.9250,4.1283,3.9598,0.1685,-0.0650,24154.3969,25.3276,NA
gamemd.exe,18224,0x42C3CE0,D3D9,0,0,1,Hardware: Independent Flip,24185.2574,NA,16.61940000000000,16.43560000000000,1.49970000000000,4.65520000000000,4.7956,NA,24170.0416,16.7155,15.2158,1.4997,15.7922,4.0788,3.9958,0.0830,-0.7909,24170.0416,NA,NA
gamemd.exe,18224,0x42C3CE0,D3D9,0,0,1,Hardware: Independent Flip,24201.8623,NA,16.60490000000000,17.13160000000000,2.10970000000000,5.18890000000000,5.3223,NA,24186.7571,17.2149,15.1052,2.1097,16.1560,4.1381,4.0269,0.1112,-0.4161,24186.7571,26.9180,NA
gamemd.exe,18224,0x42C3CE0,D3D9,0,0,1,Hardware: Independent Flip,24218.6369,NA,16.77460000000000,16.47340000000000,2.40580000000000,4.84270000000000,5.0211,NA,24203.9720,17.0707,14.6649,2.4058,15.4912,4.0164,3.9210,0.0954,0.7415,24203.9720,27.4058,NA
gamemd.exe,18224,0x42C3CE0,D3D9,0,0,1,Hardware: Independent Flip,24236.1864,NA,17.54950000000000,18.26760000000000,1.62230000000000,5.50730000000000,5.7392,NA,24221.0427,16.7660,15.1437,1.6223,15.9237,4.7273,4.1937,0.5336,-1.1969,24221.0427,13.6959,NA
gamemd.exe,18224,0x42C3CE0,D3D9,0,0,1,Hardware: Independent Flip,24252.4329,NA,16.24650000000000,16.38710000000000,1.48420000000000,5.61830000000000,5.8798,NA,24237.8087,16.1084,14.6242,1.4842,15.2927,4.9498,4.2230,0.7268,0.3789,24237.8087,22.0475,NA
gamemd.exe,18224,0x42C3CE0,D3D9,0,0,1,Hardware: Independent Flip,24269.2458,NA,16.81290000000000,16.00470000000000,1.39510000000000,4.91830000000000,5.0716,NA,24253.9171,16.7238,15.3287,1.3951,15.8728,4.3742,4.2758,0.0984,0.1037,24253.9171,5.8812,NA
gamemd.exe,18224,0x42C3CE0,D3D9,0,0,1,Hardware: Independent Flip,24286.1811,NA,16.93530000000000,16.70590000000000,2.16800000000000,4.70080000000000,4.8422,NA,24270.6409,17.7082,15.5402,2.1680,16.3266,3.9144,3.8133,0.1011,0.0179,24270.6409,6.6028,NA
gamemd.exe,18224,0x42C3CE0,D3D9,0,0,1,Hardware: Independent Flip,24302.3540,NA,16.17290000000000,16.40720000000000,1.69360000000000,4.93560000000000,5.0765,NA,24288.3491,15.6985,14.0049,1.6936,14.7072,4.2333,4.1234,0.1099,1.3010,24288.3491,15.1963,NA
gamemd.exe,18224,0x42C3CE0,D3D9,0,0,1,Hardware: Independent Flip,24318.6055,NA,16.25150000000000,16.48880000000000,1.58110000000000,5.11250000000000,5.3138,NA,24304.0476,16.1390,14.5579,1.5811,15.1403,4.5301,4.4080,0.1221,-0.7903,24304.0476,15.6091,NA
gamemd.exe,18224,0x42C3CE0,D3D9,0,0,1,Hardware: Independent Flip,24335.6420,NA,17.03650000000000,18.43680000000000,2.45680000000000,6.49050000000000,6.7141,NA,24320.1866,17.9122,15.4554,2.4568,17.1543,4.7916,4.1626,0.6290,-2.2978,24320.1866,10.1267,NA
gamemd.exe,18224,0x42C3CE0,D3D9,0,0,1,Hardware: Independent Flip,24352.7647,NA,17.12270000000000,16.14660000000000,1.54180000000000,5.49070000000000,5.7380,NA,24338.0988,16.2077,14.6659,1.5418,15.3843,4.7723,4.0153,0.7570,1.7656,24338.0988,NA,NA
gamemd.exe,18224,0x42C3CE0,D3D9,0,0,1,Hardware: Independent Flip,24369.0434,NA,16.27870000000000,16.44670000000000,1.93480000000000,5.72770000000000,5.9060,NA,24354.3065,16.6717,14.7369,1.9348,15.8504,4.6142,4.0720,0.5422,-0.2390,24354.3065,NA,NA
gamemd.exe,18224,0x42C3CE0,D3D9,0,0,1,Hardware: Independent Flip,24385.6276,NA,16.58420000000000,16.79950000000000,2.00950000000000,5.93120000000000,6.1213,NA,24370.9782,16.6589,14.6494,2.0095,15.8321,4.7485,4.0250,0.7235,-0.1278,24370.9782,19.4975,NA
gamemd.exe,18224,0x42C3CE0,D3D9,0,0,1,Hardware: Independent Flip,24402.9568,NA,17.32920000000000,16.76590000000000,1.39610000000000,5.34990000000000,5.5580,NA,24387.6371,16.7158,15.3197,1.3961,15.9681,4.7015,4.1208,0.5807,-0.1070,24387.6371,20.2805,NA
gamemd.exe,18224,0x42C3CE0,D3D9,0,0,1,Hardware: Independent Flip,24419.2498,NA,16.29300000000000,15.60980000000000,2.18050000000000,4.75730000000000,4.8748,NA,24404.3529,17.0774,14.8969,2.1805,15.5262,4.1280,3.9678,0.1602,1.1060,24404.3529,19.8943,NA
gamemd.exe,18224,0x42C3CE0,D3D9,0,0,1,Hardware: Independent Flip,24435.9449,NA,16.69510000000000,17.19420000000000,1.57780000000000,5.22100000000000,5.3739,NA,24421.4303,16.0924,14.5146,1.5778,15.3280,4.4076,4.0824,0.3252,-0.1168,24421.4303,21.0369,NA
gamemd.exe,18224,0x42C3CE0,D3D9,0,0,1,Hardware: Independent Flip,24452.2888,NA,16.34390000000000,15.91670000000000,1.87490000000000,4.79910000000000,4.9467,NA,24437.5227,16.6410,14.7661,1.8749,15.6952,3.8700,3.7939,0.0761,0.1757,24437.5227,20.9788,NA
gamemd.exe,18224,0x42C3CE0,D3D9,0,0,1,Hardware: Independent Flip,24468.7341,NA,16.44530000000000,16.29250000000000,1.59580000000000,4.65690000000000,4.7939,NA,24454.1637,16.1662,14.5704,1.5958,15.2653,3.9620,3.8943,0.0677,0.3485,24454.1637,21.2903,NA
gamemd.exe,18224,0x42C3CE0,D3D9,0,0,1,Hardware: Independent Flip,24485.4035,NA,16.66940000000000,16.56300000000000,1.59650000000000,4.50820000000000,4.6875,NA,24470.3299,16.6701,15.0736,1.5965,15.7615,3.8203,3.7536,0.0667,-0.3968,24470.3299,NA,NA
gamemd.exe,18224,0x42C3CE0,D3D9,0,0,1,Hardware: Independent Flip,24503.4828,NA,18.07930000000000,19.60860000000000,1.81490000000000,5.74870000000000,6.2168,NA,24487.0000,18.2977,16.4828,1.8149,17.4553,4.7762,4.2943,0.4819,-2.9385,24487.0000,33.4244,33.4244
gamemd.exe,18224,0x42C3CE0,D3D9,0,0,1,Hardware: Independent Flip,24518.7268,NA,15.24400000000000,14.54770000000000,1.45370000000000,5.22740000000000,5.5205,NA,24505.2977,14.8828,13.4291,1.4537,14.0477,4.6088,4.4815,0.1273,3.7500,24505.2977,NA,NA
gamemd.exe,18224,0x42C3CE0,D3D9,0,0,1,Hardware: Independent Flip,24535.9355,NA,17.20870000000000,18.40560000000000,3.19120000000000,6.46350000000000,6.7174,NA,24520.1805,18.9462,15.7550,3.1912,17.2359,4.9826,4.5359,0.4467,-3.5228,24520.1805,NA,NA
gamemd.exe,18224,0x42C3CE0,D3D9,0,0,1,Hardware: Independent Flip,24552.8527,NA,16.91720000000000,16.48520000000000,3.07360000000000,6.11690000000000,6.2854,NA,24539.1267,16.7996,13.7260,3.0736,14.8914,4.9515,4.3880,0.5635,2.4610,24539.1267,NA,NA
gamemd.exe,18224,0x42C3CE0,D3D9,0,0,1,Hardware: Independent Flip,24569.2138,NA,16.36110000000000,15.09740000000000,1.41280000000000,4.87990000000000,5.0217,NA,24555.9263,14.7003,13.2875,1.4128,13.8712,4.2962,4.2094,0.0868,1.7022,24555.9263,NA,NA
gamemd.exe,18224,0x42C3CE0,D3D9,0,0,1,Hardware: Independent Flip,24585.5483,NA,16.33450000000000,16.36800000000000,1.56910000000000,4.89820000000000,5.0552,NA,24570.6266,16.4908,14.9217,1.5691,15.5994,4.2205,4.0914,0.1291,-1.6677,24570.6266,34.3493,34.3493
gamemd.exe,18224,0x42C3CE0,D3D9,0,0,1,Hardware: Independent Flip,24601.9107,NA,16.36240000000000,16.46860000000000,1.53540000000000,5.03910000000000,5.1614,NA,24587.1174,16.3287,14.7933,1.5354,15.4467,4.3857,3.9886,0.3971,0.0222,24587.1174,26.8132,NA
gamemd.exe,18224,0x42C3CE0,D3D9,0,0,1,Hardware: Independent Flip,24618.8580,NA,16.94730000000000,16.88140000000000,2.71770000000000,4.96720000000000,5.0955,NA,24603.4461,18.1296,15.4119,2.7177,16.3546,4.0245,3.9142,0.1103,-0.5527,24603.4461,11.7414,NA
gamemd.exe,18224,0x42C3CE0,D3D9,0,0,1,Hardware: Independent Flip,24636.2662,NA,17.40820000000000,17.78720000000000,1.53140000000000,5.27360000000000,5.4745,NA,24621.5757,16.2219,14.6905,1.5314,15.4117,4.5524,4.1165,0.4359,0.3424,24621.5757,13.4970,NA
gamemd.exe,18224,0x42C3CE0,D3D9,0,0,1,Hardware: Independent Flip,24653.4900,NA,17.22380000000000,17.47470000000000,1.57930000000000,5.48870000000000,5.7254,NA,24637.7976,17.2717,15.6924,1.5793,16.4507,4.7304,4.2590,0.4714,-1.2528,24637.7976,14.9781,NA
gamemd.exe,18224,0x42C3CE0,D3D9,0,0,1,Hardware: Independent Flip,24668.8504,NA,15.36040000000000,14.81130000000000,2.02430000000000,4.99070000000000,5.1763,NA,24655.0693,15.8054,13.7811,2.0243,14.4997,4.2721,4.2002,0.0719,2.4604,24655.0693,13.7764,NA
gamemd.exe,18224,0x42C3CE0,D3D9,0,0,1,Hardware: Independent Flip,24685.4915,NA,16.64110000000000,16.40250000000000,1.57870000000000,4.73210000000000,4.9377,NA,24670.8747,16.1955,14.6168,1.5787,15.2012,4.1477,4.0506,0.0971,-0.5971,24670.8747,14.1386,NA
gamemd.exe,18224,0x42C3CE0,D3D9,0,0,1,Hardware: Independent Flip,24702.1429,NA,16.65140000000000,16.75050000000000,2.39670000000000,4.89970000000000,5.0368,NA,24687.0702,17.4694,15.0727,2.3967,16.0178,3.9546,3.8610,0.0936,-0.5550,24687.0702,14.9429,NA
gamemd.exe,18224,0x42C3CE0,D3D9,0,0,1,Hardware: Independent Flip,24718.8234,NA,16.68050000000000,16.91080000000000,1.57520000000000,5.06450000000000,5.2671,NA,24704.5396,15.8590,14.2838,1.5752,14.8995,4.4488,4.3514,0.0974,0.5586,24704.5396,15.8681,NA
gamemd.exe,18224,0x42C3CE0,D3D9,0,0,1,Hardware: Independent Flip,24736.4010,NA,17.57760000000000,18.62320000000000,2.37790000000000,6.07720000000000,6.3127,NA,24720.3986,18.3803,16.0024,2.3779,16.8177,5.2619,4.5032,0.7587,-2.7642,24720.3986,18.4851,NA
gamemd.exe,18224,0x42C3CE0,D3D9,0,0,1,Hardware: Independent Flip,24753.3204,NA,16.91940000000000,16.32200000000000,1.38550000000000,5.36180000000000,5.7153,NA,24738.7789,15.9270,14.5415,1.3855,15.1305,4.7728,4.2108,0.5620,2.0583,24738.7789,18.6652,NA
gamemd.exe,18224,0x42C3CE0,D3D9,0,0,1,Hardware: Independent Flip,24769.3960,NA,16.07560000000000,15.47090000000000,1.39680000000000,4.92410000000000,5.1106,NA,24754.7059,16.0869,14.6901,1.3968,15.3146,4.2996,3.8850,0.4146,0.4561,24754.7059,18.2312,NA
gamemd.exe,18224,0x42C3CE0,D3D9,0,0,1,Hardware: Independent Flip,24785.7053,NA,16.30930000000000,16.44940000000000,1.49700000000000,5.13840000000000,5.2507,NA,24770.7928,16.4095,14.9125,1.4970,15.5901,4.4608,3.8748,0.5860,-0.3625,24770.7928,18.6841,NA
gamemd.exe,18224,0x42C3CE0,D3D9,0,0,1,Hardware: Independent Flip,24802.3121,NA,16.60680000000000,16.22920000000000,1.59780000000000,4.76360000000000,4.8731,NA,24787.2023,16.7076,15.1098,1.5978,15.7344,4.1390,4.0708,0.0682,0.1803,24787.2023,18.8919,NA
gamemd.exe,18224,0x42C3CE0,D3D9,0,0,1,Hardware: Independent Flip,24819.2216,NA,16.90950000000000,17.03190000000000,1.43430000000000,4.86020000000000,4.9955,NA,24803.9099,16.7460,15.3117,1.4343,15.9115,4.2604,4.0832,0.1772,-0.3243,24803.9099,19.9749,NA
gamemd.exe,18224,0x42C3CE0,D3D9,0,0,1,Hardware: Independent Flip,24835.9199,NA,16.69830000000000,16.56380000000000,1.74900000000000,4.74440000000000,4.8610,NA,24820.6559,17.0130,15.2640,1.7490,15.9310,4.0774,3.9844,0.0930,0.1822,24820.6559,20.5489,NA
gamemd.exe,18224,0x42C3CE0,D3D9,0,0,1,Hardware: Independent Flip,24853.1853,NA,17.26540000000000,17.51370000000000,1.48690000000000,4.89910000000000,5.1093,NA,24837.6689,17.0033,15.5164,1.4869,16.2356,4.1799,4.0436,0.1363,-0.5007,24837.6689,16.0898,NA
gamemd.exe,18224,0x42C3CE0,D3D9,0,0,1,Hardware: Independent Flip,24869.1313,NA,15.94600000000000,17.03940000000000,2.23540000000000,5.99180000000000,6.2027,NA,24854.6722,16.6945,14.4591,2.2354,15.8534,4.5975,3.9164,0.6811,-0.0361,24854.6722,22.8941,NA
gamemd.exe,18224,0x42C3CE0,D3D9,0,0,1,Hardware: Independent Flip,24885.6020,NA,16.47070000000000,15.34530000000000,1.75280000000000,4.90840000000000,5.0773,NA,24871.3667,15.9881,14.2353,1.7528,14.9275,4.2162,4.1000,0.1162,1.3492,24871.3667,22.2439,NA
gamemd.exe,18224,0x42C3CE0,D3D9,0,0,1,Hardware: Independent Flip,24901.9869,NA,16.38490000000000,16.24250000000000,1.77190000000000,4.81210000000000,4.9349,NA,24887.3548,16.4040,14.6321,1.7719,15.4729,3.9713,3.9134,0.0579,-0.2544,24887.3548,22.4020,NA
gamemd.exe,18224,0x42C3CE0,D3D9,0,0,1,Hardware: Independent Flip,24918.7640,NA,16.77710000000000,16.55710000000000,1.71720000000000,4.57370000000000,4.7149,NA,24903.7588,16.7224,15.0052,1.7172,15.8796,3.6993,3.6027,0.0966,-0.1531,24903.7588,NA,NA
gamemd.exe,18224,0x42C3CE0,D3D9,0,0,1,Hardware: Independent Flip,24935.6811,NA,16.91710000000000,17.36800000000000,1.96830000000000,4.97710000000000,5.1658,NA,24920.4812,17.1682,15.1999,1.9683,16.0132,4.1638,4.0735,0.0903,-0.6456,24920.4812,24.2757,NA
gamemd.exe,18224,0x42C3CE0,D3D9,0,0,1,Hardware: Independent Flip,24953.1137,NA,17.43260000000000,18.24090000000000,1.58060000000000,5.77500000000000,5.9741,NA,24937.6494,17.0449,15.4643,1.5806,16.3072,4.9321,4.0284,0.9037,-1.0727,24937.6494,NA,NA
gamemd.exe,18224,0x42C3CE0,D3D9,0,0,1,Hardware: Independent Flip,24969.4663,NA,16.35260000000000,16.03820000000000,1.42430000000000,5.44170000000000,5.6597,NA,24954.6943,16.1963,14.7720,1.4243,15.3781,4.8356,4.2653,0.5703,1.0067,24954.6943,26.8285,NA
gamemd.exe,18224,0x42C3CE0,D3D9,0,0,1,Hardware: Independent Flip,24985.3799,NA,15.91360000000000,15.52660000000000,2.60910000000000,5.08320000000000,5.2727,NA,24970.8906,17.0984,14.4893,2.6091,15.4288,4.1437,4.0407,0.1030,0.6697,24970.8906,34.2126,NA
gamemd.exe,18224,0x42C3CE0,D3D9,0,0,1,Hardware: Independent Flip,25003.0071,NA,17.62720000000000,18.05570000000000,1.71580000000000,5.50130000000000,5.7012,NA,24987.9890,16.7339,15.0181,1.7158,15.8676,4.6518,4.0192,0.6326,-0.9573,24987.9890,NA,NA
gamemd.exe,18224,0x42C3CE0,D3D9,0,0,1,Hardware: Independent Flip,25018.8736,NA,15.86650000000000,15.30090000000000,1.48410000000000,5.01620000000000,5.1356,NA,25004.7229,15.6348,14.1507,1.4841,14.9071,4.2598,4.1639,0.0959,1.4330,25004.7229,NA,NA
gamemd.exe,18224,0x42C3CE0,D3D9,0,0,1,Hardware: Independent Flip,25035.3917,NA,16.51810000000000,16.77900000000000,1.59880000000000,5.27900000000000,5.3965,NA,25020.3577,16.6328,15.0340,1.5988,15.8007,4.5123,4.0502,0.4621,-1.1442,25020.3577,NA,NA
gamemd.exe,18224,0x42C3CE0,D3D9,0,0,1,Hardware: Independent Flip,25052.6713,NA,17.27960000000000,17.39350000000000,1.36350000000000,5.29270000000000,5.5104,NA,25036.9905,17.0443,15.6808,1.3635,16.2787,4.6948,4.0901,0.6047,-0.7607,25036.9905,NA,NA
gamemd.exe,18224,0x42C3CE0,D3D9,0,0,1,Hardware: Independent Flip,25069.1833,NA,16.51200000000000,16.07050000000000,1.29870000000000,4.89730000000000,5.0689,NA,25054.0348,16.4472,15.1485,1.2987,15.6772,4.3686,4.2808,0.0878,0.9738,25054.0348,NA,NA
gamemd.exe,18224,0x42C3CE0,D3D9,0,0,1,Hardware: Independent Flip,25085.6314,NA,16.44810000000000,16.44400000000000,1.63530000000000,4.95140000000000,5.0648,NA,25070.4820,16.7847,15.1494,1.6353,15.7802,4.3206,4.2504,0.0702,0.0032,25070.4820,NA,NA
gamemd.exe,18224,0x42C3CE0,D3D9,0,0,1,Hardware: Independent Flip,25102.3229,NA,16.69150000000000,16.52660000000000,1.73270000000000,4.77480000000000,4.8999,NA,25087.2667,16.7889,15.0562,1.7327,15.7822,4.0488,3.9707,0.0781,0.2581,25087.2667,NA,NA
gamemd.exe,18224,0x42C3CE0,D3D9,0,0,1,Hardware: Independent Flip,25118.6565,NA,16.33360000000000,16.54250000000000,1.34840000000000,4.94860000000000,5.1088,NA,25104.0556,15.9493,14.6009,1.3484,15.1804,4.3691,3.7675,0.6016,0.2464,25104.0556,NA,NA
gamemd.exe,18224,0x42C3CE0,D3D9,0,0,1,Hardware: Independent Flip,25135.4292,NA,16.77270000000000,16.97210000000000,1.95890000000000,5.11560000000000,5.3082,NA,25120.0049,17.3832,15.4243,1.9589,16.1373,4.4026,4.2981,0.1045,-1.0228,25120.0049,NA,NA
gamemd.exe,18224,0x42C3CE0,D3D9,0,0,1,Hardware: Independent Flip,25153.5927,NA,18.16350000000000,18.14300000000000,2.30170000000000,5.06910000000000,5.2877,NA,25137.3881,18.5063,16.2046,2.3017,16.8042,4.4695,4.0696,0.3999,-0.7598,25137.3881,NA,NA
gamemd.exe,18224,0x42C3CE0,D3D9,0,0,1,Hardware: Independent Flip,25168.8353,NA,15.24260000000000,16.04320000000000,2.27120000000000,5.94030000000000,6.0883,NA,25155.8944,15.2121,12.9409,2.2712,14.3597,4.5215,3.8847,0.6368,2.4631,25155.8944,NA,NA
gamemd.exe,18224,0x42C3CE0,D3D9,0,0,1,Hardware: Independent Flip,25185.5612,NA,16.72590000000000,15.60380000000000,1.51220000000000,4.85060000000000,4.9662,NA,25171.1065,15.9669,14.4547,1.5122,15.0715,4.2338,4.0555,0.1783,-0.3917,25171.1065,18.2821,NA
gamemd.exe,18224,0x42C3CE0,D3D9,0,0,1,Hardware: Independent Flip,25202.1066,NA,16.54540000000000,16.66690000000000,1.62040000000000,4.96750000000000,5.0877,NA,25187.0734,16.6536,15.0332,1.6204,15.7711,4.2296,4.0875,0.1421,-0.7000,25187.0734,18.9480,NA
gamemd.exe,18224,0x42C3CE0,D3D9,0,0,1,Hardware: Independent Flip,25219.4392,NA,17.33260000000000,16.79150000000000,1.54030000000000,4.43280000000000,4.5466,NA,25203.7270,17.2525,15.7122,1.5403,16.2856,3.8594,3.7788,0.0806,-0.1379,25203.7270,19.7396,NA
gamemd.exe,18224,0x42C3CE0,D3D9,0,0,1,Hardware: Independent Flip,25235.2870,NA,15.84780000000000,15.95060000000000,1.67130000000000,4.50640000000000,4.6494,NA,25220.9795,15.9788,14.3075,1.6713,14.8873,3.9266,3.8542,0.0724,1.3019,25220.9795,19.6521,NA
gamemd.exe,18224,0x42C3CE0,D3D9,0,0,1,Hardware: Independent Flip,25253.3023,NA,18.01530000000000,18.78360000000000,1.55450000000000,5.03730000000000,5.4177,NA,25236.9583,17.8985,16.3440,1.5545,17.0052,4.3761,3.9628,0.4133,-2.8048,25236.9583,22.4525,NA
gamemd.exe,18224,0x42C3CE0,D3D9,0,0,1,Hardware: Independent Flip,25270.0222,NA,16.71990000000000,17.02720000000000,2.37150000000000,5.50700000000000,5.7250,NA,25254.8568,17.5369,15.1654,2.3715,15.8125,4.8599,4.2119,0.6480,0.8713,25254.8568,23.0643,NA
gamemd.exe,18224,0x42C3CE0,D3D9,0,0,1,Hardware: Independent Flip,25286.8880,NA,16.86580000000000,17.03330000000000,2.54860000000000,5.66450000000000,5.8925,NA,25272.3937,17.0429,14.4943,2.5486,15.1816,4.9772,4.3890,0.5882,0.5036,25272.3937,24.5007,NA
gamemd.exe,18224,0x42C3CE0,D3D9,0,0,1,Hardware: Independent Flip,25302.6975,NA,15.80950000000000,14.71000000000000,1.25850000000000,4.57620000000000,4.7930,NA,25289.4366,14.5194,13.2609,1.2585,13.7655,4.0716,3.9919,0.0797,2.3329,25289.4366,23.2413,NA
gamemd.exe,18224,0x42C3CE0,D3D9,0,0,1,Hardware: Independent Flip,25318.8099,NA,16.11240000000000,15.83050000000000,1.37110000000000,4.37360000000000,4.5111,NA,25303.9560,16.2250,14.8539,1.3711,15.5047,3.7228,3.6564,0.0664,-1.3111,25303.9560,22.6421,NA
gamemd.exe,18224,0x42C3CE0,D3D9,0,0,1,Hardware: Independent Flip,25335.6254,NA,16.81550000000000,17.28160000000000,2.08600000000000,4.75570000000000,4.9772,NA,25320.1810,17.5304,15.4444,2.0860,16.0501,4.1500,4.0725,0.0775,-1.0566,25320.1810,32.3513,NA
gamemd.exe,18224,0x42C3CE0,D3D9,0,0,1,Hardware: Independent Flip,25353.5558,NA,17.93040000000000,18.38580000000000,1.67370000000000,5.20840000000000,5.4326,NA,25337.7114,17.5181,15.8444,1.6737,16.5241,4.5287,4.4369,0.0918,-0.8554,25337.7114,NA,NA
gamemd.exe,18224,0x42C3CE0,D3D9,0,0,1,Hardware: Independent Flip,25369.2622,NA,15.70640000000000,15.27490000000000,2.08760000000000,4.87200000000000,5.0011,NA,25355.2295,16.1203,14.0327,2.0876,14.8728,4.0319,3.9469,0.0850,2.2432,25355.2295,NA,NA
gamemd.exe,18224,0x42C3CE0,D3D9,0,0,1,Hardware: Independent Flip,25385.4767,NA,16.21450000000000,16.20100000000000,2.25670000000000,4.85510000000000,4.9876,NA,25371.3498,16.3836,14.1269,2.2567,15.0172,3.9648,3.8396,0.1252,-0.0807,25371.3498,34.1104,34.1104
gamemd.exe,18224,0x42C3CE0,D3D9,0,0,1,Hardware: Independent Flip,25401.8840,NA,16.40730000000000,16.64630000000000,2.75170000000000,5.09430000000000,5.2266,NA,25387.7334,16.9023,14.1506,2.7517,15.2860,3.9589,3.8730,0.0859,-0.2627,25387.7334,NA,NA
gamemd.exe,18224,0x42C3CE0,D3D9,0,0,1,Hardware: Independent Flip,25418.9074,NA,17.02340000000000,16.92490000000000,1.43820000000000,5.00180000000000,5.1281,NA,25404.6357,15.7099,14.2717,1.4382,14.8753,4.3982,4.3054,0.0928,-0.0226,25404.6357,NA,NA
gamemd.exe,18224,0x42C3CE0,D3D9,0,0,1,Hardware: Independent Flip,25435.1599,NA,16.25250000000000,16.22090000000000,1.83250000000000,4.98100000000000,5.0965,NA,25420.3456,16.6468,14.8143,1.8325,15.6934,4.1019,3.9895,0.1124,-0.5110,25420.3456,19.9458,19.9458
gamemd.exe,18224,0x42C3CE0,D3D9,0,0,1,Hardware: Independent Flip,25452.4210,NA,17.26110000000000,17.77560000000000,1.52590000000000,5.40370000000000,5.6110,NA,25436.9924,16.9545,15.4286,1.5259,16.2230,4.6093,4.3563,0.2530,-1.1288,25436.9924,NA,NA
gamemd.exe,18224,0x42C3CE0,D3D9,0,0,1,Hardware: Independent Flip,25469.9709,NA,17.54990000000000,17.33200000000000,1.57480000000000,5.20770000000000,5.3931,NA,25453.9469,17.5988,16.0240,1.5748,16.7389,4.4928,4.3917,0.1011,-0.3775,25453.9469,15.1303,NA
gamemd.exe,18224,0x42C3CE0,D3D9,0,0,1,Hardware: Independent Flip,25485.8655,NA,15.89460000000000,15.90290000000000,1.31500000000000,5.27540000000000,5.4014,NA,25471.5457,15.6348,14.3198,1.3150,14.9146,4.6806,4.2131,0.4675,1.6959,25471.5457,15.0159,NA
gamemd.exe,18224,0x42C3CE0,D3D9,0,0,1,Hardware: Independent Flip,25502.0968,NA,16.23130000000000,15.95500000000000,1.82010000000000,4.98490000000000,5.1251,NA,25487.1805,16.7364,14.9163,1.8201,15.7517,4.1495,4.0524,0.0971,-0.3202,25487.1805,6.7437,NA
gamemd.exe,18224,0x42C3CE0,D3D9,0,0,1,Hardware: Independent Flip,25519.2651,NA,17.16830000000000,17.14760000000000,1.38580000000000,4.90620000000000,5.1044,NA,25503.9169,16.7340,15.3482,1.3858,15.9842,4.2702,3.6644,0.6058,-0.4112,25503.9169,16.1131,NA
gamemd.exe,18224,0x42C3CE0,D3D9,0,0,1,Hardware: Independent Flip,25535.2789,NA,16.01380000000000,16.01450000000000,1.72180000000000,4.92710000000000,5.1051,NA,25520.6509,16.3498,14.6280,1.7218,15.2040,4.3511,4.2579,0.0932,0.7195,25520.6509,7.5446,NA
gamemd.exe,18224,0x42C3CE0,D3D9,0,0,1,Hardware: Independent Flip,25553.0563,NA,17.77740000000000,19.08970000000000,2.45270000000000,6.17060000000000,6.4174,NA,25537.0007,18.5083,16.0556,2.4527,17.7490,4.4772,3.8913,0.5859,-2.7399,25537.0007,19.2305,NA
gamemd.exe,18224,0x42C3CE0,D3D9,0,0,1,Hardware: Independent Flip,25569.1092,NA,16.05290000000000,16.06370000000000,2.48530000000000,6.22320000000000,6.4282,NA,25555.5090,16.0855,13.6002,2.4853,15.1951,4.6283,3.9886,0.6397,2.4446,25555.5090,19.3074,NA
gamemd.exe,18224,0x42C3CE0,D3D9,0,0,1,Hardware: Independent Flip,25586.7864,NA,17.67720000000000,16.31470000000000,1.71450000000000,4.95420000000000,5.0657,NA,25571.5945,16.9064,15.1919,1.7145,15.8716,4.2745,4.0065,0.2680,-0.2292,25571.5945,19.6197,NA
gamemd.exe,18224,0x42C3CE0,D3D9,0,0,1,Hardware: Independent Flip,25602.4287,NA,15.64230000000000,15.50710000000000,2.09690000000000,4.81320000000000,4.9305,NA,25588.5009,16.0247,13.9278,2.0969,14.7444,3.9966,3.9223,0.0743,1.3993,25588.5009,19.0884,NA
gamemd.exe,18224,0x42C3CE0,D3D9,0,0,1,Hardware: Independent Flip,25619.1375,NA,16.70880000000000,16.80270000000000,1.44330000000000,4.89110000000000,5.0244,NA,25604.5256,16.0552,14.6119,1.4433,15.2095,4.2935,3.8557,0.4378,-0.7780,25604.5256,19.8022,NA
gamemd.exe,18224,0x42C3CE0,D3D9,0,0,1,Hardware: Independent Flip,25635.7625,NA,16.62500000000000,16.87950000000000,1.87610000000000,5.08960000000000,5.2789,NA,25620.5808,17.0578,15.1817,1.8761,16.0318,4.2395,4.1202,0.1193,-0.8243,25620.5808,20.8127,NA
gamemd.exe,18224,0x42C3CE0,D3D9,0,0,1,Hardware: Independent Flip,25653.4636,NA,17.70110000000000,18.50560000000000,2.34800000000000,5.88180000000000,6.0834,NA,25637.6386,18.1730,15.8250,2.3480,17.0318,4.6750,3.9685,0.7065,-1.4478,25637.6386,23.2514,NA
gamemd.exe,18224,0x42C3CE0,D3D9,0,0,1,Hardware: Independent Flip,25669.6434,NA,16.17980000000000,15.49760000000000,1.54610000000000,5.25450000000000,5.4012,NA,25655.8116,15.3779,13.8318,1.5461,14.5128,4.5735,4.0329,0.5406,2.6754,25655.8116,22.3300,NA
gamemd.exe,18224,0x42C3CE0,D3D9,0,0,1,Hardware: Independent Flip,25685.2196,NA,15.57620000000000,15.31130000000000,1.50620000000000,5.01760000000000,5.1363,NA,25671.1895,15.5363,14.0301,1.5062,14.6857,4.3620,3.9131,0.4489,0.0666,25671.1895,21.7363,NA
gamemd.exe,18224,0x42C3CE0,D3D9,0,0,1,Hardware: Independent Flip,25702.1133,NA,16.89370000000000,16.81940000000000,1.74600000000000,4.90500000000000,5.0620,NA,25686.7258,17.1335,15.3875,1.7460,16.2069,4.0856,3.9772,0.1084,-1.2831,25686.7258,22.7582,NA
gamemd.exe,18224,0x42C3CE0,D3D9,0,0,1,Hardware: Independent Flip,25718.7450,NA,16.63170000000000,16.09340000000000,1.17870000000000,4.35770000000000,4.5237,NA,25703.8593,16.0644,14.8857,1.1787,15.3743,3.8691,3.7827,0.0864,1.0401,25703.8593,22.4384,NA
gamemd.exe,18224,0x42C3CE0,D3D9,0,0,1,Hardware: Independent Flip,25735.2829,NA,16.53790000000000,16.62510000000000,1.34630000000000,4.35330000000000,4.6109,NA,25719.9237,16.7055,15.3592,1.3463,15.8193,3.8932,3.8244,0.0688,-0.5607,25719.9237,23.2348,NA
gamemd.exe,18224,0x42C3CE0,D3D9,0,0,1,Hardware: Independent Flip,25751.8720,NA,16.58910000000000,16.71280000000000,1.49660000000000,4.59200000000000,4.7346,NA,25736.6292,16.7394,15.2428,1.4966,15.8726,3.9622,3.8689,0.0933,-0.0073,25736.6292,24.0531,NA
gamemd.exe,18224,0x42C3CE0,D3D9,0,0,1,Hardware: Independent Flip,25769.4187,NA,17.54670000000000,18.01780000000000,1.33660000000000,5.01950000000000,5.2057,NA,25753.3686,17.3867,16.0501,1.3366,16.5923,4.4773,4.0163,0.4610,-1.2784,25753.3686,26.3205,NA
gamemd.exe,18224,0x42C3CE0,D3D9,0,0,1,Hardware: Independent Flip,25785.8183,NA,16.39960000000000,16.28890000000000,1.75210000000000,4.91350000000000,5.0950,NA,25770.7553,16.8151,15.0630,1.7521,15.7061,4.2704,4.1679,0.1025,1.0978,25770.7553,18.6721,NA
gamemd.exe,18224,0x42C3CE0,D3D9,0,0,1,Hardware: Independent Flip,25802.1034,NA,16.28510000000000,16.25440000000000,2.55970000000000,4.92890000000000,5.0643,NA,25787.5704,17.0927,14.5330,2.5597,15.4165,4.0454,3.9520,0.0934,0.5607,25787.5704,10.9307,NA
gamemd.exe,18224,0x42C3CE0,D3D9,0,0,1,Hardware: Independent Flip,25818.9754,NA,16.87200000000000,16.57470000000000,2.16740000000000,4.62280000000000,4.7670,NA,25804.6631,16.4797,14.3123,2.1674,15.0274,3.9077,3.8351,0.0726,0.5180,25804.6631,NA,NA
gamemd.exe,18224,0x42C3CE0,D3D9,0,0,1,Hardware: Independent Flip,25835.4906,NA,16.51520000000000,16.84110000000000,2.51700000000000,4.97490000000000,5.0929,NA,25821.1428,16.8648,14.3478,2.5170,15.2380,4.0847,4.0022,0.0825,-0.3614,25821.1428,20.1609,NA
gamemd.exe,18224,0x42C3CE0,D3D9,0,0,1,Hardware: Independent Flip,25852.1477,NA,16.65710000000000,17.04610000000000,2.00530000000000,5.26950000000000,5.4819,NA,25838.0076,16.1454,14.1401,2.0053,14.9835,4.4261,4.3235,0.1026,-0.1813,25838.0076,13.3990,NA
gamemd.exe,18224,0x42C3CE0,D3D9,0,0,1,Hardware: Independent Flip,25869.5113,NA,17.36360000000000,17.26680000000000,1.39430000000000,5.19280000000000,5.3851,NA,25854.1530,16.7526,15.3583,1.3943,15.9899,4.5612,4.4540,0.1072,-1.1214,25854.1530,NA,NA
gamemd.exe,18224,0x42C3CE0,D3D9,0,0,1,Hardware: Independent Flip,25885.9642,NA,16.45290000000000,16.29430000000000,1.45460000000000,5.08180000000000,5.2265,NA,25870.9056,16.5132,15.0586,1.4546,15.7037,4.4367,3.9411,0.4956,0.4583,25870.9056,NA,NA
gamemd.exe,18224,0x42C3CE0,D3D9,0,0,1,Hardware: Independent Flip,25902.3174,NA,16.35320000000000,16.36800000000000,2.60350000000000,5.12650000000000,5.2413,NA,25887.4188,17.5021,14.8986,2.6035,15.7753,4.2498,4.0815,0.1683,0.1452,25887.4188,6.7830,NA
gamemd.exe,18224,0x42C3CE0,D3D9,0,0,1,Hardware: Independent Flip,25919.1161,NA,16.79870000000000,16.31320000000000,1.73150000000000,4.64530000000000,4.7558,NA,25904.9209,15.9267,14.1952,1.7315,14.8968,3.9437,3.8627,0.0810,1.1889,25904.9209,15.5868,NA
gamemd.exe,18224,0x42C3CE0,D3D9,0,0,1,Hardware: Independent Flip,25935.4578,NA,16.34170000000000,16.63590000000000,2.06850000000000,4.91060000000000,5.0500,NA,25920.8476,16.6787,14.6102,2.0685,15.4425,4.0783,3.9555,0.1228,-0.7092,25920.8476,7.7519,NA
gamemd.exe,18224,0x42C3CE0,D3D9,0,0,1,Hardware: Independent Flip,25951.9806,NA,16.52280000000000,16.46530000000000,1.65510000000000,4.86070000000000,4.9925,NA,25937.5263,16.1094,14.4543,1.6551,15.1121,4.2029,4.0918,0.1111,0.2134,25937.5263,8.6819,NA
gamemd.exe,18224,0x42C3CE0,D3D9,0,0,1,Hardware: Independent Flip,25968.8193,NA,16.83870000000000,17.29380000000000,1.45000000000000,5.24450000000000,5.4476,NA,25953.6357,16.6336,15.1836,1.4500,15.9646,4.4635,3.9719,0.4916,-1.1844,25953.6357,17.9213,NA
gamemd.exe,18224,0x42C3CE0,D3D9,0,0,1,Hardware: Independent Flip,25986.1812,NA,17.36190000000000,17.35960000000000,1.57350000000000,5.16010000000000,5.4453,NA,25970.2693,17.4854,15.9119,1.5735,16.5735,4.4985,4.0466,0.4519,-0.7260,25970.2693,19.3755,NA
gamemd.exe,18224,0x42C3CE0,D3D9,0,0,1,Hardware: Independent Flip,26002.5569,NA,16.37570000000000,16.49350000000000,1.62550000000000,5.39540000000000,5.5631,NA,25987.7547,16.4277,14.8022,1.6255,15.4843,4.7133,4.2218,0.4915,0.9919,25987.7547,19.8725,NA
gamemd.exe,18224,0x42C3CE0,D3D9,0,0,1,Hardware: Independent Flip,26018.9971,NA,16.44020000000000,15.58990000000000,2.59960000000000,4.59200000000000,4.7128,NA,26004.1824,17.4143,14.8147,2.5996,15.5827,3.8240,3.7480,0.0760,0.8378,26004.1824,19.1636,NA
gamemd.exe,18224,0x42C3CE0,D3D9,0,0,1,Hardware: Independent Flip,26035.4946,NA,16.49750000000000,16.36680000000000,1.78500000000000,4.46550000000000,4.5821,NA,26021.5967,15.6829,13.8979,1.7850,14.5381,3.8253,3.7604,0.0649,1.0475,26021.5967,19.8116,19.8116
gamemd.exe,18224,0x42C3CE0,D3D9,0,0,1,Hardware: Independent Flip,26052.5591,NA,17.06450000000000,17.26610000000000,1.84350000000000,4.66860000000000,4.7837,NA,26037.2796,17.1230,15.2795,1.8435,16.2431,3.7050,3.6377,0.0673,-1.5832,26037.2796,NA,NA
gamemd.exe,18224,0x42C3CE0,D3D9,0,0,1,Hardware: Independent Flip,26068.5355,NA,15.97640000000000,16.24650000000000,1.51330000000000,4.85990000000000,5.0538,NA,26054.4026,15.6462,14.1329,1.5133,14.7749,4.2179,4.0976,0.1203,0.8765,26054.4026,NA,NA
gamemd.exe,18224,0x42C3CE0,D3D9,0,0,1,Hardware: Independent Flip,26086.0344,NA,17.49890000000000,17.66750000000000,1.47640000000000,5.05000000000000,5.2224,NA,26070.0488,17.4620,15.9856,1.4764,16.5803,4.4553,3.8918,0.5635,-2.0213,26070.0488,NA,NA
gamemd.exe,18224,0x42C3CE0,D3D9,0,0,1,Hardware: Independent Flip,26102.0355,NA,16.00110000000000,15.81620000000000,1.88720000000000,4.89750000000000,5.0375,NA,26087.5108,16.4119,14.5247,1.8872,15.5143,3.9079,3.8145,0.0934,1.6458,26087.5108,NA,NA
gamemd.exe,18224,0x42C3CE0,D3D9,0,0,1,Hardware: Independent Flip,26119.1579,NA,17.12240000000000,16.74800000000000,1.73500000000000,4.50750000000000,4.6631,NA,26103.9227,16.9702,15.2352,1.7350,15.9501,3.7926,3.7271,0.0655,-0.3361,26103.9227,31.5869,31.5869
gamemd.exe,18224,0x42C3CE0,D3D9,0,0,1,Hardware: Independent Flip,26135.2881,NA,16.13020000000000,16.27450000000000,1.36820000000000,4.65240000000000,4.8074,NA,26120.8929,15.7634,14.3952,1.3682,14.9780,4.0696,3.9963,0.0733,0.6957,26120.8929,23.6785,NA
gamemd.exe,18224,0x42C3CE0,D3D9,0,0,1,Hardware: Independent Flip,26152.1680,NA,16.87990000000000,16.88370000000000,1.65230000000000,4.65830000000000,4.8112,NA,26136.6563,17.1640,15.5117,1.6523,16.2037,3.9663,3.8790,0.0873,-1.1203,26136.6563,24.3655,NA
gamemd.exe,18224,0x42C3CE0,D3D9,0,0,1,Hardware: Independent Flip,26168.9711,NA,16.80310000000000,17.53820000000000,1.47790000000000,5.30840000000000,5.5463,NA,26153.8203,16.6287,15.1508,1.4779,15.7217,4.7375,4.1888,0.5487,-0.3742,26153.8203,26.2272,NA
gamemd.exe,18224,0x42C3CE0,D3D9,0,0,1,Hardware: Independent Flip,26186.1932,NA,17.22210000000000,17.05050000000000,1.57770000000000,5.14610000000000,5.3747,NA,26170.4490,17.3219,15.7442,1.5777,16.5028,4.3875,4.2899,0.0976,-0.4218,26170.4490,27.2683,NA
gamemd.exe,18224,0x42C3CE0,D3D9,0,0,1,Hardware: Independent Flip,26202.3053,NA,16.11210000000000,15.99180000000000,2.57860000000000,5.09340000000000,5.2544,NA,26187.7709,17.1130,14.5344,2.5786,15.4622,4.1656,4.0899,0.0757,1.3301,26187.7709,11.3031,NA
gamemd.exe,18224,0x42C3CE0,D3D9,0,0,1,Hardware: Independent Flip,26218.9931,NA,16.68780000000000,16.53480000000000,2.25420000000000,4.98480000000000,5.1014,NA,26204.8839,16.3634,14.1092,2.2542,15.1374,3.9566,3.8958,0.0608,0.5782,26204.8839,11.8798,NA
gamemd.exe,18224,0x42C3CE0,D3D9,0,0,1,Hardware: Independent Flip,26235.7534,NA,16.76030000000000,16.43330000000000,1.96650000000000,4.64060000000000,4.7744,NA,26221.2473,16.4726,14.5061,1.9665,15.2677,3.8790,3.8146,0.0644,-0.0699,26221.2473,12.2650,NA
gamemd.exe,18224,0x42C3CE0,D3D9,0,0,1,Hardware: Independent Flip,26252.7243,NA,16.97090000000000,17.20530000000000,1.99900000000000,4.89270000000000,5.0088,NA,26237.7199,17.0034,15.0044,1.9990,16.2276,3.6695,3.5979,0.0716,-0.7327,26237.7199,13.4968,NA
gamemd.exe,18224,0x42C3CE0,D3D9,0,0,1,Hardware: Independent Flip,26268.8789,NA,16.15460000000000,16.45760000000000,2.42560000000000,5.13830000000000,5.3118,NA,26254.7233,16.5812,14.1556,2.4256,15.0725,4.2214,4.1348,0.0866,0.5458,26254.7233,5.9597,NA
gamemd.exe,18224,0x42C3CE0,D3D9,0,0,1,Hardware: Independent Flip,26285.9413,NA,17.06240000000000,17.64440000000000,1.49420000000000,5.68840000000000,5.8938,NA,26271.3045,16.1310,14.6368,1.4942,15.3209,5.0043,4.3887,0.6156,-1.0632,26271.3045,15.6032,NA
gamemd.exe,18224,0x42C3CE0,D3D9,0,0,1,Hardware: Independent Flip,26302.8921,NA,16.95080000000000,16.68550000000000,1.59610000000000,5.38110000000000,5.6285,NA,26287.4355,17.0527,15.4566,1.5961,16.1247,4.7130,4.1199,0.5931,-0.5545,26287.4355,8.0503,NA
gamemd.exe,18224,0x42C3CE0,D3D9,0,0,1,Hardware: Independent Flip,26318.7256,NA,15.83350000000000,15.56730000000000,1.87240000000000,5.21930000000000,5.3623,NA,26304.4882,16.1098,14.2374,1.8724,15.0798,4.3769,4.2642,0.1127,1.4854,26304.4882,15.7782,NA
gamemd.exe,18224,0x42C3CE0,D3D9,0,0,1,Hardware: Independent Flip,26335.5570,NA,16.83140000000000,16.42400000000000,1.81390000000000,4.84050000000000,4.9549,NA,26320.5980,16.7729,14.9590,1.8139,15.7575,4.0420,3.9136,0.1284,-0.3142,26320.5980,NA,NA
gamemd.exe,18224,0x42C3CE0,D3D9,0,0,1,Hardware: Independent Flip,26352.2826,NA,16.72560000000000,16.84030000000000,1.69260000000000,4.89150000000000,5.0696,NA,26337.3709,16.6043,14.9117,1.6926,15.5736,4.2296,4.1419,0.0877,-0.0674,26337.3709,NA,NA
gamemd.exe,18224,0x42C3CE0,D3D9,0,0,1,Hardware: Independent Flip,26369.7545,NA,17.47190000000000,17.99190000000000,1.42630000000000,5.23100000000000,5.5896,NA,26353.9752,17.2056,15.7793,1.4263,16.3910,4.6193,4.2192,0.4001,-1.3876,26353.9752,26.6034,26.6034
gamemd.exe,18224,0x42C3CE0,D3D9,0,0,1,Hardware: Independent Flip,26385.9472,NA,16.19270000000000,17.41410000000000,2.51110000000000,6.35020000000000,6.8110,NA,26371.1808,17.2775,14.7664,2.5111,16.5334,4.5832,4.3439,0.2393,-0.2085,26371.1808,NA,NA
gamemd.exe,18224,0x42C3CE0,D3D9,0,0,1,Hardware: Independent Flip,26402.3011,NA,16.35390000000000,15.02600000000000,1.62940000000000,5.28530000000000,5.4831,NA,26388.4583,15.4722,13.8428,1.6294,14.4935,4.6346,4.2033,0.4313,2.2515,26388.4583,NA,NA
gamemd.exe,18224,0x42C3CE0,D3D9,0,0,1,Hardware: Independent Flip,26420.1876,NA,17.88650000000000,19.03670000000000,2.56270000000000,6.40630000000000,6.6333,NA,26403.9305,18.8198,16.2571,2.5627,18.0076,4.6558,4.0932,0.5626,-3.5645,26403.9305,NA,NA
gamemd.exe,18224,0x42C3CE0,D3D9,0,0,1,Hardware: Independent Flip,26436.4269,NA,16.23930000000000,14.77310000000000,1.45940000000000,4.86130000000000,5.1671,NA,26422.7503,15.1360,13.6766,1.4594,14.2412,4.2967,3.9303,0.3664,4.0467,26422.7503,NA,NA
gamemd.exe,18224,0x42C3CE0,D3D9,0,0,1,Hardware: Independent Flip,26452.3015,NA,15.87460000000000,15.49150000000000,1.72180000000000,4.66800000000000,4.7840,NA,26437.8863,16.1370,14.4152,1.7218,15.0551,4.0281,3.9613,0.0668,-0.3555,26437.8863,28.8560,28.8560
gamemd.exe,18224,0x42C3CE0,D3D9,0,0,1,Hardware: Independent Flip,26468.7694,NA,16.46790000000000,16.08850000000000,1.44430000000000,4.28750000000000,4.4046,NA,26454.0233,16.1904,14.7461,1.4443,15.2839,3.7497,3.6885,0.0612,0.0485,26454.0233,NA,NA
gamemd.exe,18224,0x42C3CE0,D3D9,0,0,1,Hardware: Independent Flip,26485.1446,NA,16.37520000000000,16.65160000000000,1.78800000000000,4.52630000000000,4.6810,NA,26470.2137,16.7189,14.9309,1.7880,15.5625,3.8947,3.8200,0.0747,-0.4612,26470.2137,NA,NA
gamemd.exe,18224,0x42C3CE0,D3D9,0,0,1,Hardware: Independent Flip,26502.7069,NA,17.56230000000000,17.30830000000000,1.43840000000000,4.30160000000000,4.4270,NA,26486.9326,17.2127,15.7743,1.4384,16.3460,3.7299,3.6547,0.0752,-0.5894,26486.9326,NA,NA
gamemd.exe,18224,0x42C3CE0,D3D9,0,0,1,Hardware: Independent Flip,26519.3695,NA,16.66260000000000,17.40060000000000,1.87350000000000,4.90130000000000,5.1650,NA,26504.1453,17.0977,15.2242,1.8735,15.9467,4.1788,4.0972,0.0816,-0.1879,26504.1453,NA,NA
gamemd.exe,18224,0x42C3CE0,D3D9,0,0,1,Hardware: Independent Flip,26535.4901,NA,16.12060000000000,17.58060000000000,2.43490000000000,6.38870000000000,6.6250,NA,26521.2430,16.6820,14.2471,2.4349,15.7718,4.8640,4.1273,0.7367,-0.4829,26521.2430,NA,NA
gamemd.exe,18224,0x42C3CE0,D3D9,0,0,1,Hardware: Independent Flip,26553.2001,NA,17.71000000000000,16.56230000000000,1.44440000000000,5.29920000000000,5.4773,NA,26537.9250,16.7195,15.2751,1.4444,15.9009,4.6734,3.9431,0.7303,0.1197,26537.9250,26.4294,26.4294
gamemd.exe,18224,0x42C3CE0,D3D9,0,0,1,Hardware: Independent Flip,26568.6237,NA,15.42360000000000,15.61770000000000,1.34390000000000,5.50650000000000,5.6714,NA,26554.6445,15.3231,13.9792,1.3439,14.5614,4.9243,4.4270,0.4973,1.1018,26554.6445,NA,NA
gamemd.exe,18224,0x42C3CE0,D3D9,0,0,1,Hardware: Independent Flip,26585.9485,NA,17.32480000000000,17.13380000000000,1.75060000000000,5.24170000000000,5.4804,NA,26569.9676,17.7315,15.9809,1.7506,16.8339,4.3887,3.9410,0.4477,-1.8107,26569.9676,NA,NA
gamemd.exe,18224,0x42C3CE0,D3D9,0,0,1,Hardware: Independent Flip,26602.3327,NA,16.38420000000000,15.87140000000000,2.36420000000000,4.85420000000000,4.9676,NA,26587.6991,16.9978,14.6336,2.3642,15.4771,4.0107,3.9138,0.0969,1.8601,26587.6991,27.0556,27.0556
gamemd.exe,18224,0x42C3CE0,D3D9,0,0,1,Hardware: Independent Flip,26618.7257,NA,16.39300000000000,17.20510000000000,1.71190000000000,5.59090000000000,5.7797,NA,26604.6969,15.7407,14.0288,1.7119,14.8369,4.7828,4.3549,0.4279,-0.2073,26604.6969,NA,NA
gamemd.exe,18224,0x42C3CE0,D3D9,0,0,1,Hardware: Independent Flip,26636.1490,NA,17.42330000000000,17.13580000000000,1.57740000000000,5.34140000000000,5.4922,NA,26620.4376,17.2888,15.7114,1.5774,16.4409,4.6119,4.1129,0.4990,-1.3951,26620.4376,NA,NA
gamemd.exe,18224,0x42C3CE0,D3D9,0,0,1,Hardware: Independent Flip,26652.9983,NA,16.84930000000000,16.28240000000000,1.58350000000000,4.76350000000000,4.9253,NA,26637.7264,16.8554,15.2719,1.5835,16.0726,3.9628,3.8736,0.0892,1.0064,26637.7264,NA,NA
gamemd.exe,18224,0x42C3CE0,D3D9,0,0,1,Hardware: Independent Flip,26669.1266,NA,16.12830000000000,16.02340000000000,1.97010000000000,4.65980000000000,4.8204,NA,26654.5818,16.5149,14.5448,1.9701,15.2157,3.9889,3.9203,0.0686,0.8320,26654.5818,NA,NA
gamemd.exe,18224,0x42C3CE0,D3D9,0,0,1,Hardware: Independent Flip,26685.5253,NA,16.39870000000000,16.54980000000000,1.87980000000000,4.85680000000000,4.9715,NA,26671.0967,16.3084,14.4286,1.8798,15.3316,3.9538,3.8561,0.0977,-0.0349,26671.0967,NA,NA
gamemd.exe,18224,0x42C3CE0,D3D9,0,0,1,Hardware: Independent Flip,26702.1303,NA,16.60500000000000,16.41770000000000,2.05420000000000,4.63370000000000,4.7842,NA,26687.4051,16.7794,14.7252,2.0542,15.3956,3.9633,3.9065,0.0568,-0.1093,26687.4051,NA,NA
gamemd.exe,18224,0x42C3CE0,D3D9,0,0,1,Hardware: Independent Flip,26718.5476,NA,16.41730000000000,16.34570000000000,1.74750000000000,4.59380000000000,4.7126,NA,26704.1845,16.1106,14.3631,1.7475,14.9269,4.0300,3.9638,0.0662,0.4337,26704.1845,NA,NA
gamemd.exe,18224,0x42C3CE0,D3D9,0,0,1,Hardware: Independent Flip,26735.3131,NA,16.76550000000000,17.26890000000000,2.25270000000000,4.98160000000000,5.2160,NA,26720.2951,17.2707,15.0180,2.2527,15.8038,4.1958,4.0265,0.1693,-1.1583,26720.2951,NA,NA
gamemd.exe,18224,0x42C3CE0,D3D9,0,0,1,Hardware: Independent Flip,26752.6889,NA,17.37580000000000,17.27600000000000,1.37640000000000,4.95940000000000,5.1162,NA,26737.5658,16.4995,15.1231,1.3764,15.7015,4.3810,3.9519,0.4291,-0.0053,26737.5658,NA,NA
gamemd.exe,18224,0x42C3CE0,D3D9,0,0,1,Hardware: Independent Flip,26769.8331,NA,17.14420000000000,16.61900000000000,1.22510000000000,4.45050000000000,4.5910,NA,26754.0653,16.9929,15.7678,1.2251,16.3344,3.8839,3.8079,0.0760,-0.1195,26754.0653,NA,NA
gamemd.exe,18224,0x42C3CE0,D3D9,0,0,1,Hardware: Independent Flip,26785.3125,NA,15.47940000000000,15.67060000000000,1.89000000000000,4.65220000000000,4.7822,NA,26771.0582,16.1443,14.2543,1.8900,15.1563,3.7502,3.6575,0.0927,1.3223,26771.0582,NA,NA
gamemd.exe,18224,0x42C3CE0,D3D9,0,0,1,Hardware: Independent Flip,26802.5038,NA,17.19130000000000,17.11610000000000,2.00080000000000,4.59240000000000,4.7070,NA,26787.2025,17.3021,15.3013,2.0008,16.0329,3.8608,3.7743,0.0865,-0.9718,26787.2025,NA,NA
gamemd.exe,18224,0x42C3CE0,D3D9,0,0,1,Hardware: Independent Flip,26818.7927,NA,16.28890000000000,16.63540000000000,1.77550000000000,4.90310000000000,5.0535,NA,26804.5046,16.0636,14.2881,1.7755,15.0802,4.1110,4.0019,0.1091,0.6667,26804.5046,NA,NA
gamemd.exe,18224,0x42C3CE0,D3D9,0,0,1,Hardware: Independent Flip,26836.5867,NA,17.79400000000000,18.04560000000000,1.58160000000000,5.11140000000000,5.3051,NA,26820.5682,17.6001,16.0185,1.5816,16.6220,4.5079,3.9331,0.5748,-1.9820,26820.5682,NA,NA
gamemd.exe,18224,0x42C3CE0,D3D9,0,0,1,Hardware: Independent Flip,26853.0815,NA,16.49480000000000,16.15990000000000,1.40170000000000,4.78160000000000,4.9702,NA,26838.1683,16.3149,14.9132,1.4017,15.5608,4.1340,3.6767,0.4573,1.4402,26838.1683,30.8009,NA
gamemd.exe,18224,0x42C3CE0,D3D9,0,0,1,Hardware: Independent Flip,26868.8042,NA,15.72270000000000,15.40880000000000,1.41220000000000,4.54240000000000,4.6563,NA,26854.4832,15.7332,14.3210,1.4122,14.9692,3.8942,3.7821,0.1121,0.9061,26854.4832,NA,NA
gamemd.exe,18224,0x42C3CE0,D3D9,0,0,1,Hardware: Independent Flip,26885.6163,NA,16.81210000000000,16.66850000000000,1.43030000000000,4.34600000000000,4.5127,NA,26870.2164,16.8302,15.3999,1.4303,15.9942,3.7517,3.6883,0.0634,-0.9353,26870.2164,NA,NA
gamemd.exe,18224,0x42C3CE0,D3D9,0,0,1,Hardware: Independent Flip,26902.2319,NA,16.61560000000000,16.60790000000000,1.59430000000000,4.36920000000000,4.5050,NA,26887.0466,16.7796,15.1853,1.5943,15.8177,3.7368,3.6547,0.0821,0.2223,26887.0466,NA,NA
gamemd.exe,18224,0x42C3CE0,D3D9,0,0,1,Hardware: Independent Flip,26919.0644,NA,16.83250000000000,16.80210000000000,1.41720000000000,4.32230000000000,4.4746,NA,26903.8262,16.6554,15.2382,1.4172,15.8086,3.7519,3.6934,0.0585,-0.0225,26903.8262,NA,NA
gamemd.exe,18224,0x42C3CE0,D3D9,0,0,1,Hardware: Independent Flip,26936.3258,NA,17.26140000000000,18.45890000000000,1.47140000000000,5.47250000000000,5.6721,NA,26920.4816,17.3156,15.8442,1.4714,16.4787,4.8380,4.2163,0.6217,-1.8035,26920.4816,NA,NA
gamemd.exe,18224,0x42C3CE0,D3D9,0,0,1,Hardware: Independent Flip,26952.6863,NA,16.36050000000000,15.80650000000000,1.29930000000000,4.96140000000000,5.1181,NA,26937.7972,16.1884,14.8891,1.2993,15.4506,4.3999,4.2920,0.1079,1.5091,26937.7972,NA,NA
gamemd.exe,18224,0x42C3CE0,D3D9,0,0,1,Hardware: Independent Flip,26968.6529,NA,15.96660000000000,15.53780000000000,1.89090000000000,4.54650000000000,4.6893,NA,26953.9856,16.5582,14.6673,1.8909,15.3368,3.8770,3.8152,0.0618,0.6506,26953.9856,NA,NA
gamemd.exe,18224,0x42C3CE0,D3D9,0,0,1,Hardware: Independent Flip,26985.4207,NA,16.76780000000000,16.96440000000000,1.53440000000000,4.74170000000000,4.8859,NA,26970.5438,16.4113,14.8769,1.5344,15.6132,4.0054,3.9217,0.0837,-0.4062,26970.5438,NA,NA
gamemd.exe,18224,0x42C3CE0,D3D9,0,0,1,Hardware: Independent Flip,27002.5233,NA,17.10260000000000,17.64070000000000,2.50490000000000,5.30770000000000,5.4240,NA,26986.9551,18.0731,15.5682,2.5049,16.9010,3.9749,3.8901,0.0848,-1.2294,26986.9551,10.2382,NA
gamemd.exe,18224,0x42C3CE0,D3D9,0,0,1,Hardware: Independent Flip,27019.2147,NA,16.69140000000000,16.43110000000000,1.94440000000000,5.01330000000000,5.1637,NA,27005.0282,16.1309,14.1865,1.9444,15.2191,3.9807,3.8911,0.0896,1.6420,27005.0282,NA,NA
gamemd.exe,18224,0x42C3CE0,D3D9,0,0,1,Hardware: Independent Flip,27036.1422,NA,16.92750000000000,17.25330000000000,1.49900000000000,5.32630000000000,5.4895,NA,27021.1591,16.4821,14.9831,1.4990,15.6359,4.6735,4.2350,0.4385,-1.1224,27021.1591,NA,NA
gamemd.exe,18224,0x42C3CE0,D3D9,0,0,1,Hardware: Independent Flip,27053.0146,NA,16.87240000000000,16.45070000000000,2.37250000000000,4.85180000000000,5.0678,NA,27037.6412,17.7459,15.3734,2.3725,16.1313,4.0939,3.9847,0.1092,0.0314,27037.6412,NA,NA
gamemd.exe,18224,0x42C3CE0,D3D9,0,0,1,Hardware: Independent Flip,27069.5650,NA,16.55040000000000,17.94410000000000,2.28560000000000,6.26070000000000,6.4615,NA,27055.3871,16.4635,14.1779,2.2856,15.6863,4.7523,3.9398,0.8125,-0.1982,27055.3871,NA,NA
gamemd.exe,18224,0x42C3CE0,D3D9,0,0,1,Hardware: Independent Flip,27085.9564,NA,16.39140000000000,14.82320000000000,1.39260000000000,4.77040000000000,4.8933,NA,27071.8506,15.4984,14.1058,1.3926,14.7251,4.1511,4.0593,0.0918,1.6403,27071.8506,NA,NA
gamemd.exe,18224,0x42C3CE0,D3D9,0,0,1,Hardware: Independent Flip,27102.3130,NA,16.35660000000000,16.17050000000000,1.57870000000000,4.59610000000000,4.7072,NA,27087.3490,16.5427,14.9640,1.5787,15.5695,3.9906,3.9129,0.0777,-0.6721,27087.3490,NA,NA
gamemd.exe,18224,0x42C3CE0,D3D9,0,0,1,Hardware: Independent Flip,27118.9488,NA,16.63580000000000,16.47560000000000,1.12860000000000,4.43400000000000,4.5470,NA,27103.8917,16.1857,15.0571,1.1286,15.6162,3.8749,3.7919,0.0830,0.0671,27103.8917,NA,NA
gamemd.exe,18224,0x42C3CE0,D3D9,0,0,1,Hardware: Independent Flip,27136.5207,NA,17.57190000000000,18.59940000000000,1.44980000000000,5.18990000000000,5.5745,NA,27120.0774,17.8931,16.4433,1.4498,17.1182,4.5150,4.0623,0.4527,-2.4137,27120.0774,NA,NA
gamemd.exe,18224,0x42C3CE0,D3D9,0,0,1,Hardware: Independent Flip,27152.7260,NA,16.20530000000000,15.51550000000000,1.42430000000000,4.70700000000000,4.8847,NA,27137.9705,16.1798,14.7555,1.4243,15.3680,4.0945,3.6943,0.4002,2.3776,27137.9705,NA,NA
gamemd.exe,18224,0x42C3CE0,D3D9,0,0,1,Hardware: Independent Flip,27168.6657,NA,15.93970000000000,15.80090000000000,1.86520000000000,4.61520000000000,4.7459,NA,27154.1503,16.3806,14.5154,1.8652,15.1235,4.0071,3.8994,0.1077,0.3789,27154.1503,NA,NA
gamemd.exe,18224,0x42C3CE0,D3D9,0,0,1,Hardware: Independent Flip,27185.2267,NA,16.56100000000000,16.51580000000000,1.27220000000000,4.54620000000000,4.7007,NA,27170.5309,15.9680,14.6958,1.2722,15.1718,4.0702,3.9933,0.0769,-0.1352,27170.5309,NA,NA
gamemd.exe,18224,0x42C3CE0,D3D9,0,0,1,Hardware: Independent Flip,27202.2681,NA,17.04140000000000,17.19730000000000,1.67790000000000,4.74220000000000,4.8566,NA,27186.4989,17.4471,15.7692,1.6779,16.6533,3.8581,3.7671,0.0910,-1.2293,27186.4989,NA,NA
gamemd.exe,18224,0x42C3CE0,D3D9,0,0,1,Hardware: Independent Flip,27218.7520,NA,16.48390000000000,16.52770000000000,1.45140000000000,4.71890000000000,4.9004,NA,27203.9460,16.2574,14.8060,1.4514,15.2942,4.2307,4.1060,0.1247,0.9194,27203.9460,NA,NA
gamemd.exe,18224,0x42C3CE0,D3D9,0,0,1,Hardware: Independent Flip,27235.6120,NA,16.86000000000000,18.09010000000000,2.27640000000000,5.91620000000000,6.1305,NA,27220.2034,17.6850,15.4086,2.2764,16.9009,4.4239,3.8106,0.6133,-1.8327,27220.2034,NA,NA
gamemd.exe,18224,0x42C3CE0,D3D9,0,0,1,Hardware: Independent Flip,27252.2414,NA,16.62940000000000,15.50540000000000,1.77750000000000,4.87060000000000,5.0065,NA,27237.8884,16.1305,14.3530,1.7775,15.2265,3.9971,3.8888,0.1083,2.1796,27237.8884,NA,NA
gamemd.exe,18224,0x42C3CE0,D3D9,0,0,1,Hardware: Independent Flip,27268.6614,NA,16.42000000000000,16.43850000000000,1.47950000000000,4.88670000000000,5.0250,NA,27254.0189,16.1220,14.6425,1.4795,15.3468,4.1824,4.0664,0.1160,-0.3080,27254.0189,NA,NA
gamemd.exe,18224,0x42C3CE0,D3D9,0,0,1,Hardware: Independent Flip,27285.1996,NA,16.53820000000000,16.51410000000000,1.44580000000000,4.84360000000000,5.0009,NA,27270.1409,16.5045,15.0587,1.4458,15.6487,4.2536,3.7637,0.4899,-0.3921,27270.1409,NA,NA
gamemd.exe,18224,0x42C3CE0,D3D9,0,0,1,Hardware: Independent Flip,27301.7866,NA,16.58700000000000,16.45460000000000,1.49090000000000,4.72790000000000,4.8685,NA,27286.6454,16.6321,15.1412,1.4909,15.7520,4.1171,4.0312,0.0859,0.0499,27286.6454,NA,NA
gamemd.exe,18224,0x42C3CE0,D3D9,0,0,1,Hardware: Independent Flip,27319.0434,NA,17.25680000000000,17.09570000000000,1.67570000000000,4.55880000000000,4.7074,NA,27303.2775,17.4416,15.7659,1.6757,16.4272,3.8975,3.8246,0.0729,-0.4636,27303.2775,NA,NA
gamemd.exe,18224,0x42C3CE0,D3D9,0,0,1,Hardware: Independent Flip,27335.4541,NA,16.41070000000000,16.88860000000000,1.61450000000000,4.94750000000000,5.1853,NA,27320.7191,16.3495,14.7350,1.6145,15.3301,4.3524,4.2310,0.1214,0.5530,27320.7191,NA,NA
gamemd.exe,18224,0x42C3CE0,D3D9,0,0,1,Hardware: Independent Flip,27352.3849,NA,16.93080000000000,16.78640000000000,1.45600000000000,4.86210000000000,5.0409,NA,27337.0686,16.7723,15.3163,1.4560,15.9348,4.2436,4.1239,0.1197,-0.4369,27337.0686,NA,NA
gamemd.exe,18224,0x42C3CE0,D3D9,0,0,1,Hardware: Independent Flip,27368.6293,NA,16.24440000000000,16.15420000000000,1.46190000000000,4.80960000000000,4.9507,NA,27353.8409,16.2503,14.7884,1.4619,15.3689,4.2291,4.1191,0.1100,0.6181,27353.8409,NA,NA
gamemd.exe,18224,0x42C3CE0,D3D9,0,0,1,Hardware: Independent Flip,27385.2489,NA,16.61960000000000,16.45320000000000,2.05300000000000,4.64960000000000,4.7843,NA,27370.0912,17.2107,15.1577,2.0530,15.8930,3.9143,3.8141,0.1002,-0.2029,27370.0912,NA,NA
gamemd.exe,18224,0x42C3CE0,D3D9,0,0,1,Hardware: Independent Flip,27401.8126,NA,16.56370000000000,16.63460000000000,1.84650000000000,4.74230000000000,4.8552,NA,27387.3019,16.3572,14.5107,1.8465,15.2951,3.9579,3.8733,0.0846,0.5761,27387.3019,NA,NA
gamemd.exe,18224,0x42C3CE0,D3D9,0,0,1,Hardware: Independent Flip,27419.0769,NA,17.26430000000000,17.19600000000000,1.79620000000000,4.62090000000000,4.7869,NA,27403.6591,17.2140,15.4178,1.7962,16.0301,4.0086,3.9348,0.0738,-0.8388,27403.6591,11.6311,19.6263
gamemd.exe,18224,0x42C3CE0,D3D9,0,0,1,Hardware: Independent Flip,27436.1319,NA,17.05500000000000,17.83660000000000,1.51120000000000,5.34520000000000,5.5685,NA,27420.8731,16.7700,15.2588,1.5112,15.9942,4.6098,4.0925,0.5173,-0.6226,27420.8731,NA,NA
gamemd.exe,18224,0x42C3CE0,D3D9,0,0,1,Hardware: Independent Flip,27452.4587,NA,16.32680000000000,16.35440000000000,1.53480000000000,5.40770000000000,5.5961,NA,27437.6431,16.3504,14.8156,1.5348,15.5607,4.6626,4.2296,0.4330,0.4156,27437.6431,13.8286,NA
gamemd.exe,18224,0x42C3CE0,D3D9,0,0,1,Hardware: Independent Flip,27468.8061,NA,16.34740000000000,15.86880000000000,1.34490000000000,4.98110000000000,5.1175,NA,27453.9935,16.1575,14.8126,1.3449,15.4014,4.3923,4.2417,0.1506,0.4816,27453.9935,13.7004,NA
gamemd.exe,18224,0x42C3CE0,D3D9,0,0,1,Hardware: Independent Flip,27485.6541,NA,16.84800000000000,16.93490000000000,2.65790000000000,5.09300000000000,5.2044,NA,27470.1510,18.1610,15.5031,2.6579,16.5059,4.0902,3.9946,0.0956,-0.7774,27470.1510,14.5963,NA
gamemd.exe,18224,0x42C3CE0,D3D9,0,0,1,Hardware: Independent Flip,27502.3014,NA,16.64730000000000,16.38990000000000,1.77270000000000,4.82960000000000,4.9470,NA,27488.3120,15.7621,13.9894,1.7727,14.8242,3.9948,3.8793,0.1155,1.7711,27488.3120,15.0452,NA
gamemd.exe,18224,0x42C3CE0,D3D9,0,0,1,Hardware: Independent Flip,27519.0523,NA,16.75090000000000,17.12340000000000,2.64440000000000,5.11380000000000,5.3195,NA,27504.0741,17.6226,14.9782,2.6444,15.8436,4.2484,4.0968,0.1516,-1.3613,27504.0741,8.0051,NA
gamemd.exe,18224,0x42C3CE0,D3D9,0,0,1,Hardware: Independent Flip,27535.9054,NA,16.85310000000000,18.20590000000000,2.43970000000000,6.45870000000000,6.6723,NA,27521.6967,16.6484,14.2087,2.4397,15.7070,4.9604,4.1172,0.8432,-0.5833,27521.6967,18.1918,NA
gamemd.exe,18224,0x42C3CE0,D3D9,0,0,1,Hardware: Independent Flip,27553.1007,NA,17.19530000000000,15.56290000000000,1.39740000000000,4.85710000000000,5.0399,NA,27538.3451,16.1530,14.7556,1.3974,15.3496,4.2631,3.8200,0.4431,1.0855,27538.3451,17.8667,NA
gamemd.exe,18224,0x42C3CE0,D3D9,0,0,1,Hardware: Independent Flip,27569.4221,NA,16.32140000000000,16.28720000000000,1.41690000000000,4.86330000000000,5.0057,NA,27554.4981,16.3409,14.9240,1.4169,15.5807,4.2066,4.0887,0.1179,-0.1342,27554.4981,18.1429,NA
gamemd.exe,18224,0x42C3CE0,D3D9,0,0,1,Hardware: Independent Flip,27585.4760,NA,16.05390000000000,15.64180000000000,1.57440000000000,4.47770000000000,4.5936,NA,27570.8390,16.2114,14.6370,1.5744,15.3212,3.7935,3.6986,0.0949,0.6991,27570.8390,17.7362,NA
gamemd.exe,18224,0x42C3CE0,D3D9,0,0,1,Hardware: Independent Flip,27602.5098,NA,17.03380000000000,17.30800000000000,2.25810000000000,4.75310000000000,4.8678,NA,27587.0504,17.7175,15.4594,2.2581,16.3229,3.8896,3.8236,0.0660,-1.0966,27587.0504,19.1116,NA
gamemd.exe,18224,0x42C3CE0,D3D9,0,0,1,Hardware: Independent Flip,27619.0794,NA,16.56960000000000,17.96190000000000,2.42840000000000,6.03860000000000,6.2601,NA,27604.7679,16.7399,14.3115,2.4284,15.9902,4.3599,3.9470,0.4129,-0.2444,27604.7679,21.0014,NA
gamemd.exe,18224,0x42C3CE0,D3D9,0,0,1,Hardware: Independent Flip,27635.5107,NA,16.43130000000000,16.59480000000000,2.62150000000000,6.09890000000000,6.4236,NA,27621.5078,16.6244,14.0029,2.6215,15.6662,4.4356,3.9685,0.4671,0.1451,27621.5078,21.4721,29.7219
gamemd.exe,18224,0x42C3CE0,D3D9,0,0,1,Hardware: Independent Flip,27652.3885,NA,16.87780000000000,15.48580000000000,2.42950000000000,4.91320000000000,5.0316,NA,27638.1322,16.6858,14.2563,2.4295,15.1870,3.9825,3.8763,0.1062,1.1386,27638.1322,20.9459,NA
gamemd.exe,18224,0x42C3CE0,D3D9,0,0,1,Hardware: Independent Flip,27669.3715,NA,16.98300000000000,16.75220000000000,1.68120000000000,4.65040000000000,4.8008,NA,27654.8180,16.2347,14.5535,1.6812,15.2811,3.9228,3.8474,0.0754,-0.0664,27654.8180,29.9532,NA
gamemd.exe,18224,0x42C3CE0,D3D9,0,0,1,Hardware: Independent Flip,27685.3438,NA,15.97230000000000,15.56630000000000,1.22570000000000,4.27330000000000,4.3948,NA,27671.0527,15.5168,14.2911,1.2257,14.7779,3.7865,3.7164,0.0701,0.6684,27671.0527,NA,NA
gamemd.exe,18224,0x42C3CE0,D3D9,0,0,1,Hardware: Independent Flip,27701.9850,NA,16.64120000000000,17.33030000000000,1.71290000000000,4.93700000000000,5.0839,NA,27686.5695,17.1284,15.4155,1.7129,16.1676,4.1849,4.1063,0.0786,-1.8135,27686.5695,NA,NA
gamemd.exe,18224,0x42C3CE0,D3D9,0,0,1,Hardware: Independent Flip,27718.6770,NA,16.69200000000000,16.21600000000000,1.54870000000000,4.47130000000000,4.6079,NA,27703.6979,16.5278,14.9791,1.5487,15.6949,3.7555,3.6672,0.0883,0.9124,27703.6979,NA,NA
gamemd.exe,18224,0x42C3CE0,D3D9,0,0,1,Hardware: Independent Flip,27735.3764,NA,16.69940000000000,17.31780000000000,1.52880000000000,5.02580000000000,5.2263,NA,27720.2257,16.6795,15.1507,1.5288,15.8343,4.3422,4.2273,0.1149,-0.7900,27720.2257,NA,NA
gamemd.exe,18224,0x42C3CE0,D3D9,0,0,1,Hardware: Independent Flip,27752.6174,NA,17.24100000000000,17.77580000000000,1.39190000000000,5.49460000000000,5.7611,NA,27736.9052,17.1041,15.7122,1.3919,16.3203,4.8865,4.2100,0.6765,-1.0963,27736.9052,NA,NA
gamemd.exe,18224,0x42C3CE0,D3D9,0,0,1,Hardware: Independent Flip,27769.5195,NA,16.90210000000000,16.43340000000000,1.58110000000000,4.96810000000000,5.2924,NA,27754.0093,17.0913,15.5102,1.5811,16.1659,4.3124,4.1955,0.1169,0.6707,27754.0093,NA,NA
gamemd.exe,18224,0x42C3CE0,D3D9,0,0,1,Hardware: Independent Flip,27785.4437,NA,15.92420000000000,15.49090000000000,1.76610000000000,4.71580000000000,4.8591,NA,27771.1006,16.1092,14.3431,1.7661,15.0672,3.9917,3.8835,0.1082,1.6004,27771.1006,NA,NA
gamemd.exe,18224,0x42C3CE0,D3D9,0,0,1,Hardware: Independent Flip,27802.1407,NA,16.69700000000000,16.50400000000000,1.82610000000000,4.53990000000000,4.6661,NA,27787.2098,16.7570,14.9309,1.8261,15.6580,3.8128,3.7468,0.0660,-0.3948,27787.2098,NA,NA
gamemd.exe,18224,0x42C3CE0,D3D9,0,0,1,Hardware: Independent Flip,27819.1217,NA,16.98100000000000,16.96940000000000,2.05910000000000,4.48660000000000,4.6545,NA,27803.9668,17.2140,15.1549,2.0591,15.7526,3.8889,3.8177,0.0712,-0.2124,27803.9668,NA,NA
gamemd.exe,18224,0x42C3CE0,D3D9,0,0,1,Hardware: Independent Flip,27835.9169,NA,16.79520000000000,18.68220000000000,2.37120000000000,6.27870000000000,6.5415,NA,27821.1808,17.1073,14.7361,2.3712,16.3909,4.6239,4.1762,0.4477,-1.4682,27821.1808,NA,NA
gamemd.exe,18224,0x42C3CE0,D3D9,0,0,1,Hardware: Independent Flip,27852.1831,NA,16.26620000000000,15.21630000000000,1.80390000000000,5.28620000000000,5.4916,NA,27838.2881,15.6989,13.8950,1.8039,14.7470,4.4342,4.3595,0.0747,1.8910,27838.2881,13.4480,NA
gamemd.exe,18224,0x42C3CE0,D3D9,0,0,1,Hardware: Independent Flip,27869.2722,NA,17.08910000000000,16.31860000000000,1.82460000000000,4.58330000000000,4.7211,NA,27853.9870,17.1098,15.2852,1.8246,16.0325,3.8360,3.7773,0.0587,-0.6197,27853.9870,13.7112,NA
gamemd.exe,18224,0x42C3CE0,D3D9,0,0,1,Hardware: Independent Flip,27886.1255,NA,16.85330000000000,16.89730000000000,1.95630000000000,4.64780000000000,4.7651,NA,27871.0968,16.9850,15.0287,1.9563,15.7784,3.8981,3.8006,0.0975,0.2125,27871.0968,6.6482,NA
gamemd.exe,18224,0x42C3CE0,D3D9,0,0,1,Hardware: Independent Flip,27902.2865,NA,16.16100000000000,16.60250000000000,2.14660000000000,5.01660000000000,5.2066,NA,27888.0818,16.3513,14.2047,2.1466,15.0593,4.1620,4.0732,0.0888,0.3825,27888.0818,15.2946,NA
gamemd.exe,18224,0x42C3CE0,D3D9,0,0,1,Hardware: Independent Flip,27919.9532,NA,17.66670000000000,18.09360000000000,1.63100000000000,5.34820000000000,5.6335,NA,27904.4331,17.1511,15.5201,1.6310,16.2717,4.5966,4.1459,0.4507,-1.7423,27904.4331,9.3348,NA
gamemd.exe,18224,0x42C3CE0,D3D9,0,0,1,Hardware: Independent Flip,27936.0618,NA,16.10860000000000,15.61280000000000,1.55290000000000,4.99010000000000,5.1377,NA,27921.5842,16.0305,14.4776,1.5529,15.1259,4.3418,3.9638,0.3780,1.5383,27921.5842,16.9277,NA
gamemd.exe,18224,0x42C3CE0,D3D9,0,0,1,Hardware: Independent Flip,27951.9018,NA,15.84000000000000,15.69920000000000,1.59550000000000,4.85210000000000,4.9969,NA,27937.6147,15.8826,14.2871,1.5955,14.8823,4.2569,4.1598,0.0971,0.3313,27937.6147,16.6589,NA
gamemd.exe,18224,0x42C3CE0,D3D9,0,0,1,Hardware: Independent Flip,27968.6292,NA,16.72740000000000,16.49960000000000,1.38600000000000,4.64290000000000,4.7691,NA,27953.4973,16.5179,15.1319,1.3860,15.7441,4.0307,3.9208,0.1099,-0.6170,27953.4973,17.0912,NA
gamemd.exe,18224,0x42C3CE0,D3D9,0,0,1,Hardware: Independent Flip,27985.8223,NA,17.19310000000000,17.08230000000000,1.44450000000000,4.54430000000000,4.6583,NA,27970.0152,17.2516,15.8071,1.4445,16.4337,3.9177,3.8357,0.0820,-0.5644,27970.0152,18.2665,NA
gamemd.exe,18224,0x42C3CE0,D3D9,0,0,1,Hardware: Independent Flip,28002.4548,NA,16.63250000000000,17.31260000000000,1.57230000000000,5.19030000000000,5.3384,NA,27987.2668,16.7603,15.1880,1.5723,15.9262,4.4521,4.1129,0.3392,-0.0610,27987.2668,19.5066,NA
gamemd.exe,18224,0x42C3CE0,D3D9,0,0,1,Hardware: Independent Flip,28019.5195,NA,17.06470000000000,16.99250000000000,1.64250000000000,5.08540000000000,5.2662,NA,28004.0271,17.1349,15.4924,1.6425,16.3202,4.2576,4.1342,0.1234,-0.2322,28004.0271,20.5486,NA
gamemd.exe,18224,0x42C3CE0,D3D9,0,0,1,Hardware: Independent Flip,28036.8764,NA,17.35690000000000,17.13240000000000,1.36190000000000,4.73500000000000,5.0417,NA,28021.1620,17.0763,15.7144,1.3619,16.2718,4.1776,3.8773,0.3003,0.0025,28021.1620,29.6876,NA
gamemd.exe,18224,0x42C3CE0,D3D9,0,0,1,Hardware: Independent Flip,28052.2701,NA,15.39370000000000,15.39070000000000,2.04100000000000,4.92500000000000,5.0387,NA,28038.2383,16.0728,14.0318,2.0410,15.1758,3.7810,3.6810,0.1000,1.6856,28038.2383,NA,NA
gamemd.exe,18224,0x42C3CE0,D3D9,0,0,1,Hardware: Independent Flip,28068.9095,NA,16.63940000000000,16.00430000000000,1.34840000000000,4.27310000000000,4.4036,NA,28054.3111,15.9468,14.5984,1.3484,15.1261,3.7454,3.6456,0.0998,0.0685,28054.3111,21.0476,NA
gamemd.exe,18224,0x42C3CE0,D3D9,0,0,1,Hardware: Independent Flip,28085.4446,NA,16.53510000000000,16.74820000000000,1.99330000000000,4.43010000000000,4.6167,NA,28070.2579,17.1800,15.1867,1.9933,15.7388,3.8780,3.8022,0.0758,-0.8014,28070.2579,NA,NA
gamemd.exe,18224,0x42C3CE0,D3D9,0,0,1,Hardware: Independent Flip,28102.8640,NA,17.41940000000000,19.48330000000000,2.30550000000000,6.47470000000000,6.6806,NA,28087.4379,17.7316,15.4261,2.3055,16.8260,5.0748,4.1004,0.9744,-2.3033,28087.4379,25.3117,NA
gamemd.exe,18224,0x42C3CE0,D3D9,0,0,1,Hardware: Independent Flip,28119.7700,NA,16.90600000000000,15.79360000000000,1.60740000000000,5.22670000000000,5.5682,NA,28105.1695,16.2079,14.6005,1.6074,15.3137,4.5135,4.0957,0.4178,1.9380,28105.1695,25.1061,NA
gamemd.exe,18224,0x42C3CE0,D3D9,0,0,1,Hardware: Independent Flip,28136.3433,NA,16.57330000000000,17.74840000000000,2.43020000000000,6.51440000000000,6.7433,NA,28121.3774,17.3961,14.9659,2.4302,16.4832,4.9971,4.2284,0.7687,-1.5405,28121.3774,26.8076,NA
gamemd.exe,18224,0x42C3CE0,D3D9,0,0,1,Hardware: Independent Flip,28152.6581,NA,16.31480000000000,14.54400000000000,1.26910000000000,4.80320000000000,4.9725,NA,28138.7735,15.1537,13.8846,1.2691,14.4348,4.2530,4.1059,0.1471,2.8521,28138.7735,25.4090,NA
gamemd.exe,18224,0x42C3CE0,D3D9,0,0,1,Hardware: Independent Flip,28168.6086,NA,15.95050000000000,16.09940000000000,2.06460000000000,4.92390000000000,5.1214,NA,28153.9272,16.7460,14.6814,2.0646,15.4348,4.1705,4.0713,0.0992,-0.9457,28153.9272,25.4231,NA
gamemd.exe,18224,0x42C3CE0,D3D9,0,0,1,Hardware: Independent Flip,28186.4012,NA,17.79260000000000,18.21070000000000,1.46640000000000,5.31180000000000,5.5395,NA,28170.6732,17.1944,15.7280,1.4664,16.3318,4.7080,4.0930,0.6150,-1.4647,28170.6732,27.6746,NA
gamemd.exe,18224,0x42C3CE0,D3D9,0,0,1,Hardware: Independent Flip,28202.1375,NA,15.73630000000000,15.68880000000000,1.46250000000000,5.31800000000000,5.4920,NA,28187.8676,15.7324,14.2699,1.4625,14.9406,4.6473,4.0498,0.5975,1.5056,28187.8676,19.3998,35.3996
gamemd.exe,18224,0x42C3CE0,D3D9,0,0,1,Hardware: Independent Flip,28218.7210,NA,16.58350000000000,16.25470000000000,2.74910000000000,5.04970000000000,5.1632,NA,28203.6000,17.8701,15.1210,2.7491,16.0540,4.1167,4.0153,0.1014,-0.5223,28203.6000,11.6445,NA
gamemd.exe,18224,0x42C3CE0,D3D9,0,0,1,Hardware: Independent Flip,28235.5231,NA,16.80210000000000,16.62150000000000,2.16370000000000,4.87080000000000,4.9826,NA,28221.4701,16.2167,14.0530,2.1637,15.0310,3.8928,3.8339,0.0589,1.2486,28221.4701,12.2564,NA
gamemd.exe,18224,0x42C3CE0,D3D9,0,0,1,Hardware: Independent Flip,28252.1614,NA,16.63830000000000,16.54280000000000,2.06150000000000,4.76900000000000,4.8871,NA,28237.6868,16.5361,14.4746,2.0615,15.3775,3.8661,3.7542,0.1119,-0.3261,28237.6868,12.8076,NA
gamemd.exe,18224,0x42C3CE0,D3D9,0,0,1,Hardware: Independent Flip,28269.3373,NA,17.17590000000000,17.90410000000000,1.56710000000000,5.41020000000000,5.6153,NA,28254.2229,16.6815,15.1144,1.5671,15.8089,4.7157,4.1086,0.6071,-1.3680,28254.2229,6.3197,NA
gamemd.exe,18224,0x42C3CE0,D3D9,0,0,1,Hardware: Independent Flip,28285.4985,NA,16.16120000000000,15.56440000000000,1.52960000000000,4.85880000000000,5.0185,NA,28270.9044,16.1237,14.5941,1.5296,15.1621,4.2908,4.2061,0.0847,1.1171,28270.9044,14.3015,NA
gamemd.exe,18224,0x42C3CE0,D3D9,0,0,1,Hardware: Independent Flip,28302.3869,NA,16.88840000000000,16.99540000000000,2.35590000000000,4.96740000000000,5.1255,NA,28287.0281,17.7147,15.3588,2.3559,16.3939,3.9323,3.8284,0.1039,-0.8717,28287.0281,7.2459,NA
gamemd.exe,18224,0x42C3CE0,D3D9,0,0,1,Hardware: Independent Flip,28319.0308,NA,16.64390000000000,16.41660000000000,1.72070000000000,4.78510000000000,4.8982,NA,28304.7428,16.0087,14.2880,1.7207,15.0492,4.0239,3.9428,0.0811,1.2981,28304.7428,15.6629,NA
gamemd.exe,18224,0x42C3CE0,D3D9,0,0,1,Hardware: Independent Flip,28335.4803,NA,16.44950000000000,16.46120000000000,1.69440000000000,4.75330000000000,4.9099,NA,28320.7515,16.4232,14.7288,1.6944,15.4056,4.0765,3.9985,0.0780,-0.4525,28320.7515,16.1816,NA
gamemd.exe,18224,0x42C3CE0,D3D9,0,0,1,Hardware: Independent Flip,28352.0985,NA,16.61820000000000,16.66070000000000,1.63800000000000,4.80030000000000,4.9524,NA,28337.1747,16.5618,14.9238,1.6380,15.4853,4.2388,4.1370,0.1018,-0.2375,28337.1747,16.7307,NA
gamemd.exe,18224,0x42C3CE0,D3D9,0,0,1,Hardware: Independent Flip,28368.5741,NA,16.47560000000000,16.53790000000000,1.46060000000000,4.88710000000000,5.0147,NA,28353.7365,16.2982,14.8376,1.4606,15.4434,4.2813,4.1889,0.0924,0.0239,28353.7365,17.2938,NA
gamemd.exe,18224,0x42C3CE0,D3D9,0,0,1,Hardware: Independent Flip,28385.2303,NA,16.65620000000000,16.73690000000000,1.43040000000000,4.89380000000000,5.0954,NA,28370.0347,16.6260,15.1956,1.4304,15.8265,4.2629,4.1440,0.1189,-0.4387,28370.0347,17.9902,NA
gamemd.exe,18224,0x42C3CE0,D3D9,0,0,1,Hardware: Independent Flip,28403.0015,NA,17.77120000000000,18.30770000000000,1.60310000000000,5.45080000000000,5.6319,NA,28386.6607,17.9439,16.3408,1.6031,17.0992,4.6924,3.9046,0.7878,-1.6817,28386.6607,20.3538,NA
gamemd.exe,18224,0x42C3CE0,D3D9,0,0,1,Hardware: Independent Flip,28419.4184,NA,16.41690000000000,15.82250000000000,1.60430000000000,4.89330000000000,5.0375,NA,28404.6046,16.4181,14.8138,1.6043,15.6057,4.1014,3.7187,0.3827,2.1214,28404.6046,20.2081,NA
gamemd.exe,18224,0x42C3CE0,D3D9,0,0,1,Hardware: Independent Flip,28435.6183,NA,16.19990000000000,16.01070000000000,2.15280000000000,4.72740000000000,4.8483,NA,28421.0227,16.7484,14.5956,2.1528,15.3723,3.9507,3.8692,0.0815,0.4074,28421.0227,20.2294,28.2579
gamemd.exe,18224,0x42C3CE0,D3D9,0,0,1,Hardware: Independent Flip,28452.0823,NA,16.46400000000000,16.99410000000000,1.68750000000000,5.26380000000000,5.3784,NA,28437.7711,15.9987,14.3112,1.6875,15.3075,4.2675,3.8578,0.4097,-0.2457,28437.7711,21.1839,NA
gamemd.exe,18224,0x42C3CE0,D3D9,0,0,1,Hardware: Independent Flip,28468.9558,NA,16.87350000000000,16.08720000000000,1.49090000000000,4.47600000000000,4.5921,NA,28453.7698,16.6769,15.1860,1.4909,15.8867,3.7753,3.7071,0.0682,-0.0885,28453.7698,21.3296,NA
gamemd.exe,18224,0x42C3CE0,D3D9,0,0,1,Hardware: Independent Flip,28486.7616,NA,17.80580000000000,18.40820000000000,1.48980000000000,4.83720000000000,5.1945,NA,28470.4467,17.8047,16.3149,1.4898,16.9229,4.2292,3.8610,0.3682,-1.7313,28470.4467,23.7144,NA
gamemd.exe,18224,0x42C3CE0,D3D9,0,0,1,Hardware: Independent Flip,28502.2287,NA,15.46710000000000,16.08900000000000,1.91560000000000,5.61210000000000,5.8164,NA,28488.2514,15.8929,13.9773,1.9156,14.6911,4.8983,4.1495,0.7488,1.7157,28488.2514,23.3856,NA
gamemd.exe,18224,0x42C3CE0,D3D9,0,0,1,Hardware: Independent Flip,28518.4636,NA,16.23490000000000,15.27700000000000,1.68620000000000,4.68230000000000,4.8585,NA,28504.1443,16.0055,14.3193,1.6862,14.9867,4.0149,3.8991,0.1158,0.6159,28504.1443,NA,NA
gamemd.exe,18224,0x42C3CE0,D3D9,0,0,1,Hardware: Independent Flip,28535.5281,NA,17.06450000000000,16.94600000000000,1.68870000000000,4.58990000000000,4.7400,NA,28520.1498,17.0670,15.3783,1.6887,15.9769,3.9913,3.8987,0.0926,-0.9405,28520.1498,NA,NA
gamemd.exe,18224,0x42C3CE0,D3D9,0,0,1,Hardware: Independent Flip,28552.4048,NA,16.87670000000000,16.86940000000000,1.30630000000000,4.59610000000000,4.7327,NA,28537.2168,16.4943,15.1880,1.3063,15.7516,4.0325,3.9446,0.0879,0.1976,28537.2168,NA,NA
gamemd.exe,18224,0x42C3CE0,D3D9,0,0,1,Hardware: Independent Flip,28568.5161,NA,16.11130000000000,16.26550000000000,1.76960000000000,4.74630000000000,4.8869,NA,28553.7111,16.5746,14.8050,1.7696,15.5340,4.0173,3.8847,0.1326,0.2288,28553.7111,NA,NA
gamemd.exe,18224,0x42C3CE0,D3D9,0,0,1,Hardware: Independent Flip,28585.9291,NA,17.41300000000000,17.56560000000000,2.19090000000000,4.84230000000000,5.0395,NA,28570.2857,17.8343,15.6434,2.1909,16.3522,4.1335,4.0542,0.0793,-0.9910,28570.2857,NA,NA
gamemd.exe,18224,0x42C3CE0,D3D9,0,0,1,Hardware: Independent Flip,28602.5696,NA,16.64050000000000,18.20710000000000,2.36420000000000,6.40520000000000,6.6061,NA,28588.1200,16.8138,14.4496,2.3642,15.8217,5.0331,4.1046,0.9285,-0.3728,28588.1200,NA,NA
gamemd.exe,18224,0x42C3CE0,D3D9,0,0,1,Hardware: Independent Flip,28618.9494,NA,16.37980000000000,14.96640000000000,2.28380000000000,5.01550000000000,5.1927,NA,28604.9338,16.2994,14.0156,2.2838,14.6283,4.4028,4.2993,0.1035,1.8474,28604.9338,19.7914,NA
gamemd.exe,18224,0x42C3CE0,D3D9,0,0,1,Hardware: Independent Flip,28635.1723,NA,16.22290000000000,16.03610000000000,2.23010000000000,4.85590000000000,5.0059,NA,28621.2332,16.1692,13.9391,2.2301,14.7107,4.0843,3.9881,0.0962,0.2633,28621.2332,27.9090,NA
gamemd.exe,18224,0x42C3CE0,D3D9,0,0,1,Hardware: Independent Flip,28652.8144,NA,17.64210000000000,17.44860000000000,2.24980000000000,4.70030000000000,4.8124,NA,28637.4024,17.6618,15.4120,2.2498,16.2847,3.8276,3.7512,0.0764,-1.2794,28637.4024,13.3999,NA
gamemd.exe,18224,0x42C3CE0,D3D9,0,0,1,Hardware: Independent Flip,28668.9740,NA,16.15960000000000,16.32560000000000,1.67430000000000,4.85940000000000,4.9784,NA,28655.0642,15.5841,13.9098,1.6743,14.4994,4.2698,4.1750,0.0948,1.3362,28655.0642,13.7261,NA
gamemd.exe,18224,0x42C3CE0,D3D9,0,0,1,Hardware: Independent Flip,28685.4726,NA,16.49860000000000,17.20520000000000,1.49520000000000,5.47480000000000,5.6850,NA,28670.6483,16.3195,14.8243,1.4952,15.4210,4.8781,4.2118,0.6663,-1.6211,28670.6483,14.8780,NA
gamemd.exe,18224,0x42C3CE0,D3D9,0,0,1,Hardware: Independent Flip,28702.5988,NA,17.12620000000000,17.58760000000000,2.23430000000000,5.90990000000000,6.1464,NA,28686.9678,17.8653,15.6310,2.2343,17.0725,4.4684,3.8503,0.6181,-1.2681,28686.9678,16.5207,NA
gamemd.exe,18224,0x42C3CE0,D3D9,0,0,1,Hardware: Independent Flip,28718.7781,NA,16.17930000000000,15.24940000000000,1.79600000000000,5.04310000000000,5.2165,NA,28704.8331,15.7410,13.9450,1.7960,14.5004,4.4877,4.4007,0.0870,2.6159,28704.8331,7.4122,NA
gamemd.exe,18224,0x42C3CE0,D3D9,0,0,1,Hardware: Independent Flip,28735.3328,NA,16.55470000000000,16.28410000000000,1.79610000000000,4.76630000000000,4.9459,NA,28720.5741,16.5548,14.7587,1.7961,15.3461,4.1789,4.1037,0.0752,-0.5431,28720.5741,15.6468,NA
gamemd.exe,18224,0x42C3CE0,D3D9,0,0,1,Hardware: Independent Flip,28752.4405,NA,17.10770000000000,16.86930000000000,1.55420000000000,4.57220000000000,4.7075,NA,28737.1289,16.8658,15.3116,1.5542,15.8899,3.9939,3.9174,0.0765,-0.3145,28737.1289,16.9088,NA
gamemd.exe,18224,0x42C3CE0,D3D9,0,0,1,Hardware: Independent Flip,28768.9208,NA,16.48030000000000,16.55050000000000,1.67640000000000,4.66560000000000,4.7777,NA,28753.9947,16.6025,14.9261,1.6764,15.7279,3.8638,3.8042,0.0596,0.3153,28753.9947,17.4682,NA
gamemd.exe,18224,0x42C3CE0,D3D9,0,0,1,Hardware: Independent Flip,28785.2716,NA,16.35080000000000,16.13550000000000,1.32800000000000,4.44710000000000,4.5624,NA,28770.5972,16.0024,14.6744,1.3280,15.2146,3.9069,3.8344,0.0725,0.4670,28770.5972,17.6044,NA
gamemd.exe,18224,0x42C3CE0,D3D9,0,0,1,Hardware: Independent Flip,28802.1996,NA,16.92800000000000,17.85990000000000,2.66420000000000,5.31210000000000,5.4943,NA,28786.5996,18.2642,15.6000,2.6642,16.7893,4.1228,4.0155,0.1073,-1.8575,28786.5996,19.3268,NA
gamemd.exe,18224,0x42C3CE0,D3D9,0,0,1,Hardware: Independent Flip,28820.0492,NA,17.84960000000000,17.74390000000000,1.53620000000000,5.08180000000000,5.3886,NA,28804.8638,16.7216,15.1854,1.5362,15.8890,4.3782,4.0010,0.3772,0.5203,28804.8638,13.2258,NA
gamemd.exe,18224,0x42C3CE0,D3D9,0,0,1,Hardware: Independent Flip,28835.8166,NA,15.76740000000000,15.41990000000000,1.50800000000000,4.88250000000000,5.0411,NA,28821.5854,15.7392,14.2312,1.5080,14.9249,4.1888,3.9021,0.2867,1.3017,28821.5854,20.6331,NA
gamemd.exe,18224,0x42C3CE0,D3D9,0,0,1,Hardware: Independent Flip,28852.0993,NA,16.28270000000000,16.06880000000000,2.16720000000000,4.70260000000000,4.8272,NA,28837.3246,16.9419,14.7747,2.1672,15.8006,3.6767,3.5787,0.0980,-0.3296,28837.3246,20.6705,NA
gamemd.exe,18224,0x42C3CE0,D3D9,0,0,1,Hardware: Independent Flip,28868.9689,NA,16.86960000000000,17.12850000000000,1.91860000000000,4.95510000000000,5.0861,NA,28854.2665,16.6210,14.7024,1.9186,15.9981,3.6594,3.5707,0.0887,-0.1866,28854.2665,21.7229,NA
gamemd.exe,18224,0x42C3CE0,D3D9,0,0,1,Hardware: Independent Flip,28886.3819,NA,17.41300000000000,18.01630000000000,1.36660000000000,5.42250000000000,5.6894,NA,28870.8875,16.8610,15.4944,1.3666,16.1158,4.8011,4.1674,0.6337,-1.3953,28870.8875,23.7591,NA
gamemd.exe,18224,0x42C3CE0,D3D9,0,0,1,Hardware: Independent Flip,28903.0948,NA,16.71290000000000,17.43560000000000,2.34200000000000,6.18880000000000,6.4121,NA,28887.7485,17.6883,15.3463,2.3420,16.9062,4.6289,4.1230,0.5059,-0.5746,28887.7485,17.2992,NA
gamemd.exe,18224,0x42C3CE0,D3D9,0,0,1,Hardware: Independent Flip,28919.3782,NA,16.28340000000000,15.96980000000000,1.70850000000000,5.85000000000000,6.0985,NA,28905.4368,15.6499,13.9414,1.7085,14.8975,4.8939,4.0428,0.8511,1.7185,28905.4368,25.2304,NA
gamemd.exe,18224,0x42C3CE0,D3D9,0,0,1,Hardware: Independent Flip,28935.3852,NA,16.00700000000000,14.74360000000000,1.30590000000000,4.69370000000000,4.8351,NA,28921.0867,15.6044,14.2985,1.3059,14.9239,4.0683,3.9122,0.1561,0.9063,28921.0867,23.9195,NA
gamemd.exe,18224,0x42C3CE0,D3D9,0,0,1,Hardware: Independent Flip,28952.1546,NA,16.76940000000000,16.71330000000000,1.75470000000000,4.58930000000000,4.7790,NA,28936.6911,17.2182,15.4635,1.7547,16.1857,3.8671,3.7901,0.0770,-1.1089,28936.6911,16.7017,NA
gamemd.exe,18224,0x42C3CE0,D3D9,0,0,1,Hardware: Independent Flip,28968.7468,NA,16.59220000000000,16.47020000000000,1.60500000000000,4.51640000000000,4.6570,NA,28953.9093,16.4425,14.8375,1.6050,15.4395,3.9144,3.8227,0.0917,0.7480,28953.9093,25.1014,NA
gamemd.exe,18224,0x42C3CE0,D3D9,0,0,1,Hardware: Independent Flip,28985.3887,NA,16.64190000000000,16.86940000000000,1.59900000000000,4.73260000000000,4.8845,NA,28970.3518,16.6359,15.0369,1.5990,15.7693,4.0002,3.8866,0.1136,-0.4269,28970.3518,18.0595,NA
gamemd.exe,18224,0x42C3CE0,D3D9,0,0,1,Hardware: Independent Flip,29002.3146,NA,16.92590000000000,16.92470000000000,1.66720000000000,4.76460000000000,4.8833,NA,28986.9877,16.9941,15.3269,1.6672,16.0420,4.0495,3.9400,0.1095,-0.2888,28986.9877,18.9793,NA
gamemd.exe,18224,0x42C3CE0,D3D9,0,0,1,Hardware: Independent Flip,29019.2834,NA,16.96880000000000,18.57620000000000,2.16900000000000,6.26460000000000,6.4907,NA,29003.9818,17.4706,15.3016,2.1690,16.6445,4.9217,3.9869,0.9348,-1.5821,29003.9818,29.5355,NA
gamemd.exe,18224,0x42C3CE0,D3D9,0,0,1,Hardware: Independent Flip,29036.1201,NA,16.83670000000000,15.24550000000000,1.50310000000000,4.76490000000000,4.8995,NA,29021.4524,16.1708,14.6677,1.5031,15.2357,4.1969,4.0896,0.1073,2.2251,29021.4524,20.6400,NA
gamemd.exe,18224,0x42C3CE0,D3D9,0,0,1,Hardware: Independent Flip,29052.7771,NA,16.65700000000000,16.47850000000000,1.73700000000000,4.58300000000000,4.7210,NA,29037.6232,16.8909,15.1539,1.7370,16.1341,3.6028,3.5425,0.0603,-0.3077,29037.6232,NA,NA
gamemd.exe,18224,0x42C3CE0,D3D9,0,0,1,Hardware: Independent Flip,29069.0030,NA,16.22590000000000,16.18810000000000,1.82970000000000,4.56550000000000,4.6832,NA,29054.5141,16.3186,14.4889,1.8297,15.2671,3.7873,3.7354,0.0519,0.7028,29054.5141,NA,NA
gamemd.exe,18224,0x42C3CE0,D3D9,0,0,1,Hardware: Independent Flip,29085.6088,NA,16.60580000000000,16.81790000000000,2.12400000000000,4.78030000000000,4.8953,NA,29070.8327,16.9001,14.7761,2.1240,15.6723,3.8841,3.7958,0.0883,-0.4993,29070.8327,14.2277,NA
gamemd.exe,18224,0x42C3CE0,D3D9,0,0,1,Hardware: Independent Flip,29102.7182,NA,17.10940000000000,17.46380000000000,2.11850000000000,5.04770000000000,5.2497,NA,29087.7328,17.1039,14.9854,2.1185,15.9616,4.0715,3.9909,0.0806,-0.5637,29087.7328,7.6295,23.7480
gamemd.exe,18224,0x42C3CE0,D3D9,0,0,1,Hardware: Independent Flip,29120.0331,NA,17.31490000000000,17.59610000000000,1.56950000000000,5.33530000000000,5.5309,NA,29104.8367,16.7659,15.1964,1.5695,15.8395,4.6922,4.1538,0.5384,-0.4922,29104.8367,17.3427,NA
gamemd.exe,18224,0x42C3CE0,D3D9,0,0,1,Hardware: Independent Flip,29135.7932,NA,15.76010000000000,15.86390000000000,1.42900000000000,5.44970000000000,5.6347,NA,29121.6026,15.6196,14.1906,1.4290,14.8340,4.8063,4.3773,0.4290,0.9020,29121.6026,8.5069,NA
gamemd.exe,18224,0x42C3CE0,D3D9,0,0,1,Hardware: Independent Flip,29152.0567,NA,16.26350000000000,15.70770000000000,1.58490000000000,4.90210000000000,5.0789,NA,29137.2222,16.4194,14.8345,1.5849,15.5044,4.2322,4.1318,0.1004,-0.0881,29137.2222,16.8565,NA
gamemd.exe,18224,0x42C3CE0,D3D9,0,0,1,Hardware: Independent Flip,29168.8861,NA,16.82940000000000,18.03130000000000,2.31880000000000,6.07230000000000,6.2808,NA,29153.6416,17.5633,15.2445,2.3188,16.6797,4.6371,3.9714,0.6657,-1.6119,29153.6416,18.8786,NA
gamemd.exe,18224,0x42C3CE0,D3D9,0,0,1,Hardware: Independent Flip,29185.9449,NA,17.05880000000000,16.01310000000000,1.48680000000000,5.06010000000000,5.2351,NA,29171.2049,16.2268,14.7400,1.4868,15.4449,4.3552,3.8530,0.5022,1.5502,29171.2049,18.9497,NA
gamemd.exe,18224,0x42C3CE0,D3D9,0,0,1,Hardware: Independent Flip,29202.1696,NA,16.22470000000000,15.75940000000000,1.59420000000000,4.64970000000000,4.7698,NA,29187.4317,16.3321,14.7379,1.5942,15.3611,4.0265,3.9351,0.0914,0.4674,29187.4317,18.6774,NA
gamemd.exe,18224,0x42C3CE0,D3D9,0,0,1,Hardware: Independent Flip,29218.7070,NA,16.53740000000000,16.39390000000000,1.17430000000000,4.49650000000000,4.6263,NA,29203.7638,16.1175,14.9432,1.1743,15.4297,4.0100,3.9025,0.1075,-0.0618,29203.7638,19.0897,NA
gamemd.exe,18224,0x42C3CE0,D3D9,0,0,1,Hardware: Independent Flip,29235.4748,NA,16.76780000000000,19.42140000000000,3.57230000000000,7.04810000000000,7.2799,NA,29219.8813,19.1658,15.5935,3.5723,17.2777,5.3639,4.4874,0.8765,-3.3039,29219.8813,22.4219,NA
gamemd.exe,18224,0x42C3CE0,D3D9,0,0,1,Hardware: Independent Flip,29254.1557,NA,18.68090000000000,16.16920000000000,0.87450000000000,4.42140000000000,4.7682,NA,29239.0471,15.9831,15.1086,0.8745,15.2117,4.3183,3.8761,0.4422,2.9966,29239.0471,21.9247,NA
gamemd.exe,18224,0x42C3CE0,D3D9,0,0,1,Hardware: Independent Flip,29269.2004,NA,15.04470000000000,17.15240000000000,1.25060000000000,4.67380000000000,6.8759,NA,29255.0302,15.4208,14.1702,1.2506,14.6829,4.1611,3.9730,0.1881,-1.1693,29255.0302,23.3503,23.3503
gamemd.exe,18224,0x42C3CE0,D3D9,0,0,1,Hardware: Independent Flip,29286.5656,NA,17.36520000000000,16.36510000000000,2.24110000000000,5.66150000000000,5.8758,NA,29270.4510,18.3557,16.1146,2.2411,17.5263,4.2498,4.0986,0.1512,-0.9443,29270.4510,16.1254,NA
gamemd.exe,18224,0x42C3CE0,D3D9,0,0,1,Hardware: Independent Flip,29301.9544,NA,15.38880000000000,14.40520000000000,1.61110000000000,4.72920000000000,4.8922,NA,29288.8067,14.7588,13.1477,1.6111,13.9197,3.9572,3.8816,0.0756,3.9505,29288.8067,22.5406,NA
gamemd.exe,18224,0x42C3CE0,D3D9,0,0,1,Hardware: Independent Flip,29319.0558,NA,17.10140000000000,17.16310000000000,1.89450000000000,4.75010000000000,4.9539,NA,29303.5655,17.3848,15.4903,1.8945,16.1407,4.0997,3.9333,0.1664,-2.4043,29303.5655,23.5173,NA
gamemd.exe,18224,0x42C3CE0,D3D9,0,0,1,Hardware: Independent Flip,29336.2643,NA,17.20850000000000,18.58080000000000,2.16770000000000,6.09170000000000,6.3262,NA,29320.9503,17.4817,15.3140,2.1677,16.2853,5.1204,4.4718,0.6486,-1.1960,29320.9503,34.3572,NA
gamemd.exe,18224,0x42C3CE0,D3D9,0,0,1,Hardware: Independent Flip,29352.6843,NA,16.42000000000000,15.63000000000000,1.39030000000000,5.34520000000000,5.5362,NA,29338.4320,15.6426,14.2523,1.3903,14.9256,4.6719,4.0966,0.5753,1.8517,29338.4320,NA,NA
gamemd.exe,18224,0x42C3CE0,D3D9,0,0,1,Hardware: Independent Flip,29368.9102,NA,16.22590000000000,15.43950000000000,1.76560000000000,4.61070000000000,4.7498,NA,29354.0746,16.6012,14.8356,1.7656,15.6366,3.8097,3.7363,0.0734,0.2031,29354.0746,25.3831,NA
gamemd.exe,18224,0x42C3CE0,D3D9,0,0,1,Hardware: Independent Flip,29385.5104,NA,16.60020000000000,16.31090000000000,1.55650000000000,4.32550000000000,4.4605,NA,29370.6758,16.3911,14.8346,1.5565,15.3886,3.7715,3.6977,0.0738,0.2903,29370.6758,25.6631,NA
gamemd.exe,18224,0x42C3CE0,D3D9,0,0,1,Hardware: Independent Flip,29402.1925,NA,16.68210000000000,17.36170000000000,2.37680000000000,4.98720000000000,5.1401,NA,29387.0669,17.5024,15.1256,2.3768,15.9212,4.1916,4.0863,0.1053,-0.9706,29387.0669,27.0747,NA
gamemd.exe,18224,0x42C3CE0,D3D9,0,0,1,Hardware: Independent Flip,29418.9087,NA,16.71620000000000,17.15100000000000,1.51300000000000,5.09940000000000,5.5749,NA,29404.5693,15.8524,14.3394,1.5130,14.9839,4.4549,4.2702,0.1847,0.3514,29404.5693,28.2156,NA
gamemd.exe,18224,0x42C3CE0,D3D9,0,0,1,Hardware: Independent Flip,29436.0660,NA,17.15730000000000,17.26350000000000,1.80950000000000,5.42650000000000,5.6811,NA,29420.4217,17.4538,15.6443,1.8095,16.3120,4.7588,4.3163,0.4425,-1.4111,29420.4217,29.5298,NA
gamemd.exe,18224,0x42C3CE0,D3D9,0,0,1,Hardware: Independent Flip,29453.3156,NA,17.24960000000000,18.34140000000000,2.48150000000000,6.49530000000000,6.7729,NA,29437.8755,17.9216,15.4401,2.4815,17.0411,4.8943,4.0873,0.8070,-0.8876,29437.8755,23.8649,NA
gamemd.exe,18224,0x42C3CE0,D3D9,0,0,1,Hardware: Independent Flip,29469.0862,NA,15.77060000000000,15.11740000000000,3.21180000000000,5.93450000000000,6.1197,NA,29455.7971,16.5009,13.2891,3.2118,14.2967,4.9269,4.4205,0.5064,2.8042,29455.7971,NA,NA
gamemd.exe,18224,0x42C3CE0,D3D9,0,0,1,Hardware: Independent Flip,29486.6934,NA,17.60720000000000,17.87170000000000,2.28090000000000,6.20610000000000,6.3842,NA,29472.2980,16.6763,14.3954,2.2809,15.4690,5.1325,4.3211,0.8114,-1.3708,29472.2980,NA,NA
gamemd.exe,18224,0x42C3CE0,D3D9,0,0,1,Hardware: Independent Flip,29502.9858,NA,16.29240000000000,14.98880000000000,1.52900000000000,4.88480000000000,5.0806,NA,29488.9743,15.5405,14.0115,1.5290,14.6294,4.2669,3.8040,0.4629,1.6875,29488.9743,NA,NA
gamemd.exe,18224,0x42C3CE0,D3D9,0,0,1,Hardware: Independent Flip,29518.7825,NA,15.79670000000000,15.86310000000000,1.90860000000000,4.96800000000000,5.1470,NA,29504.5148,16.1763,14.2677,1.9086,15.0258,4.2099,4.0948,0.1151,-0.3226,29504.5148,7.6069,23.2902
gamemd.exe,18224,0x42C3CE0,D3D9,0,0,1,Hardware: Independent Flip,29535.7886,NA,17.00610000000000,16.97230000000000,1.84960000000000,4.95690000000000,5.1132,NA,29520.6911,16.9471,15.0975,1.8496,16.1312,3.9232,3.8423,0.0809,-0.7960,29520.6911,8.6443,NA
gamemd.exe,18224,0x42C3CE0,D3D9,0,0,1,Hardware: Independent Flip,29551.9385,NA,16.14990000000000,15.99710000000000,1.74440000000000,4.82290000000000,4.9604,NA,29537.6382,16.0447,14.3003,1.7444,14.9336,4.1896,4.0926,0.0970,0.9500,29537.6382,16.5913,NA
gamemd.exe,18224,0x42C3CE0,D3D9,0,0,1,Hardware: Independent Flip,29568.7363,NA,16.79780000000000,16.62000000000000,1.61220000000000,4.65590000000000,4.7826,NA,29553.6829,16.6656,15.0534,1.6122,15.6369,4.0724,3.9868,0.0856,-0.5753,29553.6829,17.2297,NA
gamemd.exe,18224,0x42C3CE0,D3D9,0,0,1,Hardware: Independent Flip,29585.2781,NA,16.54180000000000,16.93860000000000,1.39280000000000,5.01620000000000,5.1794,NA,29570.3485,16.3224,14.9296,1.3928,15.5835,4.3623,3.9017,0.4606,-0.2730,29570.3485,18.2280,NA
gamemd.exe,18224,0x42C3CE0,D3D9,0,0,1,Hardware: Independent Flip,29602.2334,NA,16.95530000000000,17.06320000000000,1.44750000000000,5.12460000000000,5.2873,NA,29586.6709,17.0100,15.5625,1.4475,16.2436,4.4435,3.9522,0.4913,-0.7408,29586.6709,19.2718,NA
gamemd.exe,18224,0x42C3CE0,D3D9,0,0,1,Hardware: Independent Flip,29619.1296,NA,16.89620000000000,16.78790000000000,1.67700000000000,4.98390000000000,5.1790,NA,29603.6809,17.1257,15.4487,1.6770,16.1306,4.3020,4.2061,0.0959,0.2221,29603.6809,19.9452,NA
gamemd.exe,18224,0x42C3CE0,D3D9,0,0,1,Hardware: Independent Flip,29636.5471,NA,17.41750000000000,18.74860000000000,2.27760000000000,6.28930000000000,6.5101,NA,29620.8066,18.0181,15.7405,2.2776,17.2566,4.7732,3.9652,0.8080,-1.6229,29620.8066,22.8011,NA
gamemd.exe,18224,0x42C3CE0,D3D9,0,0,1,Hardware: Independent Flip,29653.4259,NA,16.87880000000000,15.67550000000000,1.45750000000000,5.10380000000000,5.3068,NA,29638.8247,16.0587,14.6012,1.4575,15.2588,4.4462,3.9125,0.5337,2.3426,29638.8247,22.4695,NA
gamemd.exe,18224,0x42C3CE0,D3D9,0,0,1,Hardware: Independent Flip,29669.7940,NA,16.36810000000000,16.16340000000000,1.50590000000000,4.97280000000000,5.1021,NA,29654.8834,16.4165,14.9106,1.5059,15.6516,4.2318,4.1405,0.0913,-0.1047,29654.8834,14.6790,NA
gamemd.exe,18224,0x42C3CE0,D3D9,0,0,1,Hardware: Independent Flip,29686.3013,NA,16.50730000000000,16.31900000000000,1.52570000000000,4.76790000000000,4.9138,NA,29671.2999,16.5271,15.0014,1.5257,15.6779,4.0914,3.9352,0.1562,0.0975,29671.2999,22.8670,NA
gamemd.exe,18224,0x42C3CE0,D3D9,0,0,1,Hardware: Independent Flip,29701.8483,NA,15.54700000000000,15.56360000000000,1.50850000000000,4.70170000000000,4.9304,NA,29687.8270,15.5298,14.0213,1.5085,14.6737,4.0493,3.9732,0.0761,0.9635,29687.8270,22.1058,NA
gamemd.exe,18224,0x42C3CE0,D3D9,0,0,1,Hardware: Independent Flip,29719.8742,NA,18.02590000000000,18.74610000000000,1.50120000000000,5.40490000000000,5.6506,NA,29703.3568,18.0186,16.5174,1.5012,17.1853,4.7370,4.1400,0.5970,-3.2163,29703.3568,25.0039,NA
gamemd.exe,18224,0x42C3CE0,D3D9,0,0,1,Hardware: Independent Flip,29736.9244,NA,17.05020000000000,16.95310000000000,1.49080000000000,5.32180000000000,5.5535,NA,29721.3754,17.0398,15.5490,1.4908,16.2503,4.6205,4.1911,0.4294,1.0655,29721.3754,26.1325,NA
gamemd.exe,18224,0x42C3CE0,D3D9,0,0,1,Hardware: Independent Flip,29751.9333,NA,15.00890000000000,14.26610000000000,1.51920000000000,4.65400000000000,4.8107,NA,29738.4152,15.0373,13.5181,1.5192,14.1337,4.0384,3.9791,0.0593,2.7737,29738.4152,32.5112,NA
gamemd.exe,18224,0x42C3CE0,D3D9,0,0,1,Hardware: Independent Flip,29768.7936,NA,16.86030000000000,16.88550000000000,1.50150000000000,4.66270000000000,4.8359,NA,29753.4525,16.8426,15.3411,1.5015,15.9080,4.0958,4.0192,0.0766,-1.8482,29753.4525,25.3684,25.3684
gamemd.exe,18224,0x42C3CE0,D3D9,0,0,1,Hardware: Independent Flip,29785.3774,NA,16.58380000000000,16.47660000000000,1.39170000000000,4.50080000000000,4.7287,NA,29770.2951,16.4740,15.0823,1.3917,15.6391,3.9440,3.8677,0.0763,0.3660,29770.2951,NA,NA
gamemd.exe,18224,0x42C3CE0,D3D9,0,0,1,Hardware: Independent Flip,29802.8856,NA,17.50820000000000,19.43640000000000,2.46170000000000,6.48450000000000,6.6569,NA,29786.7691,18.5782,16.1165,2.4617,17.7859,4.8151,4.0981,0.7170,-2.9624,29786.7691,29.3050,NA
gamemd.exe,18224,0x42C3CE0,D3D9,0,0,1,Hardware: Independent Flip,29819.0570,NA,16.17140000000000,14.66620000000000,2.43080000000000,4.97830000000000,5.1517,NA,29805.3473,16.1405,13.7097,2.4308,14.6658,4.0222,3.9404,0.0818,3.9120,29805.3473,19.9444,NA
gamemd.exe,18224,0x42C3CE0,D3D9,0,0,1,Hardware: Independent Flip,29835.5075,NA,16.45050000000000,16.08140000000000,2.07180000000000,4.64140000000000,4.7826,NA,29821.4878,16.0915,14.0197,2.0718,14.6595,4.0016,3.9055,0.0961,0.0591,29821.4878,20.0339,NA
gamemd.exe,18224,0x42C3CE0,D3D9,0,0,1,Hardware: Independent Flip,29851.7937,NA,16.28620000000000,16.53490000000000,1.80160000000000,4.91380000000000,5.0313,NA,29837.5793,16.0160,14.2144,1.8016,15.0028,4.1254,4.0320,0.0934,-0.4434,29837.5793,20.5742,NA
gamemd.exe,18224,0x42C3CE0,D3D9,0,0,1,Hardware: Independent Flip,29868.6245,NA,16.83080000000000,16.64930000000000,1.45930000000000,4.73270000000000,4.8498,NA,29853.5953,16.4885,15.0292,1.4593,15.5922,4.1697,4.0439,0.1258,-0.6333,29853.5953,13.2690,NA
gamemd.exe,18224,0x42C3CE0,D3D9,0,0,1,Hardware: Independent Flip,29885.2636,NA,16.63910000000000,16.85900000000000,1.44430000000000,4.93240000000000,5.0697,NA,29870.0838,16.6241,15.1798,1.4443,15.9012,4.2110,4.0460,0.1650,-0.3705,29870.0838,6.0100,NA
gamemd.exe,18224,0x42C3CE0,D3D9,0,0,1,Hardware: Independent Flip,29902.3026,NA,17.03900000000000,16.98600000000000,2.16020000000000,4.90460000000000,5.0167,NA,29886.7079,17.7549,15.5947,2.1602,16.4864,4.0129,3.9409,0.0720,-0.3619,29886.7079,6.9220,NA
gamemd.exe,18224,0x42C3CE0,D3D9,0,0,1,Hardware: Independent Flip,29919.0668,NA,16.76420000000000,17.53460000000000,1.50600000000000,5.59070000000000,5.7871,NA,29904.4628,16.1100,14.6040,1.5060,15.3058,4.8889,4.1903,0.6986,0.2203,29904.4628,8.3659,NA
gamemd.exe,18224,0x42C3CE0,D3D9,0,0,1,Hardware: Independent Flip,29935.4263,NA,16.35950000000000,17.85650000000000,2.48140000000000,7.07750000000000,7.2841,NA,29920.5728,17.3349,14.8535,2.4814,16.4880,5.4430,4.4194,1.0236,-1.7465,29920.5728,10.4598,NA
gamemd.exe,18224,0x42C3CE0,D3D9,0,0,1,Hardware: Independent Flip,29952.8463,NA,17.42000000000000,15.56380000000000,1.49450000000000,5.29580000000000,5.4279,NA,29937.9077,16.4331,14.9386,1.4945,15.7320,4.5024,4.0716,0.4308,1.7711,29937.9077,17.9008,NA
gamemd.exe,18224,0x42C3CE0,D3D9,0,0,1,Hardware: Independent Flip,29968.9700,NA,16.12370000000000,15.59110000000000,2.03470000000000,4.78260000000000,4.8953,NA,29954.3408,16.6639,14.6292,2.0347,15.4550,3.9568,3.8964,0.0604,0.8420,29954.3408,17.5975,NA
gamemd.exe,18224,0x42C3CE0,D3D9,0,0,1,Hardware: Independent Flip,29985.4229,NA,16.45290000000000,16.21340000000000,1.42800000000000,4.53960000000000,4.6558,NA,29971.0047,15.8462,14.4182,1.4280,14.9603,3.9975,3.9303,0.0672,0.4505,29971.0047,17.8590,NA
gamemd.exe,18224,0x42C3CE0,D3D9,0,0,1,Hardware: Independent Flip,30002.1899,NA,16.76700000000000,17.46620000000000,3.00140000000000,5.13860000000000,5.3550,NA,29986.8509,18.3404,15.3390,3.0014,16.2532,4.2244,4.1122,0.1122,-1.6200,29986.8509,19.2372,NA
gamemd.exe,18224,0x42C3CE0,D3D9,0,0,1,Hardware: Independent Flip,30019.7571,NA,17.56720000000000,18.93140000000000,2.47870000000000,6.47710000000000,6.7192,NA,30005.1913,17.0445,14.5658,2.4787,16.3011,4.7418,3.9523,0.7895,-0.5910,30005.1913,22.0397,NA
gamemd.exe,18224,0x42C3CE0,D3D9,0,0,1,Hardware: Independent Flip,30035.5709,NA,15.81380000000000,15.14010000000000,2.24480000000000,5.87020000000000,6.0455,NA,30022.2358,15.5799,13.3351,2.2448,14.7014,4.5039,3.8519,0.6520,1.9044,30022.2358,20.9752,NA
gamemd.exe,18224,0x42C3CE0,D3D9,0,0,1,Hardware: Independent Flip,30052.3004,NA,16.72950000000000,15.76990000000000,2.26020000000000,4.97080000000000,5.0859,NA,30037.8157,16.7449,14.4847,2.2602,15.4189,4.0366,3.9353,0.1013,-0.1900,30037.8157,20.9883,NA
gamemd.exe,18224,0x42C3CE0,D3D9,0,0,1,Hardware: Independent Flip,30068.6257,NA,16.32530000000000,15.87430000000000,1.39020000000000,4.51840000000000,4.6349,NA,30054.5606,15.4553,14.0651,1.3902,14.6532,3.9303,3.8134,0.1169,0.8706,30054.5606,20.9954,NA
gamemd.exe,18224,0x42C3CE0,D3D9,0,0,1,Hardware: Independent Flip,30085.6267,NA,17.00100000000000,16.90260000000000,1.49320000000000,4.42240000000000,4.5365,NA,30070.0159,17.1040,15.6108,1.4932,16.3460,3.6872,3.6165,0.0707,-1.4473,30070.0159,21.9341,NA
gamemd.exe,18224,0x42C3CE0,D3D9,0,0,1,Hardware: Independent Flip,30102.1777,NA,16.55100000000000,16.64240000000000,1.69520000000000,4.49570000000000,4.6279,NA,30087.1199,16.7530,15.0578,1.6952,15.7772,3.7763,3.7232,0.0531,0.4616,30087.1199,22.5119,NA
gamemd.exe,18224,0x42C3CE0,D3D9,0,0,1,Hardware: Independent Flip,30118.7186,NA,16.54090000000000,16.70730000000000,1.55810000000000,4.64730000000000,4.7943,NA,30103.8729,16.4038,14.8457,1.5581,15.4902,4.0028,3.9107,0.0921,0.0457,30103.8729,23.2433,NA
gamemd.exe,18224,0x42C3CE0,D3D9,0,0,1,Hardware: Independent Flip,30135.5428,NA,16.82420000000000,17.01300000000000,1.46780000000000,4.79460000000000,4.9831,NA,30120.2767,16.7339,15.2661,1.4678,15.8781,4.1826,4.0190,0.1636,-0.6092,30120.2767,24.2729,NA
gamemd.exe,18224,0x42C3CE0,D3D9,0,0,1,Hardware: Independent Flip,30152.6659,NA,17.12310000000000,17.54910000000000,1.47310000000000,5.25580000000000,5.4091,NA,30137.0106,17.1284,15.6553,1.4731,16.2484,4.6627,4.2107,0.4520,-0.8152,30137.0106,33.8530,NA
gamemd.exe,18224,0x42C3CE0,D3D9,0,0,1,Hardware: Independent Flip,30168.6239,NA,15.95800000000000,15.47260000000000,1.67870000000000,4.76470000000000,4.9237,NA,30154.1390,16.1636,14.4849,1.6787,15.1560,4.0936,4.0241,0.0695,1.6558,30154.1390,NA,NA
gamemd.exe,18224,0x42C3CE0,D3D9,0,0,1,Hardware: Independent Flip,30185.4816,NA,16.85770000000000,16.49110000000000,1.74940000000000,4.38520000000000,4.5571,NA,30170.3026,16.9284,15.1790,1.7494,15.7233,3.8409,3.7839,0.0570,-0.3275,30170.3026,NA,NA
gamemd.exe,18224,0x42C3CE0,D3D9,0,0,1,Hardware: Independent Flip,30203.1009,NA,17.61930000000000,18.63700000000000,1.57780000000000,5.38970000000000,5.5748,NA,30187.2310,17.4477,15.8699,1.5778,16.6001,4.6595,4.3436,0.3159,-1.7086,30187.2310,NA,NA
gamemd.exe,18224,0x42C3CE0,D3D9,0,0,1,Hardware: Independent Flip,30219.0018,NA,15.90090000000000,15.36950000000000,1.54370000000000,4.85870000000000,5.0434,NA,30204.6787,15.8668,14.3231,1.5437,14.9329,4.2489,4.1602,0.0887,2.0782,30204.6787,NA,NA
gamemd.exe,18224,0x42C3CE0,D3D9,0,0,1,Hardware: Independent Flip,30237.0982,NA,18.09640000000000,18.88200000000000,1.83880000000000,5.54790000000000,5.8290,NA,30220.5455,18.3915,16.5527,1.8388,17.2795,4.8211,4.2480,0.5731,-3.0152,30220.5455,NA,NA
gamemd.exe,18224,0x42C3CE0,D3D9,0,0,1,Hardware: Independent Flip,30253.1711,NA,16.07290000000000,16.08130000000000,1.40070000000000,5.58180000000000,5.8374,NA,30238.9370,15.6348,14.2341,1.4007,14.7875,5.0284,4.2636,0.7648,2.3102,30238.9370,14.7854,NA
gamemd.exe,18224,0x42C3CE0,D3D9,0,0,1,Hardware: Independent Flip,30269.1817,NA,16.01060000000000,15.29650000000000,1.97740000000000,5.00960000000000,5.1233,NA,30254.5718,16.5873,14.6099,1.9774,15.8515,3.7680,3.6956,0.0724,0.3383,30254.5718,14.1012,NA
gamemd.exe,18224,0x42C3CE0,D3D9,0,0,1,Hardware: Independent Flip,30285.6477,NA,16.46600000000000,16.21730000000000,2.09060000000000,4.75670000000000,4.8746,NA,30271.1591,16.5792,14.4886,2.0906,15.3687,3.8766,3.7990,0.0776,0.3700,30271.1591,6.3039,NA
gamemd.exe,18224,0x42C3CE0,D3D9,0,0,1,Hardware: Independent Flip,30302.4858,NA,16.83810000000000,16.62060000000000,1.91720000000000,4.54510000000000,4.6571,NA,30287.7383,16.6647,14.7475,1.9172,15.5104,3.7822,3.7195,0.0627,-0.0414,30287.7383,14.9377,NA
gamemd.exe,18224,0x42C3CE0,D3D9,0,0,1,Hardware: Independent Flip,30318.8734,NA,16.38760000000000,16.89940000000000,1.89470000000000,4.99140000000000,5.1689,NA,30304.4030,16.3651,14.4704,1.8947,15.1230,4.3388,4.2251,0.1137,-0.2347,30304.4030,15.7684,NA
gamemd.exe,18224,0x42C3CE0,D3D9,0,0,1,Hardware: Independent Flip,30335.6467,NA,16.77330000000000,18.49840000000000,2.33940000000000,6.62030000000000,6.8940,NA,30320.7681,17.2180,14.8786,2.3394,16.1022,5.3967,4.5765,0.8202,-2.1333,30320.7681,10.3264,NA
gamemd.exe,18224,0x42C3CE0,D3D9,0,0,1,Hardware: Independent Flip,30352.9273,NA,17.28060000000000,15.69790000000000,1.51490000000000,5.13430000000000,5.3113,NA,30337.9861,16.4561,14.9412,1.5149,15.6670,4.4085,3.8661,0.5424,1.5201,30337.9861,17.7706,NA
gamemd.exe,18224,0x42C3CE0,D3D9,0,0,1,Hardware: Independent Flip,30369.3906,NA,16.46330000000000,16.26000000000000,1.36780000000000,4.96510000000000,5.1080,NA,30354.4422,16.3162,14.9484,1.3678,15.5768,4.3367,4.0244,0.3123,0.1961,30354.4422,18.2520,NA
gamemd.exe,18224,0x42C3CE0,D3D9,0,0,1,Hardware: Independent Flip,30385.5686,NA,16.17800000000000,15.68930000000000,1.37700000000000,4.50180000000000,4.6193,NA,30370.7584,16.1872,14.8102,1.3770,15.3888,3.9232,3.8273,0.0959,0.6269,30370.7584,17.9345,NA
gamemd.exe,18224,0x42C3CE0,D3D9,0,0,1,Hardware: Independent Flip,30402.3464,NA,16.77780000000000,16.78280000000000,2.07500000000000,4.49640000000000,4.6243,NA,30386.9456,17.4758,15.4008,2.0750,16.2139,3.6833,3.6173,0.0660,-0.5956,30386.9456,18.6563,NA
gamemd.exe,18224,0x42C3CE0,D3D9,0,0,1,Hardware: Independent Flip,30419.1611,NA,16.81470000000000,17.60810000000000,1.61590000000000,5.05000000000000,5.4177,NA,30404.4214,16.3556,14.7397,1.6159,15.3448,4.4449,4.0114,0.4335,-0.1323,30404.4214,12.3793,NA
gamemd.exe,18224,0x42C3CE0,D3D9,0,0,1,Hardware: Independent Flip,30436.4317,NA,17.27060000000000,17.38090000000000,1.48330000000000,5.19420000000000,5.5280,NA,30420.7770,17.1380,15.6547,1.4833,16.4109,4.4380,3.9908,0.4472,-1.0253,30420.7770,21.7083,NA
gamemd.exe,18224,0x42C3CE0,D3D9,0,0,1,Hardware: Independent Flip,30452.2750,NA,15.84330000000000,15.17240000000000,1.74890000000000,4.74330000000000,4.8571,NA,30437.9150,16.1089,14.3600,1.7489,15.2833,3.8200,3.7534,0.0666,1.9656,30437.9150,20.7065,NA
gamemd.exe,18224,0x42C3CE0,D3D9,0,0,1,Hardware: Independent Flip,30468.7663,NA,16.49130000000000,16.18900000000000,1.61860000000000,4.39100000000000,4.5548,NA,30454.0239,16.3610,14.7424,1.6186,15.3476,3.7858,3.7137,0.0721,-0.0801,30454.0239,21.0441,NA
gamemd.exe,18224,0x42C3CE0,D3D9,0,0,1,Hardware: Independent Flip,30485.6627,NA,16.89640000000000,17.05190000000000,1.80640000000000,4.57610000000000,4.7103,NA,30470.3849,17.0842,15.2778,1.8064,16.0684,3.7855,3.7210,0.0645,-0.6909,30470.3849,22.1268,NA
gamemd.exe,18224,0x42C3CE0,D3D9,0,0,1,Hardware: Independent Flip,30502.4701,NA,16.80740000000000,16.57960000000000,1.67650000000000,4.36670000000000,4.4825,NA,30487.4691,16.6775,15.0010,1.6765,15.6417,3.7260,3.6740,0.0520,0.5046,30487.4691,22.7002,NA
gamemd.exe,18224,0x42C3CE0,D3D9,0,0,1,Hardware: Independent Flip,30518.8396,NA,16.36950000000000,16.94300000000000,2.07130000000000,4.88600000000000,5.0560,NA,30504.1466,16.7643,14.6930,2.0713,15.3993,4.1797,3.7741,0.4056,-0.2655,30504.1466,23.6637,NA
gamemd.exe,18224,0x42C3CE0,D3D9,0,0,1,Hardware: Independent Flip,30535.7286,NA,16.88900000000000,16.88710000000000,1.86230000000000,4.84440000000000,5.0541,NA,30520.9109,16.6800,14.8177,1.8623,15.6317,4.0304,3.9116,0.1188,-0.1228,30520.9109,24.1342,NA
gamemd.exe,18224,0x42C3CE0,D3D9,0,0,1,Hardware: Independent Flip,30552.0692,NA,16.34060000000000,16.26460000000000,1.75530000000000,4.81450000000000,4.9781,NA,30537.5909,16.2336,14.4783,1.7553,15.1088,4.1840,4.0575,0.1265,0.4154,30537.5909,NA,NA
gamemd.exe,18224,0x42C3CE0,D3D9,0,0,1,Hardware: Independent Flip,30568.6720,NA,16.60280000000000,16.86470000000000,1.36300000000000,5.08640000000000,5.2400,NA,30553.8245,16.2105,14.8475,1.3630,15.4967,4.4372,4.3531,0.0841,-0.6311,30553.8245,NA,NA
gamemd.exe,18224,0x42C3CE0,D3D9,0,0,1,Hardware: Independent Flip,30585.5970,NA,16.92500000000000,16.43800000000000,1.84560000000000,4.59960000000000,4.7530,NA,30570.0350,17.4076,15.5620,1.8456,16.2779,3.8837,3.7930,0.0907,-0.2275,30570.0350,NA,NA
gamemd.exe,18224,0x42C3CE0,D3D9,0,0,1,Hardware: Independent Flip,30602.2619,NA,16.66490000000000,16.62890000000000,2.03890000000000,4.60120000000000,4.7170,NA,30587.4426,16.8582,14.8193,2.0389,15.4881,3.9324,3.8021,0.1303,0.7787,30587.4426,34.6064,34.6064
gamemd.exe,18224,0x42C3CE0,D3D9,0,0,1,Hardware: Independent Flip,30618.9410,NA,16.67910000000000,16.87540000000000,2.47170000000000,4.78640000000000,4.9133,NA,30604.3008,17.1119,14.6402,2.4717,15.5174,3.9092,3.8116,0.0976,-0.0172,30604.3008,11.6483,NA
gamemd.exe,18224,0x42C3CE0,D3D9,0,0,1,Hardware: Independent Flip,30635.5576,NA,16.61660000000000,17.27190000000000,1.68590000000000,5.32350000000000,5.5686,NA,30621.4127,15.8308,14.1449,1.6859,14.9059,4.5625,4.4563,0.1062,-0.1600,30621.4127,NA,NA
gamemd.exe,18224,0x42C3CE0,D3D9,0,0,1,Hardware: Independent Flip,30652.2245,NA,16.66690000000000,16.57990000000000,1.43590000000000,5.27830000000000,5.4816,NA,30637.2435,16.4169,14.9810,1.4359,15.6576,4.6017,4.0182,0.5835,-0.7491,30637.2435,13.4792,NA
gamemd.exe,18224,0x42C3CE0,D3D9,0,0,1,Hardware: Independent Flip,30669.6190,NA,17.39450000000000,16.62260000000000,1.53200000000000,4.58130000000000,4.7097,NA,30653.6604,17.4906,15.9586,1.5320,16.9208,3.6191,3.5614,0.0577,-0.2057,30653.6604,14.1158,NA
gamemd.exe,18224,0x42C3CE0,D3D9,0,0,1,Hardware: Independent Flip,30685.4287,NA,15.80970000000000,15.75110000000000,2.13480000000000,4.50540000000000,4.6511,NA,30671.1510,16.4125,14.2777,2.1348,15.1458,3.6373,3.5758,0.0615,1.7395,30671.1510,13.8876,NA
gamemd.exe,18224,0x42C3CE0,D3D9,0,0,1,Hardware: Independent Flip,30702.5798,NA,17.15110000000000,17.58360000000000,2.11390000000000,4.93560000000000,5.0836,NA,30687.5635,17.1302,15.0163,2.1139,16.3555,3.5964,3.5432,0.0532,-1.1711,30687.5635,15.4596,NA
gamemd.exe,18224,0x42C3CE0,D3D9,0,0,1,Hardware: Independent Flip,30718.4994,NA,15.91960000000000,15.95620000000000,2.04040000000000,4.97630000000000,5.1202,NA,30704.6937,15.8461,13.8057,2.0404,14.6707,4.1113,4.0118,0.0995,1.1740,30704.6937,7.3869,15.4010
gamemd.exe,18224,0x42C3CE0,D3D9,0,0,1,Hardware: Independent Flip,30735.5565,NA,17.05710000000000,17.16080000000000,2.89930000000000,5.02420000000000,5.2239,NA,30720.5398,17.9160,15.0167,2.8993,15.8280,4.2129,4.0456,0.1673,-1.3147,30720.5398,16.5482,NA
gamemd.exe,18224,0x42C3CE0,D3D9,0,0,1,Hardware: Independent Flip,30753.2328,NA,17.67630000000000,18.28560000000000,1.56330000000000,5.56990000000000,5.8332,NA,30738.4558,16.3403,14.7770,1.5633,15.3727,4.9742,4.4760,0.4982,-0.3696,30738.4558,NA,NA
gamemd.exe,18224,0x42C3CE0,D3D9,0,0,1,Hardware: Independent Flip,30769.4593,NA,16.22650000000000,15.79840000000000,1.43540000000000,5.25740000000000,5.4051,NA,30754.7961,16.0986,14.6632,1.4354,15.3499,4.5707,4.3274,0.2433,0.5419,30754.7961,18.6170,NA
gamemd.exe,18224,0x42C3CE0,D3D9,0,0,1,Hardware: Independent Flip,30785.3461,NA,15.88680000000000,15.37450000000000,1.71300000000000,4.77930000000000,4.8928,NA,30770.8947,16.1644,14.4514,1.7130,15.1149,4.1158,4.0343,0.0815,0.7241,30770.8947,17.8996,NA
gamemd.exe,18224,0x42C3CE0,D3D9,0,0,1,Hardware: Independent Flip,30802.1912,NA,16.84510000000000,17.09270000000000,1.60720000000000,4.99450000000000,5.1404,NA,30787.0591,16.7393,15.1321,1.6072,15.8340,4.2926,3.8742,0.4184,-0.9283,30787.0591,19.0191,NA
gamemd.exe,18224,0x42C3CE0,D3D9,0,0,1,Hardware: Independent Flip,30818.8173,NA,16.62610000000000,16.14740000000000,1.71680000000000,4.54470000000000,4.6617,NA,30803.7984,16.7357,15.0189,1.7168,15.6087,3.9549,3.8737,0.0812,0.5919,30803.7984,19.2249,NA
gamemd.exe,18224,0x42C3CE0,D3D9,0,0,1,Hardware: Independent Flip,30835.8075,NA,16.99020000000000,17.34170000000000,1.68880000000000,4.83820000000000,5.0132,NA,30820.5341,16.9622,15.2734,1.6888,16.0099,4.1017,3.9904,0.1113,-0.6060,30820.5341,20.5442,NA
gamemd.exe,18224,0x42C3CE0,D3D9,0,0,1,Hardware: Independent Flip,30852.9210,NA,17.11350000000000,17.12420000000000,1.31990000000000,4.82470000000000,5.0239,NA,30837.4963,16.7446,15.4247,1.3199,16.0112,4.2382,3.7724,0.4658,-0.1620,30837.4963,21.7175,NA
gamemd.exe,18224,0x42C3CE0,D3D9,0,0,1,Hardware: Independent Flip,30869.1220,NA,16.20100000000000,15.83140000000000,1.66130000000000,4.52760000000000,4.6543,NA,30854.2409,16.5424,14.8811,1.6613,15.5634,3.8453,3.7684,0.0769,0.9132,30854.2409,21.5205,NA
gamemd.exe,18224,0x42C3CE0,D3D9,0,0,1,Hardware: Independent Flip,30885.4926,NA,16.37060000000000,16.13620000000000,1.50280000000000,4.23830000000000,4.4199,NA,30870.7833,16.2121,14.7093,1.5028,15.3985,3.5491,3.4940,0.0551,0.4062,30870.7833,21.5978,NA
gamemd.exe,18224,0x42C3CE0,D3D9,0,0,1,Hardware: Independent Flip,30902.1360,NA,16.64340000000000,17.06160000000000,1.56790000000000,4.67970000000000,4.8381,NA,30886.9954,16.7085,15.1406,1.5679,16.1420,3.6783,3.6202,0.0581,-0.8495,30886.9954,22.7125,NA
gamemd.exe,18224,0x42C3CE0,D3D9,0,0,1,Hardware: Independent Flip,30918.8833,NA,16.74730000000000,16.44190000000000,1.57440000000000,4.37690000000000,4.5327,NA,30903.7039,16.7538,15.1794,1.5744,15.7614,3.7949,3.7319,0.0630,0.2666,30903.7039,23.1669,NA
gamemd.exe,18224,0x42C3CE0,D3D9,0,0,1,Hardware: Independent Flip,30935.2149,NA,16.33160000000000,16.47380000000000,1.65190000000000,4.55130000000000,4.6749,NA,30920.4577,16.4091,14.7572,1.6519,15.4446,3.8639,3.7919,0.0720,0.2800,30920.4577,23.1259,NA
gamemd.exe,18224,0x42C3CE0,D3D9,0,0,1,Hardware: Independent Flip,30952.0759,NA,16.86100000000000,17.24280000000000,2.01700000000000,4.87960000000000,5.0567,NA,30936.8668,17.2261,15.2091,2.0170,16.0932,3.9955,3.9084,0.0871,-0.8337,30936.8668,24.8620,NA
gamemd.exe,18224,0x42C3CE0,D3D9,0,0,1,Hardware: Independent Flip,30969.0625,NA,16.98660000000000,17.61220000000000,1.38810000000000,5.52950000000000,5.6823,NA,30954.0929,16.3577,14.9696,1.3881,15.5706,4.9285,4.4176,0.5109,-0.3861,30954.0929,25.8760,NA
gamemd.exe,18224,0x42C3CE0,D3D9,0,0,1,Hardware: Independent Flip,30985.7250,NA,16.66250000000000,16.27320000000000,1.25090000000000,4.91840000000000,5.2930,NA,30970.4506,16.5253,15.2744,1.2509,15.7885,4.4043,4.0463,0.3580,0.0845,30970.4506,26.7830,NA
gamemd.exe,18224,0x42C3CE0,D3D9,0,0,1,Hardware: Independent Flip,31002.5508,NA,16.82580000000000,16.54610000000000,2.27890000000000,4.89960000000000,5.0133,NA,30986.9759,17.8538,15.5749,2.2789,16.3758,4.0987,4.0168,0.0819,-0.0208,30986.9759,11.3141,NA
gamemd.exe,18224,0x42C3CE0,D3D9,0,0,1,Hardware: Independent Flip,31018.9088,NA,16.35800000000000,16.25080000000000,2.52900000000000,4.78380000000000,4.9061,NA,31004.8297,16.6081,14.0791,2.5290,14.8304,4.0325,3.9325,0.1000,1.6030,31004.8297,NA,NA
gamemd.exe,18224,0x42C3CE0,D3D9,0,0,1,Hardware: Independent Flip,31035.6224,NA,16.71360000000000,17.14660000000000,2.38080000000000,5.14910000000000,5.3391,NA,31021.4378,16.5654,14.1846,2.3808,15.1772,4.1565,4.0654,0.0911,-0.5385,31021.4378,12.7222,NA
gamemd.exe,18224,0x42C3CE0,D3D9,0,0,1,Hardware: Independent Flip,31053.1141,NA,17.49170000000000,17.54320000000000,1.45950000000000,5.13140000000000,5.3906,NA,31038.0032,16.5704,15.1109,1.4595,15.7574,4.4849,4.0531,0.4318,-0.9778,31038.0032,NA,NA
gamemd.exe,18224,0x42C3CE0,D3D9,0,0,1,Hardware: Independent Flip,31069.6823,NA,16.56820000000000,16.98780000000000,1.61950000000000,5.42330000000000,5.8102,NA,31054.5736,16.7282,15.1087,1.6195,15.7177,4.8143,4.3462,0.4681,-0.4174,31054.5736,15.2704,NA
gamemd.exe,18224,0x42C3CE0,D3D9,0,0,1,Hardware: Independent Flip,31086.1057,NA,16.42340000000000,15.98250000000000,1.37880000000000,5.13820000000000,5.3693,NA,31071.3018,16.1827,14.8039,1.3788,15.4035,4.5386,3.9820,0.5566,0.7457,31071.3018,15.2686,NA
gamemd.exe,18224,0x42C3CE0,D3D9,0,0,1,Hardware: Independent Flip,31102.3763,NA,16.27060000000000,15.73020000000000,1.73080000000000,4.71610000000000,4.8289,NA,31087.4845,16.6226,14.8918,1.7308,15.6993,3.9086,3.8200,0.0886,0.4525,31087.4845,15.0024,NA
gamemd.exe,18224,0x42C3CE0,D3D9,0,0,1,Hardware: Independent Flip,31119.1755,NA,16.79920000000000,16.56610000000000,1.80590000000000,4.41980000000000,4.5958,NA,31104.1071,16.8743,15.0684,1.8059,15.8698,3.6184,3.5545,0.0639,0.0565,31104.1071,NA,NA
gamemd.exe,18224,0x42C3CE0,D3D9,0,0,1,Hardware: Independent Flip,31136.0813,NA,16.90580000000000,17.56860000000000,1.55320000000000,4.88790000000000,5.2586,NA,31120.9814,16.6531,15.0999,1.5532,15.8674,4.1204,4.0397,0.0807,-0.6943,31120.9814,17.1286,17.1286
gamemd.exe,18224,0x42C3CE0,D3D9,0,0,1,Hardware: Independent Flip,31152.6476,NA,16.56630000000000,16.59780000000000,1.34110000000000,5.12340000000000,5.2901,NA,31137.6345,16.3542,15.0131,1.3411,15.6290,4.5075,3.9295,0.5780,0.0553,31137.6345,NA,NA
gamemd.exe,18224,0x42C3CE0,D3D9,0,0,1,Hardware: Independent Flip,31168.6866,NA,16.03900000000000,15.56140000000000,1.14040000000000,4.67150000000000,4.8125,NA,31153.9887,15.8383,14.6979,1.1404,15.2161,4.1533,3.9808,0.1725,0.7928,31153.9887,NA,NA
gamemd.exe,18224,0x42C3CE0,D3D9,0,0,1,Hardware: Independent Flip,31185.2733,NA,16.58670000000000,16.52820000000000,2.10140000000000,4.64380000000000,4.7540,NA,31169.8270,17.5477,15.4463,2.1014,16.2415,3.8486,3.7744,0.0742,-0.6899,31169.8270,NA,NA
gamemd.exe,18224,0x42C3CE0,D3D9,0,0,1,Hardware: Independent Flip,31202.5442,NA,17.27090000000000,17.05100000000000,1.61370000000000,4.41920000000000,4.5341,NA,31187.3747,16.7832,15.1695,1.6137,15.7274,3.8613,3.7914,0.0699,0.4967,31187.3747,NA,NA
gamemd.exe,18224,0x42C3CE0,D3D9,0,0,1,Hardware: Independent Flip,31218.9218,NA,16.37760000000000,16.82340000000000,1.93880000000000,4.82150000000000,4.9799,NA,31204.1579,16.7027,14.7639,1.9388,15.5549,4.0305,3.9155,0.1150,-0.0402,31204.1579,NA,NA
gamemd.exe,18224,0x42C3CE0,D3D9,0,0,1,Hardware: Independent Flip,31236.2897,NA,17.36790000000000,17.71350000000000,1.51490000000000,5.13390000000000,5.3255,NA,31220.8606,16.9440,15.4291,1.5149,16.1077,4.4553,3.8789,0.5764,-1.0108,31220.8606,21.2445,21.2445
gamemd.exe,18224,0x42C3CE0,D3D9,0,0,1,Hardware: Independent Flip,31252.2492,NA,15.95950000000000,15.74190000000000,1.43470000000000,4.77410000000000,5.1079,NA,31237.8046,15.8793,14.4446,1.4347,15.1182,4.1005,4.0012,0.0993,1.2021,31237.8046,NA,NA
gamemd.exe,18224,0x42C3CE0,D3D9,0,0,1,Hardware: Independent Flip,31268.8731,NA,16.62390000000000,16.08460000000000,1.39280000000000,4.45470000000000,4.5686,NA,31253.6839,16.5820,15.1892,1.3928,15.7912,3.8527,3.7592,0.0935,-0.2053,31253.6839,NA,NA
gamemd.exe,18224,0x42C3CE0,D3D9,0,0,1,Hardware: Independent Flip,31285.0482,NA,16.17510000000000,16.06270000000000,1.42100000000000,4.34700000000000,4.4562,NA,31270.2659,16.2033,14.7823,1.4210,15.2892,3.8401,3.7602,0.0799,0.5193,31270.2659,NA,NA
gamemd.exe,18224,0x42C3CE0,D3D9,0,0,1,Hardware: Independent Flip,31302.1853,NA,17.13710000000000,17.17120000000000,1.58520000000000,4.38060000000000,4.4903,NA,31286.4692,17.3013,15.7161,1.5852,16.3418,3.7549,3.7021,0.0528,-0.9679,31286.4692,30.3908,30.3908
gamemd.exe,18224,0x42C3CE0,D3D9,0,0,1,Hardware: Independent Flip,31319.0359,NA,16.85060000000000,16.89790000000000,1.25300000000000,4.39060000000000,4.5376,NA,31303.7705,16.5184,15.2654,1.2530,15.8906,3.7654,3.6938,0.0716,0.4034,31303.7705,NA,NA
gamemd.exe,18224,0x42C3CE0,D3D9,0,0,1,Hardware: Independent Flip,31335.2858,NA,16.24990000000000,16.22780000000000,1.50580000000000,4.38530000000000,4.5155,NA,31320.2889,16.5027,14.9969,1.5058,15.5503,3.8319,3.7446,0.0873,0.2906,31320.2889,NA,NA
gamemd.exe,18224,0x42C3CE0,D3D9,0,0,1,Hardware: Independent Flip,31353.2781,NA,17.99230000000000,19.08810000000000,1.35750000000000,5.36610000000000,5.6113,NA,31336.7916,17.8440,16.4865,1.3575,17.0681,4.7845,4.1206,0.6639,-2.5854,31336.7916,NA,NA
gamemd.exe,18224,0x42C3CE0,D3D9,0,0,1,Hardware: Independent Flip,31368.8070,NA,15.52890000000000,15.33530000000000,1.37150000000000,5.21370000000000,5.4177,NA,31354.6356,15.5429,14.1714,1.3715,14.8168,4.5683,4.4753,0.0930,2.5087,31354.6356,NA,NA
gamemd.exe,18224,0x42C3CE0,D3D9,0,0,1,Hardware: Independent Flip,31385.2790,NA,16.47200000000000,15.94110000000000,2.03480000000000,4.63810000000000,4.8868,NA,31370.1785,17.1353,15.1005,2.0348,15.7728,3.9658,3.9034,0.0624,-0.3982,31370.1785,25.9319,25.9319
gamemd.exe,18224,0x42C3CE0,D3D9,0,0,1,Hardware: Independent Flip,31402.4669,NA,17.18790000000000,17.27770000000000,2.10380000000000,4.86000000000000,4.9766,NA,31387.3138,17.2569,15.1531,2.1038,16.3486,3.6645,3.6065,0.0580,-0.1424,31387.3138,NA,NA
gamemd.exe,18224,0x42C3CE0,D3D9,0,0,1,Hardware: Independent Flip,31418.3767,NA,15.90980000000000,15.74410000000000,2.20560000000000,4.69010000000000,4.8109,NA,31404.5707,16.0116,13.8060,2.2056,14.4845,4.0116,3.9135,0.0981,1.5128,31404.5707,NA,NA
gamemd.exe,18224,0x42C3CE0,D3D9,0,0,1,Hardware: Independent Flip,31435.6417,NA,17.26500000000000,17.43050000000000,1.84400000000000,4.84510000000000,4.9764,NA,31420.5823,16.9034,15.0594,1.8440,16.1914,3.7131,3.6303,0.0828,-1.4189,31420.5823,NA,NA
gamemd.exe,18224,0x42C3CE0,D3D9,0,0,1,Hardware: Independent Flip,31452.0898,NA,16.44810000000000,17.34910000000000,1.47670000000000,5.66570000000000,5.8774,NA,31437.4857,16.0808,14.6041,1.4767,15.2852,4.9846,4.2441,0.7405,-0.4457,31437.4857,NA,NA
gamemd.exe,18224,0x42C3CE0,D3D9,0,0,1,Hardware: Independent Flip,31468.6453,NA,16.55550000000000,15.90760000000000,1.96300000000000,5.05450000000000,5.2295,NA,31453.5665,17.0418,15.0788,1.9630,15.8413,4.2920,4.1514,0.1406,0.1732,31453.5665,NA,NA
gamemd.exe,18224,0x42C3CE0,D3D9,0,0,1,Hardware: Independent Flip,31485.7593,NA,17.11400000000000,16.73120000000000,1.84540000000000,4.68040000000000,4.8467,NA,31470.6083,16.9964,15.1510,1.8454,15.9066,3.9248,3.8561,0.0687,0.3106,31470.6083,NA,NA
gamemd.exe,18224,0x42C3CE0,D3D9,0,0,1,Hardware: Independent Flip,31502.0001,NA,16.24080000000000,16.53020000000000,1.51590000000000,4.95800000000000,5.1361,NA,31487.6047,15.9113,14.3954,1.5159,15.0633,4.2901,4.1999,0.0902,0.4662,31487.6047,NA,NA
gamemd.exe,18224,0x42C3CE0,D3D9,0,0,1,Hardware: Independent Flip,31518.6647,NA,16.66460000000000,16.99620000000000,1.57880000000000,5.29810000000000,5.4677,NA,31503.5160,16.7275,15.1487,1.5788,15.8195,4.6273,3.9971,0.6302,-1.0849,31503.5160,24.8959,NA
gamemd.exe,18224,0x42C3CE0,D3D9,0,0,1,Hardware: Independent Flip,31535.5490,NA,16.88430000000000,15.98730000000000,1.38730000000000,4.45710000000000,4.5707,NA,31520.2435,16.6928,15.3055,1.3873,15.9217,3.8409,3.7613,0.0796,0.7402,31520.2435,NA,NA
gamemd.exe,18224,0x42C3CE0,D3D9,0,0,1,Hardware: Independent Flip,31552.3189,NA,16.76990000000000,17.34310000000000,1.43070000000000,4.88950000000000,5.1439,NA,31536.9363,16.8133,15.3826,1.4307,15.9905,4.2816,3.8061,0.4755,-0.6503,31536.9363,NA,NA
gamemd.exe,18224,0x42C3CE0,D3D9,0,0,1,Hardware: Independent Flip,31568.9029,NA,16.58400000000000,16.45720000000000,1.46460000000000,4.87920000000000,5.0171,NA,31553.7496,16.6179,15.1533,1.4646,15.8289,4.2036,4.1155,0.0881,0.3561,31553.7496,NA,NA
gamemd.exe,18224,0x42C3CE0,D3D9,0,0,1,Hardware: Independent Flip,31585.7743,NA,16.87140000000000,16.30770000000000,1.53620000000000,4.32300000000000,4.4534,NA,31570.3675,16.9430,15.4068,1.5362,16.0503,3.6795,3.6343,0.0452,0.3102,31570.3675,NA,NA
gamemd.exe,18224,0x42C3CE0,D3D9,0,0,1,Hardware: Independent Flip,31602.2820,NA,16.50770000000000,16.69380000000000,1.76730000000000,4.51430000000000,4.6395,NA,31587.3105,16.7388,14.9715,1.7673,15.7166,3.7692,3.7046,0.0646,0.2492,31587.3105,NA,NA
gamemd.exe,18224,0x42C3CE0,D3D9,0,0,1,Hardware: Independent Flip,31618.9371,NA,16.65510000000000,16.36700000000000,1.26670000000000,4.23600000000000,4.3514,NA,31604.0493,16.1545,14.8878,1.2667,15.4428,3.6810,3.6157,0.0653,0.3718,31604.0493,NA,NA
gamemd.exe,18224,0x42C3CE0,D3D9,0,0,1,Hardware: Independent Flip,31635.3129,NA,16.37580000000000,16.73220000000000,1.58900000000000,4.54820000000000,4.7078,NA,31620.2038,16.6981,15.1091,1.5890,15.7223,3.9350,3.8597,0.0753,-0.5777,31620.2038,NA,NA
gamemd.exe,18224,0x42C3CE0,D3D9,0,0,1,Hardware: Independent Flip,31652.9764,NA,17.66350000000000,18.10110000000000,1.49960000000000,4.95460000000000,5.1454,NA,31636.9019,17.5741,16.0745,1.4996,16.6997,4.3294,3.7693,0.5601,-1.4030,31636.9019,NA,NA
gamemd.exe,18224,0x42C3CE0,D3D9,0,0,1,Hardware: Independent Flip,31668.6903,NA,15.71390000000000,15.20380000000000,1.28190000000000,4.49790000000000,4.6353,NA,31654.4760,15.4962,14.2143,1.2819,14.7777,3.9345,3.8526,0.0819,2.3703,31654.4760,25.3394,NA
gamemd.exe,18224,0x42C3CE0,D3D9,0,0,1,Hardware: Independent Flip,31685.3160,NA,16.62570000000000,16.31920000000000,1.39940000000000,4.20170000000000,4.3288,NA,31669.9722,16.7432,15.3438,1.3994,15.8798,3.6657,3.5959,0.0698,-0.8230,31669.9722,NA,NA
gamemd.exe,18224,0x42C3CE0,D3D9,0,0,1,Hardware: Independent Flip,31702.4421,NA,17.12610000000000,17.67720000000000,1.65700000000000,4.70710000000000,4.8799,NA,31686.7154,17.3837,15.7267,1.6570,16.5499,3.8839,3.8287,0.0552,-0.9340,31686.7154,NA,NA
gamemd.exe,18224,0x42C3CE0,D3D9,0,0,1,Hardware: Independent Flip,31718.8323,NA,16.39020000000000,16.29780000000000,1.66720000000000,4.60450000000000,4.7875,NA,31704.0991,16.4004,14.7332,1.6672,15.4843,3.8534,3.7535,0.0999,1.0859,31704.0991,NA,NA
gamemd.exe,18224,0x42C3CE0,D3D9,0,0,1,Hardware: Independent Flip,31735.2080,NA,16.37570000000000,16.26030000000000,1.59330000000000,4.53560000000000,4.6721,NA,31720.4995,16.3018,14.7085,1.5933,15.3304,3.9137,3.8570,0.0567,0.1401,31720.4995,NA,NA
gamemd.exe,18224,0x42C3CE0,D3D9,0,0,1,Hardware: Independent Flip,31752.6315,NA,17.42350000000000,17.63310000000000,2.14490000000000,4.72970000000000,4.8817,NA,31736.8013,17.9751,15.8302,2.1449,16.6545,3.9054,3.8282,0.0772,-1.3313,31736.8013,NA,NA
gamemd.exe,18224,0x42C3CE0,D3D9,0,0,1,Hardware: Independent Flip,31768.8397,NA,16.20820000000000,16.89070000000000,1.34950000000000,5.35740000000000,5.5642,NA,31754.7764,15.4128,14.0633,1.3495,14.6840,4.7367,4.2471,0.4896,1.0844,31754.7764,NA,NA
gamemd.exe,18224,0x42C3CE0,D3D9,0,0,1,Hardware: Independent Flip,31785.6429,NA,16.80320000000000,15.81820000000000,1.61500000000000,4.46090000000000,4.5792,NA,31770.1892,17.0687,15.4537,1.6150,16.1249,3.7897,3.6966,0.0931,-0.4054,31770.1892,NA,NA
gamemd.exe,18224,0x42C3CE0,D3D9,0,0,1,Hardware: Independent Flip,31802.5496,NA,16.90670000000000,17.04080000000000,1.49440000000000,4.60530000000000,4.7133,NA,31787.2579,16.7861,15.2917,1.4944,16.1708,3.7262,3.6720,0.0542,0.0279,31787.2579,NA,NA
gamemd.exe,18224,0x42C3CE0,D3D9,0,0,1,Hardware: Independent Flip,31818.8739,NA,16.32430000000000,16.37100000000000,1.89870000000000,4.64490000000000,4.7600,NA,31804.0440,16.7286,14.8299,1.8987,15.7104,3.7644,3.6959,0.0685,0.4151,31804.0440,NA,NA
gamemd.exe,18224,0x42C3CE0,D3D9,0,0,1,Hardware: Independent Flip,31835.4490,NA,16.57510000000000,16.93280000000000,1.83120000000000,5.00970000000000,5.1177,NA,31820.7726,16.5076,14.6764,1.8312,15.9630,3.7231,3.6619,0.0612,-0.2042,31820.7726,NA,NA
gamemd.exe,18224,0x42C3CE0,D3D9,0,0,1,Hardware: Independent Flip,31852.8567,NA,17.40770000000000,17.90680000000000,1.45590000000000,5.47350000000000,5.6168,NA,31837.2802,17.0324,15.5765,1.4559,16.2853,4.7647,4.0459,0.7188,-1.3992,31837.2802,NA,NA
gamemd.exe,18224,0x42C3CE0,D3D9,0,0,1,Hardware: Independent Flip,31868.5330,NA,15.67630000000000,15.20150000000000,1.75750000000000,5.00640000000000,5.1420,NA,31854.3126,15.9779,14.2204,1.7575,14.8810,4.3458,4.2562,0.0896,1.8309,31854.3126,NA,NA
gamemd.exe,18224,0x42C3CE0,D3D9,0,0,1,Hardware: Independent Flip,31885.4563,NA,16.92330000000000,16.28720000000000,1.68080000000000,4.39560000000000,4.5059,NA,31870.2905,16.8466,15.1658,1.6808,15.8511,3.7103,3.6415,0.0688,-0.3093,31870.2905,NA,NA
gamemd.exe,18224,0x42C3CE0,D3D9,0,0,1,Hardware: Independent Flip,31901.9286,NA,16.47230000000000,16.93340000000000,2.38240000000000,4.85280000000000,4.9670,NA,31887.1371,17.1739,14.7915,2.3824,15.7317,3.9126,3.8446,0.0680,-0.0868,31887.1371,NA,NA
gamemd.exe,18224,0x42C3CE0,D3D9,0,0,1,Hardware: Independent Flip,31919.3539,NA,17.42530000000000,17.33740000000000,1.69480000000000,4.75720000000000,4.8791,NA,31904.3110,16.7377,15.0429,1.6948,16.0569,3.7432,3.6594,0.0838,-0.1635,31904.3110,7.6307,NA
gamemd.exe,18224,0x42C3CE0,D3D9,0,0,1,Hardware: Independent Flip,31935.7321,NA,16.37820000000000,16.25080000000000,2.11720000000000,4.61220000000000,4.7517,NA,31921.0487,16.8006,14.6834,2.1172,15.4250,3.8706,3.8059,0.0647,0.4869,31921.0487,8.2028,NA
gamemd.exe,18224,0x42C3CE0,D3D9,0,0,1,Hardware: Independent Flip,31952.1759,NA,16.44380000000000,16.47030000000000,1.78110000000000,4.64750000000000,4.7782,NA,31937.8493,16.1077,14.3266,1.7811,15.1883,3.7858,3.6697,0.1161,0.3303,31937.8493,NA,NA
gamemd.exe,18224,0x42C3CE0,D3D9,0,0,1,Hardware: Independent Flip,31968.7903,NA,16.61440000000000,17.14420000000000,1.61840000000000,5.10990000000000,5.3080,NA,31953.9570,16.4517,14.8333,1.6184,15.5437,4.3995,4.2426,0.1569,-1.0365,31953.9570,17.8168,NA
gamemd.exe,18224,0x42C3CE0,D3D9,0,0,1,Hardware: Independent Flip,31985.5449,NA,16.75460000000000,17.69560000000000,2.17370000000000,6.06030000000000,6.2490,NA,31970.4087,17.3099,15.1362,2.1737,16.6077,4.5888,3.7564,0.8324,-1.2439,31970.4087,19.5650,NA
gamemd.exe,18224,0x42C3CE0,D3D9,0,0,1,Hardware: Independent Flip,32002.5043,NA,16.95940000000000,15.76880000000000,1.39000000000000,4.81780000000000,5.0584,NA,31987.7186,16.1757,14.7857,1.3900,15.4454,4.1581,3.7960,0.3621,1.5411,31987.7186,19.3090,NA
gamemd.exe,18224,0x42C3CE0,D3D9,0,0,1,Hardware: Independent Flip,32018.7945,NA,16.29020000000000,15.98860000000000,1.82560000000000,4.62770000000000,4.7568,NA,32003.8943,16.7258,14.9002,1.8256,15.7333,3.7946,3.6710,0.1236,0.1871,32003.8943,19.3258,NA
gamemd.exe,18224,0x42C3CE0,D3D9,0,0,1,Hardware: Independent Flip,32035.1884,NA,16.39390000000000,16.26730000000000,1.64110000000000,4.51960000000000,4.6302,NA,32020.6201,16.2094,14.5683,1.6411,15.0677,4.0202,3.9386,0.0816,0.4585,32020.6201,19.5908,NA
gamemd.exe,18224,0x42C3CE0,D3D9,0,0,1,Hardware: Independent Flip,32052.3841,NA,17.19570000000000,17.37750000000000,1.88630000000000,4.70160000000000,4.8120,NA,32036.8295,17.4409,15.5546,1.8863,16.5758,3.6804,3.5965,0.0839,-1.1681,32036.8295,20.9568,NA
gamemd.exe,18224,0x42C3CE0,D3D9,0,0,1,Hardware: Independent Flip,32068.6869,NA,16.30280000000000,16.71190000000000,1.32820000000000,5.02420000000000,5.2211,NA,32054.2704,15.7447,14.4165,1.3282,14.9910,4.4497,3.9646,0.4851,0.7290,32054.2704,29.6902,NA
gamemd.exe,18224,0x42C3CE0,D3D9,0,0,1,Hardware: Independent Flip,32086.0859,NA,17.39900000000000,17.81460000000000,1.51550000000000,5.43230000000000,5.6367,NA,32070.0151,17.5863,16.0708,1.5155,16.6756,4.8275,4.0614,0.7661,-2.0699,32070.0151,NA,NA
gamemd.exe,18224,0x42C3CE0,D3D9,0,0,1,Hardware: Independent Flip,32102.1786,NA,16.09270000000000,15.12230000000000,1.40550000000000,4.54220000000000,4.6663,NA,32087.6014,15.9827,14.5772,1.4055,15.4602,3.6592,3.6048,0.0544,2.4640,32087.6014,NA,NA
gamemd.exe,18224,0x42C3CE0,D3D9,0,0,1,Hardware: Independent Flip,32118.9196,NA,16.74100000000000,16.50370000000000,1.32800000000000,4.29470000000000,4.4290,NA,32103.5841,16.6635,15.3355,1.3280,15.9505,3.6797,3.6150,0.0647,-0.5210,32103.5841,NA,NA
gamemd.exe,18224,0x42C3CE0,D3D9,0,0,1,Hardware: Independent Flip,32135.6404,NA,16.72080000000000,17.21120000000000,1.65970000000000,4.77690000000000,4.9194,NA,32120.2476,17.0525,15.3928,1.6597,16.4878,3.6819,3.6008,0.0811,-0.5477,32120.2476,NA,NA
gamemd.exe,18224,0x42C3CE0,D3D9,0,0,1,Hardware: Independent Flip,32152.1514,NA,16.51100000000000,16.34180000000000,1.62610000000000,4.61540000000000,4.7502,NA,32137.3001,16.4774,14.8513,1.6261,15.6986,3.7681,3.6918,0.0763,0.7107,32137.3001,NA,NA
gamemd.exe,18224,0x42C3CE0,D3D9,0,0,1,Hardware: Independent Flip,32169.0149,NA,16.86350000000000,17.14980000000000,1.70920000000000,4.81350000000000,5.0365,NA,32153.7775,16.9466,15.2374,1.7092,16.1706,3.8803,3.7974,0.0829,-0.6724,32153.7775,NA,NA
gamemd.exe,18224,0x42C3CE0,D3D9,0,0,1,Hardware: Independent Flip,32185.8842,NA,16.86930000000000,17.49170000000000,1.41240000000000,5.39240000000000,5.6589,NA,32170.7241,16.5725,15.1601,1.4124,15.7839,4.7686,4.0100,0.7586,-0.5451,32170.7241,NA,NA
gamemd.exe,18224,0x42C3CE0,D3D9,0,0,1,Hardware: Independent Flip,32202.0107,NA,16.12650000000000,15.49250000000000,1.58190000000000,4.86830000000000,5.0249,NA,32187.2966,16.2960,14.7141,1.5819,15.2902,4.2922,4.2129,0.0793,1.0800,32187.2966,18.7316,NA
gamemd.exe,18224,0x42C3CE0,D3D9,0,0,1,Hardware: Independent Flip,32218.9668,NA,16.95610000000000,16.63250000000000,1.78780000000000,4.57080000000000,4.7013,NA,32203.5926,17.1620,15.3742,1.7878,16.0774,3.8676,3.7748,0.0928,-0.3365,32203.5926,11.3888,NA
gamemd.exe,18224,0x42C3CE0,D3D9,0,0,1,Hardware: Independent Flip,32235.5463,NA,16.57950000000000,16.99130000000000,1.95550000000000,5.00120000000000,5.1131,NA,32220.7546,16.7472,14.7917,1.9555,16.0916,3.7013,3.6420,0.0593,0.1707,32220.7546,12.4330,NA
gamemd.exe,18224,0x42C3CE0,D3D9,0,0,1,Hardware: Independent Flip,32252.0575,NA,16.51120000000000,16.82560000000000,1.71750000000000,5.20790000000000,5.4275,NA,32237.5018,16.2732,14.5557,1.7175,15.2645,4.4991,4.3874,0.1117,-0.0784,32237.5018,13.2333,NA
gamemd.exe,18224,0x42C3CE0,D3D9,0,0,1,Hardware: Independent Flip,32269.6163,NA,17.55880000000000,18.54590000000000,2.51490000000000,6.17580000000000,6.4146,NA,32253.7750,18.3562,15.8413,2.5149,16.6240,5.3931,4.5439,0.8492,-2.2727,32253.7750,15.7922,NA
gamemd.exe,18224,0x42C3CE0,D3D9,0,0,1,Hardware: Independent Flip,32286.4612,NA,16.84490000000000,15.85380000000000,1.40530000000000,5.21070000000000,5.4235,NA,32272.1312,15.7353,14.3300,1.4053,14.9148,4.6259,3.9873,0.6386,2.5024,32272.1312,15.6476,NA
gamemd.exe,18224,0x42C3CE0,D3D9,0,0,1,Hardware: Independent Flip,32302.4904,NA,16.02920000000000,15.91440000000000,1.43390000000000,5.13290000000000,5.3087,NA,32287.8665,16.0578,14.6239,1.4339,15.3418,4.4150,4.3342,0.0808,-0.1791,32287.8665,15.5101,NA
gamemd.exe,18224,0x42C3CE0,D3D9,0,0,1,Hardware: Independent Flip,32319.5123,NA,17.02190000000000,17.98050000000000,1.96100000000000,6.03890000000000,6.2673,NA,32303.9243,17.5490,15.5880,1.9610,16.7918,4.8351,3.9721,0.8630,-1.9227,32303.9243,17.5573,NA
gamemd.exe,18224,0x42C3CE0,D3D9,0,0,1,Hardware: Independent Flip,32336.1562,NA,16.64390000000000,15.70910000000000,1.61020000000000,5.14940000000000,5.3325,NA,32321.4733,16.2931,14.6829,1.6102,15.5384,4.2939,4.1672,0.1267,1.8399,32321.4733,17.2517,NA
gamemd.exe,18224,0x42C3CE0,D3D9,0,0,1,Hardware: Independent Flip,32352.0142,NA,15.85800000000000,15.87980000000000,2.99970000000000,5.17470000000000,5.3543,NA,32337.7664,17.2475,14.2478,2.9997,15.1888,4.2337,4.1238,0.1099,0.4133,32337.7664,8.5307,NA
gamemd.exe,18224,0x42C3CE0,D3D9,0,0,1,Hardware: Independent Flip,32369.6181,NA,17.60390000000000,17.74680000000000,1.49610000000000,5.23090000000000,5.4972,NA,32355.0139,16.1003,14.6042,1.4961,15.3081,4.5270,4.0637,0.4633,-0.4993,32355.0139,18.8914,NA
gamemd.exe,18224,0x42C3CE0,D3D9,0,0,1,Hardware: Independent Flip,32385.8708,NA,16.25270000000000,16.05040000000000,1.38750000000000,5.08250000000000,5.2949,NA,32371.1142,16.1441,14.7566,1.3875,15.2796,4.5595,4.1174,0.4421,0.0499,32371.1142,18.8859,NA
gamemd.exe,18224,0x42C3CE0,D3D9,0,0,1,Hardware: Independent Flip,32402.7311,NA,16.86030000000000,16.92560000000000,1.39810000000000,5.15440000000000,5.3602,NA,32387.2583,16.8709,15.4728,1.3981,16.1077,4.5195,4.0463,0.4732,-0.7815,32387.2583,19.8195,NA
gamemd.exe,18224,0x42C3CE0,D3D9,0,0,1,Hardware: Independent Flip,32419.2374,NA,16.50630000000000,16.10470000000000,1.67950000000000,4.82300000000000,4.9586,NA,32404.1292,16.7877,15.1082,1.6795,15.8234,4.1078,3.9973,0.1105,0.7662,32404.1292,19.9510,NA
gamemd.exe,18224,0x42C3CE0,D3D9,0,0,1,Hardware: Independent Flip,32435.2201,NA,15.98270000000000,15.96130000000000,1.55870000000000,4.82630000000000,4.9372,NA,32420.9169,15.8619,14.3032,1.5587,14.9679,4.1616,3.8962,0.2654,0.8264,32420.9169,19.9352,NA
gamemd.exe,18224,0x42C3CE0,D3D9,0,0,1,Hardware: Independent Flip,32451.9537,NA,16.73360000000000,16.65930000000000,1.40850000000000,4.66080000000000,4.8629,NA,32436.7788,16.5834,15.1749,1.4085,15.9185,3.9172,3.6502,0.2670,-0.7974,32436.7788,20.5882,NA
gamemd.exe,18224,0x42C3CE0,D3D9,0,0,1,Hardware: Independent Flip,32468.6418,NA,16.68810000000000,16.47750000000000,1.57050000000000,4.52360000000000,4.6523,NA,32453.3622,16.8501,15.2796,1.5705,15.9111,3.8921,3.7802,0.1119,0.1059,32453.3622,21.0045,NA
gamemd.exe,18224,0x42C3CE0,D3D9,0,0,1,Hardware: Independent Flip,32485.5068,NA,16.86500000000000,16.64850000000000,1.43620000000000,4.32540000000000,4.4358,NA,32470.2123,16.7307,15.2945,1.4362,15.8585,3.7614,3.6963,0.0651,0.2016,32470.2123,29.7311,NA
gamemd.exe,18224,0x42C3CE0,D3D9,0,0,1,Hardware: Independent Flip,32502.1109,NA,16.60410000000000,16.88130000000000,1.67910000000000,4.57710000000000,4.7130,NA,32486.9430,16.8470,15.1679,1.6791,15.8252,3.9198,3.8612,0.0586,-0.1506,32486.9430,NA,NA
gamemd.exe,18224,0x42C3CE0,D3D9,0,0,1,Hardware: Independent Flip,32518.6802,NA,16.56930000000000,16.50900000000000,1.38200000000000,4.51610000000000,4.6527,NA,32503.7900,16.2722,14.8902,1.3820,15.4255,3.9808,3.8997,0.0811,0.3380,32503.7900,NA,NA
gamemd.exe,18224,0x42C3CE0,D3D9,0,0,1,Hardware: Independent Flip,32536.3781,NA,17.69790000000000,18.55600000000000,1.57330000000000,5.29830000000000,5.5108,NA,32520.0622,17.8892,16.3159,1.5733,17.0569,4.5573,4.0534,0.5039,-2.2838,32520.0622,NA,NA
gamemd.exe,18224,0x42C3CE0,D3D9,0,0,1,Hardware: Independent Flip,32551.9715,NA,15.59340000000000,15.28160000000000,2.44600000000000,5.00490000000000,5.1990,NA,32537.9514,16.4661,14.0201,2.4460,15.0388,3.9862,3.8880,0.0982,2.6076,32537.9514,NA,NA
gamemd.exe,18224,0x42C3CE0,D3D9,0,0,1,Hardware: Independent Flip,32568.8478,NA,16.87630000000000,16.18900000000000,1.50020000000000,4.37150000000000,4.5117,NA,32554.4175,15.9305,14.4303,1.5002,14.9576,3.8442,3.7842,0.0600,0.2771,32554.4175,NA,NA
gamemd.exe,18224,0x42C3CE0,D3D9,0,0,1,Hardware: Independent Flip,32585.5651,NA,16.71730000000000,16.62020000000000,1.40950000000000,4.25930000000000,4.4146,NA,32570.3480,16.6266,15.2171,1.4095,15.7181,3.7583,3.6959,0.0624,-0.6897,32570.3480,NA,NA
gamemd.exe,18224,0x42C3CE0,D3D9,0,0,1,Hardware: Independent Flip,32602.3399,NA,16.77480000000000,17.32180000000000,1.67030000000000,4.77740000000000,4.9616,NA,32586.9746,17.0356,15.3653,1.6703,16.2348,3.9079,3.8232,0.0847,-0.6952,32586.9746,NA,NA
gamemd.exe,18224,0x42C3CE0,D3D9,0,0,1,Hardware: Independent Flip,32618.5351,NA,16.19520000000000,15.72480000000000,1.01210000000000,4.28860000000000,4.4912,NA,32604.0102,15.5370,14.5249,1.0121,14.9517,3.8618,3.7398,0.1220,1.3108,32604.0102,NA,NA
gamemd.exe,18224,0x42C3CE0,D3D9,0,0,1,Hardware: Independent Flip,32635.4058,NA,16.87070000000000,16.99180000000000,1.14190000000000,4.42030000000000,4.6123,NA,32619.5472,17.0005,15.8586,1.1419,16.3485,3.9304,3.8292,0.1012,-1.4548,32619.5472,NA,NA
gamemd.exe,18224,0x42C3CE0,D3D9,0,0,1,Hardware: Independent Flip,32651.9425,NA,16.53670000000000,16.59910000000000,1.06730000000000,4.30890000000000,4.6747,NA,32636.5477,16.4621,15.3948,1.0673,15.9525,3.7512,3.6723,0.0789,0.4014,32636.5477,NA,NA
gamemd.exe,18224,0x42C3CE0,D3D9,0,0,1,Hardware: Independent Flip,32668.7640,NA,16.82150000000000,18.80580000000000,2.96160000000000,6.43070000000000,6.6590,NA,32653.0098,18.7158,15.7542,2.9616,16.9043,5.2806,5.2042,0.0764,-2.3437,32653.0098,NA,NA
gamemd.exe,18224,0x42C3CE0,D3D9,0,0,1,Hardware: Independent Flip,32685.5389,NA,16.77490000000000,16.50880000000000,2.66180000000000,6.22570000000000,6.3929,NA,32671.7256,16.4751,13.8133,2.6618,15.6181,4.4209,3.9029,0.5180,2.2070,32671.7256,NA,NA
gamemd.exe,18224,0x42C3CE0,D3D9,0,0,1,Hardware: Independent Flip,32702.0026,NA,16.46370000000000,15.13530000000000,2.06020000000000,4.93680000000000,5.0645,NA,32688.2007,15.8621,13.8019,2.0602,14.5523,4.1864,4.0682,0.1182,1.3398,32688.2007,NA,NA
gamemd.exe,18224,0x42C3CE0,D3D9,0,0,1,Hardware: Independent Flip,32719.0451,NA,17.04250000000000,16.85020000000000,1.95680000000000,4.75620000000000,4.8722,NA,32704.0628,16.9391,14.9823,1.9568,15.8548,3.8837,3.7804,0.1033,-0.9881,32704.0628,NA,NA
gamemd.exe,18224,0x42C3CE0,D3D9,0,0,1,Hardware: Independent Flip,32735.6917,NA,16.64660000000000,16.37310000000000,1.42540000000000,4.48360000000000,4.5987,NA,32721.0019,16.1152,14.6898,1.4254,15.2413,3.9321,3.8501,0.0820,0.5660,32721.0019,NA,NA
gamemd.exe,18224,0x42C3CE0,D3D9,0,0,1,Hardware: Independent Flip,32751.9025,NA,16.21080000000000,17.01110000000000,1.89540000000000,5.22810000000000,5.3990,NA,32737.1171,16.6808,14.7854,1.8954,15.7395,4.2740,4.1355,0.1385,-0.8959,32737.1171,NA,NA
gamemd.exe,18224,0x42C3CE0,D3D9,0,0,1,Hardware: Independent Flip,32769.4853,NA,17.58280000000000,17.63310000000000,1.54950000000000,5.23780000000000,5.4493,NA,32753.7979,17.2369,15.6874,1.5495,16.3335,4.5917,3.8905,0.7012,-0.9523,32753.7979,NA,NA
gamemd.exe,18224,0x42C3CE0,D3D9,0,0,1,Hardware: Independent Flip,32785.8653,NA,16.38000000000000,15.85630000000000,1.41340000000000,4.80380000000000,4.9256,NA,32771.0348,16.2439,14.8305,1.4134,15.5070,4.1273,4.0260,0.1013,1.3806,32771.0348,NA,NA
gamemd.exe,18224,0x42C3CE0,D3D9,0,0,1,Hardware: Independent Flip,32802.3343,NA,16.46900000000000,16.44110000000000,1.94150000000000,4.72890000000000,4.8977,NA,32787.2787,16.9971,15.0556,1.9415,15.7992,3.9853,3.8803,0.1050,-0.1972,32787.2787,NA,NA
gamemd.exe,18224,0x42C3CE0,D3D9,0,0,1,Hardware: Independent Flip,32818.9458,NA,16.61150000000000,16.16020000000000,1.25490000000000,4.32570000000000,4.4464,NA,32804.2758,15.9249,14.6700,1.2549,15.2737,3.7220,3.6584,0.0636,0.8369,32804.2758,NA,NA
gamemd.exe,18224,0x42C3CE0,D3D9,0,0,1,Hardware: Independent Flip,32835.0346,NA,16.08880000000000,16.30460000000000,1.36240000000000,4.48180000000000,4.6622,NA,32820.2007,16.1963,14.8339,1.3624,15.4251,3.8906,3.8203,0.0703,-0.3797,32820.2007,NA,NA
gamemd.exe,18224,0x42C3CE0,D3D9,0,0,1,Hardware: Independent Flip,32852.9028,NA,17.86820000000000,18.71590000000000,1.87440000000000,5.33130000000000,5.5099,NA,32836.3970,18.3802,16.5058,1.8744,17.6305,4.2066,3.7622,0.4444,-2.5196,32836.3970,NA,NA
gamemd.exe,18224,0x42C3CE0,D3D9,0,0,1,Hardware: Independent Flip,32869.1692,NA,16.26640000000000,15.59870000000000,1.78370000000000,4.70020000000000,4.8422,NA,32854.7772,16.1757,14.3920,1.7837,15.0590,4.0332,3.9167,0.1165,2.7815,32854.7772,NA,NA
gamemd.exe,18224,0x42C3CE0,D3D9,0,0,1,Hardware: Independent Flip,32885.5696,NA,16.40040000000000,16.21800000000000,1.67510000000000,4.52330000000000,4.6598,NA,32870.9529,16.2918,14.6167,1.6751,15.2488,3.8912,3.8171,0.0741,-0.0423,32870.9529,NA,NA
gamemd.exe,18224,0x42C3CE0,D3D9,0,0,1,Hardware: Independent Flip,32901.8147,NA,16.24510000000000,16.32610000000000,1.63020000000000,4.61090000000000,4.7408,NA,32887.2447,16.2002,14.5700,1.6302,15.4426,3.7383,3.6534,0.0849,-0.0343,32887.2447,NA,NA
gamemd.exe,18224,0x42C3CE0,D3D9,0,0,1,Hardware: Independent Flip,32918.6777,NA,16.86300000000000,16.65130000000000,1.38400000000000,4.39470000000000,4.5291,NA,32903.4449,16.6168,15.2328,1.3840,15.7403,3.8872,3.8140,0.0732,-0.4511,32903.4449,NA,NA
gamemd.exe,18224,0x42C3CE0,D3D9,0,0,1,Hardware: Independent Flip,32935.2541,NA,16.57640000000000,16.64780000000000,1.61130000000000,4.47590000000000,4.6005,NA,32920.0617,16.8037,15.1924,1.6113,15.8239,3.8444,3.7727,0.0717,-0.0310,32920.0617,NA,NA
gamemd.exe,18224,0x42C3CE0,D3D9,0,0,1,Hardware: Independent Flip,32951.8512,NA,16.59710000000000,17.47120000000000,2.72660000000000,5.31920000000000,5.4746,NA,32936.8654,17.7124,14.9858,2.7266,15.8924,4.4126,4.3157,0.0969,-0.6675,32936.8654,NA,NA
gamemd.exe,18224,0x42C3CE0,D3D9,0,0,1,Hardware: Independent Flip,32969.2913,NA,17.44010000000000,17.74290000000000,1.38670000000000,5.46420000000000,5.7774,NA,32954.5778,16.1002,14.7135,1.3867,15.3137,4.8640,4.2704,0.5936,-0.0305,32954.5778,NA,NA
gamemd.exe,18224,0x42C3CE0,D3D9,0,0,1,Hardware: Independent Flip,32985.4826,NA,16.19130000000000,15.49430000000000,2.07030000000000,4.93210000000000,5.0804,NA,32970.6780,16.8749,14.8046,2.0703,15.5282,4.2085,4.0745,0.1340,0.6059,32970.6780,NA,NA
gamemd.exe,18224,0x42C3CE0,D3D9,0,0,1,Hardware: Independent Flip,33002.2804,NA,16.79780000000000,16.66040000000000,2.19510000000000,4.82840000000000,4.9430,NA,32987.5529,16.9226,14.7275,2.1951,15.4906,4.0653,3.9457,0.1196,0.2145,32987.5529,NA,NA
gamemd.exe,18224,0x42C3CE0,D3D9,0,0,1,Hardware: Independent Flip,33018.9265,NA,16.64610000000000,16.30440000000000,2.05520000000000,4.49080000000000,4.6013,NA,33004.4755,16.5062,14.4510,2.0552,15.1378,3.8040,3.7286,0.0754,0.6182,33004.4755,NA,NA
gamemd.exe,18224,0x42C3CE0,D3D9,0,0,1,Hardware: Independent Flip,33035.4197,NA,16.49320000000000,16.51510000000000,1.79070000000000,4.51240000000000,4.6232,NA,33020.9817,16.2287,14.4380,1.7907,15.1065,3.8439,3.7565,0.0874,-0.0089,33020.9817,NA,NA
gamemd.exe,18224,0x42C3CE0,D3D9,0,0,1,Hardware: Independent Flip,33053.0696,NA,17.64990000000000,18.53740000000000,1.46600000000000,5.25960000000000,5.5107,NA,33037.2104,17.3252,15.8592,1.4660,16.5083,4.6105,4.0446,0.5659,-2.3087,33037.2104,NA,NA
gamemd.exe,18224,0x42C3CE0,D3D9,0,0,1,Hardware: Independent Flip,33069.2192,NA,16.14960000000000,15.60120000000000,1.92510000000000,4.80170000000000,4.9623,NA,33054.5356,16.6087,14.6836,1.9251,15.3672,4.1181,4.0271,0.0910,1.7240,33054.5356,NA,NA
gamemd.exe,18224,0x42C3CE0,D3D9,0,0,1,Hardware: Independent Flip,33085.8254,NA,16.60620000000000,16.38830000000000,1.82340000000000,4.62760000000000,4.7444,NA,33071.1443,16.5045,14.6811,1.8234,15.5830,3.7257,3.6522,0.0735,0.2204,33071.1443,6.3454,NA
gamemd.exe,18224,0x42C3CE0,D3D9,0,0,1,Hardware: Independent Flip,33101.9900,NA,16.16460000000000,16.38670000000000,2.30690000000000,4.85560000000000,4.9665,NA,33087.6488,16.6481,14.3412,2.3069,15.2373,3.9595,3.8931,0.0664,0.1178,33087.6488,14.7239,NA
gamemd.exe,18224,0x42C3CE0,D3D9,0,0,1,Hardware: Independent Flip,33118.9215,NA,16.93150000000000,17.03080000000000,2.01960000000000,4.92950000000000,5.0658,NA,33104.2969,16.6442,14.6246,2.0196,15.6409,3.9132,3.7693,0.1439,-0.3827,33104.2969,15.7048,NA
gamemd.exe,18224,0x42C3CE0,D3D9,0,0,1,Hardware: Independent Flip,33135.6486,NA,16.72710000000000,16.56390000000000,2.01390000000000,4.75890000000000,4.9026,NA,33120.9411,16.7214,14.7075,2.0139,15.6179,3.8485,3.7778,0.0707,0.0803,33120.9411,8.2661,NA
gamemd.exe,18224,0x42C3CE0,D3D9,0,0,1,Hardware: Independent Flip,33152.1929,NA,16.54430000000000,16.37700000000000,1.53860000000000,4.60530000000000,4.7353,NA,33137.6625,16.0690,14.5304,1.5386,15.2251,3.9106,3.8367,0.0739,0.3444,33137.6625,16.6063,NA
gamemd.exe,18224,0x42C3CE0,D3D9,0,0,1,Hardware: Independent Flip,33168.7123,NA,16.51940000000000,16.78470000000000,1.55730000000000,4.81000000000000,5.0006,NA,33153.7315,16.5381,14.9808,1.5573,15.5190,4.2718,4.1727,0.0991,-0.7157,33153.7315,17.4123,NA
gamemd.exe,18224,0x42C3CE0,D3D9,0,0,1,Hardware: Independent Flip,33186.1921,NA,17.47980000000000,17.89310000000000,1.49090000000000,5.19830000000000,5.4139,NA,33170.2696,17.4134,15.9225,1.4909,16.6381,4.4827,4.3545,0.1282,-1.3550,33170.2696,19.3714,NA
gamemd.exe,18224,0x42C3CE0,D3D9,0,0,1,Hardware: Independent Flip,33202.3924,NA,16.20030000000000,17.21970000000000,2.50560000000000,6.25860000000000,6.4333,NA,33187.6830,17.2150,14.7094,2.5056,16.3162,4.6518,3.9251,0.7267,0.1937,33187.6830,20.5881,NA
gamemd.exe,18224,0x42C3CE0,D3D9,0,0,1,Hardware: Independent Flip,33219.5177,NA,17.12530000000000,16.10260000000000,1.49570000000000,5.21610000000000,5.4106,NA,33204.8980,16.1154,14.6197,1.4957,15.3240,4.5118,3.9872,0.5246,1.1124,33204.8980,12.7270,NA
gamemd.exe,18224,0x42C3CE0,D3D9,0,0,1,Hardware: Independent Flip,33235.5126,NA,15.99490000000000,15.48630000000000,1.88490000000000,4.78840000000000,4.9020,NA,33221.0134,16.3841,14.4992,1.8849,15.3209,3.9667,3.8381,0.1286,0.6291,33221.0134,20.1935,NA
gamemd.exe,18224,0x42C3CE0,D3D9,0,0,1,Hardware: Independent Flip,33252.1143,NA,16.60170000000000,16.40370000000000,2.16480000000000,4.58130000000000,4.7040,NA,33237.3975,16.8816,14.7168,2.1648,15.6684,3.6297,3.5673,0.0624,-0.0196,33237.3975,20.5576,NA
gamemd.exe,18224,0x42C3CE0,D3D9,0,0,1,Hardware: Independent Flip,33269.8577,NA,17.74340000000000,18.32370000000000,1.55790000000000,5.07750000000000,5.2843,NA,33254.2791,17.1365,15.5786,1.5579,16.2067,4.4494,4.0158,0.4336,-1.4421,33254.2791,22.8868,NA
gamemd.exe,18224,0x42C3CE0,D3D9,0,0,1,Hardware: Independent Flip,33285.7145,NA,15.85680000000000,15.84970000000000,1.45400000000000,5.10300000000000,5.2772,NA,33271.4156,15.7529,14.2989,1.4540,14.9722,4.4297,3.8922,0.5375,1.2868,33271.4156,22.7501,NA
gamemd.exe,18224,0x42C3CE0,D3D9,0,0,1,Hardware: Independent Flip,33302.0482,NA,16.33370000000000,15.74510000000000,1.41780000000000,4.56460000000000,4.6886,NA,33287.1685,16.2975,14.8797,1.4178,15.5065,3.9378,3.8757,0.0621,0.0078,33287.1685,22.0900,NA
gamemd.exe,18224,0x42C3CE0,D3D9,0,0,1,Hardware: Independent Flip,33318.8597,NA,16.81150000000000,16.61070000000000,1.39170000000000,4.34020000000000,4.4878,NA,33303.4660,16.7854,15.3937,1.3917,15.9183,3.8156,3.7585,0.0571,-0.3132,33303.4660,22.7524,NA
gamemd.exe,18224,0x42C3CE0,D3D9,0,0,1,Hardware: Independent Flip,33335.5409,NA,16.68120000000000,16.71980000000000,1.33430000000000,4.37270000000000,4.5264,NA,33320.2514,16.6238,15.2895,1.3343,15.9659,3.6963,3.6184,0.0779,0.0656,33320.2514,23.6053,NA
gamemd.exe,18224,0x42C3CE0,D3D9,0,0,1,Hardware: Independent Flip,33352.6771,NA,17.13620000000000,17.60700000000000,1.58790000000000,4.79370000000000,4.9972,NA,33336.8752,17.3898,15.8019,1.5879,16.7343,3.8613,3.7594,0.1019,-0.9832,33336.8752,NA,NA
gamemd.exe,18224,0x42C3CE0,D3D9,0,0,1,Hardware: Independent Flip,33368.8378,NA,16.16070000000000,16.90540000000000,1.40000000000000,5.53390000000000,5.7419,NA,33354.2650,15.9728,14.5728,1.4000,15.2064,4.9003,4.3023,0.5980,0.4844,33354.2650,NA,NA
gamemd.exe,18224,0x42C3CE0,D3D9,0,0,1,Hardware: Independent Flip,33385.3644,NA,16.52660000000000,15.75990000000000,1.65590000000000,4.80460000000000,4.9752,NA,33370.2378,16.7825,15.1266,1.6559,15.7720,4.1592,4.0265,0.1327,0.2129,33370.2378,NA,NA
gamemd.exe,18224,0x42C3CE0,D3D9,0,0,1,Hardware: Independent Flip,33402.1211,NA,16.75670000000000,16.48630000000000,1.77010000000000,4.59080000000000,4.7048,NA,33387.0203,16.8709,15.1008,1.7701,15.7566,3.9350,3.8700,0.0650,0.2962,33387.0203,NA,NA
gamemd.exe,18224,0x42C3CE0,D3D9,0,0,1,Hardware: Independent Flip,33418.6453,NA,16.52420000000000,16.64330000000000,1.70790000000000,4.70760000000000,4.8239,NA,33403.8912,16.4620,14.7541,1.7079,15.7763,3.6854,3.6143,0.0711,0.2276,33403.8912,NA,NA
gamemd.exe,18224,0x42C3CE0,D3D9,0,0,1,Hardware: Independent Flip,33435.5980,NA,16.95270000000000,16.89250000000000,1.50420000000000,4.65110000000000,4.7637,NA,33420.3532,16.7490,15.2448,1.5042,16.2332,3.6627,3.5982,0.0645,-0.4305,33420.3532,NA,NA
gamemd.exe,18224,0x42C3CE0,D3D9,0,0,1,Hardware: Independent Flip,33452.2596,NA,16.66160000000000,16.74760000000000,2.26300000000000,4.73950000000000,4.8497,NA,33437.1022,17.4204,15.1574,2.2630,16.0047,3.8922,3.7838,0.1084,0.0014,33437.1022,NA,NA
gamemd.exe,18224,0x42C3CE0,D3D9,0,0,1,Hardware: Independent Flip,33468.8791,NA,16.61950000000000,16.62490000000000,2.00890000000000,4.73170000000000,4.8551,NA,33454.5226,16.3654,14.3565,2.0089,15.4196,3.6686,3.6054,0.0632,0.7955,33454.5226,NA,NA
gamemd.exe,18224,0x42C3CE0,D3D9,0,0,1,Hardware: Independent Flip,33485.2864,NA,16.40730000000000,16.78410000000000,1.38630000000000,5.00030000000000,5.2319,NA,33470.8880,15.7847,14.3984,1.3863,15.0541,4.3446,4.1956,0.1490,-0.4187,33470.8880,NA,NA
gamemd.exe,18224,0x42C3CE0,D3D9,0,0,1,Hardware: Independent Flip,33502.2062,NA,16.91980000000000,16.69390000000000,1.91480000000000,4.88980000000000,5.0060,NA,33486.6727,17.4483,15.5335,1.9148,16.2764,4.1469,4.0567,0.0902,-0.9092,33486.6727,NA,NA
gamemd.exe,18224,0x42C3CE0,D3D9,0,0,1,Hardware: Independent Flip,33519.6827,NA,17.47650000000000,17.41830000000000,1.50570000000000,4.83620000000000,4.9478,NA,33504.1210,17.0674,15.5617,1.5057,16.2110,4.1869,3.8157,0.3712,0.0300,33504.1210,NA,NA
gamemd.exe,18224,0x42C3CE0,D3D9,0,0,1,Hardware: Independent Flip,33535.6225,NA,15.93980000000000,16.00380000000000,1.57570000000000,4.90210000000000,5.0118,NA,33521.1884,16.0098,14.4341,1.5757,15.2474,4.0888,4.0207,0.0681,1.0636,33521.1884,NA,NA
gamemd.exe,18224,0x42C3CE0,D3D9,0,0,1,Hardware: Independent Flip,33552.3422,NA,16.71970000000000,16.21370000000000,1.71750000000000,4.39800000000000,4.5058,NA,33537.1982,16.8615,15.1440,1.7175,15.8793,3.6627,3.6075,0.0552,-0.2039,33537.1982,NA,NA
gamemd.exe,18224,0x42C3CE0,D3D9,0,0,1,Hardware: Independent Flip,33569.0651,NA,16.72290000000000,17.36250000000000,2.44470000000000,4.99060000000000,5.1454,NA,33554.0597,17.4501,15.0054,2.4447,15.8617,4.1343,4.0373,0.0970,-0.5010,33554.0597,NA,NA
gamemd.exe,18224,0x42C3CE0,D3D9,0,0,1,Hardware: Independent Flip,33585.7993,NA,16.73420000000000,17.84460000000000,2.25880000000000,6.07210000000000,6.2558,NA,33571.5098,16.5483,14.2895,2.2588,15.2109,5.1507,4.2737,0.8770,-0.3945,33571.5098,NA,NA
gamemd.exe,18224,0x42C3CE0,D3D9,0,0,1,Hardware: Independent Flip,33602.4084,NA,16.60910000000000,15.23670000000000,1.45840000000000,4.76080000000000,4.8834,NA,33588.0581,15.8087,14.3503,1.4584,15.0832,4.0279,3.9040,0.1239,1.3116,33588.0581,19.0358,NA
gamemd.exe,18224,0x42C3CE0,D3D9,0,0,1,Hardware: Independent Flip,33618.7902,NA,16.38180000000000,16.60520000000000,2.41710000000000,4.97630000000000,5.1068,NA,33603.8668,17.3405,14.9234,2.4171,15.8236,4.0761,3.9709,0.1052,-0.7965,33603.8668,19.6508,NA
gamemd.exe,18224,0x42C3CE0,D3D9,0,0,1,Hardware: Independent Flip,33635.4838,NA,16.69360000000000,16.44660000000000,2.12290000000000,4.74010000000000,4.8598,NA,33621.2073,16.3994,14.2765,2.1229,15.2461,3.7705,3.6987,0.0718,0.8939,33621.2073,20.1191,NA
gamemd.exe,18224,0x42C3CE0,D3D9,0,0,1,Hardware: Independent Flip,33652.2313,NA,16.74750000000000,16.96370000000000,2.24790000000000,4.96180000000000,5.0760,NA,33637.6067,16.8725,14.6246,2.2479,15.8468,3.7396,3.6811,0.0585,-0.5643,33637.6067,21.0795,NA
gamemd.exe,18224,0x42C3CE0,D3D9,0,0,1,Hardware: Independent Flip,33668.5213,NA,16.29000000000000,16.37480000000000,1.37890000000000,4.97150000000000,5.1608,NA,33654.4792,15.4210,14.0421,1.3789,14.6576,4.3560,4.1925,0.1635,0.4977,33654.4792,21.4017,NA
gamemd.exe,18224,0x42C3CE0,D3D9,0,0,1,Hardware: Independent Flip,33685.3261,NA,16.80480000000000,17.81180000000000,2.25690000000000,5.90010000000000,6.1678,NA,33669.9002,17.6828,15.4259,2.2569,16.9114,4.4146,3.9608,0.4538,-2.3908,33669.9002,31.2836,NA
gamemd.exe,18224,0x42C3CE0,D3D9,0,0,1,Hardware: Independent Flip,33701.9706,NA,16.64450000000000,15.29410000000000,1.39690000000000,4.66850000000000,4.8174,NA,33687.5830,15.7845,14.3876,1.3969,15.0074,4.0487,3.9708,0.0779,2.3887,33687.5830,NA,NA
gamemd.exe,18224,0x42C3CE0,D3D9,0,0,1,Hardware: Independent Flip,33718.7990,NA,16.82840000000000,16.71030000000000,1.39740000000000,4.47170000000000,4.6993,NA,33703.3675,16.8289,15.4315,1.3974,16.0156,3.8876,3.8168,0.0708,-0.9258,33703.3675,NA,NA
gamemd.exe,18224,0x42C3CE0,D3D9,0,0,1,Hardware: Independent Flip,33735.4768,NA,16.67780000000000,16.60860000000000,1.15660000000000,4.46420000000000,4.6301,NA,33720.1964,16.4370,15.2804,1.1566,15.9822,3.7624,3.7076,0.0548,0.2203,33720.1964,NA,NA
gamemd.exe,18224,0x42C3CE0,D3D9,0,0,1,Hardware: Independent Flip,33751.8420,NA,16.36520000000000,16.34290000000000,1.40560000000000,4.47400000000000,4.6078,NA,33736.6334,16.6142,15.2086,1.4056,15.9658,3.7168,3.6165,0.1003,0.0941,33736.6334,NA,NA
gamemd.exe,18224,0x42C3CE0,D3D9,0,0,1,Hardware: Independent Flip,33768.5631,NA,16.72110000000000,16.64990000000000,1.53230000000000,4.40060000000000,4.5366,NA,33753.2476,16.8478,15.3155,1.5323,15.8443,3.8718,3.7745,0.0973,-0.0357,33753.2476,NA,NA
gamemd.exe,18224,0x42C3CE0,D3D9,0,0,1,Hardware: Independent Flip,33785.7770,NA,17.21390000000000,17.61430000000000,1.74720000000000,4.74970000000000,4.9370,NA,33770.0954,17.4288,15.6816,1.7472,16.6583,3.7730,3.6697,0.1033,-0.7665,33770.0954,NA,NA
gamemd.exe,18224,0x42C3CE0,D3D9,0,0,1,Hardware: Independent Flip,33802.8162,NA,17.03920000000000,17.85010000000000,1.77340000000000,5.55000000000000,5.7479,NA,33787.5242,17.0654,15.2920,1.7734,16.0379,4.8041,4.2925,0.5116,-0.4213,33787.5242,NA,NA
gamemd.exe,18224,0x42C3CE0,D3D9,0,0,1,Hardware: Independent Flip,33818.9506,NA,16.13440000000000,15.52220000000000,1.84350000000000,5.01300000000000,5.1357,NA,33804.5896,16.2045,14.3610,1.8435,15.2022,4.1718,4.0612,0.1106,1.5432,33804.5896,NA,NA
gamemd.exe,18224,0x42C3CE0,D3D9,0,0,1,Hardware: Independent Flip,33835.5030,NA,16.55240000000000,16.33320000000000,2.21780000000000,4.78380000000000,4.9165,NA,33820.7941,16.9267,14.7089,2.2178,15.4634,4.0293,3.9415,0.0878,-0.1287,33820.7941,NA,NA
gamemd.exe,18224,0x42C3CE0,D3D9,0,0,1,Hardware: Independent Flip,33852.0962,NA,16.59320000000000,16.39400000000000,1.94650000000000,4.60550000000000,4.7173,NA,33837.7208,16.3219,14.3754,1.9465,15.1672,3.8137,3.7508,0.0629,0.5327,33837.7208,36.5954,NA
gamemd.exe,18224,0x42C3CE0,D3D9,0,0,1,Hardware: Independent Flip,33868.8581,NA,16.76190000000000,16.68350000000000,1.46740000000000,4.52430000000000,4.6389,NA,33854.0427,16.2828,14.8154,1.4674,15.6517,3.6880,3.6246,0.0634,-0.3616,33854.0427,NA,NA
gamemd.exe,18224,0x42C3CE0,D3D9,0,0,1,Hardware: Independent Flip,33885.3205,NA,16.46240000000000,16.83620000000000,1.72470000000000,4.83740000000000,5.0127,NA,33870.3255,16.7197,14.9950,1.7247,15.5588,4.2736,4.1603,0.1133,-0.5534,33870.3255,NA,NA
gamemd.exe,18224,0x42C3CE0,D3D9,0,0,1,Hardware: Independent Flip,33902.1839,NA,16.86340000000000,18.72320000000000,2.50920000000000,6.62570000000000,6.8725,NA,33887.0452,17.6479,15.1387,2.5092,16.8221,4.9423,4.1023,0.8400,-2.0035,33887.0452,16.8397,16.8397
gamemd.exe,18224,0x42C3CE0,D3D9,0,0,1,Hardware: Independent Flip,33919.3017,NA,17.11780000000000,15.58880000000000,1.46050000000000,5.03010000000000,5.3435,NA,33904.6931,16.0691,14.6086,1.4605,15.2481,4.3906,3.9978,0.3928,2.0591,33904.6931,NA,NA
gamemd.exe,18224,0x42C3CE0,D3D9,0,0,1,Hardware: Independent Flip,33935.3745,NA,16.07280000000000,15.92260000000000,1.47360000000000,5.06620000000000,5.1933,NA,33920.7622,16.0859,14.6123,1.4736,15.2038,4.4747,4.3552,0.1195,0.1465,33920.7622,NA,NA
gamemd.exe,18224,0x42C3CE0,D3D9,0,0,1,Hardware: Independent Flip,33951.9544,NA,16.57990000000000,16.39300000000000,1.32940000000000,4.88520000000000,5.0064,NA,33936.8481,16.4357,15.1063,1.3294,15.7293,4.2622,3.8758,0.3864,-0.3071,33936.8481,NA,NA
gamemd.exe,18224,0x42C3CE0,D3D9,0,0,1,Hardware: Independent Flip,33968.5912,NA,16.63680000000000,16.29410000000000,1.60120000000000,4.52300000000000,4.6637,NA,33953.2838,16.9086,15.3074,1.6012,15.9782,3.8522,3.7824,0.0698,0.1416,33953.2838,NA,NA
gamemd.exe,18224,0x42C3CE0,D3D9,0,0,1,Hardware: Independent Flip,33985.5788,NA,16.98760000000000,17.81560000000000,1.46970000000000,5.31920000000000,5.4917,NA,33970.1924,16.8561,15.3864,1.4697,16.0482,4.6574,4.2599,0.3975,-0.9070,33970.1924,18.8501,18.8501
gamemd.exe,18224,0x42C3CE0,D3D9,0,0,1,Hardware: Independent Flip,34001.8972,NA,16.31840000000000,15.89890000000000,1.53910000000000,4.89690000000000,5.0722,NA,33987.0485,16.3878,14.8487,1.5391,15.5688,4.1768,4.0974,0.0794,0.9572,33987.0485,NA,NA
gamemd.exe,18224,0x42C3CE0,D3D9,0,0,1,Hardware: Independent Flip,34018.5660,NA,16.66880000000000,16.08790000000000,1.57110000000000,4.36850000000000,4.4913,NA,34003.4363,16.7008,15.1297,1.5711,15.7726,3.7256,3.6686,0.0570,0.2999,34003.4363,NA,NA
gamemd.exe,18224,0x42C3CE0,D3D9,0,0,1,Hardware: Independent Flip,34035.2967,NA,16.73070000000000,16.70570000000000,1.36980000000000,4.35780000000000,4.4663,NA,34020.1371,16.5294,15.1596,1.3698,15.8453,3.6721,3.6050,0.0671,-0.0049,34020.1371,NA,NA
gamemd.exe,18224,0x42C3CE0,D3D9,0,0,1,Hardware: Independent Flip,34052.2437,NA,16.94700000000000,17.45820000000000,1.82420000000000,4.86200000000000,4.9775,NA,34036.6665,17.4014,15.5772,1.8242,16.7537,3.6855,3.6193,0.0662,-0.9288,34036.6665,NA,NA
gamemd.exe,18224,0x42C3CE0,D3D9,0,0,1,Hardware: Independent Flip,34068.8568,NA,16.61310000000000,16.06730000000000,1.35870000000000,4.29620000000000,4.4317,NA,34054.0679,16.1476,14.7889,1.3587,15.5127,3.5724,3.4933,0.0791,1.3341,34054.0679,NA,NA
gamemd.exe,18224,0x42C3CE0,D3D9,0,0,1,Hardware: Independent Flip,34085.6024,NA,16.74560000000000,17.25250000000000,1.88330000000000,4.74560000000000,4.9386,NA,34070.2155,17.2702,15.3869,1.8833,16.2844,3.8481,3.7517,0.0964,-1.1049,34070.2155,NA,NA
gamemd.exe,18224,0x42C3CE0,D3D9,0,0,1,Hardware: Independent Flip,34102.1400,NA,16.53760000000000,17.05920000000000,1.37590000000000,5.27160000000000,5.4602,NA,34087.4857,16.0302,14.6543,1.3759,15.2447,4.6812,4.0860,0.5952,0.2110,34087.4857,NA,NA
gamemd.exe,18224,0x42C3CE0,D3D9,0,0,1,Hardware: Independent Flip,34118.9020,NA,16.76200000000000,15.91650000000000,1.55720000000000,4.47240000000000,4.6147,NA,34103.5159,16.9433,15.3861,1.5572,16.0267,3.8318,3.7664,0.0654,0.1137,34103.5159,NA,NA
gamemd.exe,18224,0x42C3CE0,D3D9,0,0,1,Hardware: Independent Flip,34135.5192,NA,16.61720000000000,16.50510000000000,1.27070000000000,4.36220000000000,4.5026,NA,34120.4592,16.3307,15.0600,1.2707,15.6133,3.8089,3.7313,0.0776,0.4382,34120.4592,NA,NA
gamemd.exe,18224,0x42C3CE0,D3D9,0,0,1,Hardware: Independent Flip,34152.4305,NA,16.91130000000000,17.01540000000000,1.48880000000000,4.44450000000000,4.6067,NA,34136.7899,17.1294,15.6406,1.4888,16.2184,3.8667,3.7968,0.0699,-0.6847,34136.7899,NA,NA
gamemd.exe,18224,0x42C3CE0,D3D9,0,0,1,Hardware: Independent Flip,34168.6623,NA,16.23180000000000,16.78380000000000,1.71350000000000,4.98400000000000,5.1587,NA,34153.9193,16.4565,14.7430,1.7135,15.2987,4.4283,4.3162,0.1121,0.3456,34153.9193,NA,NA
gamemd.exe,18224,0x42C3CE0,D3D9,0,0,1,Hardware: Independent Flip,34186.0315,NA,17.36920000000000,17.88650000000000,1.45520000000000,5.46610000000000,5.6760,NA,34170.3758,17.1109,15.6557,1.4552,16.3048,4.8170,4.3108,0.5062,-1.4300,34170.3758,NA,NA
gamemd.exe,18224,0x42C3CE0,D3D9,0,0,1,Hardware: Independent Flip,34202.1426,NA,16.11110000000000,15.41310000000000,1.94260000000000,4.86550000000000,4.9780,NA,34187.4867,16.5985,14.6559,1.9426,15.6492,3.8722,3.8124,0.0598,1.6978,34187.4867,NA,NA
gamemd.exe,18224,0x42C3CE0,D3D9,0,0,1,Hardware: Independent Flip,34218.4870,NA,16.34440000000000,16.90800000000000,1.82270000000000,5.36540000000000,5.5416,NA,34204.0852,16.2245,14.4018,1.8227,14.9949,4.7723,4.3780,0.3943,-0.3095,34204.0852,NA,NA
gamemd.exe,18224,0x42C3CE0,D3D9,0,0,1,Hardware: Independent Flip,34235.3683,NA,16.88130000000000,16.74730000000000,1.60620000000000,5.21190000000000,5.4076,NA,34220.3097,16.6648,15.0586,1.6062,15.6754,4.5951,4.4849,0.1102,-0.5228,34220.3097,12.5569,12.5569
gamemd.exe,18224,0x42C3CE0,D3D9,0,0,1,Hardware: Independent Flip,34252.2905,NA,16.92220000000000,16.25390000000000,1.77350000000000,4.60160000000000,4.7393,NA,34236.9745,17.0895,15.3160,1.7735,16.1974,3.7202,3.6649,0.0553,0.4109,34236.9745,NA,NA
gamemd.exe,18224,0x42C3CE0,D3D9,0,0,1,Hardware: Independent Flip,34268.6966,NA,16.40610000000000,16.37800000000000,2.06490000000000,4.59990000000000,4.7112,NA,34254.0640,16.6975,14.6326,2.0649,15.3466,3.8859,3.8222,0.0637,0.7115,34254.0640,NA,NA
gamemd.exe,18224,0x42C3CE0,D3D9,0,0,1,Hardware: Independent Flip,34285.7856,NA,17.08900000000000,16.97450000000000,1.73710000000000,4.48390000000000,4.5967,NA,34270.7615,16.7612,15.0241,1.7371,15.7727,3.7353,3.6815,0.0538,-0.2770,34270.7615,NA,NA
gamemd.exe,18224,0x42C3CE0,D3D9,0,0,1,Hardware: Independent Flip,34302.6860,NA,16.90040000000000,16.94020000000000,1.54910000000000,4.53020000000000,4.6365,NA,34287.5227,16.7124,15.1633,1.5491,15.8776,3.8159,3.7628,0.0531,-0.1790,34287.5227,NA,NA
gamemd.exe,18224,0x42C3CE0,D3D9,0,0,1,Hardware: Independent Flip,34318.7059,NA,16.01990000000000,15.89430000000000,1.40940000000000,4.39230000000000,4.5109,NA,34304.2351,15.8802,14.4708,1.4094,15.0886,3.7745,3.7021,0.0724,0.8181,34304.2351,NA,NA
gamemd.exe,18224,0x42C3CE0,D3D9,0,0,1,Hardware: Independent Flip,34335.6336,NA,16.92770000000000,17.35490000000000,1.86850000000000,4.79680000000000,4.9381,NA,34320.1153,17.3868,15.5183,1.8685,16.5297,3.7854,3.6621,0.1233,-1.4747,34320.1153,NA,NA
gamemd.exe,18224,0x42C3CE0,D3D9,0,0,1,Hardware: Independent Flip,34352.7270,NA,17.09340000000000,17.22570000000000,1.38930000000000,4.87960000000000,5.0704,NA,34337.5021,16.6142,15.2249,1.3893,15.8332,4.2713,3.7762,0.4951,0.1611,34337.5021,24.8519,24.8519
gamemd.exe,18224,0x42C3CE0,D3D9,0,0,1,Hardware: Independent Flip,34368.9135,NA,16.18650000000000,16.21310000000000,1.49380000000000,4.95210000000000,5.0970,NA,34354.1163,16.2910,14.7972,1.4938,15.5182,4.2311,4.1448,0.0863,0.4011,34354.1163,NA,NA
gamemd.exe,18224,0x42C3CE0,D3D9,0,0,1,Hardware: Independent Flip,34385.5938,NA,16.68030000000000,16.25270000000000,1.66720000000000,4.55830000000000,4.6694,NA,34370.4073,16.8537,15.1865,1.6672,15.9950,3.7498,3.6698,0.0800,0.0383,34370.4073,NA,NA
gamemd.exe,18224,0x42C3CE0,D3D9,0,0,1,Hardware: Independent Flip,34402.2890,NA,16.69520000000000,16.97970000000000,1.66850000000000,4.79780000000000,4.9539,NA,34387.2610,16.6965,15.0280,1.6685,15.6736,4.1522,4.0506,0.1016,-0.1260,34387.2610,NA,NA
gamemd.exe,18224,0x42C3CE0,D3D9,0,0,1,Hardware: Independent Flip,34419.1316,NA,16.84260000000000,17.26950000000000,1.46610000000000,5.21380000000000,5.3808,NA,34403.9575,16.6402,15.1741,1.4661,15.8112,4.5767,4.0206,0.5561,-0.5730,34403.9575,NA,NA
gamemd.exe,18224,0x42C3CE0,D3D9,0,0,1,Hardware: Independent Flip,34435.7596,NA,16.62800000000000,17.21240000000000,2.02990000000000,5.63860000000000,5.9652,NA,34420.5977,17.1918,15.1619,2.0299,16.4207,4.3798,3.9308,0.4490,-0.5722,34420.5977,NA,NA
gamemd.exe,18224,0x42C3CE0,D3D9,0,0,1,Hardware: Independent Flip,34452.9509,NA,17.19130000000000,16.73120000000000,1.64690000000000,5.27670000000000,5.5051,NA,34437.7895,16.8083,15.1614,1.6469,15.8676,4.5705,4.0708,0.4997,0.4606,34437.7895,22.0848,NA
gamemd.exe,18224,0x42C3CE0,D3D9,0,0,1,Hardware: Independent Flip,34469.8059,NA,16.85500000000000,16.51360000000000,1.17550000000000,4.97140000000000,5.1637,NA,34454.5978,16.3836,15.2081,1.1755,15.7341,4.4454,3.9233,0.5221,0.2947,34454.5978,22.4324,NA
gamemd.exe,18224,0x42C3CE0,D3D9,0,0,1,Hardware: Independent Flip,34485.4579,NA,15.65200000000000,15.05100000000000,1.44890000000000,4.43150000000000,4.5627,NA,34470.9814,15.9254,14.4765,1.4489,15.0854,3.8226,3.7539,0.0687,1.3326,34470.9814,21.7765,NA
gamemd.exe,18224,0x42C3CE0,D3D9,0,0,1,Hardware: Independent Flip,34502.1346,NA,16.67670000000000,16.77570000000000,1.62600000000000,4.54380000000000,4.6617,NA,34486.9068,16.8538,15.2278,1.6260,16.1548,3.6168,3.5603,0.0565,-0.8503,34486.9068,22.5032,NA
gamemd.exe,18224,0x42C3CE0,D3D9,0,0,1,Hardware: Independent Flip,34519.1234,NA,16.98880000000000,17.46880000000000,1.88930000000000,5.00600000000000,5.1417,NA,34503.7606,17.2521,15.3628,1.8893,16.5706,3.7982,3.6462,0.1520,-0.6150,34503.7606,24.0163,NA
gamemd.exe,18224,0x42C3CE0,D3D9,0,0,1,Hardware: Independent Flip,34535.4416,NA,16.31820000000000,16.24630000000000,1.63970000000000,4.83190000000000,5.0698,NA,34521.0127,16.0686,14.4289,1.6397,15.2277,4.0331,3.9463,0.0868,1.0058,34521.0127,24.0914,NA
gamemd.exe,18224,0x42C3CE0,D3D9,0,0,1,Hardware: Independent Flip,34552.6684,NA,17.22680000000000,17.54770000000000,1.56650000000000,5.21310000000000,5.3907,NA,34537.0813,17.1536,15.5871,1.5665,16.1749,4.6253,4.0905,0.5348,-1.4791,34537.0813,NA,NA
gamemd.exe,18224,0x42C3CE0,D3D9,0,0,1,Hardware: Independent Flip,34568.5343,NA,15.86590000000000,15.50170000000000,1.98920000000000,4.90760000000000,5.0265,NA,34554.2349,16.2886,14.2994,1.9892,14.8979,4.3091,4.1762,0.1329,1.6519,34554.2349,NA,NA
gamemd.exe,18224,0x42C3CE0,D3D9,0,0,1,Hardware: Independent Flip,34585.3302,NA,16.79590000000000,16.33470000000000,1.71530000000000,4.44940000000000,4.5653,NA,34570.5235,16.5220,14.8067,1.7153,15.3897,3.8664,3.7615,0.1049,-0.0461,34570.5235,NA,NA
gamemd.exe,18224,0x42C3CE0,D3D9,0,0,1,Hardware: Independent Flip,34601.9101,NA,16.57990000000000,16.97210000000000,2.24400000000000,4.84670000000000,4.9575,NA,34587.0455,17.1086,14.8646,2.2440,15.6442,4.0671,3.9782,0.0889,-0.4501,34587.0455,26.5829,26.5829
gamemd.exe,18224,0x42C3CE0,D3D9,0,0,1,Hardware: Independent Flip,34618.4155,NA,16.50540000000000,16.23510000000000,1.75760000000000,4.57470000000000,4.6872,NA,34604.1541,16.0190,14.2614,1.7576,14.9038,3.9323,3.8151,0.1172,0.8735,34604.1541,NA,NA
gamemd.exe,18224,0x42C3CE0,D3D9,0,0,1,Hardware: Independent Flip,34635.3577,NA,16.94220000000000,17.58340000000000,1.64910000000000,5.10670000000000,5.3284,NA,34620.1731,16.8337,15.1846,1.6491,15.8913,4.4000,4.2557,0.1443,-1.5644,34620.1731,NA,NA
gamemd.exe,18224,0x42C3CE0,D3D9,0,0,1,Hardware: Independent Flip,34652.4632,NA,17.10550000000000,17.00520000000000,2.56370000000000,5.04970000000000,5.2281,NA,34637.0068,18.0201,15.4564,2.5637,16.5304,3.9757,3.8774,0.0983,-0.1715,34637.0068,NA,NA
gamemd.exe,18224,0x42C3CE0,D3D9,0,0,1,Hardware: Independent Flip,34669.4426,NA,16.97940000000000,15.97120000000000,1.09340000000000,4.08910000000000,4.2199,NA,34655.0269,15.5091,14.4157,1.0934,14.9392,3.5656,3.5168,0.0488,2.0489,34655.0269,21.3908,21.3908
gamemd.exe,18224,0x42C3CE0,D3D9,0,0,1,Hardware: Independent Flip,34685.3684,NA,15.92580000000000,16.46470000000000,2.27050000000000,4.62810000000000,4.7588,NA,34670.5360,17.1029,14.8324,2.2705,15.5662,3.8943,3.8286,0.0657,-0.9556,34670.5360,NA,NA
gamemd.exe,18224,0x42C3CE0,D3D9,0,0,1,Hardware: Independent Flip,34702.1944,NA,16.82600000000000,16.70390000000000,1.46170000000000,4.48240000000000,4.6367,NA,34687.6389,16.0172,14.5555,1.4617,15.3147,3.7232,3.6556,0.0676,0.3990,34687.6389,NA,NA
gamemd.exe,18224,0x42C3CE0,D3D9,0,0,1,Hardware: Independent Flip,34718.5678,NA,16.37340000000000,16.49290000000000,1.63750000000000,4.62480000000000,4.7562,NA,34703.6561,16.5492,14.9117,1.6375,15.4456,4.0909,3.9491,0.1418,-0.4757,34703.6561,NA,NA
gamemd.exe,18224,0x42C3CE0,D3D9,0,0,1,Hardware: Independent Flip,34735.7913,NA,17.22350000000000,17.17330000000000,1.94370000000000,4.57840000000000,4.7060,NA,34720.2053,17.5297,15.5860,1.9437,16.4253,3.7391,3.6793,0.0598,-0.6241,34720.2053,NA,NA
gamemd.exe,18224,0x42C3CE0,D3D9,0,0,1,Hardware: Independent Flip,34752.2589,NA,16.46760000000000,16.76760000000000,2.07310000000000,4.86560000000000,5.0060,NA,34737.7350,16.5970,14.5239,2.0731,15.6525,3.7370,3.6468,0.0902,0.7621,34737.7350,NA,NA
gamemd.exe,18224,0x42C3CE0,D3D9,0,0,1,Hardware: Independent Flip,34769.0659,NA,16.80700000000000,17.23640000000000,1.41370000000000,5.26610000000000,5.4354,NA,34754.3320,16.1476,14.7339,1.4137,15.4311,4.5689,4.4661,0.1028,-0.6394,34754.3320,NA,NA
gamemd.exe,18224,0x42C3CE0,D3D9,0,0,1,Hardware: Independent Flip,34785.3328,NA,16.26690000000000,15.88870000000000,1.49120000000000,4.79680000000000,5.0572,NA,34770.4796,16.3444,14.8532,1.4912,15.5508,4.0992,3.6915,0.4077,0.2589,34770.4796,18.1589,18.1589
gamemd.exe,18224,0x42C3CE0,D3D9,0,0,1,Hardware: Independent Flip,34801.8550,NA,16.52220000000000,16.18390000000000,1.65540000000000,4.59240000000000,4.7189,NA,34786.8240,16.6864,15.0310,1.6554,15.7637,3.8597,3.7944,0.0653,0.1605,34786.8240,NA,NA
gamemd.exe,18224,0x42C3CE0,D3D9,0,0,1,Hardware: Independent Flip,34818.5104,NA,16.65540000000000,16.58970000000000,1.44670000000000,4.53580000000000,4.6532,NA,34803.5104,16.4467,15.0000,1.4467,15.6475,3.8883,3.8097,0.0786,0.0967,34803.5104,NA,NA
gamemd.exe,18224,0x42C3CE0,D3D9,0,0,1,Hardware: Independent Flip,34835.3121,NA,16.80170000000000,16.67830000000000,1.47600000000000,4.40870000000000,4.5298,NA,34819.9571,16.8310,15.3550,1.4760,16.0061,3.7576,3.6680,0.0896,-0.2316,34819.9571,NA,NA
gamemd.exe,18224,0x42C3CE0,D3D9,0,0,1,Hardware: Independent Flip,34853.1504,NA,17.83830000000000,18.95270000000000,1.41700000000000,5.37600000000000,5.6442,NA,34836.7881,17.7793,16.3623,1.4170,17.0693,4.6690,3.9115,0.7575,-2.1217,34836.7881,NA,NA
gamemd.exe,18224,0x42C3CE0,D3D9,0,0,1,Hardware: Independent Flip,34869.6932,NA,16.54280000000000,16.62630000000000,1.61250000000000,5.35310000000000,5.7277,NA,34854.5674,16.7383,15.1258,1.6125,15.9683,4.5106,4.0475,0.4631,1.1530,34854.5674,NA,NA
gamemd.exe,18224,0x42C3CE0,D3D9,0,0,1,Hardware: Independent Flip,34885.5805,NA,15.88730000000000,14.85090000000000,1.83010000000000,4.57800000000000,4.6913,NA,34871.3057,16.1049,14.2748,1.8301,15.0986,3.7542,3.6969,0.0573,1.8874,34871.3057,NA,NA
gamemd.exe,18224,0x42C3CE0,D3D9,0,0,1,Hardware: Independent Flip,34902.3573,NA,16.77680000000000,16.54350000000000,1.24530000000000,4.34360000000000,4.4580,NA,34887.4106,16.1920,14.9467,1.2453,15.7411,3.5492,3.4957,0.0535,-0.4386,34887.4106,22.5624,22.5624
gamemd.exe,18224,0x42C3CE0,D3D9,0,0,1,Hardware: Independent Flip,34919.1669,NA,16.80960000000000,16.68380000000000,1.12630000000000,4.15920000000000,4.3322,NA,34903.6026,16.6906,15.5643,1.1263,16.1271,3.5964,3.5207,0.0757,-0.4918,34903.6026,NA,NA
gamemd.exe,18224,0x42C3CE0,D3D9,0,0,1,Hardware: Independent Flip,34935.8826,NA,16.71570000000000,17.43300000000000,1.79400000000000,4.89270000000000,5.0495,NA,34920.2932,17.3834,15.5894,1.7940,16.6389,3.8432,3.7334,0.1098,-0.7424,34920.2932,NA,NA
gamemd.exe,18224,0x42C3CE0,D3D9,0,0,1,Hardware: Independent Flip,34952.9103,NA,17.02770000000000,17.35700000000000,1.56850000000000,5.21060000000000,5.3788,NA,34937.6766,16.8022,15.2337,1.5685,15.9501,4.4942,4.3073,0.1869,0.0264,34937.6766,NA,NA
gamemd.exe,18224,0x42C3CE0,D3D9,0,0,1,Hardware: Independent Flip,34969.0070,NA,16.09670000000000,15.39450000000000,1.72640000000000,4.55450000000000,4.6766,NA,34954.4788,16.2546,14.5282,1.7264,15.1814,3.9013,3.8126,0.0887,1.4077,34954.4788,NA,NA
gamemd.exe,18224,0x42C3CE0,D3D9,0,0,1,Hardware: Independent Flip,34985.4901,NA,16.48310000000000,16.21900000000000,1.49950000000000,4.28730000000000,4.4125,NA,34970.7334,16.2562,14.7567,1.4995,15.2835,3.7605,3.6611,0.0994,0.0356,34970.7334,NA,NA
gamemd.exe,18224,0x42C3CE0,D3D9,0,0,1,Hardware: Independent Flip,35002.2631,NA,16.77300000000000,17.01150000000000,1.48350000000000,4.53860000000000,4.6510,NA,34986.9896,16.7570,15.2735,1.4835,16.1984,3.6137,3.5608,0.0529,-0.7553,34986.9896,NA,NA
gamemd.exe,18224,0x42C3CE0,D3D9,0,0,1,Hardware: Independent Flip,35018.6951,NA,16.43200000000000,16.41200000000000,1.64660000000000,4.51660000000000,4.6310,NA,35003.7466,16.5951,14.9485,1.6466,15.7478,3.7173,3.6435,0.0738,0.3450,35003.7466,NA,NA
gamemd.exe,18224,0x42C3CE0,D3D9,0,0,1,Hardware: Independent Flip,35035.1176,NA,16.42250000000000,16.85410000000000,1.76000000000000,4.94990000000000,5.0626,NA,35020.3417,16.5359,14.7759,1.7600,15.5423,4.1835,4.0240,0.1595,-0.2590,35020.3417,NA,NA
gamemd.exe,18224,0x42C3CE0,D3D9,0,0,1,Hardware: Independent Flip,35052.3404,NA,17.22280000000000,17.51150000000000,1.58740000000000,5.16840000000000,5.3513,NA,35036.8776,17.0502,15.4628,1.5874,16.1376,4.4936,4.3026,0.1910,-0.9756,35036.8776,NA,NA
gamemd.exe,18224,0x42C3CE0,D3D9,0,0,1,Hardware: Independent Flip,35069.1733,NA,16.83290000000000,16.72290000000000,1.60240000000000,5.09800000000000,5.2413,NA,35053.9278,16.8479,15.2455,1.6024,15.8788,4.4647,4.3429,0.1218,0.3273,35053.9278,NA,NA
gamemd.exe,18224,0x42C3CE0,D3D9,0,0,1,Hardware: Independent Flip,35085.4165,NA,16.24320000000000,16.21630000000000,1.47600000000000,5.02210000000000,5.2144,NA,35070.7757,16.1168,14.6408,1.4760,15.2951,4.3678,3.9723,0.3955,0.6316,35070.7757,NA,NA
gamemd.exe,18224,0x42C3CE0,D3D9,0,0,1,Hardware: Independent Flip,35102.1308,NA,16.71430000000000,16.82240000000000,1.95260000000000,5.14110000000000,5.3225,NA,35086.8925,17.1909,15.2383,1.9526,16.3334,4.0460,3.9963,0.0497,-0.7056,35086.8925,NA,NA
gamemd.exe,18224,0x42C3CE0,D3D9,0,0,1,Hardware: Independent Flip,35118.8564,NA,16.72560000000000,16.37340000000000,1.79910000000000,4.80300000000000,4.9703,NA,35104.0834,16.5721,14.7730,1.7991,15.6211,3.9549,3.9026,0.0523,0.8175,35104.0834,NA,NA
gamemd.exe,18224,0x42C3CE0,D3D9,0,0,1,Hardware: Independent Flip,35135.7473,NA,16.89090000000000,16.81470000000000,1.72010000000000,4.70790000000000,4.8941,NA,35120.6555,16.8119,15.0918,1.7201,15.7950,4.0047,3.8801,0.1246,-0.2426,35120.6555,NA,NA
gamemd.exe,18224,0x42C3CE0,D3D9,0,0,1,Hardware: Independent Flip,35153.1726,NA,17.42530000000000,17.63200000000000,1.44490000000000,4.89740000000000,5.1008,NA,35137.4674,17.1501,15.7052,1.4449,16.3077,4.2949,3.7154,0.5795,-0.8201,35137.4674,NA,NA
gamemd.exe,18224,0x42C3CE0,D3D9,0,0,1,Hardware: Independent Flip,35168.6472,NA,15.47460000000000,14.84130000000000,1.37350000000000,4.25270000000000,4.4675,NA,35154.6175,15.4032,14.0297,1.3735,14.3375,3.9449,3.3484,0.5965,2.3088,35154.6175,NA,NA
gamemd.exe,18224,0x42C3CE0,D3D9,0,0,1,Hardware: Independent Flip,35185.2323,NA,16.58510000000000,16.86790000000000,1.52580000000000,4.63770000000000,4.7503,NA,35170.0207,16.7374,15.2116,1.5258,15.7832,4.0661,3.9853,0.0808,-1.4647,35170.0207,NA,NA
gamemd.exe,18224,0x42C3CE0,D3D9,0,0,1,Hardware: Independent Flip,35202.0518,NA,16.81950000000000,16.68370000000000,1.67800000000000,4.50550000000000,4.6145,NA,35186.7581,16.9717,15.2937,1.6780,16.0550,3.7442,3.6826,0.0616,0.0537,35186.7581,NA,NA
gamemd.exe,18224,0x42C3CE0,D3D9,0,0,1,Hardware: Independent Flip,35218.5150,NA,16.46320000000000,16.44870000000000,1.42690000000000,4.47730000000000,4.6000,NA,35203.7298,16.2121,14.7852,1.4269,15.4841,3.7784,3.6648,0.1136,0.5230,35203.7298,NA,NA
gamemd.exe,18224,0x42C3CE0,D3D9,0,0,1,Hardware: Independent Flip,35235.4298,NA,16.91480000000000,16.64850000000000,1.51710000000000,4.20610000000000,4.3337,NA,35219.9419,17.0050,15.4879,1.5171,16.0368,3.6572,3.6137,0.0435,-0.4364,35219.9419,NA,NA
gamemd.exe,18224,0x42C3CE0,D3D9,0,0,1,Hardware: Independent Flip,35252.4565,NA,17.02670000000000,17.61510000000000,2.01330000000000,4.71520000000000,4.9221,NA,35236.9469,17.5229,15.5096,2.0133,16.3672,3.8576,3.7722,0.0854,-0.6101,35236.9469,NA,NA
gamemd.exe,18224,0x42C3CE0,D3D9,0,0,1,Hardware: Independent Flip,35269.0826,NA,16.62610000000000,16.49970000000000,1.61050000000000,4.64980000000000,4.7957,NA,35254.4698,16.2233,14.6128,1.6105,15.1809,4.0817,3.9984,0.0833,1.0232,35254.4698,NA,NA
gamemd.exe,18224,0x42C3CE0,D3D9,0,0,1,Hardware: Independent Flip,35285.4163,NA,16.33370000000000,15.98640000000000,1.31670000000000,4.32750000000000,4.4484,NA,35270.6931,16.0399,14.7232,1.3167,15.2484,3.8023,3.7357,0.0666,0.2369,35270.6931,NA,NA
gamemd.exe,18224,0x42C3CE0,D3D9,0,0,1,Hardware: Independent Flip,35302.1264,NA,16.71010000000000,16.98090000000000,1.55640000000000,4.55960000000000,4.7192,NA,35286.7330,16.9498,15.3934,1.5564,16.0784,3.8746,3.8208,0.0538,-0.9410,35286.7330,NA,NA
gamemd.exe,18224,0x42C3CE0,D3D9,0,0,1,Hardware: Independent Flip,35318.6385,NA,16.51210000000000,16.32480000000000,1.25520000000000,4.36450000000000,4.5319,NA,35303.6828,16.2109,14.9557,1.2552,15.4518,3.8684,3.8032,0.0652,0.6250,35303.6828,NA,NA
gamemd.exe,18224,0x42C3CE0,D3D9,0,0,1,Hardware: Independent Flip,35335.3350,NA,16.69650000000000,16.67040000000000,1.26430000000000,4.36010000000000,4.5058,NA,35319.8937,16.7056,15.4413,1.2643,16.0567,3.7447,3.6949,0.0498,-0.4595,35319.8937,NA,NA
gamemd.exe,18224,0x42C3CE0,D3D9,0,0,1,Hardware: Independent Flip,35352.2723,NA,16.93730000000000,18.14750000000000,1.46170000000000,5.46770000000000,5.7160,NA,35336.5993,17.1347,15.6730,1.4617,16.3594,4.7813,4.1039,0.6774,-1.4419,35336.5993,NA,NA
gamemd.exe,18224,0x42C3CE0,D3D9,0,0,1,Hardware: Independent Flip,35369.0752,NA,16.80290000000000,16.15190000000000,2.18770000000000,4.92630000000000,5.0650,NA,35353.7340,17.5289,15.3412,2.1877,16.1018,4.1657,4.0628,0.1029,0.9828,35353.7340,NA,NA
gamemd.exe,18224,0x42C3CE0,D3D9,0,0,1,Hardware: Independent Flip,35385.3334,NA,16.25820000000000,15.93630000000000,1.82810000000000,4.63080000000000,4.7431,NA,35371.2629,15.8986,14.0705,1.8281,14.7972,3.9041,3.8283,0.0758,1.5926,35371.2629,NA,NA
gamemd.exe,18224,0x42C3CE0,D3D9,0,0,1,Hardware: Independent Flip,35401.8757,NA,16.54230000000000,16.41660000000000,2.02410000000000,4.50250000000000,4.6174,NA,35387.1615,16.7383,14.7142,2.0241,15.2981,3.9186,3.8101,0.1085,-0.5180,35387.1615,NA,NA
gamemd.exe,18224,0x42C3CE0,D3D9,0,0,1,Hardware: Independent Flip,35418.9280,NA,17.05230000000000,16.99210000000000,1.56330000000000,4.44420000000000,4.5572,NA,35403.8998,16.5915,15.0282,1.5633,15.8398,3.6326,3.5854,0.0472,-0.2538,35403.8998,NA,NA
gamemd.exe,18224,0x42C3CE0,D3D9,0,0,1,Hardware: Independent Flip,35435.6116,NA,16.68360000000000,16.53900000000000,1.31590000000000,4.29460000000000,4.4126,NA,35420.4913,16.4362,15.1203,1.3159,15.8384,3.5765,3.5258,0.0507,0.0525,35420.4913,NA,NA
gamemd.exe,18224,0x42C3CE0,D3D9,0,0,1,Hardware: Independent Flip,35452.5008,NA,16.88920000000000,17.37390000000000,1.91180000000000,4.67430000000000,4.8973,NA,35436.9275,17.4851,15.5733,1.9118,16.3788,3.8688,3.7839,0.0849,-0.9377,35436.9275,NA,NA
gamemd.exe,18224,0x42C3CE0,D3D9,0,0,1,Hardware: Independent Flip,35469.0302,NA,16.52940000000000,16.76350000000000,1.41710000000000,4.80360000000000,5.1314,NA,35454.4126,16.0347,14.6176,1.4171,15.2044,4.2168,3.8570,0.3598,0.7216,35454.4126,NA,NA
gamemd.exe,18224,0x42C3CE0,D3D9,0,0,1,Hardware: Independent Flip,35485.7520,NA,16.72180000000000,16.57550000000000,1.84970000000000,4.87320000000000,4.9851,NA,35470.4473,17.1544,15.3047,1.8497,15.9821,4.1958,4.0938,0.1020,-0.5408,35470.4473,NA,NA
gamemd.exe,18224,0x42C3CE0,D3D9,0,0,1,Hardware: Independent Flip,35502.3400,NA,16.58800000000000,16.53600000000000,1.89870000000000,4.81640000000000,4.9331,NA,35487.6017,16.6370,14.7383,1.8987,15.6209,3.9338,3.8494,0.0844,0.6184,35487.6017,NA,NA
gamemd.exe,18224,0x42C3CE0,D3D9,0,0,1,Hardware: Independent Flip,35518.7823,NA,16.44230000000000,16.40060000000000,1.64160000000000,4.77130000000000,4.8914,NA,35504.2387,16.1852,14.5436,1.6416,15.1611,4.1538,4.0615,0.0923,0.2364,35504.2387,NA,NA
gamemd.exe,18224,0x42C3CE0,D3D9,0,0,1,Hardware: Independent Flip,35535.5817,NA,16.79940000000000,16.97170000000000,2.10580000000000,4.94880000000000,5.0637,NA,35520.4239,17.2636,15.1578,2.1058,16.0301,4.0765,4.0046,0.0719,-0.7865,35520.4239,NA,NA
gamemd.exe,18224,0x42C3CE0,D3D9,0,0,1,Hardware: Independent Flip,35552.3551,NA,16.77340000000000,16.56760000000000,2.36830000000000,4.70030000000000,4.8579,NA,35537.6875,17.0359,14.6676,2.3683,15.4632,3.9047,3.8412,0.0635,0.6960,35537.6875,NA,NA
gamemd.exe,18224,0x42C3CE0,D3D9,0,0,1,Hardware: Independent Flip,35568.8299,NA,16.47480000000000,17.17260000000000,1.51750000000000,5.35810000000000,5.5557,NA,35554.7234,15.6240,14.1065,1.5175,14.7493,4.7153,4.2010,0.5143,-0.1367,35554.7234,NA,NA
gamemd.exe,18224,0x42C3CE0,D3D9,0,0,1,Hardware: Independent Flip,35585.6526,NA,16.82270000000000,16.20340000000000,1.51080000000000,4.79530000000000,4.9364,NA,35570.3474,16.8160,15.3052,1.5108,15.8463,4.2542,4.1470,0.1072,-0.5794,35570.3474,NA,NA
gamemd.exe,18224,0x42C3CE0,D3D9,0,0,1,Hardware: Independent Flip,35602.4505,NA,16.79790000000000,16.76600000000000,2.28530000000000,4.79500000000000,4.9045,NA,35587.1634,17.5724,15.2871,2.2853,16.1228,3.9593,3.8861,0.0732,0.0500,35587.1634,NA,NA
gamemd.exe,18224,0x42C3CE0,D3D9,0,0,1,Hardware: Independent Flip,35618.7114,NA,16.26090000000000,16.02710000000000,1.40410000000000,4.55060000000000,4.6707,NA,35604.7358,15.3797,13.9756,1.4041,14.6055,3.9207,3.8370,0.0837,1.5453,35604.7358,NA,NA
gamemd.exe,18224,0x42C3CE0,D3D9,0,0,1,Hardware: Independent Flip,35635.4092,NA,16.69780000000000,16.67870000000000,1.52610000000000,4.53620000000000,4.6516,NA,35620.1155,16.8198,15.2937,1.5261,15.9564,3.8735,3.7915,0.0820,-1.2990,35620.1155,24.2039,NA
gamemd.exe,18224,0x42C3CE0,D3D9,0,0,1,Hardware: Independent Flip,35652.2339,NA,16.82470000000000,16.97360000000000,1.66180000000000,4.63270000000000,4.8005,NA,35636.9353,16.9604,15.2986,1.6618,16.2702,3.6611,3.5827,0.0784,-0.1538,35636.9353,NA,NA
gamemd.exe,18224,0x42C3CE0,D3D9,0,0,1,Hardware: Independent Flip,35668.8004,NA,16.56650000000000,16.60960000000000,1.77170000000000,4.68510000000000,4.8436,NA,35653.8957,16.6764,14.9047,1.7717,15.6340,3.9558,3.8651,0.0907,0.3508,35653.8957,NA,NA
gamemd.exe,18224,0x42C3CE0,D3D9,0,0,1,Hardware: Independent Flip,35685.2929,NA,16.49250000000000,16.06500000000000,1.83120000000000,4.30700000000000,4.4161,NA,35670.5721,16.5520,14.7208,1.8312,15.3017,3.7261,3.6700,0.0561,0.6114,35670.5721,NA,NA
gamemd.exe,18224,0x42C3CE0,D3D9,0,0,1,Hardware: Independent Flip,35701.7705,NA,16.47760000000000,16.52690000000000,1.48730000000000,4.30900000000000,4.4654,NA,35687.1241,16.1337,14.6464,1.4873,15.3111,3.6443,3.5902,0.0541,0.0251,35687.1241,NA,NA
gamemd.exe,18224,0x42C3CE0,D3D9,0,0,1,Hardware: Independent Flip,35718.7307,NA,16.96020000000000,17.16460000000000,1.66870000000000,4.52370000000000,4.6698,NA,35703.2578,17.1416,15.4729,1.6687,16.0982,3.8984,3.8332,0.0652,-1.0309,35703.2578,NA,NA
gamemd.exe,18224,0x42C3CE0,D3D9,0,0,1,Hardware: Independent Flip,35735.5634,NA,16.83270000000000,16.70980000000000,1.51180000000000,4.41510000000000,4.5469,NA,35720.3994,16.6758,15.1640,1.5118,15.6756,3.9035,3.8236,0.0799,0.4318,35720.3994,NA,NA
gamemd.exe,18224,0x42C3CE0,D3D9,0,0,1,Hardware: Independent Flip,35752.2674,NA,16.70400000000000,17.15430000000000,1.76970000000000,4.84530000000000,4.9972,NA,35737.0752,16.9619,15.1922,1.7697,15.9302,4.1073,4.0200,0.0873,-0.4785,35737.0752,NA,NA
gamemd.exe,18224,0x42C3CE0,D3D9,0,0,1,Hardware: Independent Flip,35768.7275,NA,16.46010000000000,16.59030000000000,1.65660000000000,4.95340000000000,5.1274,NA,35754.0371,16.3470,14.6904,1.6566,15.3718,4.2720,4.1727,0.0993,0.3716,35754.0371,NA,NA
gamemd.exe,18224,0x42C3CE0,D3D9,0,0,1,Hardware: Independent Flip,35785.6490,NA,16.92150000000000,17.55260000000000,1.48260000000000,5.55190000000000,5.7585,NA,35770.3841,16.7475,15.2649,1.4826,15.8892,4.9276,4.3964,0.5312,-1.2056,35770.3841,NA,NA
gamemd.exe,18224,0x42C3CE0,D3D9,0,0,1,Hardware: Independent Flip,35803.0717,NA,17.42270000000000,17.42150000000000,1.39880000000000,5.55210000000000,5.7573,NA,35787.1316,17.3389,15.9401,1.3988,16.5718,4.9204,4.3649,0.5555,-0.6740,35787.1316,NA,NA
gamemd.exe,18224,0x42C3CE0,D3D9,0,0,1,Hardware: Independent Flip,35819.9000,NA,16.82830000000000,16.31520000000000,1.36350000000000,5.06170000000000,5.2442,NA,35804.4705,16.7930,15.4295,1.3635,16.0539,4.4373,4.3004,0.1369,1.0237,35804.4705,NA,NA
gamemd.exe,18224,0x42C3CE0,D3D9,0,0,1,Hardware: Independent Flip,35835.4579,NA,15.55790000000000,15.72880000000000,1.64810000000000,5.22050000000000,5.4151,NA,35821.2635,15.8425,14.1944,1.6481,14.9105,4.5044,4.3963,0.1081,1.0642,35821.2635,NA,NA
gamemd.exe,18224,0x42C3CE0,D3D9,0,0,1,Hardware: Independent Flip,35853.2697,NA,17.81180000000000,17.75030000000000,1.85080000000000,5.14590000000000,5.3536,NA,35837.1060,18.0145,16.1637,1.8508,16.7519,4.5577,4.0502,0.5075,-1.9078,35837.1060,9.6670,NA
gamemd.exe,18224,0x42C3CE0,D3D9,0,0,1,Hardware: Independent Flip,35868.9144,NA,15.64470000000000,15.89680000000000,1.38720000000000,5.35880000000000,5.6057,NA,35855.1205,15.1811,13.7939,1.3872,14.3866,4.7661,4.1175,0.6486,2.1177,35855.1205,NA,NA
gamemd.exe,18224,0x42C3CE0,D3D9,0,0,1,Hardware: Independent Flip,35885.8739,NA,16.95950000000000,16.90660000000000,1.33640000000000,5.30720000000000,5.5528,NA,35870.3016,16.9087,15.5723,1.3364,16.1665,4.7130,4.0776,0.6354,-1.7255,35870.3016,NA,NA
gamemd.exe,18224,0x42C3CE0,D3D9,0,0,1,Hardware: Independent Flip,35902.9972,NA,17.12330000000000,16.76960000000000,1.42470000000000,5.01510000000000,5.1991,NA,35887.2103,17.2116,15.7869,1.4247,16.3672,4.4348,3.9172,0.5176,0.1391,35887.2103,NA,NA
gamemd.exe,18224,0x42C3CE0,D3D9,0,0,1,Hardware: Independent Flip,35918.9550,NA,15.95780000000000,16.04560000000000,1.93790000000000,5.09640000000000,5.2869,NA,35904.4219,16.4710,14.5331,1.9379,15.2467,4.3828,4.2873,0.0955,1.1660,35904.4219,NA,NA
gamemd.exe,18224,0x42C3CE0,D3D9,0,0,1,Hardware: Independent Flip,35936.3537,NA,17.39870000000000,17.73920000000000,1.70900000000000,5.43400000000000,5.6274,NA,35920.8929,17.1698,15.4608,1.7090,16.2605,4.6343,3.9042,0.7301,-1.2682,35920.8929,NA,NA
gamemd.exe,18224,0x42C3CE0,D3D9,0,0,1,Hardware: Independent Flip,35952.1411,NA,15.78740000000000,15.21420000000000,1.58000000000000,4.90390000000000,5.0542,NA,35938.0627,15.6584,14.0784,1.5800,14.8082,4.1741,4.0727,0.1014,1.9556,35938.0627,NA,NA
gamemd.exe,18224,0x42C3CE0,D3D9,0,0,1,Hardware: Independent Flip,35968.7818,NA,16.64070000000000,16.41150000000000,1.28250000000000,4.65570000000000,4.8250,NA,35953.7211,16.3432,15.0607,1.2825,15.6923,4.0241,3.9070,0.1171,-0.7531,35953.7211,NA,NA
gamemd.exe,18224,0x42C3CE0,D3D9,0,0,1,Hardware: Independent Flip,35985.5051,NA,16.72330000000000,16.38220000000000,1.31180000000000,4.32610000000000,4.4839,NA,35970.0643,16.7526,15.4408,1.3118,15.9579,3.8090,3.7150,0.0940,-0.0390,35970.0643,NA,NA
gamemd.exe,18224,0x42C3CE0,D3D9,0,0,1,Hardware: Independent Flip,36002.1537,NA,16.64860000000000,17.00500000000000,1.58610000000000,4.65560000000000,4.8403,NA,35986.8169,16.9229,15.3368,1.5861,15.9857,4.0067,3.9144,0.0923,-0.2524,35986.8169,NA,NA
gamemd.exe,18224,0x42C3CE0,D3D9,0,0,1,Hardware: Independent Flip,36019.1126,NA,16.95890000000000,17.70220000000000,1.54330000000000,5.39500000000000,5.5836,NA,36003.7398,16.9161,15.3728,1.5433,16.1247,4.6431,4.0858,0.5573,-0.7793,36003.7398,NA,NA
gamemd.exe,18224,0x42C3CE0,D3D9,0,0,1,Hardware: Independent Flip,36035.6419,NA,16.52930000000000,15.79410000000000,1.47740000000000,4.62150000000000,4.8484,NA,36020.6559,16.4634,14.9860,1.4774,15.5102,4.0973,4.0182,0.0791,1.1220,36020.6559,NA,NA
gamemd.exe,18224,0x42C3CE0,D3D9,0,0,1,Hardware: Independent Flip,36052.0837,NA,16.44180000000000,16.34520000000000,1.60970000000000,4.61300000000000,4.7518,NA,36037.1193,16.5741,14.9644,1.6097,15.6217,3.9557,3.8587,0.0970,0.1182,36037.1193,NA,NA
gamemd.exe,18224,0x42C3CE0,D3D9,0,0,1,Hardware: Independent Flip,36068.8854,NA,16.80170000000000,16.95950000000000,2.10090000000000,4.77700000000000,4.9096,NA,36053.6934,17.2929,15.1920,2.1009,16.2622,3.7068,3.6196,0.0872,-0.3854,36053.6934,NA,NA
gamemd.exe,18224,0x42C3CE0,D3D9,0,0,1,Hardware: Independent Flip,36085.7504,NA,16.86500000000000,16.66020000000000,2.25230000000000,4.54540000000000,4.7048,NA,36070.9863,17.0164,14.7641,2.2523,15.5425,3.7670,3.6804,0.0866,0.6327,36070.9863,NA,NA
gamemd.exe,18224,0x42C3CE0,D3D9,0,0,1,Hardware: Independent Flip,36102.1445,NA,16.39410000000000,16.94730000000000,1.68660000000000,5.04820000000000,5.2580,NA,36088.0027,15.8284,14.1418,1.6866,14.7964,4.3936,4.2649,0.1287,0.0691,36088.0027,NA,NA
gamemd.exe,18224,0x42C3CE0,D3D9,0,0,1,Hardware: Independent Flip,36119.6156,NA,17.47110000000000,17.95820000000000,1.52860000000000,5.32270000000000,5.7451,NA,36103.8311,17.3131,15.7845,1.5286,16.3705,4.7367,4.2635,0.4732,-2.1298,36103.8311,NA,NA
gamemd.exe,18224,0x42C3CE0,D3D9,0,0,1,Hardware: Independent Flip,36135.5732,NA,15.95760000000000,15.58020000000000,1.37290000000000,5.12440000000000,5.3677,NA,36121.1442,15.8019,14.4290,1.3729,15.0487,4.5047,4.2937,0.2110,1.7329,36121.1442,NA,NA
gamemd.exe,18224,0x42C3CE0,D3D9,0,0,1,Hardware: Independent Flip,36152.1674,NA,16.59420000000000,16.17300000000000,1.66430000000000,4.78720000000000,4.9465,NA,36136.9461,16.8856,15.2213,1.6643,15.9037,4.1048,4.0066,0.0982,-0.3711,36136.9461,NA,NA
gamemd.exe,18224,0x42C3CE0,D3D9,0,0,1,Hardware: Independent Flip,36169.5056,NA,17.33820000000000,17.37680000000000,1.76720000000000,4.84300000000000,4.9851,NA,36153.8317,17.4411,15.6739,1.7672,16.6909,3.8260,3.7518,0.0742,-0.4912,36153.8317,NA,NA
gamemd.exe,18224,0x42C3CE0,D3D9,0,0,1,Hardware: Independent Flip,36185.5864,NA,16.08080000000000,16.04640000000000,1.75380000000000,4.78800000000000,4.9507,NA,36171.2728,16.0674,14.3136,1.7538,15.1144,3.9872,3.8174,0.1698,1.3947,36171.2728,22.1645,NA
gamemd.exe,18224,0x42C3CE0,D3D9,0,0,1,Hardware: Independent Flip,36202.1852,NA,16.59880000000000,16.91620000000000,1.82880000000000,4.98640000000000,5.2681,NA,36187.3402,16.6738,14.8450,1.8288,15.4355,4.3959,4.2834,0.1125,-0.8488,36187.3402,NA,NA
gamemd.exe,18224,0x42C3CE0,D3D9,0,0,1,Hardware: Independent Flip,36218.9582,NA,16.77300000000000,17.30260000000000,1.61890000000000,5.60790000000000,5.7977,NA,36204.0140,16.5631,14.9442,1.6189,15.7833,4.7688,4.1389,0.6299,-0.6288,36204.0140,NA,NA
gamemd.exe,18224,0x42C3CE0,D3D9,0,0,1,Hardware: Independent Flip,36236.4992,NA,17.54100000000000,17.24750000000000,1.57830000000000,5.28840000000000,5.5042,NA,36220.5771,17.5004,15.9221,1.5783,16.5604,4.6501,4.1129,0.5372,-0.6844,36220.5771,20.1620,NA
gamemd.exe,18224,0x42C3CE0,D3D9,0,0,1,Hardware: Independent Flip,36252.1826,NA,15.68340000000000,15.43330000000000,1.39980000000000,4.88570000000000,5.2541,NA,36238.0775,15.5049,14.1051,1.3998,14.6904,4.3004,4.0495,0.2509,2.0671,36238.0775,NA,NA
gamemd.exe,18224,0x42C3CE0,D3D9,0,0,1,Hardware: Independent Flip,36268.5348,NA,16.35220000000000,16.05380000000000,1.80440000000000,4.77340000000000,4.9557,NA,36253.5824,16.7568,14.9524,1.8044,15.5430,4.1828,4.1075,0.0753,-0.5489,36253.5824,NA,NA
gamemd.exe,18224,0x42C3CE0,D3D9,0,0,1,Hardware: Independent Flip,36285.1263,NA,16.59150000000000,16.64680000000000,2.14510000000000,4.84170000000000,5.0110,NA,36270.3392,16.9322,14.7871,2.1451,15.6705,3.9583,3.8146,0.1437,0.1100,36270.3392,NA,NA
gamemd.exe,18224,0x42C3CE0,D3D9,0,0,1,Hardware: Independent Flip,36302.4540,NA,17.32770000000000,17.30160000000000,1.96990000000000,4.86070000000000,4.9849,NA,36287.2714,17.1525,15.1826,1.9699,16.2673,3.7760,3.7044,0.0716,-0.3694,36287.2714,NA,NA
gamemd.exe,18224,0x42C3CE0,D3D9,0,0,1,Hardware: Independent Flip,36318.9519,NA,16.49790000000000,16.41870000000000,2.38670000000000,4.76540000000000,4.9057,NA,36304.4239,16.9147,14.5280,2.3867,15.5553,3.7381,3.6603,0.0778,0.7338,36304.4239,NA,NA
gamemd.exe,18224,0x42C3CE0,D3D9,0,0,1,Hardware: Independent Flip,36335.7491,NA,16.79720000000000,16.67400000000000,1.44180000000000,4.61420000000000,4.7825,NA,36321.3386,15.8523,14.4105,1.4418,15.1128,3.9119,3.8180,0.0939,0.2407,36321.3386,NA,NA
gamemd.exe,18224,0x42C3CE0,D3D9,0,0,1,Hardware: Independent Flip,36352.5336,NA,16.78450000000000,16.90270000000000,1.41870000000000,4.68820000000000,4.9007,NA,36337.1909,16.7614,15.3427,1.4187,15.9432,4.0877,4.0022,0.0855,-1.0504,36337.1909,NA,NA
gamemd.exe,18224,0x42C3CE0,D3D9,0,0,1,Hardware: Independent Flip,36369.3928,NA,16.85920000000000,17.56040000000000,1.45080000000000,5.37980000000000,5.6019,NA,36353.9523,16.8913,15.4405,1.4508,16.0872,4.7331,4.0989,0.6342,-0.7990,36353.9523,NA,NA
gamemd.exe,18224,0x42C3CE0,D3D9,0,0,1,Hardware: Independent Flip,36385.3983,NA,16.00550000000000,15.49050000000000,1.63340000000000,4.95730000000000,5.0869,NA,36370.8436,16.1881,14.5547,1.6334,15.3813,4.1307,4.0037,0.1270,1.4008,36370.8436,28.4743,NA
gamemd.exe,18224,0x42C3CE0,D3D9,0,0,1,Hardware: Independent Flip,36402.3577,NA,16.95940000000000,16.63140000000000,1.73690000000000,4.60090000000000,4.7589,NA,36387.0317,17.0629,15.3260,1.7369,16.0613,3.8656,3.7800,0.0856,-0.4433,36387.0317,NA,NA
gamemd.exe,18224,0x42C3CE0,D3D9,0,0,1,Hardware: Independent Flip,36418.9145,NA,16.55680000000000,16.68670000000000,1.51770000000000,4.74890000000000,4.8888,NA,36404.0946,16.3376,14.8199,1.5177,15.4776,4.0912,4.0007,0.0905,0.3762,36404.0946,15.2341,NA
gamemd.exe,18224,0x42C3CE0,D3D9,0,0,1,Hardware: Independent Flip,36435.8626,NA,16.94810000000000,16.62230000000000,2.09350000000000,4.43710000000000,4.5630,NA,36420.4322,17.5239,15.4304,2.0935,16.1948,3.6727,3.6106,0.0621,-0.2847,36420.4322,NA,NA
gamemd.exe,18224,0x42C3CE0,D3D9,0,0,1,Hardware: Independent Flip,36452.5753,NA,16.71270000000000,16.65610000000000,1.63500000000000,4.35910000000000,4.5064,NA,36437.9561,16.2542,14.6192,1.6350,15.3346,3.6437,3.5553,0.0884,0.8678,36437.9561,NA,NA
gamemd.exe,18224,0x42C3CE0,D3D9,0,0,1,Hardware: Independent Flip,36468.8459,NA,16.27060000000000,16.52010000000000,1.62700000000000,4.60970000000000,4.7559,NA,36454.2103,16.2626,14.6356,1.6270,15.3155,3.9298,3.8376,0.0922,-0.2659,36454.2103,NA,NA
gamemd.exe,18224,0x42C3CE0,D3D9,0,0,1,Hardware: Independent Flip,36485.6563,NA,16.81040000000000,16.46360000000000,1.48360000000000,4.26780000000000,4.4091,NA,36470.4729,16.6670,15.1834,1.4836,15.9111,3.5401,3.4897,0.0504,-0.2010,36470.4729,NA,NA
gamemd.exe,18224,0x42C3CE0,D3D9,0,0,1,Hardware: Independent Flip,36502.4068,NA,16.75050000000000,18.03490000000000,1.49890000000000,5.48200000000000,5.6935,NA,36487.1399,16.7658,15.2669,1.4989,15.9873,4.7616,4.0799,0.6817,-1.3679,36487.1399,NA,NA
gamemd.exe,18224,0x42C3CE0,D3D9,0,0,1,Hardware: Independent Flip,36519.4381,NA,17.03130000000000,17.77700000000000,2.16130000000000,6.21060000000000,6.4392,NA,36503.9057,17.6937,15.5324,2.1613,16.8880,4.8550,3.9963,0.8587,-1.0112,36503.9057,NA,NA
gamemd.exe,18224,0x42C3CE0,D3D9,0,0,1,Hardware: Independent Flip,36535.3395,NA,15.90140000000000,15.57190000000000,2.05270000000000,5.89860000000000,6.1097,NA,36521.5994,15.7928,13.7401,2.0527,15.0303,4.6084,3.8814,0.7270,2.1218,36521.5994,31.0120,NA
gamemd.exe,18224,0x42C3CE0,D3D9,0,0,1,Hardware: Independent Flip,36551.8342,NA,16.49470000000000,15.38030000000000,1.75140000000000,4.82340000000000,4.9953,NA,36537.3922,16.1934,14.4420,1.7514,15.0337,4.2317,4.1153,0.1164,0.4125,36537.3922,NA,NA
gamemd.exe,18224,0x42C3CE0,D3D9,0,0,1,Hardware: Independent Flip,36568.6691,NA,16.83490000000000,16.78330000000000,1.81220000000000,4.77340000000000,4.9437,NA,36553.5856,16.8957,15.0835,1.8122,15.8175,4.0394,3.9407,0.0987,-0.5899,36553.5856,NA,NA
gamemd.exe,18224,0x42C3CE0,D3D9,0,0,1,Hardware: Independent Flip,36585.5392,NA,16.87010000000000,17.06190000000000,2.42540000000000,4.94910000000000,5.1355,NA,36570.4813,17.4833,15.0579,2.4254,15.7891,4.2179,4.0636,0.1543,-0.1662,36570.4813,28.1231,NA
gamemd.exe,18224,0x42C3CE0,D3D9,0,0,1,Hardware: Independent Flip,36603.4339,NA,17.89470000000000,18.62760000000000,1.66130000000000,5.67130000000000,5.8684,NA,36587.9646,17.1306,15.4693,1.6613,16.1332,5.0074,4.3864,0.6210,-1.1443,36587.9646,17.5792,NA
gamemd.exe,18224,0x42C3CE0,D3D9,0,0,1,Hardware: Independent Flip,36618.6087,NA,15.17480000000000,15.23760000000000,1.54200000000000,5.64140000000000,5.9312,NA,36605.0952,15.0555,13.5135,1.5420,14.2090,4.9459,4.3842,0.5617,1.8930,36605.0952,NA,NA
gamemd.exe,18224,0x42C3CE0,D3D9,0,0,1,Hardware: Independent Flip,36635.5566,NA,16.94790000000000,16.00930000000000,2.06560000000000,4.82290000000000,4.9926,NA,36620.1507,17.4715,15.4059,2.0656,16.1557,4.0731,3.9452,0.1279,-0.9538,36620.1507,NA,NA
gamemd.exe,18224,0x42C3CE0,D3D9,0,0,1,Hardware: Independent Flip,36652.0603,NA,16.50370000000000,16.41550000000000,1.79640000000000,4.77170000000000,4.9044,NA,36637.6222,16.2345,14.4381,1.7964,15.0989,4.1109,4.0044,0.1065,1.0560,36637.6222,NA,NA
gamemd.exe,18224,0x42C3CE0,D3D9,0,0,1,Hardware: Independent Flip,36668.6017,NA,16.54140000000000,16.48350000000000,1.35510000000000,4.68560000000000,4.8465,NA,36653.8567,16.1001,14.7450,1.3551,15.2614,4.1692,4.0403,0.1289,-0.2490,36653.8567,NA,NA
gamemd.exe,18224,0x42C3CE0,D3D9,0,0,1,Hardware: Independent Flip,36685.4716,NA,16.86990000000000,17.16540000000000,2.09460000000000,4.92510000000000,5.1420,NA,36669.9568,17.6094,15.5148,2.0946,16.1403,4.2996,4.1887,0.1109,-1.0653,36669.9568,NA,NA
gamemd.exe,18224,0x42C3CE0,D3D9,0,0,1,Hardware: Independent Flip,36702.9137,NA,17.44210000000000,17.96320000000000,1.41950000000000,5.42100000000000,5.6631,NA,36687.5662,16.7670,15.3475,1.4195,16.0355,4.7330,4.2070,0.5260,-0.3538,36687.5662,14.8782,NA
gamemd.exe,18224,0x42C3CE0,D3D9,0,0,1,Hardware: Independent Flip,36719.6382,NA,16.72450000000000,16.54020000000000,2.22970000000000,5.27970000000000,5.4788,NA,36704.3332,17.5347,15.3050,2.2297,15.9613,4.6234,4.2059,0.4175,0.2268,36704.3332,13.4555,NA
gamemd.exe,18224,0x42C3CE0,D3D9,0,0,1,Hardware: Independent Flip,36736.0823,NA,16.44410000000000,16.12750000000000,1.52650000000000,4.83920000000000,5.1622,NA,36721.8679,15.7409,14.2144,1.5265,14.8509,4.2027,4.0376,0.1651,1.4072,36721.8679,NA,NA
gamemd.exe,18224,0x42C3CE0,D3D9,0,0,1,Hardware: Independent Flip,36752.1891,NA,16.10680000000000,16.19660000000000,2.10980000000000,5.06320000000000,5.2520,NA,36737.6088,16.6901,14.5803,2.1098,15.3010,4.3425,4.2303,0.1122,-0.4557,36737.6088,NA,NA
gamemd.exe,18224,0x42C3CE0,D3D9,0,0,1,Hardware: Independent Flip,36768.7946,NA,16.60550000000000,16.52490000000000,1.84840000000000,4.99290000000000,5.1714,NA,36754.2989,16.3441,14.4957,1.8484,15.1691,4.3195,4.2251,0.0944,0.1652,36754.2989,19.7688,NA
gamemd.exe,18224,0x42C3CE0,D3D9,0,0,1,Hardware: Independent Flip,36785.7111,NA,16.91650000000000,17.46060000000000,1.89000000000000,5.45720000000000,5.7155,NA,36770.6430,16.9581,15.0681,1.8900,16.1042,4.4211,3.9802,0.4409,-1.1165,36770.6430,NA,NA
gamemd.exe,18224,0x42C3CE0,D3D9,0,0,1,Hardware: Independent Flip,36802.3847,NA,16.67360000000000,15.74470000000000,1.45180000000000,4.61720000000000,4.7866,NA,36787.6011,16.2354,14.7836,1.4518,15.3367,4.0641,3.9550,0.1091,1.2134,36787.6011,21.6614,NA
gamemd.exe,18224,0x42C3CE0,D3D9,0,0,1,Hardware: Independent Flip,36818.7538,NA,16.36910000000000,16.82540000000000,1.54250000000000,5.10540000000000,5.2429,NA,36803.8365,16.4598,14.9173,1.5425,15.5397,4.4830,4.0038,0.4792,-0.5900,36803.8365,NA,NA
gamemd.exe,18224,0x42C3CE0,D3D9,0,0,1,Hardware: Independent Flip,36835.4850,NA,16.73120000000000,16.33630000000000,1.58170000000000,4.68330000000000,4.8480,NA,36820.2963,16.7704,15.1887,1.5817,15.8276,4.0444,3.9277,0.1167,0.1235,36820.2963,NA,NA
gamemd.exe,18224,0x42C3CE0,D3D9,0,0,1,Hardware: Independent Flip,36852.1375,NA,16.65250000000000,16.70990000000000,1.61470000000000,4.73150000000000,4.9054,NA,36837.0667,16.6855,15.0708,1.6147,15.7595,4.0428,3.9567,0.0861,0.0605,36837.0667,NA,NA
gamemd.exe,18224,0x42C3CE0,D3D9,0,0,1,Hardware: Independent Flip,36868.9513,NA,16.81380000000000,16.96020000000000,1.73670000000000,4.90340000000000,5.0518,NA,36853.7522,16.9358,15.1991,1.7367,15.9427,4.1598,4.0658,0.0940,-0.2747,36853.7522,NA,NA
gamemd.exe,18224,0x42C3CE0,D3D9,0,0,1,Hardware: Independent Flip,36886.1174,NA,17.16610000000000,17.11290000000000,1.59110000000000,4.81350000000000,4.9986,NA,36870.6880,17.0205,15.4294,1.5911,16.1013,4.1416,4.0495,0.0921,-0.1771,36870.6880,19.9287,NA
gamemd.exe,18224,0x42C3CE0,D3D9,0,0,1,Hardware: Independent Flip,36902.4530,NA,16.33560000000000,16.53090000000000,1.45180000000000,4.98960000000000,5.1939,NA,36887.7085,16.1963,14.7445,1.4518,15.4066,4.3275,4.1225,0.2050,0.4896,36887.7085,29.4241,NA
gamemd.exe,18224,0x42C3CE0,D3D9,0,0,1,Hardware: Independent Flip,36919.6123,NA,17.15930000000000,17.22080000000000,1.66700000000000,4.91110000000000,5.2554,NA,36903.9048,17.3745,15.7075,1.6670,16.3973,4.2213,4.1006,0.1207,-1.0245,36903.9048,NA,NA
gamemd.exe,18224,0x42C3CE0,D3D9,0,0,1,Hardware: Independent Flip,36935.3894,NA,15.77710000000000,16.27350000000000,1.41220000000000,5.43350000000000,5.7518,NA,36921.2793,15.5223,14.1101,1.4122,14.7426,4.8010,4.2465,0.5545,1.1010,36921.2793,NA,NA
gamemd.exe,18224,0x42C3CE0,D3D9,0,0,1,Hardware: Independent Flip,36951.9955,NA,16.60610000000000,15.88540000000000,1.29210000000000,4.82440000000000,5.0311,NA,36936.8016,16.4860,15.1939,1.2921,15.7359,4.2824,4.1874,0.0950,-0.3631,36936.8016,NA,NA
gamemd.exe,18224,0x42C3CE0,D3D9,0,0,1,Hardware: Independent Flip,36968.6196,NA,16.62410000000000,17.09440000000000,1.25440000000000,5.30810000000000,5.5014,NA,36953.2876,16.5864,15.3320,1.2544,15.8884,4.7517,4.3607,0.3910,-0.6084,36953.2876,NA,NA
gamemd.exe,18224,0x42C3CE0,D3D9,0,0,1,Hardware: Independent Flip,36985.3171,NA,16.69750000000000,16.46120000000000,1.36660000000000,5.04500000000000,5.2651,NA,36969.8740,16.8097,15.4431,1.3666,15.9977,4.4904,4.3900,0.1004,0.1252,36969.8740,NA,NA
gamemd.exe,18224,0x42C3CE0,D3D9,0,0,1,Hardware: Independent Flip,37002.0642,NA,16.74710000000000,17.30760000000000,1.59160000000000,5.58240000000000,5.8256,NA,36986.6837,16.9721,15.3805,1.5916,16.1215,4.8414,4.2847,0.5567,-0.4979,36986.6837,NA,NA
gamemd.exe,18224,0x42C3CE0,D3D9,0,0,1,Hardware: Independent Flip,37018.6781,NA,16.61390000000000,16.29400000000000,1.44220000000000,5.32640000000000,5.5057,NA,37003.6558,16.4645,15.0223,1.4422,15.7264,4.6223,4.5082,0.1141,0.6781,37003.6558,24.9083,NA
gamemd.exe,18224,0x42C3CE0,D3D9,0,0,1,Hardware: Independent Flip,37035.6122,NA,16.93410000000000,16.72030000000000,1.52120000000000,5.12800000000000,5.2919,NA,37020.1203,17.0131,15.4919,1.5212,16.1265,4.4934,4.3697,0.1237,-0.2558,37020.1203,NA,NA
gamemd.exe,18224,0x42C3CE0,D3D9,0,0,1,Hardware: Independent Flip,37052.1235,NA,16.51130000000000,16.86070000000000,1.42000000000000,5.42000000000000,5.6413,NA,37037.1334,16.4101,14.9901,1.4200,15.6562,4.7539,4.0831,0.6708,0.1524,37037.1334,25.0405,NA
gamemd.exe,18224,0x42C3CE0,D3D9,0,0,1,Hardware: Independent Flip,37068.7480,NA,16.62450000000000,16.49630000000000,1.35580000000000,5.27220000000000,5.5131,NA,37053.5435,16.5603,15.2045,1.3558,15.7481,4.7286,4.1872,0.5414,-0.0862,37053.5435,NA,NA
gamemd.exe,18224,0x42C3CE0,D3D9,0,0,1,Hardware: Independent Flip,37085.3890,NA,16.64100000000000,16.36490000000000,1.37560000000000,5.03510000000000,5.2370,NA,37070.1038,16.6608,15.2852,1.3756,15.8380,4.4823,4.0033,0.4790,0.1954,37070.1038,NA,NA
gamemd.exe,18224,0x42C3CE0,D3D9,0,0,1,Hardware: Independent Flip,37102.0056,NA,16.61660000000000,16.61500000000000,1.38020000000000,5.06010000000000,5.2354,NA,37086.7646,16.6212,15.2410,1.3802,15.9651,4.3360,4.2035,0.1325,0.0458,37086.7646,NA,NA
gamemd.exe,18224,0x42C3CE0,D3D9,0,0,1,Hardware: Independent Flip,37118.7809,NA,16.77530000000000,17.11200000000000,1.49980000000000,5.37600000000000,5.5721,NA,37103.3858,16.8949,15.3951,1.4998,16.0658,4.7053,4.1513,0.5540,-0.4908,37103.3858,NA,NA
gamemd.exe,18224,0x42C3CE0,D3D9,0,0,1,Hardware: Independent Flip,37135.3861,NA,16.60520000000000,17.50790000000000,2.27120000000000,6.25820000000000,6.4748,NA,37120.2807,17.3766,15.1054,2.2712,16.5689,4.7947,4.0569,0.7378,-0.6130,37120.2807,NA,NA
gamemd.exe,18224,0x42C3CE0,D3D9,0,0,1,Hardware: Independent Flip,37152.6790,NA,17.29290000000000,16.26170000000000,1.44450000000000,5.08890000000000,5.4436,NA,37137.6573,16.4662,15.0217,1.4445,15.6698,4.4408,4.0169,0.4239,1.1149,37137.6573,26.0132,NA
gamemd.exe,18224,0x42C3CE0,D3D9,0,0,1,Hardware: Independent Flip,37168.8169,NA,16.13790000000000,15.89180000000000,1.31860000000000,5.00550000000000,5.1975,NA,37154.1235,16.0120,14.6934,1.3186,15.3495,4.3494,4.2193,0.1301,0.5744,37154.1235,15.7018,NA
gamemd.exe,18224,0x42C3CE0,D3D9,0,0,1,Hardware: Independent Flip,37185.3871,NA,16.57020000000000,16.10950000000000,1.44920000000000,4.56690000000000,4.7368,NA,37170.1355,16.7008,15.2516,1.4492,15.7770,4.0415,3.9668,0.0747,-0.0975,37170.1355,NA,NA
gamemd.exe,18224,0x42C3CE0,D3D9,0,0,1,Hardware: Independent Flip,37202.4065,NA,17.01940000000000,17.83260000000000,1.40230000000000,5.33260000000000,5.5500,NA,37186.8363,16.9725,15.5702,1.4023,16.2025,4.7003,4.2501,0.4502,-1.1318,37186.8363,NA,NA
gamemd.exe,18224,0x42C3CE0,D3D9,0,0,1,Hardware: Independent Flip,37218.7074,NA,16.30090000000000,16.18810000000000,1.48070000000000,5.18670000000000,5.4372,NA,37203.8088,16.3793,14.8986,1.4807,15.5578,4.5275,4.0223,0.5052,0.7844,37203.8088,NA,NA
gamemd.exe,18224,0x42C3CE0,D3D9,0,0,1,Hardware: Independent Flip,37235.6869,NA,16.97950000000000,17.56810000000000,1.86460000000000,5.81000000000000,6.0258,NA,37220.1881,17.3634,15.4988,1.8646,16.5170,4.7918,4.0359,0.7559,-1.1888,37220.1881,18.0586,NA
gamemd.exe,18224,0x42C3CE0,D3D9,0,0,1,Hardware: Independent Flip,37252.7650,NA,17.07810000000000,16.22490000000000,1.50620000000000,4.99940000000000,5.1726,NA,37237.5515,16.7197,15.2135,1.5062,15.9219,4.2910,4.1740,0.1170,1.1385,37237.5515,NA,NA
gamemd.exe,18224,0x42C3CE0,D3D9,0,0,1,Hardware: Independent Flip,37268.8507,NA,16.08570000000000,15.96130000000000,1.45210000000000,4.87530000000000,5.0482,NA,37254.2712,16.0316,14.5795,1.4521,15.1849,4.2699,4.0887,0.1812,0.7584,37254.2712,NA,NA
gamemd.exe,18224,0x42C3CE0,D3D9,0,0,1,Hardware: Independent Flip,37285.5531,NA,16.70240000000000,16.49340000000000,2.16850000000000,4.70970000000000,4.8392,NA,37270.3028,17.4188,15.2503,2.1685,15.9795,3.9805,3.8941,0.0864,-0.4618,37270.3028,NA,NA
gamemd.exe,18224,0x42C3CE0,D3D9,0,0,1,Hardware: Independent Flip,37302.4229,NA,16.86980000000000,17.15150000000000,2.01270000000000,4.93430000000000,5.1209,NA,37287.7216,16.7140,14.7013,2.0127,15.6649,3.9707,3.8965,0.0742,0.2673,37287.7216,20.8386,NA
gamemd.exe,18224,0x42C3CE0,D3D9,0,0,1,Hardware: Independent Flip,37318.7437,NA,16.32080000000000,16.80670000000000,1.63940000000000,5.39500000000000,5.6068,NA,37304.4356,15.9475,14.3081,1.6394,14.9393,4.7638,4.2618,0.5020,-0.0927,37304.4356,NA,NA
gamemd.exe,18224,0x42C3CE0,D3D9,0,0,1,Hardware: Independent Flip,37335.5123,NA,16.76860000000000,16.71740000000000,1.38770000000000,5.34160000000000,5.5556,NA,37320.3831,16.5169,15.1292,1.3877,15.7859,4.6849,4.2895,0.3954,-0.7699,37320.3831,NA,NA
gamemd.exe,18224,0x42C3CE0,D3D9,0,0,1,Hardware: Independent Flip,37352.4253,NA,16.91300000000000,16.66540000000000,1.28730000000000,5.05800000000000,5.3080,NA,37336.9000,16.8126,15.5253,1.2873,16.1554,4.4279,3.9393,0.4886,-0.1485,37336.9000,NA,NA
gamemd.exe,18224,0x42C3CE0,D3D9,0,0,1,Hardware: Independent Flip,37368.6645,NA,16.23920000000000,16.04810000000000,2.39580000000000,4.91340000000000,5.1169,NA,37353.7126,17.3477,14.9519,2.3958,15.8241,4.0412,3.9384,0.1028,0.7645,37353.7126,NA,NA
gamemd.exe,18224,0x42C3CE0,D3D9,0,0,1,Hardware: Independent Flip,37385.5787,NA,16.91420000000000,16.72700000000000,1.65030000000000,4.69650000000000,4.9297,NA,37371.0603,16.1687,14.5184,1.6503,15.1573,4.0576,3.9328,0.1248,0.6207,37371.0603,NA,NA
gamemd.exe,18224,0x42C3CE0,D3D9,0,0,1,Hardware: Independent Flip,37402.5312,NA,16.95250000000000,17.50120000000000,1.75240000000000,5.15290000000000,5.4784,NA,37387.2290,17.0546,15.3022,1.7524,15.9432,4.5119,4.1089,0.4030,-1.3325,37387.2290,26.9359,NA
gamemd.exe,18224,0x42C3CE0,D3D9,0,0,1,Hardware: Independent Flip,37418.5983,NA,16.06710000000000,15.83460000000000,2.15320000000000,5.10640000000000,5.2459,NA,37404.2836,16.4679,14.3147,2.1532,14.9054,4.5157,4.4203,0.0954,1.2200,37404.2836,11.2976,NA
gamemd.exe,18224,0x42C3CE0,D3D9,0,0,1,Hardware: Independent Flip,37435.9431,NA,17.34480000000000,17.08240000000000,2.10150000000000,4.83790000000000,4.9835,NA,37420.7515,17.2931,15.1916,2.1015,16.0950,3.9345,3.8751,0.0594,-0.6145,37420.7515,NA,NA
gamemd.exe,18224,0x42C3CE0,D3D9,0,0,1,Hardware: Independent Flip,37452.6576,NA,16.71450000000000,16.13680000000000,1.29500000000000,4.28910000000000,4.4058,NA,37438.0446,15.9080,14.6130,1.2950,15.2871,3.6150,3.5646,0.0504,1.1563,37438.0446,NA,NA
gamemd.exe,18224,0x42C3CE0,D3D9,0,0,1,Hardware: Independent Flip,37469.1698,NA,16.51220000000000,16.66510000000000,1.31120000000000,4.44290000000000,4.5587,NA,37453.9526,16.5284,15.2172,1.3112,16.0108,3.6493,3.5996,0.0497,-0.7571,37453.9526,NA,NA
gamemd.exe,18224,0x42C3CE0,D3D9,0,0,1,Hardware: Independent Flip,37485.3005,NA,16.13070000000000,16.08100000000000,1.59170000000000,4.39420000000000,4.5090,NA,37470.4810,16.4112,14.8195,1.5917,15.5612,3.6525,3.6001,0.0524,0.4474,37470.4810,NA,NA
gamemd.exe,18224,0x42C3CE0,D3D9,0,0,1,Hardware: Independent Flip,37502.0795,NA,16.77900000000000,17.13300000000000,1.98880000000000,4.74110000000000,4.8630,NA,37486.8922,17.1761,15.1873,1.9888,16.0596,3.8688,3.8135,0.0553,-0.7218,37486.8922,NA,NA
gamemd.exe,18224,0x42C3CE0,D3D9,0,0,1,Hardware: Independent Flip,37518.8071,NA,16.72760000000000,17.25240000000000,1.83240000000000,5.14460000000000,5.3878,NA,37504.0683,16.5712,14.7388,1.8324,15.6090,4.2744,4.1688,0.1056,-0.0763,37504.0683,12.0185,NA
gamemd.exe,18224,0x42C3CE0,D3D9,0,0,1,Hardware: Independent Flip,37535.5122,NA,16.70510000000000,16.99000000000000,1.46600000000000,5.46610000000000,5.6727,NA,37520.6395,16.3387,14.8727,1.4660,15.5306,4.8082,4.3800,0.4282,-0.4188,37520.6395,NA,NA
gamemd.exe,18224,0x42C3CE0,D3D9,0,0,1,Hardware: Independent Flip,37552.4490,NA,16.93680000000000,16.63650000000000,1.42870000000000,5.22450000000000,5.3724,NA,37536.9782,16.8995,15.4708,1.4287,16.0976,4.5977,4.1295,0.4682,-0.2978,37536.9782,17.5620,NA
gamemd.exe,18224,0x42C3CE0,D3D9,0,0,1,Hardware: Independent Flip,37568.6443,NA,16.19530000000000,16.28420000000000,1.33420000000000,5.27980000000000,5.4613,NA,37553.8777,16.1008,14.7666,1.3342,15.3952,4.6512,4.0831,0.5681,0.6153,37553.8777,17.6357,NA
gamemd.exe,18224,0x42C3CE0,D3D9,0,0,1,Hardware: Independent Flip,37585.6548,NA,17.01050000000000,15.99300000000000,1.26360000000000,4.32840000000000,4.4438,NA,37569.9785,16.9399,15.6763,1.2636,16.1070,3.8977,3.8197,0.0780,0.1078,37569.9785,17.8145,NA
gamemd.exe,18224,0x42C3CE0,D3D9,0,0,1,Hardware: Independent Flip,37602.3833,NA,16.72850000000000,16.97700000000000,1.78150000000000,4.56850000000000,4.6923,NA,37586.9184,17.2464,15.4649,1.7815,16.1715,3.8619,3.7872,0.0747,-0.0371,37586.9184,18.7405,NA
gamemd.exe,18224,0x42C3CE0,D3D9,0,0,1,Hardware: Independent Flip,37618.5858,NA,16.20250000000000,17.51420000000000,2.28600000000000,5.80410000000000,6.0040,NA,37604.1648,16.7070,14.4210,2.2860,15.0644,5.1607,4.3906,0.7701,-0.2678,37604.1648,20.3253,NA
gamemd.exe,18224,0x42C3CE0,D3D9,0,0,1,Hardware: Independent Flip,37635.6890,NA,17.10320000000000,16.13820000000000,1.59030000000000,4.86280000000000,5.0390,NA,37620.8718,16.4075,14.8172,1.5903,15.4113,4.2687,3.8927,0.3760,0.5688,37620.8718,20.3863,NA
gamemd.exe,18224,0x42C3CE0,D3D9,0,0,1,Hardware: Independent Flip,37652.3480,NA,16.65900000000000,16.06660000000000,1.55980000000000,4.33620000000000,4.4466,NA,37637.2793,16.6285,15.0687,1.5598,15.7277,3.6772,3.6119,0.0653,0.3409,37637.2793,20.5683,NA
gamemd.exe,18224,0x42C3CE0,D3D9,0,0,1,Hardware: Independent Flip,37668.6853,NA,16.33730000000000,16.34190000000000,1.39550000000000,4.33140000000000,4.4512,NA,37653.9078,16.1730,14.7775,1.3955,15.3102,3.7987,3.7346,0.0641,0.2866,37653.9078,20.8575,NA
gamemd.exe,18224,0x42C3CE0,D3D9,0,0,1,Hardware: Independent Flip,37685.5776,NA,16.89230000000000,17.14570000000000,1.59210000000000,4.54560000000000,4.7046,NA,37670.0808,17.0889,15.4968,1.5921,16.4825,3.5599,3.5031,0.0568,-0.9727,37670.0808,30.0341,NA
gamemd.exe,18224,0x42C3CE0,D3D9,0,0,1,Hardware: Independent Flip,37702.0738,NA,16.49620000000000,16.97280000000000,1.77900000000000,5.00910000000000,5.1812,NA,37687.1697,16.6831,14.9041,1.7790,15.9966,3.9166,3.7754,0.1412,0.1161,37687.1697,22.9606,NA
gamemd.exe,18224,0x42C3CE0,D3D9,0,0,1,Hardware: Independent Flip,37719.4817,NA,17.40790000000000,17.67320000000000,1.87300000000000,5.21730000000000,5.4465,NA,37703.8528,17.5019,15.6289,1.8730,16.2825,4.5637,3.9554,0.6083,-0.9901,37703.8528,NA,NA
gamemd.exe,18224,0x42C3CE0,D3D9,0,0,1,Hardware: Independent Flip,37735.4412,NA,15.95950000000000,15.26760000000000,2.07250000000000,4.63380000000000,4.7546,NA,37721.3547,16.1590,14.0865,2.0725,14.8012,3.9191,3.8340,0.0851,2.2343,37721.3547,NA,NA
gamemd.exe,18224,0x42C3CE0,D3D9,0,0,1,Hardware: Independent Flip,37752.1593,NA,16.71810000000000,16.59020000000000,1.30150000000000,4.48970000000000,4.6267,NA,37737.5137,15.9471,14.6456,1.3015,15.4742,3.6611,3.5632,0.0979,-0.4312,37737.5137,NA,NA
gamemd.exe,18224,0x42C3CE0,D3D9,0,0,1,Hardware: Independent Flip,37768.9680,NA,16.80870000000000,16.72190000000000,1.28360000000000,4.42460000000000,4.5399,NA,37753.4608,16.7908,15.5072,1.2836,16.0464,3.8854,3.7844,0.1010,-0.7748,37753.4608,NA,NA
gamemd.exe,18224,0x42C3CE0,D3D9,0,0,1,Hardware: Independent Flip,37785.4003,NA,16.43230000000000,16.57160000000000,1.74460000000000,4.56410000000000,4.6792,NA,37770.2516,16.8933,15.1487,1.7446,15.8128,3.9000,3.7954,0.1046,0.2192,37770.2516,NA,NA
gamemd.exe,18224,0x42C3CE0,D3D9,0,0,1,Hardware: Independent Flip,37802.4299,NA,17.02960000000000,17.56500000000000,1.63550000000000,5.03240000000000,5.2146,NA,37787.1449,16.9205,15.2850,1.6355,15.9646,4.3528,4.2258,0.1270,-0.6717,37787.1449,NA,NA
gamemd.exe,18224,0x42C3CE0,D3D9,0,0,1,Hardware: Independent Flip,37818.9221,NA,16.49220000000000,16.68210000000000,2.44910000000000,5.27540000000000,5.4045,NA,37804.0654,17.3058,14.8567,2.4491,15.9958,4.1363,4.0246,0.1117,0.2384,37804.0654,NA,NA
gamemd.exe,18224,0x42C3CE0,D3D9,0,0,1,Hardware: Independent Flip,37835.5714,NA,16.64930000000000,16.02000000000000,1.53520000000000,4.59500000000000,4.7752,NA,37821.3712,15.7354,14.2002,1.5352,15.1919,3.6033,3.5454,0.0579,1.2858,37821.3712,NA,NA
gamemd.exe,18224,0x42C3CE0,D3D9,0,0,1,Hardware: Independent Flip,37852.5235,NA,16.95210000000000,16.56590000000000,1.36320000000000,4.28040000000000,4.3890,NA,37837.1066,16.7801,15.4169,1.3632,16.1643,3.5330,3.4902,0.0428,-0.8305,37837.1066,14.8918,NA
gamemd.exe,18224,0x42C3CE0,D3D9,0,0,1,Hardware: Independent Flip,37868.7618,NA,16.23830000000000,16.82190000000000,2.00130000000000,4.83060000000000,4.9726,NA,37853.8867,16.8764,14.8751,2.0013,16.0450,3.6607,3.5988,0.0619,-0.0418,37853.8867,NA,NA
gamemd.exe,18224,0x42C3CE0,D3D9,0,0,1,Hardware: Independent Flip,37885.5103,NA,16.74850000000000,16.48320000000000,1.85100000000000,4.57520000000000,4.7073,NA,37870.7631,16.5982,14.7472,1.8510,15.8287,3.4937,3.4378,0.0559,0.3932,37870.7631,NA,NA
gamemd.exe,18224,0x42C3CE0,D3D9,0,0,1,Hardware: Independent Flip,37902.4603,NA,16.95000000000000,16.96070000000000,1.63770000000000,4.60920000000000,4.7180,NA,37887.3613,16.7367,15.0990,1.6377,16.0718,3.6364,3.5866,0.0498,-0.3625,37887.3613,NA,NA
gamemd.exe,18224,0x42C3CE0,D3D9,0,0,1,Hardware: Independent Flip,37919.3545,NA,16.89420000000000,16.86140000000000,1.52160000000000,4.55660000000000,4.6852,NA,37904.0980,16.7781,15.2565,1.5216,15.9795,3.8336,3.7388,0.0948,-0.1247,37904.0980,NA,NA
gamemd.exe,18224,0x42C3CE0,D3D9,0,0,1,Hardware: Independent Flip,37935.2870,NA,15.93250000000000,16.21880000000000,1.87590000000000,4.81710000000000,4.9715,NA,37920.8761,16.2868,14.4109,1.8759,15.5537,3.6743,3.5888,0.0855,0.5593,37920.8761,NA,NA
gamemd.exe,18224,0x42C3CE0,D3D9,0,0,1,Hardware: Independent Flip,37951.8233,NA,16.53630000000000,16.64640000000000,2.41650000000000,4.93990000000000,5.0816,NA,37937.1629,17.0769,14.6604,2.4165,15.3119,4.2884,4.1945,0.0939,-0.3596,37937.1629,NA,NA
gamemd.exe,18224,0x42C3CE0,D3D9,0,0,1,Hardware: Independent Flip,37968.7460,NA,16.92270000000000,16.55230000000000,1.48200000000000,4.58860000000000,4.7112,NA,37954.2398,15.9882,14.5062,1.4820,15.0835,4.0113,3.8911,0.1202,0.5246,37954.2398,22.5559,NA
gamemd.exe,18224,0x42C3CE0,D3D9,0,0,1,Hardware: Independent Flip,37985.8839,NA,17.13790000000000,16.92610000000000,1.62880000000000,4.38850000000000,4.4994,NA,37970.2280,17.2847,15.6559,1.6288,16.3577,3.6867,3.6164,0.0703,-0.9379,37970.2280,16.5445,NA
gamemd.exe,18224,0x42C3CE0,D3D9,0,0,1,Hardware: Independent Flip,38002.2020,NA,16.31810000000000,16.48240000000000,1.58040000000000,4.55200000000000,4.6637,NA,37987.5127,16.2697,14.6893,1.5804,15.4527,3.7886,3.6950,0.0936,0.8023,37987.5127,NA,NA
gamemd.exe,18224,0x42C3CE0,D3D9,0,0,1,Hardware: Independent Flip,38018.6465,NA,16.44450000000000,17.24320000000000,1.29790000000000,5.25220000000000,5.4624,NA,38003.7824,16.1620,14.8641,1.2979,15.4827,4.6336,4.0595,0.5741,-0.9735,38003.7824,NA,NA
gamemd.exe,18224,0x42C3CE0,D3D9,0,0,1,Hardware: Independent Flip,38036.0372,NA,17.39070000000000,17.09810000000000,1.49020000000000,5.01980000000000,5.1698,NA,38019.9444,17.5830,16.0928,1.4902,16.8874,4.2252,3.9245,0.3007,-0.9361,38019.9444,NA,NA
gamemd.exe,18224,0x42C3CE0,D3D9,0,0,1,Hardware: Independent Flip,38052.7730,NA,16.73580000000000,16.63860000000000,1.30450000000000,4.86740000000000,5.0726,NA,38037.5274,16.5501,15.2456,1.3045,15.7389,4.3741,3.9008,0.4733,0.9444,38037.5274,21.6239,NA
gamemd.exe,18224,0x42C3CE0,D3D9,0,0,1,Hardware: Independent Flip,38069.0300,NA,16.25700000000000,16.23410000000000,1.70640000000000,4.86570000000000,5.0497,NA,38054.0775,16.6589,14.9525,1.7064,15.6226,4.1956,4.0820,0.1136,0.3160,38054.0775,21.8418,NA
gamemd.exe,18224,0x42C3CE0,D3D9,0,0,1,Hardware: Independent Flip,38085.5633,NA,16.53330000000000,16.07070000000000,1.43640000000000,4.44140000000000,4.5871,NA,38070.7364,16.2633,14.8269,1.4364,15.5373,3.7310,3.6692,0.0618,0.5882,38070.7364,21.9091,NA
gamemd.exe,18224,0x42C3CE0,D3D9,0,0,1,Hardware: Independent Flip,38102.2410,NA,16.67770000000000,16.57240000000000,1.28360000000000,4.34720000000000,4.4818,NA,38086.9997,16.5249,15.2413,1.2836,16.0808,3.5077,3.4429,0.0648,-0.3091,38086.9997,22.1285,NA
gamemd.exe,18224,0x42C3CE0,D3D9,0,0,1,Hardware: Independent Flip,38118.7558,NA,16.51480000000000,16.68570000000000,1.70320000000000,4.52390000000000,4.6527,NA,38103.5246,16.9344,15.2312,1.7032,16.0815,3.6736,3.5829,0.0907,-0.1608,38103.5246,23.1946,NA
gamemd.exe,18224,0x42C3CE0,D3D9,0,0,1,Hardware: Independent Flip,38136.2129,NA,17.45710000000000,17.48030000000000,1.29650000000000,4.48940000000000,4.6759,NA,38120.4590,17.0504,15.7539,1.2965,16.4433,3.8000,3.7251,0.0749,-0.5459,38120.4590,24.4996,NA
gamemd.exe,18224,0x42C3CE0,D3D9,0,0,1,Hardware: Independent Flip,38153.2346,NA,17.02170000000000,17.66390000000000,1.40130000000000,5.05980000000000,5.3181,NA,38137.5094,17.1265,15.7252,1.4013,16.2743,4.5107,4.0099,0.5008,-0.6135,38137.5094,26.1143,NA
gamemd.exe,18224,0x42C3CE0,D3D9,0,0,1,Hardware: Independent Flip,38169.9574,NA,16.72280000000000,16.88740000000000,1.38700000000000,5.34530000000000,5.4827,NA,38154.6359,16.7085,15.3215,1.3870,15.9811,4.6857,4.2038,0.4819,0.2391,38154.6359,19.2229,NA
gamemd.exe,18224,0x42C3CE0,D3D9,0,0,1,Hardware: Independent Flip,38185.2948,NA,15.33740000000000,14.48710000000000,1.40800000000000,4.49280000000000,4.6324,NA,38171.3444,15.3584,13.9504,1.4080,14.5080,3.9352,3.8503,0.0849,2.2214,38171.3444,25.7155,NA
gamemd.exe,18224,0x42C3CE0,D3D9,0,0,1,Hardware: Independent Flip,38201.9212,NA,16.62640000000000,16.79330000000000,1.78440000000000,4.66290000000000,4.7993,NA,38186.7028,17.0028,15.2184,1.7844,15.9916,3.8897,3.8287,0.0610,-1.4349,38186.7028,18.4051,NA
gamemd.exe,18224,0x42C3CE0,D3D9,0,0,1,Hardware: Independent Flip,38218.6707,NA,16.74950000000000,16.69280000000000,2.00030000000000,4.60120000000000,4.7426,NA,38203.7056,16.9654,14.9651,2.0003,15.6951,3.8712,3.7863,0.0849,0.3100,38203.7056,27.1626,NA
gamemd.exe,18224,0x42C3CE0,D3D9,0,0,1,Hardware: Independent Flip,38236.0135,NA,17.34280000000000,17.54940000000000,1.97010000000000,4.77990000000000,4.9492,NA,38220.6710,17.3126,15.3425,1.9701,16.1520,3.9704,3.8674,0.1030,-0.5840,38220.6710,12.7370,NA
gamemd.exe,18224,0x42C3CE0,D3D9,0,0,1,Hardware: Independent Flip,38252.9616,NA,16.94810000000000,17.32450000000000,1.58180000000000,5.14880000000000,5.3256,NA,38237.9836,16.5598,14.9780,1.5818,15.6799,4.4469,3.9334,0.5135,-0.0119,38237.9836,NA,NA
gamemd.exe,18224,0x42C3CE0,D3D9,0,0,1,Hardware: Independent Flip,38269.0071,NA,16.04550000000000,16.22890000000000,1.30930000000000,5.33240000000000,5.5090,NA,38254.5434,15.7730,14.4637,1.3093,15.0490,4.7471,4.1094,0.6377,0.3309,38254.5434,NA,NA
gamemd.exe,18224,0x42C3CE0,D3D9,0,0,1,Hardware: Independent Flip,38285.5884,NA,16.58130000000000,15.88430000000000,1.33800000000000,4.59150000000000,4.8120,NA,38270.3164,16.6100,15.2720,1.3380,15.8081,4.0554,3.9608,0.0946,-0.1113,38270.3164,NA,NA
gamemd.exe,18224,0x42C3CE0,D3D9,0,0,1,Hardware: Independent Flip,38302.4096,NA,16.82120000000000,17.54150000000000,1.43350000000000,5.32510000000000,5.5323,NA,38286.9264,16.9167,15.4832,1.4335,16.2173,4.5910,4.5070,0.0840,-0.9315,38286.9264,23.2495,NA
gamemd.exe,18224,0x42C3CE0,D3D9,0,0,1,Hardware: Independent Flip,38318.9044,NA,16.49480000000000,16.16530000000000,1.66850000000000,5.03950000000000,5.2028,NA,38303.8431,16.7298,15.0613,1.6685,15.9466,4.1542,4.0600,0.0942,0.7514,38303.8431,16.4899,NA
gamemd.exe,18224,0x42C3CE0,D3D9,0,0,1,Hardware: Independent Flip,38335.4893,NA,16.58490000000000,16.74410000000000,1.37410000000000,5.14040000000000,5.3620,NA,38320.5729,16.2905,14.9164,1.3741,15.5887,4.4681,4.3025,0.1656,-0.0143,38320.5729,NA,NA
gamemd.exe,18224,0x42C3CE0,D3D9,0,0,1,Hardware: Independent Flip,38352.3467,NA,16.85740000000000,17.20620000000000,1.70720000000000,5.50370000000000,5.7108,NA,38336.8634,17.1905,15.4833,1.7072,16.2824,4.7046,4.0954,0.6092,-0.9157,38336.8634,NA,NA
gamemd.exe,18224,0x42C3CE0,D3D9,0,0,1,Hardware: Independent Flip,38368.7821,NA,16.43540000000000,15.35220000000000,1.38020000000000,4.47640000000000,4.6276,NA,38354.0539,16.1084,14.7282,1.3802,15.2886,3.9160,3.8218,0.0942,1.8383,38354.0539,NA,NA
gamemd.exe,18224,0x42C3CE0,D3D9,0,0,1,Hardware: Independent Flip,38385.2242,NA,16.44210000000000,16.50330000000000,1.76220000000000,4.56300000000000,4.6888,NA,38370.1623,16.8241,15.0619,1.7622,15.8400,3.7849,3.7014,0.0835,-0.3949,38370.1623,27.3957,NA
gamemd.exe,18224,0x42C3CE0,D3D9,0,0,1,Hardware: Independent Flip,38402.2048,NA,16.98060000000000,16.75850000000000,1.63250000000000,4.35370000000000,4.4667,NA,38386.9864,16.8509,15.2184,1.6325,15.8464,3.7257,3.6436,0.0821,0.0656,38386.9864,NA,NA
gamemd.exe,18224,0x42C3CE0,D3D9,0,0,1,Hardware: Independent Flip,38418.8984,NA,16.69360000000000,16.58570000000000,1.39370000000000,4.24290000000000,4.3588,NA,38403.8373,16.4548,15.0611,1.3937,15.5478,3.7562,3.6901,0.0661,0.2652,38403.8373,NA,NA
gamemd.exe,18224,0x42C3CE0,D3D9,0,0,1,Hardware: Independent Flip,38435.1505,NA,16.25210000000000,16.28400000000000,1.35760000000000,4.26210000000000,4.3907,NA,38420.2921,16.2160,14.8584,1.3576,15.5456,3.5749,3.5223,0.0526,0.1708,38420.2921,NA,NA
gamemd.exe,18224,0x42C3CE0,D3D9,0,0,1,Hardware: Independent Flip,38452.0693,NA,16.91880000000000,17.68480000000000,2.54560000000000,4.96710000000000,5.1567,NA,38436.5081,18.1068,15.5612,2.5456,16.5874,3.9409,3.8399,0.1010,-1.4688,38436.5081,NA,NA
gamemd.exe,18224,0x42C3CE0,D3D9,0,0,1,Hardware: Independent Flip,38468.8583,NA,16.78900000000000,16.93390000000000,1.55610000000000,5.07180000000000,5.3016,NA,38454.6149,15.7995,14.2434,1.5561,14.9513,4.3639,4.2074,0.1565,1.1729,38454.6149,NA,NA
gamemd.exe,18224,0x42C3CE0,D3D9,0,0,1,Hardware: Independent Flip,38485.3370,NA,16.47870000000000,15.92610000000000,1.55950000000000,4.62540000000000,4.7490,NA,38470.4144,16.4821,14.9226,1.5595,15.5155,4.0325,3.9464,0.0861,-0.1266,38470.4144,NA,NA
gamemd.exe,18224,0x42C3CE0,D3D9,0,0,1,Hardware: Independent Flip,38501.8743,NA,16.53730000000000,16.41350000000000,1.66750000000000,4.48900000000000,4.6252,NA,38486.8965,16.6453,14.9778,1.6675,15.7093,3.7575,3.6846,0.0729,0.0686,38486.8965,NA,NA
gamemd.exe,18224,0x42C3CE0,D3D9,0,0,1,Hardware: Independent Flip,38518.6213,NA,16.74700000000000,16.58240000000000,1.34760000000000,4.30430000000000,4.4606,NA,38503.5418,16.4271,15.0795,1.3476,15.5918,3.7920,3.7056,0.0864,0.0629,38503.5418,NA,NA
gamemd.exe,18224,0x42C3CE0,D3D9,0,0,1,Hardware: Independent Flip,38535.3197,NA,16.69840000000000,16.91300000000000,1.25140000000000,4.50730000000000,4.6752,NA,38519.9689,16.6022,15.3508,1.2514,16.0857,3.7724,3.6874,0.0850,-0.4859,38519.9689,NA,NA
gamemd.exe,18224,0x42C3CE0,D3D9,0,0,1,Hardware: Independent Flip,38552.0938,NA,16.77410000000000,17.55930000000000,1.58610000000000,5.21300000000000,5.4604,NA,38536.5711,17.1088,15.5227,1.5861,16.3568,4.3789,4.2618,0.1171,-0.9571,38536.5711,NA,NA
gamemd.exe,18224,0x42C3CE0,D3D9,0,0,1,Hardware: Independent Flip,38568.5593,NA,16.46550000000000,16.11940000000000,1.39820000000000,4.96460000000000,5.1143,NA,38553.6799,16.2776,14.8794,1.3982,15.4784,4.3656,4.2582,0.1074,0.9894,38553.6799,NA,NA
gamemd.exe,18224,0x42C3CE0,D3D9,0,0,1,Hardware: Independent Flip,38585.4066,NA,16.84730000000000,16.44030000000000,1.37310000000000,4.52140000000000,4.7073,NA,38569.9575,16.8222,15.4491,1.3731,16.1704,3.8001,3.7264,0.0737,-0.1627,38569.9575,NA,NA
gamemd.exe,18224,0x42C3CE0,D3D9,0,0,1,Hardware: Independent Flip,38602.3794,NA,16.97280000000000,17.53820000000000,1.64600000000000,5.13220000000000,5.2727,NA,38586.7797,17.2457,15.5997,1.6460,16.3129,4.4190,4.3044,0.1146,-0.7160,38586.7797,NA,NA
gamemd.exe,18224,0x42C3CE0,D3D9,0,0,1,Hardware: Independent Flip,38619.0994,NA,16.72000000000000,16.61010000000000,1.42720000000000,4.94850000000000,5.1628,NA,38604.0254,16.5012,15.0740,1.4272,15.6019,4.4206,4.3258,0.0948,0.6356,38604.0254,NA,NA
gamemd.exe,18224,0x42C3CE0,D3D9,0,0,1,Hardware: Independent Flip,38635.8377,NA,16.73830000000000,17.23940000000000,1.53020000000000,5.42890000000000,5.6639,NA,38620.5266,16.8413,15.3111,1.5302,15.9304,4.8096,4.3390,0.4706,-0.7382,38620.5266,NA,NA
gamemd.exe,18224,0x42C3CE0,D3D9,0,0,1,Hardware: Independent Flip,38651.8875,NA,16.04980000000000,15.71720000000000,2.03640000000000,5.11530000000000,5.3313,NA,38637.3679,16.5560,14.5196,2.0364,15.3175,4.3174,4.2015,0.1159,1.1241,38637.3679,26.6804,NA
gamemd.exe,18224,0x42C3CE0,D3D9,0,0,1,Hardware: Independent Flip,38669.6345,NA,17.74700000000000,17.59660000000000,1.35520000000000,4.97930000000000,5.1809,NA,38653.9239,17.0658,15.7106,1.3552,16.2695,4.4204,3.8851,0.5353,-1.0406,38653.9239,NA,NA
gamemd.exe,18224,0x42C3CE0,D3D9,0,0,1,Hardware: Independent Flip,38685.7488,NA,16.11430000000000,15.72910000000000,1.59990000000000,4.68080000000000,4.7957,NA,38670.9897,16.3590,14.7591,1.5999,15.4718,3.9681,3.8600,0.1081,1.3367,38670.9897,15.9997,NA
gamemd.exe,18224,0x42C3CE0,D3D9,0,0,1,Hardware: Independent Flip,38702.1408,NA,16.39200000000000,16.65670000000000,2.06510000000000,4.92390000000000,5.0604,NA,38687.3487,16.8572,14.7921,2.0651,15.7189,3.9971,3.9449,0.0522,-0.2977,38687.3487,NA,NA
gamemd.exe,18224,0x42C3CE0,D3D9,0,0,1,Hardware: Independent Flip,38718.7755,NA,16.63470000000000,16.42360000000000,2.30540000000000,4.73700000000000,4.8493,NA,38704.2059,16.8750,14.5696,2.3054,15.5069,3.7997,3.7292,0.0705,0.4336,38704.2059,NA,NA
gamemd.exe,18224,0x42C3CE0,D3D9,0,0,1,Hardware: Independent Flip,38735.3227,NA,16.54720000000000,16.31630000000000,2.04840000000000,4.50360000000000,4.6184,NA,38721.0809,16.2902,14.2418,2.0484,14.9528,3.7926,3.7096,0.0830,0.5587,38721.0809,NA,NA
gamemd.exe,18224,0x42C3CE0,D3D9,0,0,1,Hardware: Independent Flip,38751.9858,NA,16.66310000000000,16.92950000000000,1.63170000000000,4.70040000000000,4.8848,NA,38737.3711,16.2464,14.6147,1.6317,15.2196,4.0955,3.9862,0.1093,-0.6393,38737.3711,NA,NA
gamemd.exe,18224,0x42C3CE0,D3D9,0,0,1,Hardware: Independent Flip,38768.6951,NA,16.70930000000000,17.40310000000000,1.36390000000000,5.34190000000000,5.5786,NA,38753.6175,16.4415,15.0776,1.3639,15.7193,4.7002,4.1420,0.5582,-1.1567,38753.6175,13.3150,NA
gamemd.exe,18224,0x42C3CE0,D3D9,0,0,1,Hardware: Independent Flip,38785.3488,NA,16.65370000000000,17.16860000000000,2.31010000000000,5.89450000000000,6.0935,NA,38770.0590,17.5999,15.2898,2.3101,16.7637,4.4206,3.8941,0.5265,-0.7271,38770.0590,NA,NA
gamemd.exe,18224,0x42C3CE0,D3D9,0,0,1,Hardware: Independent Flip,38802.0125,NA,16.66370000000000,15.48380000000000,1.47610000000000,4.78710000000000,4.9136,NA,38787.6589,15.8297,14.3536,1.4761,15.0200,4.1207,3.9583,0.1624,2.1161,38787.6589,NA,NA
gamemd.exe,18224,0x42C3CE0,D3D9,0,0,1,Hardware: Independent Flip,38818.5538,NA,16.54130000000000,16.04810000000000,1.45090000000000,4.30400000000000,4.4204,NA,38803.4886,16.5161,15.0652,1.4509,15.5900,3.7792,3.7053,0.0739,-0.2184,38803.4886,NA,NA
gamemd.exe,18224,0x42C3CE0,D3D9,0,0,1,Hardware: Independent Flip,38835.5562,NA,17.00240000000000,17.17890000000000,1.62950000000000,4.41740000000000,4.5969,NA,38820.0047,17.1810,15.5515,1.6295,16.1068,3.8621,3.7815,0.0806,-0.6628,38820.0047,NA,NA
gamemd.exe,18224,0x42C3CE0,D3D9,0,0,1,Hardware: Independent Flip,38852.3558,NA,16.79960000000000,17.04940000000000,1.46970000000000,4.55720000000000,4.8467,NA,38837.1857,16.6398,15.1701,1.4697,15.8540,3.8733,3.7682,0.1051,0.1316,38837.1857,NA,NA
gamemd.exe,18224,0x42C3CE0,D3D9,0,0,1,Hardware: Independent Flip,38868.4144,NA,16.05860000000000,15.81380000000000,1.43550000000000,4.46610000000000,4.6019,NA,38853.8255,16.0244,14.5889,1.4355,15.2827,3.7723,3.7008,0.0715,0.8260,38853.8255,NA,NA
gamemd.exe,18224,0x42C3CE0,D3D9,0,0,1,Hardware: Independent Flip,38885.5136,NA,17.09920000000000,16.98570000000000,1.76890000000000,4.36310000000000,4.4884,NA,38869.8499,17.4326,15.6637,1.7689,16.2597,3.7671,3.6666,0.1005,-0.9613,38869.8499,NA,NA
gamemd.exe,18224,0x42C3CE0,D3D9,0,0,1,Hardware: Independent Flip,38902.1093,NA,16.59570000000000,16.91080000000000,2.14430000000000,4.64350000000000,4.8035,NA,38887.2825,16.9711,14.8268,2.1443,15.6307,3.8396,3.7243,0.1153,0.5218,38887.2825,20.7598,NA
gamemd.exe,18224,0x42C3CE0,D3D9,0,0,1,Hardware: Independent Flip,38918.6822,NA,16.57290000000000,16.23580000000000,1.27230000000000,4.34810000000000,4.4664,NA,38904.2536,15.7009,14.4286,1.2723,14.9166,3.8601,3.7599,0.1002,0.7353,38904.2536,NA,NA
gamemd.exe,18224,0x42C3CE0,D3D9,0,0,1,Hardware: Independent Flip,38935.2749,NA,16.59270000000000,16.71370000000000,1.24270000000000,4.46180000000000,4.5874,NA,38919.9545,16.5631,15.3204,1.2427,16.0485,3.7337,3.6700,0.0637,-1.0128,38919.9545,NA,NA
gamemd.exe,18224,0x42C3CE0,D3D9,0,0,1,Hardware: Independent Flip,38952.4648,NA,17.18990000000000,17.62370000000000,1.90300000000000,4.80890000000000,5.0212,NA,38936.5176,17.8502,15.9472,1.9030,16.7909,3.9652,3.8716,0.0936,-1.0606,38936.5176,NA,NA
gamemd.exe,18224,0x42C3CE0,D3D9,0,0,1,Hardware: Independent Flip,38968.8099,NA,16.34510000000000,16.87560000000000,1.30080000000000,5.37820000000000,5.5517,NA,38954.3678,15.7429,14.4421,1.3008,15.0559,4.7644,4.3311,0.4333,0.9746,38954.3678,NA,NA
gamemd.exe,18224,0x42C3CE0,D3D9,0,0,1,Hardware: Independent Flip,38985.2744,NA,16.46450000000000,16.01750000000000,2.50910000000000,4.96750000000000,5.1047,NA,38970.1107,17.6728,15.1637,2.5091,16.0024,4.1288,4.0128,0.1160,-0.2746,38970.1107,24.2289,NA
gamemd.exe,18224,0x42C3CE0,D3D9,0,0,1,Hardware: Independent Flip,39002.2370,NA,16.96260000000000,16.25320000000000,1.14210000000000,4.27250000000000,4.3953,NA,38987.7835,15.5956,14.4535,1.1421,15.0694,3.6566,3.5895,0.0671,1.4196,38987.7835,NA,NA
gamemd.exe,18224,0x42C3CE0,D3D9,0,0,1,Hardware: Independent Flip,39018.5982,NA,16.36120000000000,16.71140000000000,1.57490000000000,4.61300000000000,4.7455,NA,39003.3791,16.7940,15.2191,1.5749,16.2309,3.6012,3.5011,0.1001,-1.1158,39003.3791,NA,NA
gamemd.exe,18224,0x42C3CE0,D3D9,0,0,1,Hardware: Independent Flip,39035.2425,NA,16.64430000000000,16.96810000000000,1.65290000000000,4.88950000000000,5.0693,NA,39020.1731,16.7223,15.0694,1.6529,16.1797,3.7792,3.7263,0.0529,-0.1741,39020.1731,NA,NA
gamemd.exe,18224,0x42C3CE0,D3D9,0,0,1,Hardware: Independent Flip,39052.6703,NA,17.42780000000000,17.91990000000000,1.76570000000000,5.37730000000000,5.5614,NA,39036.8954,17.5406,15.7749,1.7657,16.7427,4.4095,3.9589,0.4506,-1.1976,39036.8954,NA,NA
gamemd.exe,18224,0x42C3CE0,D3D9,0,0,1,Hardware: Independent Flip,39069.0557,NA,16.38540000000000,15.68500000000000,2.22000000000000,4.74640000000000,4.8610,NA,39054.4360,16.8397,14.6197,2.2200,15.4034,3.9627,3.8983,0.0644,1.8556,39054.4360,NA,NA
gamemd.exe,18224,0x42C3CE0,D3D9,0,0,1,Hardware: Independent Flip,39085.5163,NA,16.46060000000000,16.04840000000000,1.66770000000000,4.29300000000000,4.4488,NA,39071.2757,15.9083,14.2406,1.6677,15.1093,3.4243,3.3749,0.0494,0.7913,39071.2757,NA,NA
gamemd.exe,18224,0x42C3CE0,D3D9,0,0,1,Hardware: Independent Flip,39102.7438,NA,17.22750000000000,17.04610000000000,0.98050000000000,4.15620000000000,4.2674,NA,39087.1840,16.5403,15.5598,0.9805,16.0584,3.6576,3.5947,0.0629,-1.1378,39087.1840,17.0106,NA
gamemd.exe,18224,0x42C3CE0,D3D9,0,0,1,Hardware: Independent Flip,39119.0865,NA,16.34270000000000,16.70720000000000,1.61350000000000,4.49690000000000,4.6319,NA,39103.7243,16.9757,15.3622,1.6135,16.3760,3.4831,3.4125,0.0706,-0.1669,39103.7243,NA,NA
gamemd.exe,18224,0x42C3CE0,D3D9,0,0,1,Hardware: Independent Flip,39135.6924,NA,16.60590000000000,16.60020000000000,1.60880000000000,4.51320000000000,4.6262,NA,39120.7000,16.6012,14.9924,1.6088,15.7112,3.7944,3.7461,0.0483,0.3755,39120.7000,NA,NA
gamemd.exe,18224,0x42C3CE0,D3D9,0,0,1,Hardware: Independent Flip,39152.7766,NA,17.08420000000000,17.41750000000000,1.73580000000000,4.77930000000000,4.9595,NA,39137.3012,17.2112,15.4754,1.7358,16.4173,3.8374,3.7553,0.0821,-0.8163,39137.3012,NA,NA
gamemd.exe,18224,0x42C3CE0,D3D9,0,0,1,Hardware: Independent Flip,39169.0379,NA,16.26130000000000,16.53470000000000,1.39840000000000,5.08710000000000,5.2329,NA,39154.5124,15.9239,14.5255,1.3984,15.2060,4.4066,3.9701,0.4365,0.6765,39154.5124,NA,NA
gamemd.exe,18224,0x42C3CE0,D3D9,0,0,1,Hardware: Independent Flip,39185.4116,NA,16.37370000000000,15.86530000000000,1.55120000000000,4.60690000000000,4.7245,NA,39170.4363,16.5265,14.9753,1.5512,15.5865,3.9957,3.8739,0.1218,0.0586,39170.4363,NA,NA
gamemd.exe,18224,0x42C3CE0,D3D9,0,0,1,Hardware: Independent Flip,39201.9814,NA,16.56980000000000,16.59000000000000,1.71080000000000,4.63510000000000,4.7447,NA,39186.9628,16.7294,15.0186,1.7108,15.8569,3.7968,3.7283,0.0685,-0.0635,39186.9628,NA,NA
gamemd.exe,18224,0x42C3CE0,D3D9,0,0,1,Hardware: Independent Flip,39218.7722,NA,16.79080000000000,16.58060000000000,1.42050000000000,4.41940000000000,4.5345,NA,39203.6922,16.5005,15.0800,1.4205,15.7737,3.7257,3.6323,0.0934,0.1488,39203.6922,NA,NA
gamemd.exe,18224,0x42C3CE0,D3D9,0,0,1,Hardware: Independent Flip,39235.6859,NA,16.91370000000000,16.84530000000000,1.59140000000000,4.35750000000000,4.4661,NA,39220.1927,17.0846,15.4932,1.5914,16.0715,3.7792,3.7253,0.0539,-0.3448,39220.1927,NA,NA
gamemd.exe,18224,0x42C3CE0,D3D9,0,0,1,Hardware: Independent Flip,39252.9106,NA,17.22470000000000,18.32810000000000,1.43710000000000,5.30100000000000,5.5695,NA,39237.2773,17.0704,15.6333,1.4371,16.1896,4.7447,4.0809,0.6638,-1.2435,39237.2773,NA,NA
gamemd.exe,18224,0x42C3CE0,D3D9,0,0,1,Hardware: Independent Flip,39269.8654,NA,16.95480000000000,16.87590000000000,1.35030000000000,5.20900000000000,5.4906,NA,39254.3477,16.8680,15.5177,1.3503,16.1061,4.6206,3.9954,0.6252,0.1945,39254.3477,NA,NA
gamemd.exe,18224,0x42C3CE0,D3D9,0,0,1,Hardware: Independent Flip,39286.2629,NA,16.39750000000000,16.32650000000000,1.48550000000000,5.26720000000000,5.4196,NA,39271.2157,16.5327,15.0472,1.4855,15.6698,4.6446,4.1831,0.4615,0.5415,39271.2157,NA,NA
gamemd.exe,18224,0x42C3CE0,D3D9,0,0,1,Hardware: Independent Flip,39301.8454,NA,15.58250000000000,15.02260000000000,1.47280000000000,4.68970000000000,4.8597,NA,39287.7484,15.5698,14.0970,1.4728,14.6885,4.0982,4.0120,0.0862,1.5101,39287.7484,NA,NA
gamemd.exe,18224,0x42C3CE0,D3D9,0,0,1,Hardware: Independent Flip,39318.9638,NA,17.11840000000000,16.26010000000000,1.01920000000000,3.86460000000000,4.0014,NA,39303.3182,16.6648,15.6456,1.0192,16.0584,3.4518,3.3800,0.0718,-0.6903,39303.3182,22.3275,NA
gamemd.exe,18224,0x42C3CE0,D3D9,0,0,1,Hardware: Independent Flip,39335.8365,NA,16.87270000000000,17.56470000000000,1.32350000000000,4.50540000000000,4.6934,NA,39319.9830,17.1770,15.8535,1.3235,16.5251,3.8338,3.7509,0.0829,-0.8999,39319.9830,NA,NA
gamemd.exe,18224,0x42C3CE0,D3D9,0,0,1,Hardware: Independent Flip,39353.2223,NA,17.38580000000000,18.42950000000000,1.49020000000000,5.49730000000000,5.7371,NA,39337.1600,17.5525,16.0623,1.4902,16.6865,4.8731,4.2396,0.6335,-1.2525,39337.1600,NA,NA
gamemd.exe,18224,0x42C3CE0,D3D9,0,0,1,Hardware: Independent Flip,39368.6565,NA,15.43420000000000,14.72550000000000,1.15850000000000,4.87940000000000,5.0284,NA,39354.7125,15.1025,13.9440,1.1585,14.4468,4.3766,4.2476,0.1290,2.8270,39354.7125,NA,NA
gamemd.exe,18224,0x42C3CE0,D3D9,0,0,1,Hardware: Independent Flip,39385.4921,NA,16.83560000000000,16.21830000000000,1.35900000000000,4.29980000000000,4.4111,NA,39369.8150,17.0361,15.6771,1.3590,16.4060,3.5709,3.5083,0.0626,-1.1158,39369.8150,NA,NA
gamemd.exe,18224,0x42C3CE0,D3D9,0,0,1,Hardware: Independent Flip,39401.8700,NA,16.37790000000000,17.11340000000000,1.90930000000000,5.02900000000000,5.1466,NA,39386.8511,16.9282,15.0189,1.9093,16.3002,3.7477,3.6776,0.0701,-0.0773,39386.8511,13.3007,NA
gamemd.exe,18224,0x42C3CE0,D3D9,0,0,1,Hardware: Independent Flip,39418.8033,NA,16.93330000000000,16.71190000000000,1.72500000000000,4.79380000000000,4.9252,NA,39403.7793,16.7490,15.0240,1.7250,16.1348,3.6830,3.6098,0.0732,0.2163,39403.7793,NA,NA
gamemd.exe,18224,0x42C3CE0,D3D9,0,0,1,Hardware: Independent Flip,39435.7228,NA,16.91950000000000,16.42890000000000,1.26830000000000,4.32020000000000,4.4346,NA,39420.5283,16.4628,15.1945,1.2683,15.8918,3.6229,3.5560,0.0669,0.3201,39420.5283,NA,NA
gamemd.exe,18224,0x42C3CE0,D3D9,0,0,1,Hardware: Independent Flip,39452.1311,NA,16.40830000000000,17.03440000000000,1.49170000000000,4.86200000000000,5.0607,NA,39436.9911,16.6317,15.1400,1.4917,15.7810,4.2210,4.1190,0.1020,-0.5716,39436.9911,22.3315,NA
gamemd.exe,18224,0x42C3CE0,D3D9,0,0,1,Hardware: Independent Flip,39468.8255,NA,16.69440000000000,16.87610000000000,1.42290000000000,5.07290000000000,5.2424,NA,39453.6228,16.6256,15.2027,1.4229,15.9096,4.3660,4.2076,0.1584,-0.2444,39453.6228,NA,NA
gamemd.exe,18224,0x42C3CE0,D3D9,0,0,1,Hardware: Independent Flip,39485.4541,NA,16.62860000000000,16.10910000000000,1.96090000000000,4.60620000000000,4.7229,NA,39470.2484,17.1666,15.2057,1.9609,15.7877,4.0242,3.9294,0.0948,0.5165,39470.2484,NA,NA
gamemd.exe,18224,0x42C3CE0,D3D9,0,0,1,Hardware: Independent Flip,39502.1442,NA,16.69010000000000,16.81680000000000,2.06540000000000,4.69680000000000,4.8496,NA,39487.4150,16.7946,14.7292,2.0654,15.5510,3.8750,3.8087,0.0663,0.3498,39487.4150,9.8757,NA
gamemd.exe,18224,0x42C3CE0,D3D9,0,0,1,Hardware: Independent Flip,39519.1600,NA,17.01580000000000,16.48880000000000,1.18010000000000,4.20620000000000,4.3226,NA,39504.2096,16.1305,14.9504,1.1801,15.5849,3.5717,3.5143,0.0574,0.3058,39504.2096,NA,NA
gamemd.exe,18224,0x42C3CE0,D3D9,0,0,1,Hardware: Independent Flip,39535.3354,NA,16.17540000000000,16.49270000000000,1.38830000000000,4.44780000000000,4.6399,NA,39520.3401,16.3836,14.9953,1.3883,15.5428,3.9003,3.8198,0.0805,-0.3622,39520.3401,NA,NA
gamemd.exe,18224,0x42C3CE0,D3D9,0,0,1,Hardware: Independent Flip,39552.9852,NA,17.64980000000000,18.99060000000000,2.32080000000000,5.80480000000000,5.9807,NA,39536.7237,18.5823,16.2615,2.3208,16.9081,5.1582,4.4013,0.7569,-2.6070,39536.7237,15.4406,NA
gamemd.exe,18224,0x42C3CE0,D3D9,0,0,1,Hardware: Independent Flip,39569.4621,NA,16.47690000000000,15.41740000000000,1.46640000000000,4.74130000000000,4.9212,NA,39555.3060,15.6225,14.1561,1.4664,14.7468,4.1506,4.0611,0.0895,3.1649,39555.3060,NA,NA
gamemd.exe,18224,0x42C3CE0,D3D9,0,0,1,Hardware: Independent Flip,39585.4273,NA,15.96520000000000,15.56460000000000,1.46210000000000,4.40770000000000,4.5206,NA,39570.9285,15.9609,14.4988,1.4621,15.0805,3.8260,3.7480,0.0780,0.0579,39570.9285,NA,NA
gamemd.exe,18224,0x42C3CE0,D3D9,0,0,1,Hardware: Independent Flip,39602.0843,NA,16.65700000000000,16.89240000000000,2.00190000000000,4.63420000000000,4.7560,NA,39586.8894,17.1968,15.1949,2.0019,16.0234,3.8057,3.7226,0.0831,-0.9315,39586.8894,NA,NA
gamemd.exe,18224,0x42C3CE0,D3D9,0,0,1,Hardware: Independent Flip,39618.7996,NA,16.71530000000000,16.37400000000000,1.51400000000000,4.29110000000000,4.4147,NA,39604.0862,16.2274,14.7134,1.5140,15.2741,3.7304,3.6456,0.0848,0.8228,39604.0862,NA,NA
gamemd.exe,18224,0x42C3CE0,D3D9,0,0,1,Hardware: Independent Flip,39635.1737,NA,16.37410000000000,16.51640000000000,1.48190000000000,4.44760000000000,4.5570,NA,39620.3136,16.3420,14.8601,1.4819,15.5670,3.7407,3.6661,0.0746,-0.2890,39620.3136,NA,NA
gamemd.exe,18224,0x42C3CE0,D3D9,0,0,1,Hardware: Independent Flip,39651.7457,NA,16.57200000000000,16.69030000000000,1.42560000000000,4.56520000000000,4.6753,NA,39636.6556,16.5157,15.0901,1.4256,16.0298,3.6255,3.5777,0.0478,-0.3483,39636.6556,NA,NA
gamemd.exe,18224,0x42C3CE0,D3D9,0,0,1,Hardware: Independent Flip,39668.5608,NA,16.81510000000000,17.05120000000000,1.43570000000000,4.67950000000000,4.9114,NA,39653.1713,16.8252,15.3895,1.4357,15.9689,4.1001,3.9833,0.1168,-0.5355,39653.1713,NA,NA
gamemd.exe,18224,0x42C3CE0,D3D9,0,0,1,Hardware: Independent Flip,39685.4825,NA,16.92170000000000,16.69880000000000,1.62390000000000,4.56250000000000,4.6885,NA,39669.9965,17.1099,15.4860,1.6239,16.1037,3.9448,3.8407,0.1041,0.1264,39669.9965,18.4795,NA
gamemd.exe,18224,0x42C3CE0,D3D9,0,0,1,Hardware: Independent Flip,39701.9596,NA,16.47710000000000,16.24090000000000,1.58000000000000,4.33830000000000,4.4523,NA,39687.1064,16.4332,14.8532,1.5800,15.4748,3.7167,3.6502,0.0665,0.8690,39687.1064,NA,NA
gamemd.exe,18224,0x42C3CE0,D3D9,0,0,1,Hardware: Independent Flip,39718.4782,NA,16.51860000000000,16.69090000000000,1.27180000000000,4.50320000000000,4.6246,NA,39703.5396,16.2104,14.9386,1.2718,15.6909,3.7509,3.6791,0.0718,-0.2577,39703.5396,NA,NA
gamemd.exe,18224,0x42C3CE0,D3D9,0,0,1,Hardware: Independent Flip,39735.5414,NA,17.06320000000000,16.83540000000000,0.96890000000000,4.25080000000000,4.3968,NA,39719.7500,16.7603,15.7914,0.9689,16.3273,3.7149,3.6591,0.0558,-0.6250,39719.7500,NA,NA
gamemd.exe,18224,0x42C3CE0,D3D9,0,0,1,Hardware: Independent Flip,39751.9265,NA,16.38510000000000,16.66030000000000,1.47100000000000,4.54620000000000,4.6720,NA,39736.5103,16.8872,15.4162,1.4710,16.3612,3.6012,3.5419,0.0593,0.1000,39736.5103,NA,NA
gamemd.exe,18224,0x42C3CE0,D3D9,0,0,1,Hardware: Independent Flip,39768.7912,NA,16.86470000000000,16.69170000000000,1.14530000000000,4.36110000000000,4.4990,NA,39753.3975,16.5390,15.3937,1.1453,16.0909,3.6639,3.6059,0.0580,0.1955,39753.3975,NA,NA
gamemd.exe,18224,0x42C3CE0,D3D9,0,0,1,Hardware: Independent Flip,39785.7339,NA,16.94270000000000,17.27320000000000,1.56790000000000,4.63500000000000,4.8295,NA,39769.9365,17.3653,15.7974,1.5679,16.6499,3.7825,3.6842,0.0983,-0.7342,39769.9365,NA,NA
gamemd.exe,18224,0x42C3CE0,D3D9,0,0,1,Hardware: Independent Flip,39801.9622,NA,16.22830000000000,16.66730000000000,1.97530000000000,5.12470000000000,5.2685,NA,39787.3018,16.6357,14.6604,1.9753,15.3805,4.4046,4.2820,0.1226,0.6980,39787.3018,NA,NA
gamemd.exe,18224,0x42C3CE0,D3D9,0,0,1,Hardware: Independent Flip,39818.8534,NA,16.89120000000000,16.44980000000000,2.10790000000000,4.71540000000000,4.8271,NA,39803.9375,17.0238,14.9159,2.1079,15.8996,3.7317,3.6395,0.0922,0.1859,39803.9375,NA,NA
gamemd.exe,18224,0x42C3CE0,D3D9,0,0,1,Hardware: Independent Flip,39835.4690,NA,16.61560000000000,16.30400000000000,1.42680000000000,4.40880000000000,4.5155,NA,39820.9613,15.9345,14.5077,1.4268,15.2658,3.6507,3.5709,0.0798,0.7198,39820.9613,NA,NA
gamemd.exe,18224,0x42C3CE0,D3D9,0,0,1,Hardware: Independent Flip,39851.9537,NA,16.48470000000000,16.83450000000000,1.53940000000000,4.70040000000000,4.8653,NA,39836.8958,16.5973,15.0579,1.5394,15.9942,3.7641,3.7180,0.0461,-0.9000,39836.8958,NA,NA
gamemd.exe,18224,0x42C3CE0,D3D9,0,0,1,Hardware: Independent Flip,39868.9957,NA,17.04200000000000,17.25530000000000,2.51410000000000,4.90370000000000,5.0786,NA,39853.4931,18.0167,15.5026,2.5141,16.2879,4.1184,4.0184,0.1000,-0.6580,39853.4931,NA,NA
gamemd.exe,18224,0x42C3CE0,D3D9,0,0,1,Hardware: Independent Flip,39885.1534,NA,16.15770000000000,16.34670000000000,1.57770000000000,4.94000000000000,5.2676,NA,39871.5098,15.2213,13.6436,1.5777,14.3221,4.2615,4.0878,0.1737,1.6700,39871.5098,NA,NA
gamemd.exe,18224,0x42C3CE0,D3D9,0,0,1,Hardware: Independent Flip,39902.3010,NA,17.14760000000000,17.38920000000000,2.36500000000000,5.31330000000000,5.5092,NA,39886.7311,17.9349,15.5699,2.3650,16.2824,4.6008,4.4415,0.1593,-2.1679,39886.7311,8.5134,NA
gamemd.exe,18224,0x42C3CE0,D3D9,0,0,1,Hardware: Independent Flip,39919.5821,NA,17.28110000000000,17.27430000000000,1.45770000000000,5.14390000000000,5.5024,NA,39904.6660,16.3738,14.9161,1.4577,15.5642,4.4958,3.9397,0.5561,0.6606,39904.6660,NA,NA
gamemd.exe,18224,0x42C3CE0,D3D9,0,0,1,Hardware: Independent Flip,39935.2180,NA,15.63590000000000,14.71360000000000,1.36330000000000,4.46700000000000,4.5801,NA,39921.0398,15.5415,14.1782,1.3633,14.7668,3.8784,3.8018,0.0766,1.6602,39921.0398,NA,NA
gamemd.exe,18224,0x42C3CE0,D3D9,0,0,1,Hardware: Independent Flip,39951.8934,NA,16.67540000000000,16.58690000000000,1.57020000000000,4.36140000000000,4.4916,NA,39936.5813,16.8823,15.3121,1.5702,15.9168,3.7567,3.7081,0.0486,-1.0454,39936.5813,NA,NA
gamemd.exe,18224,0x42C3CE0,D3D9,0,0,1,Hardware: Independent Flip,39968.4704,NA,16.57700000000000,16.39520000000000,1.49250000000000,4.17770000000000,4.3098,NA,39953.4636,16.4993,15.0068,1.4925,15.5360,3.6485,3.6029,0.0456,0.4871,39953.4636,NA,NA
gamemd.exe,18224,0x42C3CE0,D3D9,0,0,1,Hardware: Independent Flip,39985.6566,NA,17.18620000000000,17.40340000000000,1.81250000000000,4.34970000000000,4.5270,NA,39969.9629,17.5062,15.6937,1.8125,16.2037,3.8397,3.7383,0.1014,-0.9041,39969.9629,13.0300,NA
gamemd.exe,18224,0x42C3CE0,D3D9,0,0,1,Hardware: Independent Flip,40002.4956,NA,16.83900000000000,17.76320000000000,1.54660000000000,5.27350000000000,5.4512,NA,39987.4691,16.5731,15.0265,1.5466,15.7815,4.5185,4.0321,0.4864,-0.2570,39987.4691,NA,NA
gamemd.exe,18224,0x42C3CE0,D3D9,0,0,1,Hardware: Independent Flip,40018.7058,NA,16.21020000000000,15.31610000000000,1.21250000000000,4.41550000000000,4.5571,NA,40004.0422,15.8761,14.6636,1.2125,15.1666,3.9125,3.8073,0.1052,1.2570,40004.0422,NA,NA
gamemd.exe,18224,0x42C3CE0,D3D9,0,0,1,Hardware: Independent Flip,40035.8367,NA,17.13090000000000,17.33250000000000,1.57160000000000,4.64050000000000,4.7587,NA,40019.9183,17.4900,15.9184,1.5716,16.7026,3.8563,3.7843,0.0720,-1.4564,40019.9183,26.0906,NA
gamemd.exe,18224,0x42C3CE0,D3D9,0,0,1,Hardware: Independent Flip,40052.7922,NA,16.95550000000000,16.32750000000000,0.98130000000000,4.00650000000000,4.1307,NA,40037.4083,16.3652,15.3839,0.9813,15.8067,3.5837,3.5331,0.0506,1.1625,40037.4083,NA,NA
gamemd.exe,18224,0x42C3CE0,D3D9,0,0,1,Hardware: Independent Flip,40068.7991,NA,16.00690000000000,16.99950000000000,1.84560000000000,4.93680000000000,5.1233,NA,40053.7735,16.8712,15.0256,1.8456,16.2000,3.7624,3.6728,0.0896,-0.6343,40053.7735,NA,NA
gamemd.exe,18224,0x42C3CE0,D3D9,0,0,1,Hardware: Independent Flip,40085.1417,NA,16.34260000000000,15.94710000000000,1.67130000000000,4.60610000000000,4.7278,NA,40070.6447,16.1683,14.4970,1.6713,15.1037,3.9994,3.9057,0.0937,0.9241,40070.6447,NA,NA
gamemd.exe,18224,0x42C3CE0,D3D9,0,0,1,Hardware: Independent Flip,40102.3033,NA,17.16160000000000,17.32990000000000,1.68330000000000,4.73500000000000,4.8961,NA,40086.8130,17.1736,15.4903,1.6833,16.5905,3.6348,3.5825,0.0523,-1.1616,40086.8130,NA,NA
gamemd.exe,18224,0x42C3CE0,D3D9,0,0,1,Hardware: Independent Flip,40118.4600,NA,16.15670000000000,15.73690000000000,1.47970000000000,4.33790000000000,4.4763,NA,40103.9866,15.9531,14.4734,1.4797,14.9882,3.8231,3.7640,0.0591,1.4367,40103.9866,NA,NA
gamemd.exe,18224,0x42C3CE0,D3D9,0,0,1,Hardware: Independent Flip,40135.7213,NA,17.26130000000000,17.64520000000000,1.61470000000000,4.73400000000000,4.8602,NA,40119.9397,17.3963,15.7816,1.6147,16.6359,3.8797,3.8052,0.0745,-1.6921,40119.9397,NA,NA
gamemd.exe,18224,0x42C3CE0,D3D9,0,0,1,Hardware: Independent Flip,40152.4677,NA,16.74640000000000,16.29800000000000,1.00970000000000,4.23620000000000,4.4118,NA,40137.3360,16.1414,15.1317,1.0097,15.6289,3.7390,3.6473,0.0917,1.0983,40137.3360,21.6372,NA
gamemd.exe,18224,0x42C3CE0,D3D9,0,0,1,Hardware: Independent Flip,40168.8178,NA,16.35010000000000,16.54060000000000,1.38290000000000,4.41800000000000,4.6023,NA,40153.4774,16.7233,15.3404,1.3829,15.9186,3.8398,3.7589,0.0809,-0.3992,40153.4774,NA,NA
gamemd.exe,18224,0x42C3CE0,D3D9,0,0,1,Hardware: Independent Flip,40185.3249,NA,16.50710000000000,16.97550000000000,1.64130000000000,4.88320000000000,5.0707,NA,40170.2007,16.7655,15.1242,1.6413,15.7455,4.2619,4.1636,0.0983,-0.2522,40170.2007,27.9473,NA
gamemd.exe,18224,0x42C3CE0,D3D9,0,0,1,Hardware: Independent Flip,40202.0154,NA,16.69050000000000,17.02960000000000,2.32560000000000,5.22550000000000,5.4098,NA,40186.9662,17.3748,15.0492,2.3256,16.1326,4.1421,4.0620,0.0801,-0.2641,40186.9662,NA,NA
gamemd.exe,18224,0x42C3CE0,D3D9,0,0,1,Hardware: Independent Flip,40218.7293,NA,16.71390000000000,16.39200000000000,1.64960000000000,4.96580000000000,5.0879,NA,40204.3410,16.0379,14.3883,1.6496,15.4944,3.8597,3.7967,0.0630,0.9828,40204.3410,NA,NA
gamemd.exe,18224,0x42C3CE0,D3D9,0,0,1,Hardware: Independent Flip,40236.0032,NA,17.27390000000000,16.38060000000000,1.00290000000000,4.06570000000000,4.1946,NA,40220.3789,16.6272,15.6243,1.0029,16.1524,3.5376,3.4877,0.0499,-0.3427,40220.3789,NA,NA
gamemd.exe,18224,0x42C3CE0,D3D9,0,0,1,Hardware: Independent Flip,40251.9294,NA,15.92620000000000,16.62780000000000,1.77230000000000,4.78380000000000,4.8962,NA,40237.0061,16.6956,14.9233,1.7723,16.1086,3.5985,3.5315,0.0670,-0.0006,40237.0061,NA,NA
gamemd.exe,18224,0x42C3CE0,D3D9,0,0,1,Hardware: Independent Flip,40268.8408,NA,16.91140000000000,17.05860000000000,1.72820000000000,4.88560000000000,5.0434,NA,40253.7017,16.8673,15.1391,1.7282,16.2210,3.8037,3.7122,0.0915,-0.3630,40253.7017,8.9910,NA
gamemd.exe,18224,0x42C3CE0,D3D9,0,0,1,Hardware: Independent Flip,40286.0365,NA,17.19570000000000,17.69550000000000,1.71900000000000,5.34910000000000,5.5432,NA,40270.5690,17.1865,15.4675,1.7190,16.3399,4.4767,3.9424,0.5343,-0.8282,40270.5690,15.3844,NA
gamemd.exe,18224,0x42C3CE0,D3D9,0,0,1,Hardware: Independent Flip,40302.1730,NA,16.13650000000000,15.18840000000000,1.50240000000000,4.47090000000000,4.5951,NA,40287.7555,15.9199,14.4175,1.5024,14.9710,3.9174,3.8256,0.0918,1.9981,40287.7555,NA,NA
gamemd.exe,18224,0x42C3CE0,D3D9,0,0,1,Hardware: Independent Flip,40318.6757,NA,16.50270000000000,16.79870000000000,2.01420000000000,4.77850000000000,4.8911,NA,40303.6754,17.0145,15.0003,2.0142,15.9917,3.7871,3.7259,0.0612,-0.8788,40303.6754,NA,NA
gamemd.exe,18224,0x42C3CE0,D3D9,0,0,1,Hardware: Independent Flip,40335.4467,NA,16.77100000000000,16.70650000000000,1.71330000000000,4.72050000000000,4.8266,NA,40320.6899,16.4701,14.7568,1.7133,15.8472,3.6301,3.5839,0.0462,0.3080,40320.6899,11.5870,NA
gamemd.exe,18224,0x42C3CE0,D3D9,0,0,1,Hardware: Independent Flip,40352.3530,NA,16.90630000000000,16.89570000000000,1.81670000000000,4.69540000000000,4.8160,NA,40337.1600,17.0097,15.1930,1.8167,16.2640,3.6244,3.5410,0.0834,-0.4256,40337.1600,NA,NA
gamemd.exe,18224,0x42C3CE0,D3D9,0,0,1,Hardware: Independent Flip,40368.6644,NA,16.31140000000000,16.33300000000000,1.70410000000000,4.71260000000000,4.8376,NA,40354.1697,16.1988,14.4947,1.7041,15.3360,3.8713,3.7837,0.0876,0.6767,40354.1697,NA,NA
gamemd.exe,18224,0x42C3CE0,D3D9,0,0,1,Hardware: Independent Flip,40385.5777,NA,16.91330000000000,17.02870000000000,2.05980000000000,4.76980000000000,4.9530,NA,40370.3685,17.2690,15.2092,2.0598,15.8766,4.1024,3.9875,0.1149,-0.8299,40370.3685,NA,NA
gamemd.exe,18224,0x42C3CE0,D3D9,0,0,1,Hardware: Independent Flip,40402.2056,NA,16.62790000000000,16.92290000000000,1.48040000000000,5.08120000000000,5.2480,NA,40387.6375,16.0485,14.5681,1.4804,15.2439,4.4054,3.9862,0.4192,0.3461,40387.6375,NA,NA
gamemd.exe,18224,0x42C3CE0,D3D9,0,0,1,Hardware: Independent Flip,40418.8551,NA,16.64950000000000,16.11690000000000,1.55730000000000,4.54850000000000,4.7154,NA,40403.6860,16.7264,15.1691,1.5573,15.7215,3.9961,3.9098,0.0863,-0.0684,40403.6860,NA,NA
gamemd.exe,18224,0x42C3CE0,D3D9,0,0,1,Hardware: Independent Flip,40435.1569,NA,16.30180000000000,16.06590000000000,1.50220000000000,4.36550000000000,4.4795,NA,40420.4124,16.2467,14.7445,1.5022,15.2690,3.8410,3.7601,0.0809,0.6605,40420.4124,23.7984,NA
gamemd.exe,18224,0x42C3CE0,D3D9,0,0,1,Hardware: Independent Flip,40451.7211,NA,16.56420000000000,16.45680000000000,1.47400000000000,4.26190000000000,4.3721,NA,40436.6591,16.5360,15.0620,1.4740,15.6223,3.7016,3.6463,0.0553,-0.2101,40436.6591,NA,NA
gamemd.exe,18224,0x42C3CE0,D3D9,0,0,1,Hardware: Independent Flip,40468.5715,NA,16.85040000000000,16.99300000000000,1.33610000000000,4.40030000000000,4.5147,NA,40453.1951,16.7125,15.3764,1.3361,15.8779,3.8988,3.8058,0.0930,-0.4570,40453.1951,NA,NA
gamemd.exe,18224,0x42C3CE0,D3D9,0,0,1,Hardware: Independent Flip,40485.2226,NA,16.65110000000000,18.57660000000000,2.28750000000000,6.13340000000000,6.4402,NA,40469.9076,17.6025,15.3150,2.2875,16.8118,4.6366,4.1406,0.4960,-1.8641,40469.9076,31.7044,NA
gamemd.exe,18224,0x42C3CE0,D3D9,0,0,1,Hardware: Independent Flip,40501.9536,NA,16.73100000000000,15.45990000000000,2.40090000000000,5.01340000000000,5.1691,NA,40487.5101,16.8444,14.4435,2.4009,15.4187,4.0382,3.9168,0.1214,2.1426,40487.5101,NA,NA
gamemd.exe,18224,0x42C3CE0,D3D9,0,0,1,Hardware: Independent Flip,40518.4355,NA,16.48190000000000,16.10630000000000,1.50240000000000,4.66480000000000,4.7935,NA,40504.3545,15.5834,14.0810,1.5024,15.0438,3.7020,3.6365,0.0655,0.7381,40504.3545,NA,NA
gamemd.exe,18224,0x42C3CE0,D3D9,0,0,1,Hardware: Independent Flip,40535.7751,NA,17.33960000000000,16.95520000000000,1.05880000000000,4.26720000000000,4.4091,NA,40519.9379,16.8960,15.8372,1.0588,16.4173,3.6871,3.6359,0.0512,-1.3718,40519.9379,NA,NA
gamemd.exe,18224,0x42C3CE0,D3D9,0,0,1,Hardware: Independent Flip,40552.6332,NA,16.85810000000000,16.82930000000000,1.12200000000000,4.24160000000000,4.3803,NA,40536.8339,16.9213,15.7993,1.1220,16.4189,3.6220,3.5416,0.0804,0.0667,40536.8339,NA,NA
gamemd.exe,18224,0x42C3CE0,D3D9,0,0,1,Hardware: Independent Flip,40568.8255,NA,16.19230000000000,16.28310000000000,1.23130000000000,4.35410000000000,4.4711,NA,40553.7552,16.3016,15.0703,1.2313,15.7611,3.6633,3.5721,0.0912,0.6382,40553.7552,22.1817,NA
gamemd.exe,18224,0x42C3CE0,D3D9,0,0,1,Hardware: Independent Flip,40585.4471,NA,16.62160000000000,16.82500000000000,1.39600000000000,4.53720000000000,4.6745,NA,40570.0568,16.7863,15.3903,1.3960,15.9618,3.9657,3.8700,0.0957,-0.5234,40570.0568,NA,NA
gamemd.exe,18224,0x42C3CE0,D3D9,0,0,1,Hardware: Independent Flip,40602.9564,NA,17.50930000000000,17.86060000000000,1.71630000000000,4.82540000000000,5.0258,NA,40586.8431,17.8296,16.1133,1.7163,17.0973,3.8414,3.7720,0.0694,-1.0743,40586.8431,29.0316,NA
gamemd.exe,18224,0x42C3CE0,D3D9,0,0,1,Hardware: Independent Flip,40618.9820,NA,16.02560000000000,16.67640000000000,1.62340000000000,5.33770000000000,5.6766,NA,40604.6727,15.9327,14.3093,1.6234,14.9734,4.6736,4.1447,0.5289,1.1532,40604.6727,NA,NA
gamemd.exe,18224,0x42C3CE0,D3D9,0,0,1,Hardware: Independent Flip,40635.3985,NA,16.41650000000000,16.04240000000000,1.97150000000000,5.16420000000000,5.3025,NA,40620.6054,16.7646,14.7931,1.9715,15.4083,4.5490,4.4313,0.1177,-0.1097,40620.6054,21.5192,NA
gamemd.exe,18224,0x42C3CE0,D3D9,0,0,1,Hardware: Independent Flip,40651.9463,NA,16.54780000000000,15.86660000000000,1.60800000000000,4.50790000000000,4.6213,NA,40637.3700,16.1843,14.5763,1.6080,15.4649,3.6193,3.5692,0.0501,0.8980,40637.3700,NA,NA
gamemd.exe,18224,0x42C3CE0,D3D9,0,0,1,Hardware: Independent Flip,40669.2566,NA,17.31030000000000,16.86230000000000,0.83110000000000,4.05270000000000,4.1733,NA,40653.5543,16.5334,15.7023,0.8311,16.0918,3.6632,3.5821,0.0811,-0.6780,40653.5543,NA,NA
gamemd.exe,18224,0x42C3CE0,D3D9,0,0,1,Hardware: Independent Flip,40685.4540,NA,16.19740000000000,16.67360000000000,1.47400000000000,4.49050000000000,4.6495,NA,40670.0877,16.8403,15.3663,1.4740,16.1204,3.7364,3.7016,0.0348,-0.1402,40670.0877,NA,NA
gamemd.exe,18224,0x42C3CE0,D3D9,0,0,1,Hardware: Independent Flip,40701.9549,NA,16.50090000000000,17.04100000000000,1.44320000000000,5.00820000000000,5.1896,NA,40686.9280,16.4701,15.0269,1.4432,15.6392,4.3959,4.2992,0.0967,-0.2007,40686.9280,NA,NA
gamemd.exe,18224,0x42C3CE0,D3D9,0,0,1,Hardware: Independent Flip,40718.6935,NA,16.73860000000000,16.58340000000000,1.98960000000000,4.90210000000000,5.0344,NA,40703.3981,17.2850,15.2954,1.9896,16.0318,4.1657,4.0856,0.0801,-0.1133,40703.3981,NA,NA
gamemd.exe,18224,0x42C3CE0,D3D9,0,0,1,Hardware: Independent Flip,40735.5015,NA,16.80800000000000,16.48680000000000,1.83630000000000,4.52740000000000,4.7132,NA,40720.6831,16.6547,14.8184,1.8363,15.4886,3.8572,3.7539,0.1033,0.7982,40720.6831,NA,NA
gamemd.exe,18224,0x42C3CE0,D3D9,0,0,1,Hardware: Independent Flip,40751.9813,NA,16.47980000000000,17.14990000000000,1.46030000000000,5.14240000000000,5.3833,NA,40737.3378,16.1038,14.6435,1.4603,15.3754,4.4105,3.9239,0.4866,-0.4952,40737.3378,NA,NA
gamemd.exe,18224,0x42C3CE0,D3D9,0,0,1,Hardware: Independent Flip,40768.8405,NA,16.85920000000000,16.20560000000000,1.96110000000000,4.59780000000000,4.7297,NA,40753.4416,17.3600,15.3989,1.9611,16.2737,3.7230,3.6606,0.0624,-0.1018,40753.4416,NA,NA
gamemd.exe,18224,0x42C3CE0,D3D9,0,0,1,Hardware: Independent Flip,40785.6262,NA,16.78570000000000,16.66040000000000,2.07760000000000,4.49060000000000,4.6044,NA,40770.8016,16.9022,14.8246,2.0776,15.4632,3.8520,3.7667,0.0853,0.6996,40770.8016,NA,NA
gamemd.exe,18224,0x42C3CE0,D3D9,0,0,1,Hardware: Independent Flip,40802.2213,NA,16.59510000000000,16.52010000000000,1.54650000000000,4.42190000000000,4.5294,NA,40787.7038,16.0640,14.5175,1.5465,15.1519,3.7875,3.7321,0.0554,0.3821,40787.7038,NA,NA
gamemd.exe,18224,0x42C3CE0,D3D9,0,0,1,Hardware: Independent Flip,40818.7638,NA,16.54250000000000,16.97260000000000,1.78450000000000,4.76830000000000,4.9595,NA,40803.7678,16.7805,14.9960,1.7845,15.7989,3.9654,3.8610,0.1044,-0.9086,40803.7678,NA,NA
gamemd.exe,18224,0x42C3CE0,D3D9,0,0,1,Hardware: Independent Flip,40835.4072,NA,16.64340000000000,16.63160000000000,1.63970000000000,4.76290000000000,4.9477,NA,40820.5483,16.4986,14.8589,1.6397,15.5343,4.0875,3.9591,0.1284,0.1489,40820.5483,NA,NA
gamemd.exe,18224,0x42C3CE0,D3D9,0,0,1,Hardware: Independent Flip,40851.8852,NA,16.47800000000000,16.31340000000000,1.59270000000000,4.65330000000000,4.7831,NA,40837.0469,16.4310,14.8383,1.5927,15.6273,3.8643,3.7638,0.1005,0.1852,40837.0469,17.6281,NA
gamemd.exe,18224,0x42C3CE0,D3D9,0,0,1,Hardware: Independent Flip,40868.6532,NA,16.76800000000000,16.42140000000000,1.51040000000000,4.32370000000000,4.4365,NA,40853.4779,16.6857,15.1753,1.5104,15.7012,3.7978,3.7404,0.0574,0.0096,40853.4779,NA,NA
gamemd.exe,18224,0x42C3CE0,D3D9,0,0,1,Hardware: Independent Flip,40885.6383,NA,16.98510000000000,16.90420000000000,1.10850000000000,4.20150000000000,4.3556,NA,40870.1636,16.5832,15.4747,1.1085,16.1067,3.5695,3.5224,0.0471,-0.2185,40870.1636,NA,NA
gamemd.exe,18224,0x42C3CE0,D3D9,0,0,1,Hardware: Independent Flip,40902.0333,NA,16.39500000000000,16.73030000000000,1.64410000000000,4.55150000000000,4.6909,NA,40886.7468,16.9306,15.2865,1.6441,16.0100,3.8280,3.7631,0.0649,-0.1471,40886.7468,NA,NA
gamemd.exe,18224,0x42C3CE0,D3D9,0,0,1,Hardware: Independent Flip,40918.6921,NA,16.65880000000000,17.10130000000000,1.33380000000000,4.93440000000000,5.1334,NA,40903.6774,16.3485,15.0147,1.3338,15.6146,4.3345,4.2175,0.1170,-0.1707,40903.6774,NA,NA
gamemd.exe,18224,0x42C3CE0,D3D9,0,0,1,Hardware: Independent Flip,40935.4885,NA,16.79640000000000,16.81190000000000,1.65450000000000,4.94790000000000,5.1489,NA,40920.0259,17.1171,15.4626,1.6545,16.1334,4.2771,4.1612,0.1159,-0.4634,40920.0259,NA,NA
gamemd.exe,18224,0x42C3CE0,D3D9,0,0,1,Hardware: Independent Flip,40952.1749,NA,16.68640000000000,16.38910000000000,2.33940000000000,4.73680000000000,4.8516,NA,40937.1430,17.3713,15.0319,2.3394,15.8397,3.9290,3.8517,0.0773,0.7280,40937.1430,NA,NA
gamemd.exe,18224,0x42C3CE0,D3D9,0,0,1,Hardware: Independent Flip,40968.7441,NA,16.56920000000000,16.00760000000000,0.82120000000000,4.14970000000000,4.2900,NA,40954.5143,15.0510,14.2298,0.8212,14.6141,3.7654,3.7004,0.0650,1.3637,40954.5143,NA,NA
gamemd.exe,18224,0x42C3CE0,D3D9,0,0,1,Hardware: Independent Flip,40985.3984,NA,16.65430000000000,16.52760000000000,0.86090000000000,4.01870000000000,4.1633,NA,40969.5653,16.6940,15.8331,0.8609,16.2081,3.6437,3.5868,0.0569,-1.4766,40969.5653,NA,NA
gamemd.exe,18224,0x42C3CE0,D3D9,0,0,1,Hardware: Independent Flip,41002.4354,NA,17.03700000000000,17.39600000000000,1.17700000000000,4.34220000000000,4.5223,NA,40986.2593,17.3531,16.1761,1.1770,16.6474,3.8709,3.7845,0.0864,-0.7020,40986.2593,NA,NA
gamemd.exe,18224,0x42C3CE0,D3D9,0,0,1,Hardware: Independent Flip,41019.4894,NA,17.05400000000000,18.09070000000000,1.46040000000000,5.32620000000000,5.5590,NA,41003.6124,17.3374,15.8770,1.4604,16.5281,4.6751,3.9847,0.6904,-0.7376,41003.6124,NA,NA
gamemd.exe,18224,0x42C3CE0,D3D9,0,0,1,Hardware: Independent Flip,41035.0642,NA,15.57480000000000,15.25510000000000,1.55180000000000,5.05620000000000,5.2393,NA,41020.9498,15.6662,14.1144,1.5518,14.8011,4.3695,4.2556,0.1139,2.0823,41020.9498,NA,NA
gamemd.exe,18224,0x42C3CE0,D3D9,0,0,1,Hardware: Independent Flip,41052.4814,NA,17.41720000000000,17.08380000000000,1.68810000000000,4.78200000000000,4.9059,NA,41036.6160,17.5535,15.8654,1.6881,16.4727,4.1747,3.9683,0.2064,-1.4176,41036.6160,NA,NA
gamemd.exe,18224,0x42C3CE0,D3D9,0,0,1,Hardware: Independent Flip,41068.9020,NA,16.42060000000000,16.49660000000000,1.78220000000000,4.86870000000000,4.9819,NA,41054.1695,16.5147,14.7325,1.7822,15.7975,3.8037,3.7318,0.0719,1.0569,41054.1695,NA,NA
gamemd.exe,18224,0x42C3CE0,D3D9,0,0,1,Hardware: Independent Flip,41085.8136,NA,16.91160000000000,16.23080000000000,1.17150000000000,4.19250000000000,4.3011,NA,41070.6842,16.3009,15.1294,1.1715,15.6826,3.6393,3.5907,0.0486,0.2839,41070.6842,14.9119,NA
gamemd.exe,18224,0x42C3CE0,D3D9,0,0,1,Hardware: Independent Flip,41102.5140,NA,16.70040000000000,17.49250000000000,2.01040000000000,4.90310000000000,5.0932,NA,41086.9851,17.5393,15.5289,2.0104,16.6459,3.7861,3.6728,0.1133,-1.1916,41086.9851,NA,NA
gamemd.exe,18224,0x42C3CE0,D3D9,0,0,1,Hardware: Independent Flip,41119.3562,NA,16.84220000000000,17.32660000000000,1.45770000000000,5.37510000000000,5.5776,NA,41104.5244,16.2895,14.8318,1.4577,15.5871,4.6198,4.1754,0.4444,0.2127,41104.5244,NA,NA
gamemd.exe,18224,0x42C3CE0,D3D9,0,0,1,Hardware: Independent Flip,41135.3169,NA,15.96070000000000,16.80690000000000,2.52350000000000,6.22490000000000,6.4238,NA,41120.8139,17.0265,14.5030,2.5235,16.0841,4.6438,3.9865,0.6573,-0.5174,41120.8139,NA,NA
gamemd.exe,18224,0x42C3CE0,D3D9,0,0,1,Hardware: Independent Flip,41151.8499,NA,16.53300000000000,16.46720000000000,2.52490000000000,6.18660000000000,6.3580,NA,41137.8404,16.5344,14.0095,2.5249,15.7099,4.4862,3.7640,0.7222,0.5593,41137.8404,14.6445,NA
gamemd.exe,18224,0x42C3CE0,D3D9,0,0,1,Hardware: Independent Flip,41168.4542,NA,16.60430000000000,15.02660000000000,1.51700000000000,4.62060000000000,4.7803,NA,41154.3748,15.5964,14.0794,1.5170,14.8084,3.8916,3.7660,0.1256,1.5078,41154.3748,NA,NA
gamemd.exe,18224,0x42C3CE0,D3D9,0,0,1,Hardware: Independent Flip,41185.5149,NA,17.06070000000000,16.82480000000000,1.29940000000000,4.35340000000000,4.5444,NA,41169.9712,16.8431,15.5437,1.2994,16.1023,3.7948,3.7291,0.0657,-1.2284,41169.9712,NA,NA
gamemd.exe,18224,0x42C3CE0,D3D9,0,0,1,Hardware: Independent Flip,41203.0146,NA,17.49970000000000,20.39290000000000,2.33840000000000,5.93950000000000,7.4376,NA,41186.8143,18.5387,16.2003,2.3384,17.7895,4.3503,3.8342,0.5161,-3.5498,41186.8143,NA,NA
gamemd.exe,18224,0x42C3CE0,D3D9,0,0,1,Hardware: Independent Flip,41218.3964,NA,15.38180000000000,12.71550000000000,1.27030000000000,4.64680000000000,4.7713,NA,41205.3530,14.3137,13.0434,1.2703,13.6431,4.0471,3.9114,0.1357,5.8232,41205.3530,NA,NA
gamemd.exe,18224,0x42C3CE0,D3D9,0,0,1,Hardware: Independent Flip,41235.7289,NA,17.33250000000000,17.44450000000000,2.07810000000000,4.76840000000000,4.8833,NA,41219.6667,18.1403,16.0622,2.0781,17.0363,3.7943,3.7159,0.0784,-3.1308,41219.6667,NA,NA
gamemd.exe,18224,0x42C3CE0,D3D9,0,0,1,Hardware: Independent Flip,41252.8890,NA,17.16010000000000,16.66050000000000,1.28710000000000,4.27020000000000,4.3837,NA,41237.8070,16.3691,15.0820,1.2871,15.7786,3.5736,3.5185,0.0551,1.4798,41237.8070,26.6413,NA
gamemd.exe,18224,0x42C3CE0,D3D9,0,0,1,Hardware: Independent Flip,41268.6900,NA,15.80100000000000,15.87560000000000,1.48000000000000,4.33100000000000,4.4583,NA,41254.1761,15.9939,14.5139,1.4800,15.0367,3.8082,3.7518,0.0564,0.4935,41254.1761,NA,NA
gamemd.exe,18224,0x42C3CE0,D3D9,0,0,1,Hardware: Independent Flip,41285.2983,NA,16.60830000000000,16.70620000000000,1.51110000000000,4.40110000000000,4.5562,NA,41270.1700,16.6394,15.1283,1.5111,15.6528,3.8766,3.8048,0.0718,-0.7123,41270.1700,NA,NA
gamemd.exe,18224,0x42C3CE0,D3D9,0,0,1,Hardware: Independent Flip,41302.1539,NA,16.85560000000000,16.79170000000000,1.24070000000000,4.28570000000000,4.4923,NA,41286.8094,16.5852,15.3445,1.2407,15.9041,3.7261,3.6260,0.1001,-0.1523,41286.8094,NA,NA
gamemd.exe,18224,0x42C3CE0,D3D9,0,0,1,Hardware: Independent Flip,41318.5605,NA,16.40660000000000,17.01560000000000,1.56810000000000,4.91310000000000,5.1013,NA,41303.3946,16.7340,15.1659,1.5681,15.8368,4.2422,4.1519,0.0903,-0.4304,41303.3946,NA,NA
gamemd.exe,18224,0x42C3CE0,D3D9,0,0,1,Hardware: Independent Flip,41335.4194,NA,16.85890000000000,16.24510000000000,1.20290000000000,4.35660000000000,4.4875,NA,41320.1286,16.4937,15.2908,1.2029,16.0067,3.6407,3.5878,0.0529,0.4889,41320.1286,NA,NA
gamemd.exe,18224,0x42C3CE0,D3D9,0,0,1,Hardware: Independent Flip,41352.1311,NA,16.71170000000000,16.78300000000000,1.58800000000000,4.44040000000000,4.5588,NA,41336.6223,17.0968,15.5088,1.5880,16.2303,3.7189,3.6038,0.1151,-0.2893,41336.6223,NA,NA
gamemd.exe,18224,0x42C3CE0,D3D9,0,0,1,Hardware: Independent Flip,41368.7055,NA,16.57440000000000,16.72420000000000,1.91350000000000,4.54980000000000,4.7086,NA,41353.7191,16.8999,14.9864,1.9135,15.6827,3.8535,3.7684,0.0851,0.3726,41353.7191,NA,NA
gamemd.exe,18224,0x42C3CE0,D3D9,0,0,1,Hardware: Independent Flip,41385.1389,NA,16.43340000000000,16.75640000000000,1.99300000000000,4.83620000000000,5.0316,NA,41370.6190,16.5129,14.5199,1.9930,15.1145,4.2416,4.1418,0.0998,0.1435,41370.6190,NA,NA
gamemd.exe,18224,0x42C3CE0,D3D9,0,0,1,Hardware: Independent Flip,41402.3766,NA,17.23770000000000,17.86370000000000,2.66540000000000,5.41830000000000,5.6576,NA,41387.1319,17.9101,15.2447,2.6654,16.5302,4.1328,4.0477,0.0851,-1.3508,41387.1319,NA,NA
gamemd.exe,18224,0x42C3CE0,D3D9,0,0,1,Hardware: Independent Flip,41419.1680,NA,16.79140000000000,15.54780000000000,1.18950000000000,4.25250000000000,4.4140,NA,41405.0420,15.3155,14.1260,1.1895,14.7685,3.6100,3.5564,0.0536,2.3623,41405.0420,NA,NA
gamemd.exe,18224,0x42C3CE0,D3D9,0,0,1,Hardware: Independent Flip,41435.4047,NA,16.23670000000000,16.00940000000000,1.00720000000000,4.05030000000000,4.1867,NA,41420.3575,16.0544,15.0472,1.0072,15.5592,3.5383,3.4929,0.0454,-0.6939,41420.3575,NA,NA
gamemd.exe,18224,0x42C3CE0,D3D9,0,0,1,Hardware: Independent Flip,41452.2638,NA,16.85910000000000,17.04370000000000,1.19030000000000,4.23340000000000,4.3713,NA,41436.4119,17.0422,15.8519,1.1903,16.6085,3.4768,3.4218,0.0550,-0.9893,41436.4119,NA,NA
gamemd.exe,18224,0x42C3CE0,D3D9,0,0,1,Hardware: Independent Flip,41468.8958,NA,16.63200000000000,16.83280000000000,1.75550000000000,4.45710000000000,4.5721,NA,41453.4541,17.1972,15.4417,1.7555,16.2006,3.6982,3.6485,0.0497,0.2094,41453.4541,NA,NA
gamemd.exe,18224,0x42C3CE0,D3D9,0,0,1,Hardware: Independent Flip,41485.6472,NA,16.75140000000000,16.63690000000000,1.21910000000000,4.33140000000000,4.4576,NA,41470.6513,16.2150,14.9959,1.2191,15.7592,3.5681,3.5300,0.0381,0.5603,41470.6513,NA,NA
gamemd.exe,18224,0x42C3CE0,D3D9,0,0,1,Hardware: Independent Flip,41503.0259,NA,17.37870000000000,17.18860000000000,1.08690000000000,4.11880000000000,4.2675,NA,41486.8663,17.2465,16.1596,1.0869,16.6785,3.5999,3.5265,0.0734,-0.9736,41486.8663,15.8350,NA
gamemd.exe,18224,0x42C3CE0,D3D9,0,0,1,Hardware: Independent Flip,41518.8403,NA,15.81440000000000,17.05280000000000,1.49270000000000,5.26720000000000,5.5059,NA,41504.1128,16.2202,14.7275,1.4927,15.4558,4.5389,4.3727,0.1662,0.1937,41504.1128,NA,NA
gamemd.exe,18224,0x42C3CE0,D3D9,0,0,1,Hardware: Independent Flip,41535.5193,NA,16.67900000000000,16.00850000000000,1.56180000000000,4.69970000000000,4.8354,NA,41520.3330,16.7481,15.1863,1.5618,15.8491,4.0369,3.9260,0.1109,0.2117,41520.3330,NA,NA
gamemd.exe,18224,0x42C3CE0,D3D9,0,0,1,Hardware: Independent Flip,41551.9118,NA,16.39250000000000,16.13550000000000,1.82900000000000,4.46140000000000,4.5784,NA,41537.0811,16.6597,14.8307,1.8290,15.6327,3.6594,3.5996,0.0598,0.6126,41537.0811,NA,NA
gamemd.exe,18224,0x42C3CE0,D3D9,0,0,1,Hardware: Independent Flip,41568.8840,NA,16.97220000000000,17.12740000000000,1.66030000000000,4.61890000000000,4.7336,NA,41553.7408,16.8035,15.1432,1.6603,15.7892,3.9729,3.9022,0.0707,-0.4677,41553.7408,13.5666,NA
gamemd.exe,18224,0x42C3CE0,D3D9,0,0,1,Hardware: Independent Flip,41585.2841,NA,16.40010000000000,16.24320000000000,1.77160000000000,4.46200000000000,4.5767,NA,41570.5443,16.5114,14.7398,1.7716,15.4367,3.7651,3.7030,0.0621,0.5603,41570.5443,NA,NA
gamemd.exe,18224,0x42C3CE0,D3D9,0,0,1,Hardware: Independent Flip,41601.8423,NA,16.55820000000000,17.01450000000000,1.70650000000000,4.83800000000000,5.0330,NA,41587.0557,16.4931,14.7866,1.7065,15.4900,4.1346,4.0295,0.1051,-0.5031,41587.0557,NA,NA
gamemd.exe,18224,0x42C3CE0,D3D9,0,0,1,Hardware: Independent Flip,41618.6947,NA,16.85240000000000,16.80360000000000,1.57040000000000,4.83880000000000,4.9842,NA,41603.5488,16.7163,15.1459,1.5704,15.8251,4.1596,4.0141,0.1455,-0.3105,41603.5488,NA,NA
gamemd.exe,18224,0x42C3CE0,D3D9,0,0,1,Hardware: Independent Flip,41635.2173,NA,16.52260000000000,16.12790000000000,1.36530000000000,4.46760000000000,4.5895,NA,41620.2651,16.3175,14.9522,1.3653,15.5324,3.8874,3.7804,0.1070,0.5884,41620.2651,NA,NA
gamemd.exe,18224,0x42C3CE0,D3D9,0,0,1,Hardware: Independent Flip,41652.0815,NA,16.86420000000000,16.78800000000000,1.38530000000000,4.40130000000000,4.5133,NA,41636.5826,16.8842,15.4989,1.3853,16.1511,3.7491,3.7038,0.0453,-0.4705,41636.5826,NA,NA
gamemd.exe,18224,0x42C3CE0,D3D9,0,0,1,Hardware: Independent Flip,41668.6409,NA,16.55940000000000,16.47340000000000,1.36670000000000,4.31600000000000,4.4273,NA,41653.4668,16.5408,15.1741,1.3667,15.7281,3.7620,3.6977,0.0643,0.4108,41653.4668,NA,NA
gamemd.exe,18224,0x42C3CE0,D3D9,0,0,1,Hardware: Independent Flip,41685.3533,NA,16.71240000000000,16.53740000000000,0.97480000000000,4.10800000000000,4.2523,NA,41670.0076,16.3205,15.3457,0.9748,15.8587,3.5950,3.5476,0.0474,0.0034,41670.0076,NA,NA
gamemd.exe,18224,0x42C3CE0,D3D9,0,0,1,Hardware: Independent Flip,41702.2880,NA,16.93470000000000,17.03650000000000,1.08210000000000,4.20230000000000,4.3541,NA,41686.3281,17.0420,15.9599,1.0821,16.5860,3.5762,3.5316,0.0446,-0.7160,41686.3281,NA,NA
gamemd.exe,18224,0x42C3CE0,D3D9,0,0,1,Hardware: Independent Flip,41718.3649,NA,16.07690000000000,16.37260000000000,1.53420000000000,4.45310000000000,4.6498,NA,41703.3701,16.5290,14.9948,1.5342,15.6646,3.7833,3.7126,0.0707,0.6694,41703.3701,21.9746,NA
gamemd.exe,18224,0x42C3CE0,D3D9,0,0,1,Hardware: Independent Flip,41736.3848,NA,18.01990000000000,18.81130000000000,1.46400000000000,5.26970000000000,5.4412,NA,41719.8991,17.9497,16.4857,1.4640,17.1537,4.6017,4.4667,0.1350,-2.2823,41719.8991,NA,NA
gamemd.exe,18224,0x42C3CE0,D3D9,0,0,1,Hardware: Independent Flip,41751.9764,NA,15.59160000000000,14.85220000000000,1.76600000000000,4.56940000000000,4.7018,NA,41737.8488,15.8936,14.1276,1.7660,14.9338,3.7632,3.6530,0.1102,3.0975,41737.8488,NA,NA
gamemd.exe,18224,0x42C3CE0,D3D9,0,0,1,Hardware: Independent Flip,41768.8154,NA,16.83900000000000,16.74850000000000,1.21700000000000,4.38630000000000,4.6113,NA,41753.7424,16.2900,15.0730,1.2170,15.6398,3.8195,3.7472,0.0723,-0.8549,41753.7424,NA,NA
gamemd.exe,18224,0x42C3CE0,D3D9,0,0,1,Hardware: Independent Flip,41785.4595,NA,16.64410000000000,16.92640000000000,1.60340000000000,4.74810000000000,4.8936,NA,41770.0324,17.0305,15.4271,1.6034,16.0619,4.1133,3.9818,0.1315,-0.6364,41770.0324,NA,NA
gamemd.exe,18224,0x42C3CE0,D3D9,0,0,1,Hardware: Independent Flip,41802.0631,NA,16.60360000000000,16.59020000000000,2.01810000000000,4.76510000000000,4.8802,NA,41787.0629,17.0183,15.0002,2.0181,15.8569,3.9084,3.7951,0.1133,0.4403,41787.0629,NA,NA
gamemd.exe,18224,0x42C3CE0,D3D9,0,0,1,Hardware: Independent Flip,41818.7705,NA,16.70740000000000,16.90780000000000,1.88800000000000,4.88750000000000,5.0806,NA,41804.0812,16.5773,14.6893,1.8880,15.7331,3.8437,3.7645,0.0792,0.1105,41804.0812,NA,NA
gamemd.exe,18224,0x42C3CE0,D3D9,0,0,1,Hardware: Independent Flip,41835.3175,NA,16.54700000000000,16.68070000000000,1.54430000000000,5.07760000000000,5.2143,NA,41820.6585,16.2033,14.6590,1.5443,15.3790,4.3576,4.2531,0.1045,-0.1034,41820.6585,NA,NA
gamemd.exe,18224,0x42C3CE0,D3D9,0,0,1,Hardware: Independent Flip,41852.8379,NA,17.52040000000000,16.61830000000000,1.18620000000000,4.20170000000000,4.3122,NA,41836.8618,17.1623,15.9761,1.1862,16.5784,3.5994,3.5548,0.0446,-0.4150,41836.8618,15.0728,NA
gamemd.exe,18224,0x42C3CE0,D3D9,0,0,1,Hardware: Independent Flip,41868.9979,NA,16.16000000000000,16.47220000000000,1.41100000000000,4.51270000000000,4.6244,NA,41854.0241,16.3848,14.9738,1.4110,15.7566,3.7299,3.6815,0.0484,0.6901,41854.0241,12.1249,NA
gamemd.exe,18224,0x42C3CE0,D3D9,0,0,1,Hardware: Independent Flip,41885.6024,NA,16.60450000000000,16.44790000000000,1.30980000000000,4.35200000000000,4.4678,NA,41870.4089,16.5033,15.1935,1.3098,15.9939,3.5516,3.5089,0.0427,-0.0631,41870.4089,NA,NA
gamemd.exe,18224,0x42C3CE0,D3D9,0,0,1,Hardware: Independent Flip,41902.3356,NA,16.73320000000000,17.00310000000000,1.49880000000000,4.61930000000000,4.7377,NA,41886.9122,16.9222,15.4234,1.4988,16.3486,3.6941,3.6439,0.0502,-0.4998,41886.9122,NA,NA
gamemd.exe,18224,0x42C3CE0,D3D9,0,0,1,Hardware: Independent Flip,41918.5675,NA,16.23190000000000,16.54320000000000,1.72500000000000,4.85140000000000,5.0490,NA,41903.8344,16.4581,14.7331,1.7250,15.3331,4.2514,4.1435,0.1079,0.3790,41903.8344,17.8876,NA
gamemd.exe,18224,0x42C3CE0,D3D9,0,0,1,Hardware: Independent Flip,41935.6145,NA,17.04700000000000,16.98710000000000,2.34760000000000,4.83970000000000,4.9891,NA,41920.2925,17.6696,15.3220,2.3476,16.1923,3.9694,3.8933,0.0761,-0.5290,41920.2925,NA,NA
gamemd.exe,18224,0x42C3CE0,D3D9,0,0,1,Hardware: Independent Flip,41952.1020,NA,16.48750000000000,15.91840000000000,1.29420000000000,4.29700000000000,4.4200,NA,41937.9621,15.4341,14.1399,1.2942,14.9123,3.5246,3.4829,0.0417,1.7512,41937.9621,NA,NA
gamemd.exe,18224,0x42C3CE0,D3D9,0,0,1,Hardware: Independent Flip,41968.7759,NA,16.67390000000000,16.84000000000000,1.25830000000000,4.46740000000000,4.5861,NA,41953.3962,16.6380,15.3797,1.2583,16.1691,3.6780,3.6081,0.0699,-1.4059,41953.3962,NA,NA
gamemd.exe,18224,0x42C3CE0,D3D9,0,0,1,Hardware: Independent Flip,41985.1412,NA,16.36530000000000,16.23300000000000,1.31730000000000,4.34420000000000,4.4538,NA,41970.0342,16.4243,15.1070,1.3173,15.8981,3.5531,3.4947,0.0584,0.4050,41970.0342,NA,NA
gamemd.exe,18224,0x42C3CE0,D3D9,0,0,1,Hardware: Independent Flip,42001.8816,NA,16.74040000000000,17.16080000000000,1.78510000000000,4.70580000000000,4.8742,NA,41986.4585,17.2082,15.4231,1.7851,16.2326,3.8963,3.8144,0.0819,-0.7365,41986.4585,NA,NA
gamemd.exe,18224,0x42C3CE0,D3D9,0,0,1,Hardware: Independent Flip,42019.4202,NA,17.53860000000000,17.51880000000000,1.48180000000000,4.70340000000000,4.8544,NA,42003.6667,17.2353,15.7535,1.4818,16.3784,4.0785,3.9577,0.1208,-0.3106,42003.6667,NA,NA
gamemd.exe,18224,0x42C3CE0,D3D9,0,0,1,Hardware: Independent Flip,42035.1545,NA,15.73430000000000,15.59550000000000,1.23800000000000,4.59570000000000,4.7156,NA,42020.9020,15.4905,14.2525,1.2380,14.8748,3.9734,3.8509,0.1225,1.6398,42020.9020,NA,NA
gamemd.exe,18224,0x42C3CE0,D3D9,0,0,1,Hardware: Independent Flip,42051.7201,NA,16.56560000000000,16.43490000000000,1.52720000000000,4.45220000000000,4.5849,NA,42036.3925,16.8548,15.3276,1.5272,16.0892,3.6906,3.6233,0.0673,-0.9444,42036.3925,19.3504,NA
gamemd.exe,18224,0x42C3CE0,D3D9,0,0,1,Hardware: Independent Flip,42068.7021,NA,16.98200000000000,16.82460000000000,1.36120000000000,4.31660000000000,4.4275,NA,42053.2473,16.8160,15.4548,1.3612,15.9551,3.8163,3.7533,0.0630,0.0302,42053.2473,NA,NA
gamemd.exe,18224,0x42C3CE0,D3D9,0,0,1,Hardware: Independent Flip,42085.4421,NA,16.74000000000000,16.44900000000000,0.92170000000000,4.02640000000000,4.1365,NA,42070.0633,16.3005,15.3788,0.9217,15.8647,3.5405,3.4979,0.0426,0.3670,42070.0633,NA,NA
gamemd.exe,18224,0x42C3CE0,D3D9,0,0,1,Hardware: Independent Flip,42102.1046,NA,16.66250000000000,16.98230000000000,1.08670000000000,4.32060000000000,4.4563,NA,42086.3638,16.8275,15.7408,1.0867,16.4045,3.6569,3.5959,0.0610,-0.6818,42086.3638,NA,NA
gamemd.exe,18224,0x42C3CE0,D3D9,0,0,1,Hardware: Independent Flip,42118.9492,NA,16.84460000000000,17.57590000000000,1.89330000000000,4.99080000000000,5.1876,NA,42103.1913,17.6512,15.7579,1.8933,16.9610,3.7877,3.6624,0.1253,-0.7484,42103.1913,NA,NA
gamemd.exe,18224,0x42C3CE0,D3D9,0,0,1,Hardware: Independent Flip,42135.4210,NA,16.47180000000000,16.16330000000000,1.34710000000000,4.70880000000000,4.8791,NA,42120.8425,15.9256,14.5785,1.3471,15.1120,4.1753,4.0765,0.0988,1.4879,42120.8425,19.2849,NA
gamemd.exe,18224,0x42C3CE0,D3D9,0,0,1,Hardware: Independent Flip,42152.1540,NA,16.73300000000000,16.52080000000000,1.67780000000000,4.54990000000000,4.6669,NA,42136.7681,17.0637,15.3859,1.6778,16.0673,3.8685,3.7632,0.1053,-0.5952,42136.7681,NA,NA
gamemd.exe,18224,0x42C3CE0,D3D9,0,0,1,Hardware: Independent Flip,42169.0389,NA,16.88490000000000,16.50110000000000,0.90950000000000,4.14780000000000,4.2831,NA,42153.8318,16.1166,15.2071,0.9095,15.6793,3.6756,3.6082,0.0674,0.5626,42153.8318,NA,NA
gamemd.exe,18224,0x42C3CE0,D3D9,0,0,1,Hardware: Independent Flip,42185.3593,NA,16.32040000000000,16.21740000000000,0.83990000000000,4.06230000000000,4.1801,NA,42169.9484,16.2508,15.4109,0.8399,15.8174,3.6558,3.5667,0.0891,-0.1008,42169.9484,NA,NA
gamemd.exe,18224,0x42C3CE0,D3D9,0,0,1,Hardware: Independent Flip,42202.2618,NA,16.90250000000000,17.16210000000000,1.17550000000000,4.31590000000000,4.4397,NA,42186.1992,17.2381,16.0626,1.1755,16.7586,3.6199,3.5418,0.0781,-0.9113,42186.1992,NA,NA
gamemd.exe,18224,0x42C3CE0,D3D9,0,0,1,Hardware: Independent Flip,42218.5175,NA,16.25570000000000,17.00500000000000,1.70140000000000,5.02230000000000,5.1890,NA,42203.4373,16.7816,15.0802,1.7014,15.8166,4.2859,4.0920,0.1939,0.2331,42203.4373,NA,NA
gamemd.exe,18224,0x42C3CE0,D3D9,0,0,1,Hardware: Independent Flip,42235.1825,NA,16.66500000000000,16.45870000000000,2.01370000000000,4.84710000000000,4.9827,NA,42220.2189,16.9773,14.9636,2.0137,15.5860,4.2247,4.1264,0.0983,0.3229,42220.2189,NA,NA
gamemd.exe,18224,0x42C3CE0,D3D9,0,0,1,Hardware: Independent Flip,42251.8417,NA,16.65920000000000,16.55790000000000,1.76760000000000,4.74860000000000,4.8814,NA,42237.1962,16.4131,14.6455,1.7676,15.5916,3.8025,3.7362,0.0663,0.4194,42237.1962,NA,NA
gamemd.exe,18224,0x42C3CE0,D3D9,0,0,1,Hardware: Independent Flip,42268.7182,NA,16.87650000000000,16.47440000000000,1.26280000000000,4.36320000000000,4.4793,NA,42253.6093,16.3717,15.1089,1.2628,15.7755,3.6966,3.6272,0.0694,-0.0613,42253.6093,17.5610,NA
gamemd.exe,18224,0x42C3CE0,D3D9,0,0,1,Hardware: Independent Flip,42285.9560,NA,17.23780000000000,16.94370000000000,0.97570000000000,4.06570000000000,4.1852,NA,42269.9810,16.9507,15.9750,0.9757,16.4422,3.5985,3.5580,0.0405,-0.5720,42269.9810,NA,NA
gamemd.exe,18224,0x42C3CE0,D3D9,0,0,1,Hardware: Independent Flip,42302.5405,NA,16.58450000000000,16.56160000000000,0.84880000000000,4.05440000000000,4.1623,NA,42286.9317,16.4576,15.6088,0.8488,16.0362,3.6270,3.5814,0.0456,0.3891,42286.9317,NA,NA
gamemd.exe,18224,0x42C3CE0,D3D9,0,0,1,Hardware: Independent Flip,42319.3967,NA,16.85620000000000,17.19640000000000,1.31380000000000,4.31650000000000,4.5025,NA,42303.3893,17.3212,16.0074,1.3138,16.7141,3.6098,3.5291,0.0807,-0.7388,42303.3893,NA,NA
gamemd.exe,18224,0x42C3CE0,D3D9,0,0,1,Hardware: Independent Flip,42335.7294,NA,16.33270000000000,16.87270000000000,1.42740000000000,4.92370000000000,5.0425,NA,42320.7105,16.4463,15.0189,1.4274,15.6086,4.3340,3.9598,0.3742,0.4485,42320.7105,NA,NA
gamemd.exe,18224,0x42C3CE0,D3D9,0,0,1,Hardware: Independent Flip,42352.2649,NA,16.53550000000000,16.15840000000000,1.64470000000000,4.55320000000000,4.6654,NA,42337.1568,16.7528,15.1081,1.6447,15.7603,3.9010,3.8140,0.0870,0.2879,42337.1568,26.9381,NA
gamemd.exe,18224,0x42C3CE0,D3D9,0,0,1,Hardware: Independent Flip,42368.6829,NA,16.41800000000000,16.62340000000000,2.22500000000000,4.74130000000000,4.8708,NA,42353.9096,16.9983,14.7733,2.2250,15.5722,3.9424,3.8689,0.0735,0.1294,42353.9096,NA,NA
gamemd.exe,18224,0x42C3CE0,D3D9,0,0,1,Hardware: Independent Flip,42385.2044,NA,16.52150000000000,16.69520000000000,1.56180000000000,4.90360000000000,5.0445,NA,42370.9079,15.8583,14.2965,1.5618,14.9600,4.2401,4.1489,0.0912,0.3031,42370.9079,11.5420,NA
gamemd.exe,18224,0x42C3CE0,D3D9,0,0,1,Hardware: Independent Flip,42401.9198,NA,16.71540000000000,16.72770000000000,1.63430000000000,4.87070000000000,5.0568,NA,42386.7662,16.7879,15.1536,1.6343,15.7853,4.2390,4.1460,0.0930,-0.8694,42386.7662,NA,NA
gamemd.exe,18224,0x42C3CE0,D3D9,0,0,1,Hardware: Independent Flip,42419.5650,NA,17.64520000000000,18.61950000000000,2.24440000000000,5.79700000000000,6.0311,NA,42403.5541,18.2553,16.0109,2.2444,17.4864,4.3215,3.8327,0.4888,-1.8316,42403.5541,NA,NA
gamemd.exe,18224,0x42C3CE0,D3D9,0,0,1,Hardware: Independent Flip,42435.6867,NA,16.12170000000000,14.61690000000000,1.27670000000000,4.40690000000000,4.5263,NA,42421.8094,15.1540,13.8773,1.2767,14.4236,3.8606,3.7798,0.0808,3.6384,42421.8094,NA,NA
gamemd.exe,18224,0x42C3CE0,D3D9,0,0,1,Hardware: Independent Flip,42451.7957,NA,16.10900000000000,15.95750000000000,1.55350000000000,4.25040000000000,4.3748,NA,42436.9634,16.3858,14.8323,1.5535,15.4488,3.6339,3.5722,0.0617,-0.8035,42436.9634,NA,NA
gamemd.exe,18224,0x42C3CE0,D3D9,0,0,1,Hardware: Independent Flip,42468.5058,NA,16.71010000000000,17.06490000000000,1.22620000000000,4.58400000000000,4.7296,NA,42453.3492,16.3828,15.1566,1.2262,15.8990,3.8416,3.7868,0.0548,-0.6791,42453.3492,NA,NA
gamemd.exe,18224,0x42C3CE0,D3D9,0,0,1,Hardware: Independent Flip,42485.7623,NA,17.25650000000000,16.67710000000000,0.90690000000000,4.03720000000000,4.1502,NA,42469.7320,16.9372,16.0303,0.9069,16.4890,3.5785,3.5206,0.0579,-0.2943,42469.7320,NA,NA
gamemd.exe,18224,0x42C3CE0,D3D9,0,0,1,Hardware: Independent Flip,42502.5516,NA,16.78930000000000,17.10660000000000,1.03670000000000,4.33510000000000,4.4675,NA,42486.6692,16.9191,15.8824,1.0367,16.4945,3.7230,3.6781,0.0449,-0.1694,42486.6692,NA,NA
gamemd.exe,18224,0x42C3CE0,D3D9,0,0,1,Hardware: Independent Flip,42518.8422,NA,16.29060000000000,16.69520000000000,1.50390000000000,4.62600000000000,4.8721,NA,42503.5883,16.7578,15.2539,1.5039,16.0971,3.7828,3.6896,0.0932,0.2239,42503.5883,NA,NA
gamemd.exe,18224,0x42C3CE0,D3D9,0,0,1,Hardware: Independent Flip,42535.9148,NA,17.07260000000000,17.84510000000000,1.47280000000000,5.45300000000000,5.6446,NA,42520.3461,17.0415,15.5687,1.4728,16.2658,4.7559,4.2527,0.5032,-1.0873,42520.3461,NA,NA
gamemd.exe,18224,0x42C3CE0,D3D9,0,0,1,Hardware: Independent Flip,42551.9242,NA,16.00940000000000,15.78360000000000,1.46380000000000,5.17030000000000,5.4188,NA,42537.3876,16.0004,14.5366,1.4638,15.3151,4.3918,3.9836,0.4082,1.2579,42537.3876,NA,NA
gamemd.exe,18224,0x42C3CE0,D3D9,0,0,1,Hardware: Independent Flip,42568.6474,NA,16.72320000000000,16.17160000000000,1.65090000000000,4.72070000000000,4.8672,NA,42553.3880,16.9103,15.2594,1.6509,16.1647,3.8154,3.7374,0.0780,-0.1712,42553.3880,22.5371,NA
gamemd.exe,18224,0x42C3CE0,D3D9,0,0,1,Hardware: Independent Flip,42585.4512,NA,16.80380000000000,16.35020000000000,1.40300000000000,4.28290000000000,4.4136,NA,42570.2983,16.5559,15.1529,1.4030,15.6728,3.7630,3.6771,0.0859,0.5601,42570.2983,NA,NA
gamemd.exe,18224,0x42C3CE0,D3D9,0,0,1,Hardware: Independent Flip,42602.3992,NA,16.94800000000000,16.71230000000000,1.05260000000000,4.06540000000000,4.1779,NA,42586.8542,16.5976,15.5450,1.0526,16.0113,3.5991,3.5405,0.0586,-0.1564,42586.8542,34.2505,NA
gamemd.exe,18224,0x42C3CE0,D3D9,0,0,1,Hardware: Independent Flip,42618.9762,NA,16.57700000000000,17.60420000000000,2.26180000000000,5.04530000000000,5.2051,NA,42603.4518,17.7862,15.5244,2.2618,16.6507,3.9190,3.8384,0.0806,-1.0066,42603.4518,NA,NA
gamemd.exe,18224,0x42C3CE0,D3D9,0,0,1,Hardware: Independent Flip,42635.6309,NA,16.65470000000000,16.74260000000000,1.78430000000000,5.14560000000000,5.2930,NA,42621.2380,16.1772,14.3929,1.7843,15.1714,4.3671,4.2486,0.1185,1.0436,42621.2380,11.4616,NA
gamemd.exe,18224,0x42C3CE0,D3D9,0,0,1,Hardware: Independent Flip,42652.4754,NA,16.84450000000000,16.55220000000000,2.44450000000000,4.86750000000000,5.0007,NA,42637.4152,17.5047,15.0602,2.4445,16.0349,3.8928,3.7982,0.0946,-0.3750,42637.4152,NA,NA
gamemd.exe,18224,0x42C3CE0,D3D9,0,0,1,Hardware: Independent Flip,42669.0839,NA,16.60850000000000,16.28520000000000,1.35870000000000,4.52250000000000,4.6774,NA,42654.9199,15.5227,14.1640,1.3587,14.9954,3.6911,3.6378,0.0533,1.2195,42654.9199,NA,NA
gamemd.exe,18224,0x42C3CE0,D3D9,0,0,1,Hardware: Independent Flip,42685.6066,NA,16.52270000000000,16.04980000000000,1.02960000000000,4.08550000000000,4.2045,NA,42670.4426,16.1936,15.1640,1.0296,15.6932,3.5563,3.4735,0.0828,-0.5271,42670.4426,NA,NA
gamemd.exe,18224,0x42C3CE0,D3D9,0,0,1,Hardware: Independent Flip,42702.4775,NA,16.87090000000000,17.09950000000000,1.18400000000000,4.31080000000000,4.4331,NA,42686.6362,17.0253,15.8413,1.1840,16.5119,3.6402,3.5793,0.0609,-0.9059,42686.6362,NA,NA
gamemd.exe,18224,0x42C3CE0,D3D9,0,0,1,Hardware: Independent Flip,42719.0944,NA,16.61690000000000,16.79950000000000,1.54310000000000,4.50080000000000,4.6157,NA,42703.6615,16.9760,15.4329,1.5431,16.4007,3.5330,3.4769,0.0561,0.2258,42703.6615,15.1323,NA
gamemd.exe,18224,0x42C3CE0,D3D9,0,0,1,Hardware: Independent Flip,42735.4769,NA,16.38250000000000,16.67560000000000,1.65670000000000,4.68840000000000,4.9088,NA,42720.6375,16.4961,14.8394,1.6567,15.7969,3.7309,3.6204,0.1105,0.3004,42720.6375,NA,NA
gamemd.exe,18224,0x42C3CE0,D3D9,0,0,1,Hardware: Independent Flip,42751.9624,NA,16.48550000000000,16.88710000000000,1.64190000000000,5.13260000000000,5.3104,NA,42737.1336,16.4707,14.8288,1.6419,15.5419,4.4195,3.8880,0.5315,-0.3910,42737.1336,NA,NA
gamemd.exe,18224,0x42C3CE0,D3D9,0,0,1,Hardware: Independent Flip,42768.7951,NA,16.83270000000000,16.15080000000000,1.41690000000000,4.51500000000000,4.6285,NA,42753.6043,16.6077,15.1908,1.4169,15.7343,3.9715,3.8649,0.1066,0.3199,42753.6043,NA,NA
gamemd.exe,18224,0x42C3CE0,D3D9,0,0,1,Hardware: Independent Flip,42785.2847,NA,16.48960000000000,16.37270000000000,1.49470000000000,4.40130000000000,4.5116,NA,42770.2120,16.5674,15.0727,1.4947,15.9364,3.5376,3.4927,0.0449,0.2350,42770.2120,NA,NA
gamemd.exe,18224,0x42C3CE0,D3D9,0,0,1,Hardware: Independent Flip,42801.9221,NA,16.63740000000000,17.21510000000000,2.48090000000000,4.89520000000000,5.0893,NA,42786.7794,17.6236,15.1427,2.4809,16.1064,3.9315,3.8444,0.0871,-0.6477,42786.7794,NA,NA
gamemd.exe,18224,0x42C3CE0,D3D9,0,0,1,Hardware: Independent Flip,42818.5076,NA,16.58550000000000,16.84070000000000,1.41200000000000,5.02260000000000,5.3445,NA,42804.4030,15.5166,14.1046,1.4120,14.7370,4.3902,3.9297,0.4605,0.7829,42804.4030,NA,NA
gamemd.exe,18224,0x42C3CE0,D3D9,0,0,1,Hardware: Independent Flip,42835.3562,NA,16.84860000000000,16.31890000000000,1.53220000000000,4.70390000000000,4.8148,NA,42819.9196,16.9688,15.4366,1.5322,16.1446,3.9959,3.7956,0.2003,-0.8023,42819.9196,21.8824,NA
gamemd.exe,18224,0x42C3CE0,D3D9,0,0,1,Hardware: Independent Flip,42851.8945,NA,16.53830000000000,16.73770000000000,1.78570000000000,4.82660000000000,5.0142,NA,42836.8884,16.7918,15.0061,1.7857,15.7955,4.0372,3.9422,0.0950,0.2311,42836.8884,NA,NA
gamemd.exe,18224,0x42C3CE0,D3D9,0,0,1,Hardware: Independent Flip,42868.8971,NA,17.00260000000000,16.88710000000000,1.66230000000000,4.69900000000000,4.8987,NA,42853.6802,16.8792,15.2169,1.6623,15.8439,4.0720,3.9826,0.0894,-0.0953,42853.6802,NA,NA
gamemd.exe,18224,0x42C3CE0,D3D9,0,0,1,Hardware: Independent Flip,42885.5793,NA,16.68220000000000,15.83910000000000,0.85790000000000,3.94250000000000,4.0556,NA,42870.5594,15.8778,15.0199,0.8579,15.4194,3.5430,3.5000,0.0430,1.0401,42870.5594,NA,NA
gamemd.exe,18224,0x42C3CE0,D3D9,0,0,1,Hardware: Independent Flip,42902.2241,NA,16.64480000000000,16.83010000000000,0.96440000000000,4.12610000000000,4.2409,NA,42886.4372,16.7513,15.7869,0.9644,16.2821,3.6309,3.5841,0.0468,-0.9523,42886.4372,NA,NA
gamemd.exe,18224,0x42C3CE0,D3D9,0,0,1,Hardware: Independent Flip,42918.7407,NA,16.51660000000000,16.75770000000000,1.08950000000000,4.32570000000000,4.4820,NA,42903.1885,16.6417,15.5522,1.0895,16.2139,3.6640,3.6027,0.0613,-0.0064,42903.1885,NA,NA
gamemd.exe,18224,0x42C3CE0,D3D9,0,0,1,Hardware: Independent Flip,42935.4509,NA,16.71020000000000,16.86550000000000,1.33510000000000,4.48130000000000,4.6373,NA,42919.8302,16.9558,15.6207,1.3351,16.4123,3.6897,3.6193,0.0704,-0.2238,42919.8302,NA,NA
gamemd.exe,18224,0x42C3CE0,D3D9,0,0,1,Hardware: Independent Flip,42952.5619,NA,17.11100000000000,18.28100000000000,1.49130000000000,5.57980000000000,5.8073,NA,42936.7860,17.2672,15.7759,1.4913,16.4133,4.9424,4.3747,0.5677,-1.3252,42936.7860,NA,NA
gamemd.exe,18224,0x42C3CE0,D3D9,0,0,1,Hardware: Independent Flip,42968.8117,NA,16.24980000000000,15.50700000000000,2.10730000000000,4.88890000000000,5.0645,NA,42954.0532,16.8658,14.7585,2.1073,15.5079,4.1395,4.0473,0.0922,1.7602,42954.0532,19.7949,NA
gamemd.exe,18224,0x42C3CE0,D3D9,0,0,1,Hardware: Independent Flip,42985.5699,NA,16.75820000000000,16.87540000000000,1.55960000000000,4.98020000000000,5.1817,NA,42970.9190,16.2105,14.6509,1.5596,15.2703,4.3608,4.2715,0.0893,-0.0096,42970.9190,19.7801,NA
gamemd.exe,18224,0x42C3CE0,D3D9,0,0,1,Hardware: Independent Flip,43002.1487,NA,16.57880000000000,16.63790000000000,2.00130000000000,5.07060000000000,5.2408,NA,42987.1295,17.0205,15.0192,2.0013,15.6555,4.4343,4.3388,0.0955,-0.4274,42987.1295,NA,NA
gamemd.exe,18224,0x42C3CE0,D3D9,0,0,1,Hardware: Independent Flip,43018.7502,NA,16.60150000000000,16.34240000000000,1.82560000000000,4.87040000000000,4.9817,NA,43004.1500,16.4258,14.6002,1.8256,15.8502,3.6204,3.5463,0.0741,0.6781,43004.1500,NA,NA
gamemd.exe,18224,0x42C3CE0,D3D9,0,0,1,Hardware: Independent Flip,43035.6211,NA,16.87090000000000,16.53520000000000,1.24330000000000,4.53160000000000,4.6460,NA,43020.5758,16.2886,15.0453,1.2433,15.7410,3.8359,3.7601,0.0758,-0.1094,43020.5758,NA,NA
gamemd.exe,18224,0x42C3CE0,D3D9,0,0,1,Hardware: Independent Flip,43052.6258,NA,17.00470000000000,16.87690000000000,1.39680000000000,4.35880000000000,4.5182,NA,43036.8644,17.1582,15.7614,1.3968,16.4446,3.6756,3.5829,0.0927,-0.5883,43036.8644,NA,NA
gamemd.exe,18224,0x42C3CE0,D3D9,0,0,1,Hardware: Independent Flip,43068.9455,NA,16.31970000000000,16.87770000000000,1.38280000000000,4.93930000000000,5.0762,NA,43054.0226,16.3057,14.9229,1.3828,15.5373,4.3249,4.2180,0.1069,0.2805,43054.0226,NA,NA
gamemd.exe,18224,0x42C3CE0,D3D9,0,0,1,Hardware: Independent Flip,43085.5611,NA,16.61560000000000,16.35930000000000,2.11780000000000,4.70410000000000,4.8199,NA,43070.3283,17.3506,15.2328,2.1178,15.9911,3.9458,3.8831,0.0627,-0.0536,43070.3283,25.2279,NA
gamemd.exe,18224,0x42C3CE0,D3D9,0,0,1,Hardware: Independent Flip,43102.1877,NA,16.62660000000000,16.40460000000000,1.34480000000000,4.48860000000000,4.5979,NA,43087.6789,15.8536,14.5088,1.3448,15.3474,3.6500,3.6044,0.0456,0.9460,43087.6789,NA,NA
gamemd.exe,18224,0x42C3CE0,D3D9,0,0,1,Hardware: Independent Flip,43118.5738,NA,16.38610000000000,16.43830000000000,1.55180000000000,4.53670000000000,4.6501,NA,43103.5325,16.5931,15.0413,1.5518,15.6569,3.9211,3.8160,0.1051,-0.5847,43103.5325,NA,NA
gamemd.exe,18224,0x42C3CE0,D3D9,0,0,1,Hardware: Independent Flip,43135.3893,NA,16.81550000000000,17.01150000000000,1.61770000000000,4.69330000000000,4.8461,NA,43120.1256,16.8814,15.2637,1.6177,16.2822,3.6748,3.6304,0.0444,-0.4184,43120.1256,NA,NA
gamemd.exe,18224,0x42C3CE0,D3D9,0,0,1,Hardware: Independent Flip,43152.1762,NA,16.78690000000000,17.21470000000000,1.47540000000000,4.90300000000000,5.2739,NA,43137.0070,16.6446,15.1692,1.4754,15.8145,4.2577,3.8601,0.3976,-0.3333,43137.0070,15.0718,NA
gamemd.exe,18224,0x42C3CE0,D3D9,0,0,1,Hardware: Independent Flip,43168.4755,NA,16.29930000000000,15.97230000000000,1.59660000000000,4.76600000000000,4.9469,NA,43153.6516,16.4205,14.8239,1.5966,15.4121,4.1778,4.0928,0.0850,0.6723,43153.6516,NA,NA
gamemd.exe,18224,0x42C3CE0,D3D9,0,0,1,Hardware: Independent Flip,43185.4761,NA,17.00060000000000,16.20560000000000,0.90790000000000,4.03860000000000,4.1519,NA,43170.0721,16.3119,15.4040,0.9079,15.8107,3.6319,3.5790,0.0529,0.2149,43170.0721,NA,NA
gamemd.exe,18224,0x42C3CE0,D3D9,0,0,1,Hardware: Independent Flip,43202.1679,NA,16.69180000000000,17.19670000000000,1.54680000000000,4.53760000000000,4.6568,NA,43186.3840,17.3307,15.7839,1.5468,16.7050,3.6165,3.5655,0.0510,-0.8848,43186.3840,NA,NA
gamemd.exe,18224,0x42C3CE0,D3D9,0,0,1,Hardware: Independent Flip,43219.0252,NA,16.85730000000000,16.59560000000000,1.63730000000000,4.28510000000000,4.3951,NA,43203.7147,16.9478,15.3105,1.6373,15.8956,3.7000,3.6355,0.0645,0.7351,43203.7147,27.2184,NA
gamemd.exe,18224,0x42C3CE0,D3D9,0,0,1,Hardware: Independent Flip,43235.5034,NA,16.47820000000000,16.82430000000000,1.49670000000000,4.63210000000000,4.7412,NA,43220.6625,16.3376,14.8409,1.4967,15.7124,3.7606,3.6890,0.0716,0.1235,43220.6625,NA,NA
gamemd.exe,18224,0x42C3CE0,D3D9,0,0,1,Hardware: Independent Flip,43252.0224,NA,16.51900000000000,16.46830000000000,1.55700000000000,4.53940000000000,4.6905,NA,43237.0001,16.5793,15.0223,1.5570,15.9815,3.5802,3.4917,0.0885,-0.1307,43237.0001,NA,NA
gamemd.exe,18224,0x42C3CE0,D3D9,0,0,1,Hardware: Independent Flip,43268.4980,NA,16.47560000000000,16.66360000000000,1.75210000000000,4.72160000000000,4.8785,NA,43253.5794,16.6707,14.9186,1.7521,15.5837,4.0565,3.9477,0.1088,-0.0843,43253.5794,NA,NA
gamemd.exe,18224,0x42C3CE0,D3D9,0,0,1,Hardware: Independent Flip,43285.1044,NA,16.60640000000000,16.34670000000000,1.47290000000000,4.48280000000000,4.6188,NA,43270.2501,16.3272,14.8543,1.4729,15.4639,3.8732,3.7922,0.0810,0.3240,43270.2501,NA,NA
gamemd.exe,18224,0x42C3CE0,D3D9,0,0,1,Hardware: Independent Flip,43302.1843,NA,17.07990000000000,17.20620000000000,1.50360000000000,4.61390000000000,4.7451,NA,43286.5773,17.1106,15.6070,1.5036,16.5880,3.6329,3.5684,0.0645,-0.8790,43286.5773,NA,NA
gamemd.exe,18224,0x42C3CE0,D3D9,0,0,1,Hardware: Independent Flip,43318.5904,NA,16.40610000000000,15.77090000000000,0.80670000000000,3.97730000000000,4.1099,NA,43303.6879,15.7092,14.9025,0.8067,15.2920,3.5878,3.5394,0.0484,1.3397,43303.6879,NA,NA
gamemd.exe,18224,0x42C3CE0,D3D9,0,0,1,Hardware: Independent Flip,43335.2875,NA,16.69710000000000,17.12310000000000,1.41380000000000,4.39780000000000,4.5359,NA,43319.3971,17.3042,15.8904,1.4138,16.4161,3.8721,3.7910,0.0811,-1.4139,43319.3971,NA,NA
gamemd.exe,18224,0x42C3CE0,D3D9,0,0,1,Hardware: Independent Flip,43352.1835,NA,16.89600000000000,17.53690000000000,2.33510000000000,4.94920000000000,5.1768,NA,43336.7013,17.8173,15.4822,2.3351,16.3558,4.0756,3.9380,0.1376,-0.2327,43336.7013,NA,NA
gamemd.exe,18224,0x42C3CE0,D3D9,0,0,1,Hardware: Independent Flip,43368.8356,NA,16.65210000000000,16.51100000000000,1.61930000000000,4.87470000000000,5.0357,NA,43354.5186,15.9363,14.3170,1.6193,14.8982,4.2935,4.1936,0.0999,1.3063,43354.5186,NA,NA
gamemd.exe,18224,0x42C3CE0,D3D9,0,0,1,Hardware: Independent Flip,43385.4779,NA,16.64230000000000,16.34760000000000,1.37330000000000,4.60290000000000,4.7410,NA,43370.4549,16.3963,15.0230,1.3733,15.5543,4.0716,3.9872,0.0844,-0.4113,43370.4549,NA,NA
gamemd.exe,18224,0x42C3CE0,D3D9,0,0,1,Hardware: Independent Flip,43401.9488,NA,16.47090000000000,15.90230000000000,0.97470000000000,4.05870000000000,4.1724,NA,43386.8512,16.0723,15.0976,0.9747,15.5698,3.5865,3.5196,0.0669,0.4940,43386.8512,NA,NA
gamemd.exe,18224,0x42C3CE0,D3D9,0,0,1,Hardware: Independent Flip,43419.0627,NA,17.11390000000000,17.40170000000000,1.11880000000000,4.29100000000000,4.4602,NA,43402.9235,17.2580,16.1392,1.1188,16.7598,3.6704,3.6061,0.0643,-1.3294,43402.9235,14.8900,NA
gamemd.exe,18224,0x42C3CE0,D3D9,0,0,1,Hardware: Independent Flip,43435.9665,NA,16.90380000000000,16.56990000000000,0.96480000000000,4.00740000000000,4.1263,NA,43420.1815,16.7498,15.7850,0.9648,16.2281,3.5643,3.5152,0.0491,0.6881,43420.1815,17.5145,NA
gamemd.exe,18224,0x42C3CE0,D3D9,0,0,1,Hardware: Independent Flip,43452.3788,NA,16.41230000000000,16.77390000000000,1.37190000000000,4.37660000000000,4.4879,NA,43436.9313,16.8194,15.4475,1.3719,16.1791,3.6450,3.5873,0.0577,-0.0241,43436.9313,7.3322,NA
gamemd.exe,18224,0x42C3CE0,D3D9,0,0,1,Hardware: Independent Flip,43469.1856,NA,16.80680000000000,16.69030000000000,1.17510000000000,4.23100000000000,4.3714,NA,43453.7507,16.6100,15.4349,1.1751,15.9805,3.6854,3.6076,0.0778,0.1291,43453.7507,NA,NA
gamemd.exe,18224,0x42C3CE0,D3D9,0,0,1,Hardware: Independent Flip,43485.5786,NA,16.39300000000000,17.17860000000000,1.32150000000000,4.99060000000000,5.1570,NA,43470.3607,16.5394,15.2179,1.3215,15.7861,4.4224,3.8850,0.5374,-0.5686,43470.3607,NA,NA
gamemd.exe,18224,0x42C3CE0,D3D9,0,0,1,Hardware: Independent Flip,43502.2767,NA,16.69810000000000,16.47970000000000,1.69160000000000,4.82530000000000,4.9386,NA,43486.9001,17.0682,15.3766,1.6916,16.4989,3.7030,3.6516,0.0514,0.0597,43486.9001,NA,NA
gamemd.exe,18224,0x42C3CE0,D3D9,0,0,1,Hardware: Independent Flip,43518.8689,NA,16.59220000000000,16.47700000000000,1.70990000000000,4.71020000000000,4.8234,NA,43503.9683,16.6105,14.9006,1.7099,15.8976,3.7132,3.6575,0.0557,0.5912,43503.9683,NA,NA
gamemd.exe,18224,0x42C3CE0,D3D9,0,0,1,Hardware: Independent Flip,43535.6264,NA,16.75750000000000,16.41250000000000,1.26740000000000,4.35670000000000,4.4784,NA,43520.5788,16.3150,15.0476,1.2674,15.8254,3.5789,3.5333,0.0456,0.1980,43520.5788,NA,NA
gamemd.exe,18224,0x42C3CE0,D3D9,0,0,1,Hardware: Independent Flip,43552.2534,NA,16.62700000000000,16.92600000000000,1.86940000000000,4.66400000000000,4.7774,NA,43536.8938,17.2290,15.3596,1.8694,16.2578,3.7658,3.6834,0.0824,-0.6110,43536.8938,16.2920,NA
gamemd.exe,18224,0x42C3CE0,D3D9,0,0,1,Hardware: Independent Flip,43568.7081,NA,16.45470000000000,16.69870000000000,1.67270000000000,4.84820000000000,5.0214,NA,43554.1228,16.2580,14.5853,1.6727,15.2650,4.1685,4.0177,0.1508,0.5303,43554.1228,NA,NA
gamemd.exe,18224,0x42C3CE0,D3D9,0,0,1,Hardware: Independent Flip,43585.7906,NA,17.08250000000000,17.40300000000000,1.46820000000000,5.19070000000000,5.3419,NA,43570.3808,16.8780,15.4098,1.4682,16.0460,4.5545,4.0493,0.5052,-1.1450,43570.3808,NA,NA
gamemd.exe,18224,0x42C3CE0,D3D9,0,0,1,Hardware: Independent Flip,43602.0599,NA,16.26930000000000,15.78380000000000,1.67880000000000,4.71230000000000,4.8564,NA,43587.2588,16.4799,14.8011,1.6788,15.4997,4.0137,3.9299,0.0838,1.0942,43587.2588,NA,NA
gamemd.exe,18224,0x42C3CE0,D3D9,0,0,1,Hardware: Independent Flip,43618.5874,NA,16.52750000000000,16.16640000000000,1.31940000000000,4.37420000000000,4.4953,NA,43603.7387,16.1681,14.8487,1.3194,15.6206,3.6023,3.5586,0.0437,0.3135,43603.7387,NA,NA
gamemd.exe,18224,0x42C3CE0,D3D9,0,0,1,Hardware: Independent Flip,43635.3826,NA,16.79520000000000,16.65250000000000,1.33410000000000,4.21520000000000,4.3526,NA,43619.9068,16.8099,15.4758,1.3341,15.9870,3.7040,3.6530,0.0510,-0.4844,43619.9068,NA,NA
gamemd.exe,18224,0x42C3CE0,D3D9,0,0,1,Hardware: Independent Flip,43652.7710,NA,17.38840000000000,18.45100000000000,1.48630000000000,5.16520000000000,5.4152,NA,43636.7167,17.5406,16.0543,1.4863,16.6452,4.5743,4.0409,0.5334,-1.6411,43636.7167,NA,NA
gamemd.exe,18224,0x42C3CE0,D3D9,0,0,1,Hardware: Independent Flip,43669.1937,NA,16.42270000000000,18.65510000000000,2.33040000000000,6.43390000000000,7.6476,NA,43654.2573,17.2668,14.9364,2.3304,16.5311,4.8392,4.1800,0.6592,-1.1145,43654.2573,NA,NA
gamemd.exe,18224,0x42C3CE0,D3D9,0,0,1,Hardware: Independent Flip,43685.4721,NA,16.27840000000000,15.39610000000000,2.61340000000000,6.50610000000000,6.7653,NA,43671.5241,16.5614,13.9480,2.6134,15.6617,4.7924,4.4869,0.3055,1.8707,43671.5241,NA,NA
gamemd.exe,18224,0x42C3CE0,D3D9,0,0,1,Hardware: Independent Flip,43702.6023,NA,17.13020000000000,18.04930000000000,2.30010000000000,6.52860000000000,7.6844,NA,43688.0855,16.8169,14.5168,2.3001,16.0156,5.0298,4.2029,0.8269,-1.4879,43688.0855,NA,NA
gamemd.exe,18224,0x42C3CE0,D3D9,0,0,1,Hardware: Independent Flip,43719.0030,NA,16.40070000000000,16.63760000000000,2.42170000000000,6.61660000000000,7.9213,NA,43704.9024,16.5223,14.1006,2.4217,15.6468,5.0704,4.3278,0.7426,0.1793,43704.9024,NA,NA
gamemd.exe,18224,0x42C3CE0,D3D9,0,0,1,Hardware: Independent Flip,43736.0323,NA,17.02930000000000,14.90470000000000,1.40360000000000,5.53960000000000,5.7967,NA,43721.4247,16.0112,14.6076,1.4036,15.2066,4.9406,4.3253,0.6153,1.6176,43721.4247,NA,NA
gamemd.exe,18224,0x42C3CE0,D3D9,0,0,1,Hardware: Independent Flip,43752.5908,NA,16.55850000000000,15.71950000000000,2.28210000000000,4.80780000000000,4.9577,NA,43737.4359,17.4370,15.1549,2.2821,15.8333,4.1294,3.9501,0.1793,0.2917,43737.4359,NA,NA
gamemd.exe,18224,0x42C3CE0,D3D9,0,0,1,Hardware: Independent Flip,43768.5482,NA,15.95740000000000,16.04960000000000,1.74150000000000,4.83490000000000,5.0499,NA,43754.8729,15.4168,13.6753,1.7415,14.4535,4.0567,3.9639,0.0928,1.3874,43754.8729,NA,NA
gamemd.exe,18224,0x42C3CE0,D3D9,0,0,1,Hardware: Independent Flip,43785.4421,NA,16.89390000000000,16.82700000000000,2.38750000000000,4.84110000000000,4.9830,NA,43770.2897,17.5399,15.1524,2.3875,15.9887,4.0048,3.8941,0.1107,-1.4102,43770.2897,NA,NA
gamemd.exe,18224,0x42C3CE0,D3D9,0,0,1,Hardware: Independent Flip,43802.1276,NA,16.68550000000000,16.86520000000000,1.96520000000000,5.00730000000000,5.1627,NA,43787.8296,16.2632,14.2980,1.9652,15.0402,4.2651,4.1682,0.0969,0.6747,43787.8296,NA,NA
gamemd.exe,18224,0x42C3CE0,D3D9,0,0,1,Hardware: Independent Flip,43818.6438,NA,16.51620000000000,16.73690000000000,2.54010000000000,5.20410000000000,5.3834,NA,43804.0928,17.0911,14.5510,2.5401,15.7542,4.0009,3.9117,0.0892,-0.4737,43804.0928,NA,NA
gamemd.exe,18224,0x42C3CE0,D3D9,0,0,1,Hardware: Independent Flip,43835.4006,NA,16.75680000000000,16.65870000000000,1.39890000000000,5.07950000000000,5.2853,NA,43821.1839,15.6156,14.2167,1.3989,14.8501,4.4461,4.3100,0.1361,0.4324,43821.1839,NA,NA
gamemd.exe,18224,0x42C3CE0,D3D9,0,0,1,Hardware: Independent Flip,43852.1323,NA,16.73170000000000,16.60100000000000,1.76100000000000,5.01050000000000,5.1546,NA,43836.7995,17.0938,15.3328,1.7610,16.0715,4.2718,4.1698,0.1020,-0.9854,43836.7995,NA,NA
gamemd.exe,18224,0x42C3CE0,D3D9,0,0,1,Hardware: Independent Flip,43869.0733,NA,16.94100000000000,16.27780000000000,1.33720000000000,4.37820000000000,4.4914,NA,43853.8933,16.5172,15.1800,1.3372,15.9571,3.6011,3.5476,0.0535,0.8160,43853.8933,NA,NA
gamemd.exe,18224,0x42C3CE0,D3D9,0,0,1,Hardware: Independent Flip,43885.5213,NA,16.44800000000000,16.33980000000000,1.26500000000000,4.24390000000000,4.3832,NA,43870.4105,16.3758,15.1108,1.2650,15.8941,3.4606,3.3891,0.0715,0.1774,43870.4105,NA,NA
gamemd.exe,18224,0x42C3CE0,D3D9,0,0,1,Hardware: Independent Flip,43902.3223,NA,16.80100000000000,17.38590000000000,1.99870000000000,4.74990000000000,4.9681,NA,43886.7863,17.5347,15.5360,1.9987,16.5717,3.7142,3.6372,0.0770,-1.0101,43886.7863,NA,NA
gamemd.exe,18224,0x42C3CE0,D3D9,0,0,1,Hardware: Independent Flip,43918.8355,NA,16.51320000000000,16.83850000000000,1.43100000000000,5.12130000000000,5.2934,NA,43904.3210,15.9455,14.5145,1.4310,15.1884,4.4474,4.3204,0.1270,0.6962,43904.3210,17.3714,NA
gamemd.exe,18224,0x42C3CE0,D3D9,0,0,1,Hardware: Independent Flip,43935.6174,NA,16.78190000000000,16.25250000000000,1.42440000000000,4.57640000000000,4.7640,NA,43920.2665,16.7753,15.3509,1.4244,15.9207,4.0066,3.9199,0.0867,-0.3070,43920.2665,NA,NA
gamemd.exe,18224,0x42C3CE0,D3D9,0,0,1,Hardware: Independent Flip,43952.4967,NA,16.87930000000000,16.67860000000000,1.64950000000000,4.42470000000000,4.5633,NA,43937.0418,17.1044,15.4549,1.6495,16.4076,3.4720,3.3985,0.0735,0.0967,43937.0418,NA,NA
gamemd.exe,18224,0x42C3CE0,D3D9,0,0,1,Hardware: Independent Flip,43969.2597,NA,16.76300000000000,17.76940000000000,1.58140000000000,5.35990000000000,5.5697,NA,43954.1462,16.6949,15.1135,1.5814,15.9118,4.5616,3.9882,0.5734,-0.6650,43954.1462,NA,NA
gamemd.exe,18224,0x42C3CE0,D3D9,0,0,1,Hardware: Independent Flip,43985.2955,NA,16.03580000000000,15.74290000000000,1.50110000000000,5.09550000000000,5.2768,NA,43970.8411,15.9555,14.4544,1.5011,15.2085,4.3414,4.2272,0.1142,0.9520,43970.8411,NA,NA
gamemd.exe,18224,0x42C3CE0,D3D9,0,0,1,Hardware: Independent Flip,44001.8707,NA,16.57520000000000,16.40610000000000,1.57340000000000,4.89860000000000,5.1077,NA,43986.7966,16.6475,15.0741,1.5734,15.7484,4.2243,4.1120,0.1123,-0.4506,43986.7966,NA,NA
gamemd.exe,18224,0x42C3CE0,D3D9,0,0,1,Hardware: Independent Flip,44018.4579,NA,16.58720000000000,16.70020000000000,1.47040000000000,5.02000000000000,5.2207,NA,44003.4441,16.4842,15.0138,1.4704,15.7718,4.2620,4.0682,0.1938,-0.0527,44003.4441,NA,NA
gamemd.exe,18224,0x42C3CE0,D3D9,0,0,1,Hardware: Independent Flip,44035.5266,NA,17.06870000000000,17.08860000000000,1.56550000000000,5.03210000000000,5.2406,NA,44019.9283,17.1638,15.5983,1.5655,16.2880,4.3424,4.2455,0.0969,-0.6044,44019.9283,NA,NA
gamemd.exe,18224,0x42C3CE0,D3D9,0,0,1,Hardware: Independent Flip,44053.0812,NA,17.55460000000000,17.91500000000000,1.51230000000000,5.28460000000000,5.6010,NA,44037.0921,17.5014,15.9891,1.5123,16.6943,4.5794,4.0721,0.5073,-0.7512,44037.0921,NA,NA
gamemd.exe,18224,0x42C3CE0,D3D9,0,0,1,Hardware: Independent Flip,44069.2714,NA,16.19020000000000,16.25900000000000,1.36380000000000,5.37210000000000,5.6698,NA,44054.5935,16.0417,14.6779,1.3638,15.2507,4.7993,4.3069,0.4924,1.2424,44054.5935,NA,NA
gamemd.exe,18224,0x42C3CE0,D3D9,0,0,1,Hardware: Independent Flip,44086.8228,NA,17.55140000000000,18.57120000000000,1.63290000000000,5.10190000000000,6.6896,NA,44070.6352,17.8205,16.1876,1.6329,16.8856,4.4039,3.8984,0.5055,-2.5295,44070.6352,NA,NA
gamemd.exe,18224,0x42C3CE0,D3D9,0,0,1,Hardware: Independent Flip,44102.1687,NA,15.34590000000000,13.32170000000000,1.66790000000000,4.53750000000000,4.6654,NA,44088.4557,15.3809,13.7130,1.6679,14.4812,3.7693,3.6905,0.0788,4.4988,44088.4557,NA,NA
gamemd.exe,18224,0x42C3CE0,D3D9,0,0,1,Hardware: Independent Flip,44118.3773,NA,16.20860000000000,16.00950000000000,1.33420000000000,4.32360000000000,4.4663,NA,44103.8366,15.8749,14.5407,1.3342,15.3063,3.5580,3.5093,0.0487,-0.6286,44103.8366,NA,NA
gamemd.exe,18224,0x42C3CE0,D3D9,0,0,1,Hardware: Independent Flip,44135.4772,NA,17.09990000000000,17.00680000000000,1.08500000000000,4.20690000000000,4.3732,NA,44119.7115,16.8507,15.7657,1.0850,16.2310,3.7416,3.6503,0.0913,-1.1319,44119.7115,NA,NA
gamemd.exe,18224,0x42C3CE0,D3D9,0,0,1,Hardware: Independent Flip,44151.7673,NA,16.29010000000000,17.25960000000000,2.32950000000000,5.17030000000000,5.3427,NA,44136.5622,17.5346,15.2051,2.3295,16.3044,4.0710,3.9126,0.1584,-0.4089,44136.5622,NA,NA
gamemd.exe,18224,0x42C3CE0,D3D9,0,0,1,Hardware: Independent Flip,44169.0853,NA,17.31800000000000,16.25970000000000,1.06230000000000,4.16840000000000,4.2844,NA,44154.0968,16.0508,14.9885,1.0623,15.4793,3.6776,3.5937,0.0839,1.2749,44154.0968,NA,NA
gamemd.exe,18224,0x42C3CE0,D3D9,0,0,1,Hardware: Independent Flip,44185.1339,NA,16.04860000000000,16.12800000000000,1.26580000000000,4.23220000000000,4.3638,NA,44170.1476,16.2521,14.9863,1.2658,15.6736,3.5449,3.4388,0.1061,-0.0772,44170.1476,NA,NA
gamemd.exe,18224,0x42C3CE0,D3D9,0,0,1,Hardware: Independent Flip,44202.3198,NA,17.18590000000000,17.19870000000000,1.08360000000000,4.26320000000000,4.3766,NA,44186.3997,17.0037,15.9201,1.0836,16.4751,3.7082,3.6372,0.0710,-0.9466,44186.3997,NA,NA
gamemd.exe,18224,0x42C3CE0,D3D9,0,0,1,Hardware: Independent Flip,44218.6437,NA,16.32390000000000,16.53820000000000,1.32710000000000,4.47440000000000,4.5909,NA,44203.4034,16.5674,15.2403,1.3271,16.0536,3.6611,3.5956,0.0655,0.4655,44203.4034,NA,NA
gamemd.exe,18224,0x42C3CE0,D3D9,0,0,1,Hardware: Independent Flip,44235.6764,NA,17.03270000000000,17.09400000000000,1.22990000000000,4.43190000000000,4.6522,NA,44219.9708,16.9355,15.7056,1.2299,16.2878,3.8497,3.7456,0.1041,-0.5266,44219.9708,NA,NA
gamemd.exe,18224,0x42C3CE0,D3D9,0,0,1,Hardware: Independent Flip,44252.5176,NA,16.84120000000000,17.30880000000000,2.05950000000000,4.98440000000000,5.1198,NA,44236.9063,17.6708,15.6113,2.0595,16.7452,3.8505,3.7592,0.0913,-0.3733,44236.9063,NA,NA
gamemd.exe,18224,0x42C3CE0,D3D9,0,0,1,Hardware: Independent Flip,44269.0467,NA,16.52910000000000,16.35050000000000,2.25790000000000,4.82250000000000,4.9412,NA,44254.5771,16.7275,14.4696,2.2579,15.4107,3.8814,3.8138,0.0676,1.3203,44254.5771,NA,NA
gamemd.exe,18224,0x42C3CE0,D3D9,0,0,1,Hardware: Independent Flip,44285.2710,NA,16.22430000000000,16.22490000000000,2.07860000000000,4.81590000000000,4.9418,NA,44271.3046,16.0450,13.9664,2.0786,14.8573,3.9250,3.7954,0.1296,0.5026,44271.3046,NA,NA
gamemd.exe,18224,0x42C3CE0,D3D9,0,0,1,Hardware: Independent Flip,44302.0842,NA,16.81320000000000,16.62450000000000,1.54510000000000,4.63920000000000,4.7531,NA,44287.3496,16.2797,14.7346,1.5451,15.6680,3.7058,3.6567,0.0491,-0.5795,44287.3496,NA,NA
gamemd.exe,18224,0x42C3CE0,D3D9,0,0,1,Hardware: Independent Flip,44318.5712,NA,16.48700000000000,16.22350000000000,1.17170000000000,4.36340000000000,4.4896,NA,44303.6293,16.1136,14.9419,1.1717,15.6434,3.6619,3.6054,0.0565,0.0562,44303.6293,NA,NA
gamemd.exe,18224,0x42C3CE0,D3D9,0,0,1,Hardware: Independent Flip,44335.3342,NA,16.76300000000000,16.51390000000000,0.89510000000000,4.07110000000000,4.2405,NA,44319.7429,16.4864,15.5913,0.8951,15.9625,3.6999,3.6443,0.0556,-0.4003,44319.7429,NA,NA
gamemd.exe,18224,0x42C3CE0,D3D9,0,0,1,Hardware: Independent Flip,44352.8076,NA,17.47340000000000,18.87170000000000,1.39490000000000,5.43990000000000,5.6388,NA,44336.2293,17.9732,16.5783,1.3949,17.2812,4.7370,4.0046,0.7324,-2.3853,44336.2293,NA,NA
gamemd.exe,18224,0x42C3CE0,D3D9,0,0,1,Hardware: Independent Flip,44368.7129,NA,15.90530000000000,15.59440000000000,2.22350000000000,5.16730000000000,5.3279,NA,44354.2025,16.7339,14.5104,2.2235,15.5620,4.1157,4.0480,0.0677,2.3788,44354.2025,NA,NA
gamemd.exe,18224,0x42C3CE0,D3D9,0,0,1,Hardware: Independent Flip,44385.7185,NA,17.00560000000000,16.59650000000000,1.73800000000000,4.75460000000000,4.9188,NA,44370.9364,16.5201,14.7821,1.7380,15.5690,3.9677,3.8954,0.0723,0.1374,44370.9364,NA,NA
gamemd.exe,18224,0x42C3CE0,D3D9,0,0,1,Hardware: Independent Flip,44401.9696,NA,16.25110000000000,16.19850000000000,1.37980000000000,4.69840000000000,4.8662,NA,44387.4565,15.8929,14.5131,1.3798,15.1659,4.0456,3.9652,0.0804,0.3216,44387.4565,NA,NA
gamemd.exe,18224,0x42C3CE0,D3D9,0,0,1,Hardware: Independent Flip,44418.5898,NA,16.62020000000000,16.56320000000000,1.75660000000000,4.64110000000000,4.8092,NA,44403.3494,16.9970,15.2404,1.7566,15.9517,3.9298,3.8339,0.0959,-0.6703,44403.3494,22.4984,NA
gamemd.exe,18224,0x42C3CE0,D3D9,0,0,1,Hardware: Independent Flip,44435.4814,NA,16.89160000000000,17.14900000000000,2.36290000000000,4.88670000000000,5.0666,NA,44420.3464,17.4979,15.1350,2.3629,15.8452,4.1765,4.0468,0.1297,-0.1520,44420.3464,NA,NA
gamemd.exe,18224,0x42C3CE0,D3D9,0,0,1,Hardware: Independent Flip,44452.9799,NA,17.49850000000000,19.65700000000000,2.37550000000000,5.61030000000000,7.2251,NA,44437.8443,17.5111,15.1356,2.3755,15.7553,4.9906,4.2305,0.7601,-2.1591,44437.8443,28.7201,NA
gamemd.exe,18224,0x42C3CE0,D3D9,0,0,1,Hardware: Independent Flip,44469.0217,NA,16.04180000000000,14.28400000000000,1.40940000000000,5.34370000000000,5.4673,NA,44455.3554,15.0757,13.6663,1.4094,14.3229,4.6871,4.2159,0.4712,3.2271,44455.3554,22.5709,NA
gamemd.exe,18224,0x42C3CE0,D3D9,0,0,1,Hardware: Independent Flip,44485.1627,NA,16.14100000000000,15.21510000000000,1.68060000000000,4.41450000000000,4.5414,NA,44470.4311,16.4122,14.7316,1.6806,15.3994,3.7467,3.6890,0.0577,-0.1394,44470.4311,NA,NA
gamemd.exe,18224,0x42C3CE0,D3D9,0,0,1,Hardware: Independent Flip,44501.9906,NA,16.82790000000000,17.14340000000000,1.79840000000000,4.74150000000000,4.8569,NA,44486.8433,16.9457,15.1473,1.7984,16.0475,3.8413,3.7700,0.0713,-0.7312,44486.8433,22.6489,NA
gamemd.exe,18224,0x42C3CE0,D3D9,0,0,1,Hardware: Independent Flip,44518.5553,NA,16.56470000000000,16.41570000000000,1.51470000000000,4.57700000000000,4.7079,NA,44503.7890,16.2810,14.7663,1.5147,15.5142,3.8291,3.7352,0.0939,0.5300,44503.7890,23.0567,NA
gamemd.exe,18224,0x42C3CE0,D3D9,0,0,1,Hardware: Independent Flip,44535.1757,NA,16.62040000000000,16.46620000000000,1.24400000000000,4.37890000000000,4.5537,NA,44520.0700,16.3497,15.1057,1.2440,15.8465,3.6381,3.5807,0.0574,-0.1852,44520.0700,23.4542,NA
gamemd.exe,18224,0x42C3CE0,D3D9,0,0,1,Hardware: Independent Flip,44552.2415,NA,17.06580000000000,16.82600000000000,0.95410000000000,4.10960000000000,4.3139,NA,44536.4197,16.7759,15.8218,0.9541,16.3004,3.6310,3.5773,0.0537,-0.4763,44536.4197,24.0297,NA
gamemd.exe,18224,0x42C3CE0,D3D9,0,0,1,Hardware: Independent Flip,44568.5652,NA,16.32370000000000,17.24710000000000,1.85520000000000,5.04280000000000,5.2373,NA,44553.1956,17.2248,15.3696,1.8552,15.9754,4.4370,4.3577,0.0793,-0.4712,44553.1956,25.2152,NA
gamemd.exe,18224,0x42C3CE0,D3D9,0,0,1,Hardware: Independent Flip,44585.4629,NA,16.89770000000000,16.89580000000000,2.42740000000000,5.07940000000000,5.2354,NA,44570.4204,17.4699,15.0425,2.4274,15.8416,4.2803,4.1572,0.1231,0.3290,44570.4204,26.4573,NA
gamemd.exe,18224,0x42C3CE0,D3D9,0,0,1,Hardware: Independent Flip,44602.7490,NA,17.28610000000000,16.47040000000000,1.25210000000000,4.30280000000000,4.4197,NA,44587.8903,16.1108,14.8587,1.2521,15.4298,3.7317,3.6467,0.0850,0.9995,44587.8903,10.9335,NA
gamemd.exe,18224,0x42C3CE0,D3D9,0,0,1,Hardware: Independent Flip,44618.7869,NA,16.03790000000000,16.01740000000000,1.21500000000000,4.27690000000000,4.3992,NA,44604.0011,16.0008,14.7858,1.2150,15.4667,3.5960,3.5036,0.0924,0.0934,44604.0011,NA,NA
gamemd.exe,18224,0x42C3CE0,D3D9,0,0,1,Hardware: Independent Flip,44635.5696,NA,16.78270000000000,16.72910000000000,1.10610000000000,4.23140000000000,4.3456,NA,44620.0019,16.6738,15.5677,1.1061,16.1671,3.6320,3.5636,0.0684,-0.7283,44620.0019,NA,NA
gamemd.exe,18224,0x42C3CE0,D3D9,0,0,1,Hardware: Independent Flip,44652.7275,NA,17.15790000000000,17.15130000000000,1.12630000000000,4.14460000000000,4.3390,NA,44636.6757,17.1781,16.0518,1.1263,16.4926,3.7038,3.6070,0.0968,-0.4775,44636.6757,NA,NA
gamemd.exe,18224,0x42C3CE0,D3D9,0,0,1,Hardware: Independent Flip,44668.6581,NA,15.93060000000000,17.03640000000000,1.57880000000000,5.23220000000000,5.4448,NA,44653.8538,16.3831,14.8043,1.5788,15.4685,4.5680,4.4752,0.0928,0.1417,44653.8538,13.9026,NA
gamemd.exe,18224,0x42C3CE0,D3D9,0,0,1,Hardware: Independent Flip,44685.2316,NA,16.57350000000000,16.21970000000000,2.08550000000000,4.93700000000000,5.0910,NA,44670.2369,17.0802,14.9947,2.0855,15.5888,4.3429,4.2230,0.1199,0.1634,44670.2369,6.1068,NA
gamemd.exe,18224,0x42C3CE0,D3D9,0,0,1,Hardware: Independent Flip,44701.8839,NA,16.65230000000000,16.64830000000000,1.96440000000000,4.94540000000000,5.0870,NA,44687.3171,16.5312,14.5668,1.9644,15.7880,3.7242,3.6419,0.0823,0.4319,44687.3171,6.7727,NA
gamemd.exe,18224,0x42C3CE0,D3D9,0,0,1,Hardware: Independent Flip,44718.4116,NA,16.52770000000000,16.40420000000000,2.61140000000000,4.84280000000000,4.9635,NA,44703.8483,17.1747,14.5633,2.6114,15.3112,4.0949,3.8776,0.2173,0.1270,44703.8483,15.1632,NA
gamemd.exe,18224,0x42C3CE0,D3D9,0,0,1,Hardware: Independent Flip,44735.3013,NA,16.88970000000000,17.03570000000000,1.99160000000000,4.95560000000000,5.1095,NA,44721.0230,16.2699,14.2783,1.9916,15.4311,3.8028,3.7436,0.0592,0.1390,44721.0230,8.0906,NA
gamemd.exe,18224,0x42C3CE0,D3D9,0,0,1,Hardware: Independent Flip,44751.8911,NA,16.58980000000000,16.49550000000000,1.57030000000000,4.79850000000000,5.0152,NA,44737.2929,16.1685,14.5982,1.5703,15.2538,4.1429,4.0391,0.1038,-0.2256,44737.2929,16.5905,NA
gamemd.exe,18224,0x42C3CE0,D3D9,0,0,1,Hardware: Independent Flip,44768.8975,NA,17.00640000000000,17.14380000000000,1.34180000000000,4.95440000000000,5.1526,NA,44753.4614,16.7779,15.4361,1.3418,16.0996,4.2909,4.1532,0.1377,-0.9753,44753.4614,17.7368,NA
gamemd.exe,18224,0x42C3CE0,D3D9,0,0,1,Hardware: Independent Flip,44785.3882,NA,16.49070000000000,15.74600000000000,1.34420000000000,4.27900000000000,4.4079,NA,44770.2393,16.4931,15.1489,1.3442,15.7018,3.7261,3.6457,0.0804,1.0319,44770.2393,17.5522,NA
gamemd.exe,18224,0x42C3CE0,D3D9,0,0,1,Hardware: Independent Flip,44802.2052,NA,16.81700000000000,16.85650000000000,1.64010000000000,4.33180000000000,4.4474,NA,44786.7324,17.1129,15.4728,1.6401,16.0977,3.7069,3.6372,0.0697,-0.3634,44786.7324,18.4067,NA
gamemd.exe,18224,0x42C3CE0,D3D9,0,0,1,Hardware: Independent Flip,44818.7120,NA,16.50680000000000,16.76420000000000,1.66730000000000,4.59150000000000,4.7048,NA,44803.8453,16.5340,14.8667,1.6673,15.9448,3.5134,3.4490,0.0644,0.3487,44803.8453,19.2414,NA
gamemd.exe,18224,0x42C3CE0,D3D9,0,0,1,Hardware: Independent Flip,44835.6638,NA,16.95180000000000,16.80350000000000,1.90500000000000,4.44340000000000,4.5565,NA,44820.3793,17.1895,15.2845,1.9050,15.9586,3.7693,3.6810,0.0883,-0.2695,44820.3793,20.0416,NA
gamemd.exe,18224,0x42C3CE0,D3D9,0,0,1,Hardware: Independent Flip,44852.7170,NA,17.05320000000000,16.72500000000000,0.96560000000000,4.11730000000000,4.2283,NA,44837.5688,16.1138,15.1482,0.9656,15.6061,3.6594,3.6156,0.0438,0.4645,44837.5688,20.7081,NA
gamemd.exe,18224,0x42C3CE0,D3D9,0,0,1,Hardware: Independent Flip,44868.5148,NA,15.79780000000000,16.88000000000000,2.60590000000000,5.11540000000000,5.3105,NA,44853.6826,17.4381,14.8322,2.6059,15.9171,4.0305,3.8817,0.1488,-0.7662,44853.6826,21.5936,NA
gamemd.exe,18224,0x42C3CE0,D3D9,0,0,1,Hardware: Independent Flip,44886.0506,NA,17.53580000000000,17.54480000000000,1.49630000000000,5.14900000000000,5.3195,NA,44871.1207,16.4262,14.9299,1.4963,15.6141,4.4648,3.8251,0.6397,-0.1067,44871.1207,23.1051,NA
gamemd.exe,18224,0x42C3CE0,D3D9,0,0,1,Hardware: Independent Flip,44901.8075,NA,15.75690000000000,15.22570000000000,2.11300000000000,4.65190000000000,4.7883,NA,44887.5469,16.3736,14.2606,2.1130,14.9771,3.9354,3.8517,0.0837,1.2005,44887.5469,22.3362,NA
gamemd.exe,18224,0x42C3CE0,D3D9,0,0,1,Hardware: Independent Flip,44918.7589,NA,16.95140000000000,17.25090000000000,1.82290000000000,4.89160000000000,5.0878,NA,44903.9205,16.6613,14.8384,1.8229,15.8526,3.8774,3.7952,0.0822,-0.8773,44903.9205,23.3372,NA
gamemd.exe,18224,0x42C3CE0,D3D9,0,0,1,Hardware: Independent Flip,44935.8024,NA,17.04350000000000,17.48020000000000,1.38550000000000,5.32470000000000,5.5245,NA,44920.5818,16.6061,15.2206,1.3855,15.8066,4.7387,4.1957,0.5430,-0.8189,44920.5818,25.0740,NA
gamemd.exe,18224,0x42C3CE0,D3D9,0,0,1,Hardware: Independent Flip,44951.9878,NA,16.18540000000000,15.40380000000000,1.60170000000000,4.59020000000000,4.7429,NA,44937.1879,16.4016,14.7999,1.6017,15.5079,3.8822,3.8142,0.0680,1.2023,44937.1879,24.3656,NA
gamemd.exe,18224,0x42C3CE0,D3D9,0,0,1,Hardware: Independent Flip,44968.7386,NA,16.75080000000000,17.16480000000000,1.36020000000000,4.88360000000000,5.1569,NA,44953.5895,16.5093,15.1491,1.3602,15.6294,4.4033,4.2941,0.1092,-0.7632,44953.5895,25.6950,NA
gamemd.exe,18224,0x42C3CE0,D3D9,0,0,1,Hardware: Independent Flip,44985.4990,NA,16.76040000000000,16.61290000000000,1.96370000000000,4.76950000000000,5.0094,NA,44970.0988,17.3639,15.4002,1.9637,16.1127,4.0570,3.9436,0.1134,-0.1036,44970.0988,18.2873,NA
gamemd.exe,18224,0x42C3CE0,D3D9,0,0,1,Hardware: Independent Flip,45002.6607,NA,17.16170000000000,16.83290000000000,1.57830000000000,4.54740000000000,4.6806,NA,44987.4627,16.7763,15.1980,1.5783,15.9730,3.7724,3.6940,0.0784,0.5310,44987.4627,11.1218,NA
gamemd.exe,18224,0x42C3CE0,D3D9,0,0,1,Hardware: Independent Flip,45018.4561,NA,15.79540000000000,15.24890000000000,1.00650000000000,3.99360000000000,4.1341,NA,45004.2390,15.2236,14.2171,1.0065,14.6589,3.5518,3.4825,0.0693,1.5274,45004.2390,10.3319,NA
gamemd.exe,18224,0x42C3CE0,D3D9,0,0,1,Hardware: Independent Flip,45035.2779,NA,16.82180000000000,16.83760000000000,0.98650000000000,4.02690000000000,4.1499,NA,45019.4626,16.8018,15.8153,0.9865,16.2802,3.5620,3.5058,0.0562,-1.6140,45019.4626,11.1949,NA
gamemd.exe,18224,0x42C3CE0,D3D9,0,0,1,Hardware: Independent Flip,45051.9738,NA,16.69590000000000,17.38250000000000,1.57750000000000,4.63320000000000,4.8365,NA,45036.2644,17.2869,15.7094,1.5775,16.6199,3.7227,3.6449,0.0778,-0.5807,45036.2644,12.5842,NA
gamemd.exe,18224,0x42C3CE0,D3D9,0,0,1,Hardware: Independent Flip,45069.2992,NA,17.32540000000000,17.41560000000000,1.62340000000000,4.79580000000000,4.9267,NA,45053.5513,17.3713,15.7479,1.6234,16.3964,4.1473,4.0362,0.1111,-0.1287,45053.5513,14.0390,NA
gamemd.exe,18224,0x42C3CE0,D3D9,0,0,1,Hardware: Independent Flip,45085.5784,NA,16.27920000000000,16.10750000000000,1.97680000000000,4.64190000000000,4.7550,NA,45070.9226,16.6326,14.6558,1.9768,15.5376,3.7601,3.6796,0.0805,1.2638,45070.9226,14.1054,NA
gamemd.exe,18224,0x42C3CE0,D3D9,0,0,1,Hardware: Independent Flip,45102.3246,NA,16.74620000000000,16.24410000000000,1.11050000000000,4.13810000000000,4.2529,NA,45087.5552,15.8799,14.7694,1.1105,15.2675,3.6400,3.5797,0.0603,0.3885,45087.5552,14.4094,NA
gamemd.exe,18224,0x42C3CE0,D3D9,0,0,1,Hardware: Independent Flip,45119.1873,NA,16.86270000000000,17.14380000000000,1.40510000000000,4.41790000000000,4.5340,NA,45103.4351,17.1573,15.7522,1.4051,16.5402,3.6299,3.5563,0.0736,-1.2639,45103.4351,15.4892,NA
gamemd.exe,18224,0x42C3CE0,D3D9,0,0,1,Hardware: Independent Flip,45135.6469,NA,16.45960000000000,16.56300000000000,1.45170000000000,4.52570000000000,4.6374,NA,45120.5924,16.5062,15.0545,1.4517,15.9406,3.6396,3.5833,0.0563,0.5943,45120.5924,16.0471,NA
gamemd.exe,18224,0x42C3CE0,D3D9,0,0,1,Hardware: Independent Flip,45152.6710,NA,17.02410000000000,16.52870000000000,1.14600000000000,4.01210000000000,4.1420,NA,45137.0986,16.7184,15.5724,1.1460,16.0989,3.4856,3.4290,0.0566,-0.0225,45137.0986,8.3975,8.3975
gamemd.exe,18224,0x42C3CE0,D3D9,0,0,1,Hardware: Independent Flip,45168.9302,NA,16.25920000000000,17.38230000000000,2.06020000000000,5.11670000000000,5.2651,NA,45153.8170,17.1734,15.1132,2.0602,16.4634,3.7665,3.6776,0.0889,-0.6639,45153.8170,9.9100,NA
gamemd.exe,18224,0x42C3CE0,D3D9,0,0,1,Hardware: Independent Flip,45186.1003,NA,17.17010000000000,17.26200000000000,1.61400000000000,5.08710000000000,5.3570,NA,45170.9904,16.7239,15.1099,1.6140,15.7559,4.4411,3.9871,0.4540,-0.0886,45170.9904,19.2668,NA
gamemd.exe,18224,0x42C3CE0,D3D9,0,0,1,Hardware: Independent Flip,45202.1946,NA,16.09430000000000,15.84030000000000,1.41250000000000,4.92530000000000,5.1030,NA,45187.7143,15.8928,14.4803,1.4125,15.1197,4.2859,3.8456,0.4403,0.8836,45187.7143,19.0959,NA
gamemd.exe,18224,0x42C3CE0,D3D9,0,0,1,Hardware: Independent Flip,45218.6730,NA,16.47840000000000,15.98760000000000,1.62820000000000,4.47940000000000,4.6122,NA,45203.6071,16.6941,15.0659,1.6282,15.6915,3.8538,3.7490,0.1048,-0.0948,45203.6071,19.0846,NA
gamemd.exe,18224,0x42C3CE0,D3D9,0,0,1,Hardware: Independent Flip,45235.5080,NA,16.83500000000000,16.68040000000000,1.52260000000000,4.33980000000000,4.4576,NA,45220.3012,16.7294,15.2068,1.5226,15.7375,3.8091,3.7300,0.0791,0.0137,45220.3012,19.7556,NA
gamemd.exe,18224,0x42C3CE0,D3D9,0,0,1,Hardware: Independent Flip,45252.5015,NA,16.99350000000000,17.27780000000000,1.54180000000000,4.55060000000000,4.7419,NA,45237.0306,17.0127,15.4709,1.5418,16.3773,3.6442,3.5623,0.0819,-0.5484,45237.0306,20.9779,NA
gamemd.exe,18224,0x42C3CE0,D3D9,0,0,1,Hardware: Independent Flip,45269.0016,NA,16.50010000000000,16.86130000000000,2.22710000000000,4.92450000000000,5.1031,NA,45254.0433,17.1854,14.9583,2.2271,15.7474,4.1354,4.0469,0.0885,0.1514,45254.0433,21.8730,NA
gamemd.exe,18224,0x42C3CE0,D3D9,0,0,1,Hardware: Independent Flip,45285.3427,NA,16.34110000000000,16.25300000000000,1.44570000000000,4.82140000000000,5.0150,NA,45271.2287,15.5597,14.1140,1.4457,14.6645,4.2709,4.1826,0.0883,0.9324,45271.2287,22.0772,NA
gamemd.exe,18224,0x42C3CE0,D3D9,0,0,1,Hardware: Independent Flip,45301.8153,NA,16.47260000000000,16.22470000000000,1.42880000000000,4.59410000000000,4.7671,NA,45286.7884,16.4557,15.0269,1.4288,15.5695,4.0515,3.9583,0.0932,-0.6650,45286.7884,22.3211,NA
gamemd.exe,18224,0x42C3CE0,D3D9,0,0,1,Hardware: Independent Flip,45318.4839,NA,16.66860000000000,16.80270000000000,1.66710000000000,4.67940000000000,4.9012,NA,45303.2441,16.9069,15.2398,1.6671,15.8158,4.1034,4.0085,0.0949,-0.3470,45303.2441,22.9995,NA
gamemd.exe,18224,0x42C3CE0,D3D9,0,0,1,Hardware: Independent Flip,45335.5993,NA,17.11540000000000,17.15460000000000,1.37410000000000,4.70380000000000,4.9404,NA,45320.1510,16.8224,15.4483,1.3741,15.9847,4.1674,4.0234,0.1440,-0.2477,45320.1510,24.1463,24.1463
gamemd.exe,18224,0x42C3CE0,D3D9,0,0,1,Hardware: Independent Flip,45352.8780,NA,17.27870000000000,17.71180000000000,1.44680000000000,5.15660000000000,5.3735,NA,45336.9734,17.3514,15.9046,1.4468,16.5494,4.5118,4.2907,0.2211,-0.8894,45336.9734,25.4509,NA
gamemd.exe,18224,0x42C3CE0,D3D9,0,0,1,Hardware: Independent Flip,45368.6386,NA,15.76060000000000,15.65530000000000,1.41810000000000,5.05180000000000,5.2682,NA,45354.3248,15.7319,14.3138,1.4181,14.9092,4.4564,3.7971,0.6593,1.6961,45354.3248,25.7076,NA
gamemd.exe,18224,0x42C3CE0,D3D9,0,0,1,Hardware: Independent Flip,45385.2151,NA,16.57650000000000,16.17460000000000,1.63350000000000,4.67410000000000,4.8663,NA,45370.0567,16.7919,15.1584,1.6335,15.7834,4.0491,3.9352,0.1139,-0.4427,45370.0567,17.8553,NA
gamemd.exe,18224,0x42C3CE0,D3D9,0,0,1,Hardware: Independent Flip,45403.6019,NA,18.38680000000000,20.63670000000000,1.66980000000000,5.68200000000000,7.1162,NA,45386.8486,18.4231,16.7533,1.6698,17.7497,4.6856,4.2786,0.4070,-3.8448,45386.8486,22.5203,NA
gamemd.exe,18224,0x42C3CE0,D3D9,0,0,1,Hardware: Independent Flip,45419.7525,NA,16.15060000000000,13.96970000000000,1.75880000000000,4.80610000000000,4.9353,NA,45405.2717,16.2396,14.4808,1.7588,15.0329,4.2540,4.1618,0.0922,4.4534,45405.2717,12.4966,NA
gamemd.exe,18224,0x42C3CE0,D3D9,0,0,1,Hardware: Independent Flip,45435.3145,NA,15.56200000000000,15.44210000000000,1.81560000000000,4.70140000000000,4.8154,NA,45421.5113,15.6188,13.8032,1.8156,14.9487,3.5559,3.4922,0.0637,0.7975,45421.5113,11.9348,NA
gamemd.exe,18224,0x42C3CE0,D3D9,0,0,1,Hardware: Independent Flip,45451.9156,NA,16.60110000000000,16.81810000000000,1.91480000000000,4.91580000000000,5.0324,NA,45437.1301,16.7003,14.7855,1.9148,16.1409,3.5604,3.4926,0.0678,-1.1993,45437.1301,12.7575,NA
gamemd.exe,18224,0x42C3CE0,D3D9,0,0,1,Hardware: Independent Flip,45468.9165,NA,17.00090000000000,16.40890000000000,1.04700000000000,4.25160000000000,4.4404,NA,45453.8304,16.1331,15.0861,1.0470,15.5626,3.7751,3.7148,0.0603,0.2914,45453.8304,13.1647,NA
gamemd.exe,18224,0x42C3CE0,D3D9,0,0,1,Hardware: Independent Flip,45486.1141,NA,17.19760000000000,18.21280000000000,1.73060000000000,5.24310000000000,5.4556,NA,45469.9635,17.8812,16.1506,1.7306,17.0440,4.3497,3.9412,0.4085,-2.0797,45469.9635,7.2416,NA
gamemd.exe,18224,0x42C3CE0,D3D9,0,0,1,Hardware: Independent Flip,45502.4396,NA,16.32550000000000,16.04840000000000,2.29970000000000,5.01220000000000,5.1785,NA,45487.8447,16.8946,14.5949,2.2997,15.3873,4.2198,4.0842,0.1356,1.8328,45487.8447,7.4045,NA
gamemd.exe,18224,0x42C3CE0,D3D9,0,0,1,Hardware: Independent Flip,45518.9927,NA,16.55310000000000,16.18710000000000,1.81950000000000,4.64730000000000,4.8125,NA,45504.7393,16.0729,14.2534,1.8195,15.2734,3.6273,3.5549,0.0724,0.7075,45504.7393,7.6089,NA
gamemd.exe,18224,0x42C3CE0,D3D9,0,0,1,Hardware: Independent Flip,45535.8806,NA,16.88790000000000,16.42030000000000,1.11610000000000,4.21670000000000,4.3449,NA,45520.8122,16.1845,15.0684,1.1161,15.5953,3.6898,3.6332,0.0566,-0.3474,45520.8122,7.9743,NA
gamemd.exe,18224,0x42C3CE0,D3D9,0,0,1,Hardware: Independent Flip,45552.2377,NA,16.35710000000000,16.55780000000000,1.42600000000000,4.43170000000000,4.5456,NA,45536.9967,16.6670,15.2410,1.4260,16.0895,3.5832,3.5377,0.0455,-0.3733,45536.9967,16.5653,NA
gamemd.exe,18224,0x42C3CE0,D3D9,0,0,1,Hardware: Independent Flip,45568.8692,NA,16.63150000000000,16.55430000000000,1.51490000000000,4.35690000000000,4.4684,NA,45553.6637,16.7204,15.2055,1.5149,15.7914,3.7710,3.6807,0.0903,0.1127,45553.6637,24.6126,24.6126
gamemd.exe,18224,0x42C3CE0,D3D9,0,0,1,Hardware: Independent Flip,45585.7636,NA,16.89440000000000,16.99030000000000,1.37930000000000,4.34270000000000,4.5643,NA,45570.3841,16.7588,15.3795,1.3793,16.0524,3.6698,3.5928,0.0770,-0.2699,45570.3841,NA,NA
gamemd.exe,18224,0x42C3CE0,D3D9,0,0,1,Hardware: Independent Flip,45601.8758,NA,16.11220000000000,16.30270000000000,1.28170000000000,4.59520000000000,4.7548,NA,45587.1429,16.0146,14.7329,1.2817,15.2965,4.0316,3.9312,0.1004,0.4561,45587.1429,NA,NA
gamemd.exe,18224,0x42C3CE0,D3D9,0,0,1,Hardware: Independent Flip,45618.5336,NA,16.65780000000000,16.73580000000000,1.96050000000000,4.69020000000000,4.8328,NA,45603.1575,17.3366,15.3761,1.9605,15.9416,4.1247,3.9906,0.1341,-0.7212,45603.1575,NA,NA
gamemd.exe,18224,0x42C3CE0,D3D9,0,0,1,Hardware: Independent Flip,45635.4043,NA,16.87070000000000,16.52430000000000,1.78860000000000,4.37510000000000,4.4864,NA,45620.4941,16.6988,14.9102,1.7886,15.4347,3.8506,3.7701,0.0805,0.8123,45620.4941,NA,NA
gamemd.exe,18224,0x42C3CE0,D3D9,0,0,1,Hardware: Independent Flip,45652.0745,NA,16.67020000000000,16.78280000000000,1.33200000000000,4.48780000000000,4.5990,NA,45637.1929,16.2136,14.8816,1.3320,15.6825,3.6869,3.6428,0.0441,-0.0840,45637.1929,20.4488,20.4488
gamemd.exe,18224,0x42C3CE0,D3D9,0,0,1,Hardware: Independent Flip,45668.6636,NA,16.58910000000000,16.41320000000000,1.33200000000000,4.30870000000000,4.4231,NA,45653.4065,16.5891,15.2571,1.3320,15.7820,3.7838,3.7179,0.0659,-0.1996,45653.4065,NA,NA
gamemd.exe,18224,0x42C3CE0,D3D9,0,0,1,Hardware: Independent Flip,45686.0433,NA,17.37970000000000,20.25930000000000,2.12020000000000,6.12080000000000,7.3027,NA,45669.9956,18.1679,16.0477,2.1202,17.4728,4.6957,4.2157,0.4800,-3.6702,45669.9956,NA,NA
gamemd.exe,18224,0x42C3CE0,D3D9,0,0,1,Hardware: Independent Flip,45702.4025,NA,16.35920000000000,14.19980000000000,1.60740000000000,4.95410000000000,5.1433,NA,45688.1635,15.8464,14.2390,1.6074,14.9522,4.2409,4.1156,0.1253,3.9681,45688.1635,31.2837,31.2837
gamemd.exe,18224,0x42C3CE0,D3D9,0,0,1,Hardware: Independent Flip,45718.4044,NA,16.00190000000000,15.59860000000000,1.42560000000000,4.57470000000000,4.7400,NA,45704.0099,15.8201,14.3945,1.4256,14.9707,3.9985,3.9390,0.0595,0.2478,45704.0099,NA,NA
gamemd.exe,18224,0x42C3CE0,D3D9,0,0,1,Hardware: Independent Flip,45735.5369,NA,17.13250000000000,16.72080000000000,1.15010000000000,4.15550000000000,4.3283,NA,45719.8300,16.8570,15.7069,1.1501,16.1794,3.6830,3.6140,0.0690,-0.9007,45719.8300,NA,NA
gamemd.exe,18224,0x42C3CE0,D3D9,0,0,1,Hardware: Independent Flip,45752.6530,NA,17.11610000000000,17.17520000000000,1.14320000000000,4.23460000000000,4.3874,NA,45736.6870,17.1092,15.9660,1.1432,16.5139,3.6867,3.5955,0.0912,-0.3182,45736.6870,24.5873,24.5873
gamemd.exe,18224,0x42C3CE0,D3D9,0,0,1,Hardware: Independent Flip,45768.9148,NA,16.26180000000000,16.53980000000000,1.34290000000000,4.53080000000000,4.6654,NA,45753.7962,16.4615,15.1186,1.3429,15.7838,3.8656,3.8002,0.0654,0.5694,45753.7962,25.3470,NA
gamemd.exe,18224,0x42C3CE0,D3D9,0,0,1,Hardware: Independent Flip,45785.5664,NA,16.65160000000000,16.09590000000000,0.90810000000000,3.95810000000000,4.1097,NA,45770.2577,16.2168,15.3087,0.9081,15.7065,3.5603,3.4940,0.0663,0.3656,45770.2577,25.4008,NA
gamemd.exe,18224,0x42C3CE0,D3D9,0,0,1,Hardware: Independent Flip,45802.5822,NA,17.01580000000000,17.78840000000000,1.76480000000000,4.65760000000000,4.8823,NA,45786.4745,17.8725,16.1077,1.7648,17.0674,3.6979,3.6128,0.0851,-1.5716,45786.4745,11.2117,NA
gamemd.exe,18224,0x42C3CE0,D3D9,0,0,1,Hardware: Independent Flip,45819.0905,NA,16.50830000000000,16.58210000000000,2.57640000000000,4.80180000000000,4.9561,NA,45804.3470,17.3199,14.7435,2.5764,15.5724,3.9729,3.8597,0.1132,1.2904,45804.3470,NA,NA
gamemd.exe,18224,0x42C3CE0,D3D9,0,0,1,Hardware: Independent Flip,45835.1312,NA,16.04070000000000,16.44660000000000,2.45350000000000,5.10800000000000,5.3620,NA,45821.6669,15.9178,13.4643,2.4535,14.1867,4.3856,4.2750,0.1106,0.8733,45821.6669,12.2843,NA
gamemd.exe,18224,0x42C3CE0,D3D9,0,0,1,Hardware: Independent Flip,45852.2632,NA,17.13200000000000,17.19920000000000,1.82030000000000,5.29810000000000,5.4292,NA,45837.5847,16.4988,14.6785,1.8203,15.7986,4.1780,4.0634,0.1146,-1.2814,45837.5847,13.4687,NA
gamemd.exe,18224,0x42C3CE0,D3D9,0,0,1,Hardware: Independent Flip,45868.8613,NA,16.59810000000000,16.04370000000000,1.81960000000000,4.76210000000000,4.8748,NA,45854.0835,16.5974,14.7778,1.8196,15.6650,3.8749,3.8135,0.0614,0.4551,45854.0835,13.5516,NA
gamemd.exe,18224,0x42C3CE0,D3D9,0,0,1,Hardware: Independent Flip,45885.4580,NA,16.59670000000000,15.99730000000000,1.11340000000000,4.15750000000000,4.2754,NA,45870.6809,15.8905,14.7771,1.1134,15.3073,3.6273,3.5589,0.0684,0.6001,45870.6809,13.5330,NA
gamemd.exe,18224,0x42C3CE0,D3D9,0,0,1,Hardware: Independent Flip,45901.8672,NA,16.40920000000000,17.33040000000000,1.78010000000000,4.97590000000000,5.1966,NA,45886.5714,17.0759,15.2958,1.7801,16.0307,4.2410,4.1568,0.0842,-1.4399,45886.5714,14.8621,NA
gamemd.exe,18224,0x42C3CE0,D3D9,0,0,1,Hardware: Independent Flip,45919.2340,NA,17.36680000000000,17.56290000000000,1.67710000000000,5.08730000000000,5.3927,NA,45903.6473,17.2638,15.5867,1.6771,16.1181,4.5559,4.4307,0.1252,-0.4870,45903.6473,7.8313,NA
gamemd.exe,18224,0x42C3CE0,D3D9,0,0,1,Hardware: Independent Flip,45935.1487,NA,15.91470000000000,15.69500000000000,1.82560000000000,5.00700000000000,5.1730,NA,45920.9111,16.0632,14.2376,1.8256,14.9297,4.3149,4.1904,0.1245,1.5688,45920.9111,8.1200,NA
gamemd.exe,18224,0x42C3CE0,D3D9,0,0,1,Hardware: Independent Flip,45952.5873,NA,17.43860000000000,16.58320000000000,0.91190000000000,4.11700000000000,4.3176,NA,45936.9743,16.5249,15.6130,0.9119,15.9423,3.7877,3.7048,0.0829,-0.5200,45936.9743,8.3856,NA
gamemd.exe,18224,0x42C3CE0,D3D9,0,0,1,Hardware: Independent Flip,45968.6262,NA,16.03890000000000,16.94670000000000,1.67940000000000,5.02010000000000,5.2254,NA,45953.4992,16.8064,15.1270,1.6794,15.7347,4.4124,4.3129,0.0995,-0.4218,45953.4992,17.6100,NA
gamemd.exe,18224,0x42C3CE0,D3D9,0,0,1,Hardware: Independent Flip,45985.5682,NA,16.94200000000000,16.78950000000000,1.96780000000000,4.94800000000000,5.0729,NA,45970.3056,17.2304,15.2626,1.9678,15.9750,4.2356,4.1309,0.1047,0.0169,45970.3056,18.4140,NA
gamemd.exe,18224,0x42C3CE0,D3D9,0,0,1,Hardware: Independent Flip,46002.3700,NA,16.80180000000000,16.52160000000000,2.19280000000000,4.68410000000000,4.7927,NA,45987.5360,17.0268,14.8340,2.1928,15.6579,3.8602,3.7773,0.0829,0.7088,45987.5360,18.9651,NA
gamemd.exe,18224,0x42C3CE0,D3D9,0,0,1,Hardware: Independent Flip,46018.6612,NA,16.29120000000000,16.44710000000000,2.28560000000000,4.75990000000000,4.9486,NA,46004.5628,16.3840,14.0984,2.2856,14.9211,3.9372,3.8532,0.0840,0.5797,46004.5628,19.3588,NA
gamemd.exe,18224,0x42C3CE0,D3D9,0,0,1,Hardware: Independent Flip,46035.8103,NA,17.14910000000000,19.78230000000000,2.35270000000000,6.43560000000000,7.5818,NA,46020.9468,17.2162,14.8635,2.3527,16.4964,4.8027,3.9526,0.8501,-3.3983,46020.9468,23.0926,NA
gamemd.exe,18224,0x42C3CE0,D3D9,0,0,1,Hardware: Independent Flip,46052.4874,NA,16.67710000000000,15.29170000000000,2.61020000000000,5.97010000000000,6.1964,NA,46038.1630,16.9346,14.3244,2.6102,16.1519,4.1426,3.9742,0.1684,1.9245,46038.1630,NA,NA
gamemd.exe,18224,0x42C3CE0,D3D9,0,0,1,Hardware: Independent Flip,46068.8609,NA,16.37350000000000,17.94970000000000,2.66120000000000,6.48570000000000,7.7726,NA,46055.0976,16.4245,13.7633,2.6612,15.5326,4.7164,4.3449,0.3715,-1.0151,46055.0976,32.4436,NA
gamemd.exe,18224,0x42C3CE0,D3D9,0,0,1,Hardware: Independent Flip,46086.5686,NA,17.70770000000000,16.02380000000000,2.42630000000000,5.20910000000000,6.0887,NA,46071.5221,17.4728,15.0465,2.4263,15.5597,4.6959,4.2910,0.4049,0.4007,46071.5221,16.4438,NA
gamemd.exe,18224,0x42C3CE0,D3D9,0,0,1,Hardware: Independent Flip,46102.6315,NA,16.06290000000000,17.34380000000000,2.32320000000000,6.38660000000000,7.3696,NA,46088.9949,15.9598,13.6366,2.3232,15.1096,4.9136,4.1769,0.7367,0.1290,46088.9949,25.7915,NA
gamemd.exe,18224,0x42C3CE0,D3D9,0,0,1,Hardware: Independent Flip,46118.9109,NA,16.27940000000000,15.23010000000000,2.26430000000000,5.89020000000000,6.3203,NA,46104.9547,16.2205,13.9562,2.2643,15.4754,4.3710,3.9434,0.4276,0.7297,46104.9547,24.8583,NA
gamemd.exe,18224,0x42C3CE0,D3D9,0,0,1,Hardware: Independent Flip,46136.2995,NA,17.38860000000000,18.05790000000000,1.49440000000000,5.54560000000000,6.9896,NA,46121.1752,16.6187,15.1243,1.4944,15.7976,4.8723,4.2598,0.6125,-1.8374,46121.1752,27.0513,NA
gamemd.exe,18224,0x42C3CE0,D3D9,0,0,1,Hardware: Independent Flip,46152.9725,NA,16.67300000000000,14.94760000000000,1.50180000000000,4.92530000000000,5.2642,NA,46137.7939,16.6804,15.1786,1.5018,15.7451,4.3588,3.9320,0.4268,1.6711,46137.7939,25.9700,NA
gamemd.exe,18224,0x42C3CE0,D3D9,0,0,1,Hardware: Independent Flip,46168.3858,NA,15.41330000000000,15.52210000000000,1.37190000000000,5.12110000000000,5.3730,NA,46154.4743,15.2834,13.9115,1.3719,14.5525,4.4801,4.3638,0.1163,1.1583,46154.4743,25.5501,NA
gamemd.exe,18224,0x42C3CE0,D3D9,0,0,1,Hardware: Independent Flip,46185.4465,NA,17.06070000000000,16.41120000000000,1.75270000000000,4.55760000000000,4.7235,NA,46169.7577,17.4415,15.6888,1.7527,16.6610,3.5854,3.5045,0.0809,-1.1278,46169.7577,25.8812,NA
gamemd.exe,18224,0x42C3CE0,D3D9,0,0,1,Hardware: Independent Flip,46202.4065,NA,16.96000000000000,16.54300000000000,1.19350000000000,4.19200000000000,4.3065,NA,46187.1992,16.4008,15.2073,1.1935,15.7398,3.6595,3.5944,0.0651,0.8985,46187.1992,34.3262,NA
gamemd.exe,18224,0x42C3CE0,D3D9,0,0,1,Hardware: Independent Flip,46218.7986,NA,16.39210000000000,16.34890000000000,1.09180000000000,4.14460000000000,4.2633,NA,46203.6000,16.2904,15.1986,1.0918,15.7110,3.6322,3.5659,0.0663,0.0519,46203.6000,NA,NA
gamemd.exe,18224,0x42C3CE0,D3D9,0,0,1,Hardware: Independent Flip,46235.6859,NA,16.88730000000000,17.08090000000000,0.99830000000000,4.27240000000000,4.4569,NA,46219.8904,16.7938,15.7955,0.9983,16.2585,3.8094,3.7301,0.0793,-0.7905,46219.8904,NA,NA
gamemd.exe,18224,0x42C3CE0,D3D9,0,0,1,Hardware: Independent Flip,46251.8262,NA,16.14030000000000,16.36450000000000,1.60370000000000,4.56060000000000,4.6811,NA,46236.6842,16.7457,15.1420,1.6037,16.1315,3.5711,3.5015,0.0696,0.4293,46236.6842,NA,NA
gamemd.exe,18224,0x42C3CE0,D3D9,0,0,1,Hardware: Independent Flip,46269.1571,NA,17.33090000000000,17.07490000000000,1.28940000000000,4.27240000000000,4.4251,NA,46253.4299,17.0166,15.7272,1.2894,16.3127,3.6869,3.5995,0.0874,-0.3292,46253.4299,NA,NA
gamemd.exe,18224,0x42C3CE0,D3D9,0,0,1,Hardware: Independent Flip,46285.5463,NA,16.38920000000000,17.17680000000000,1.73660000000000,5.01300000000000,5.2127,NA,46270.4465,16.8364,15.0998,1.7366,15.7835,4.3293,4.2056,0.1237,-0.1602,46270.4465,NA,NA
gamemd.exe,18224,0x42C3CE0,D3D9,0,0,1,Hardware: Independent Flip,46302.4498,NA,16.90350000000000,16.87400000000000,1.57230000000000,5.02280000000000,5.1832,NA,46287.2829,16.7392,15.1669,1.5723,15.8730,4.3167,4.2102,0.1065,-0.0376,46287.2829,NA,NA
gamemd.exe,18224,0x42C3CE0,D3D9,0,0,1,Hardware: Independent Flip,46318.5690,NA,16.11920000000000,16.15390000000000,2.22160000000000,5.10600000000000,5.2179,NA,46304.0221,16.7685,14.5469,2.2216,15.6273,4.0256,3.9429,0.0827,0.5853,46304.0221,NA,NA
gamemd.exe,18224,0x42C3CE0,D3D9,0,0,1,Hardware: Independent Flip,46335.2810,NA,16.71200000000000,16.57430000000000,2.58420000000000,4.97070000000000,5.0802,NA,46320.7906,17.0746,14.4904,2.5842,15.3972,4.0639,3.9652,0.0987,0.1942,46320.7906,NA,NA
gamemd.exe,18224,0x42C3CE0,D3D9,0,0,1,Hardware: Independent Flip,46351.9556,NA,16.67460000000000,16.49340000000000,2.06620000000000,4.78770000000000,4.8990,NA,46337.8652,16.1566,14.0904,2.0662,15.1511,3.7270,3.6743,0.0527,0.5812,46337.8652,NA,NA
gamemd.exe,18224,0x42C3CE0,D3D9,0,0,1,Hardware: Independent Flip,46369.7927,NA,17.83710000000000,18.43550000000000,1.39460000000000,5.16400000000000,5.4974,NA,46354.0218,17.1655,15.7709,1.3946,16.3715,4.5634,4.0446,0.5188,-2.2789,46354.0218,NA,NA
gamemd.exe,18224,0x42C3CE0,D3D9,0,0,1,Hardware: Independent Flip,46385.3369,NA,15.54420000000000,14.81440000000000,1.34420000000000,4.63990000000000,4.7676,NA,46371.1873,15.4938,14.1496,1.3442,14.7862,4.0033,3.9010,0.1023,2.3511,46371.1873,NA,NA
gamemd.exe,18224,0x42C3CE0,D3D9,0,0,1,Hardware: Independent Flip,46401.9619,NA,16.62500000000000,17.07690000000000,2.36770000000000,5.09810000000000,5.2195,NA,46386.6811,17.6485,15.2808,2.3677,16.5318,3.8471,3.7618,0.0853,-1.5831,46386.6811,NA,NA
gamemd.exe,18224,0x42C3CE0,D3D9,0,0,1,Hardware: Independent Flip,46418.6531,NA,16.69120000000000,16.06430000000000,1.39930000000000,4.42090000000000,4.5926,NA,46404.3296,15.7228,14.3235,1.3993,14.8300,3.9144,3.8312,0.0832,1.5842,46404.3296,NA,NA
gamemd.exe,18224,0x42C3CE0,D3D9,0,0,1,Hardware: Independent Flip,46435.2007,NA,16.54760000000000,16.69730000000000,1.87200000000000,4.60450000000000,4.7423,NA,46420.0524,17.0203,15.1483,1.8720,15.8570,3.8958,3.8081,0.0877,-0.9745,46420.0524,NA,NA
gamemd.exe,18224,0x42C3CE0,D3D9,0,0,1,Hardware: Independent Flip,46452.4920,NA,17.29130000000000,16.77130000000000,1.11550000000000,4.10440000000000,4.2223,NA,46437.0727,16.5348,15.4193,1.1155,15.9382,3.5855,3.5359,0.0496,0.2490,46437.0727,NA,NA
gamemd.exe,18224,0x42C3CE0,D3D9,0,0,1,Hardware: Independent Flip,46468.8294,NA,16.33740000000000,16.57920000000000,1.38540000000000,4.35110000000000,4.4641,NA,46453.6075,16.6073,15.2219,1.3854,15.7585,3.8145,3.6969,0.1176,-0.0444,46453.6075,NA,NA
gamemd.exe,18224,0x42C3CE0,D3D9,0,0,1,Hardware: Independent Flip,46485.3884,NA,16.55900000000000,17.08750000000000,1.85010000000000,4.74250000000000,4.9926,NA,46470.2148,17.0237,15.1736,1.8501,16.2956,3.6205,3.5446,0.0759,-0.4802,46470.2148,NA,NA
gamemd.exe,18224,0x42C3CE0,D3D9,0,0,1,Hardware: Independent Flip,46502.0136,NA,16.62520000000000,16.80220000000000,1.66660000000000,4.99490000000000,5.1696,NA,46487.2385,16.4417,14.7751,1.6666,15.5427,4.2273,4.1276,0.0997,0.2215,46487.2385,NA,NA
gamemd.exe,18224,0x42C3CE0,D3D9,0,0,1,Hardware: Independent Flip,46518.6276,NA,16.61400000000000,16.10980000000000,1.60340000000000,4.53320000000000,4.6654,NA,46503.6802,16.5508,14.9474,1.6034,15.6618,3.8188,3.6780,0.1408,0.3319,46503.6802,NA,NA
gamemd.exe,18224,0x42C3CE0,D3D9,0,0,1,Hardware: Independent Flip,46535.3349,NA,16.70730000000000,16.72600000000000,1.19730000000000,4.56460000000000,4.6841,NA,46520.2310,16.3012,15.1039,1.1973,15.8071,3.8614,3.7956,0.0658,-0.1752,46520.2310,31.8055,NA
gamemd.exe,18224,0x42C3CE0,D3D9,0,0,1,Hardware: Independent Flip,46552.0342,NA,16.69930000000000,16.84120000000000,1.44860000000000,4.69180000000000,4.8260,NA,46536.5322,16.9506,15.5020,1.4486,16.4049,3.7889,3.6911,0.0978,-0.5400,46536.5322,NA,NA
gamemd.exe,18224,0x42C3CE0,D3D9,0,0,1,Hardware: Independent Flip,46568.7859,NA,16.75170000000000,16.60520000000000,1.03840000000000,4.41260000000000,4.6795,NA,46553.4828,16.3415,15.3031,1.0384,15.9003,3.8154,3.7608,0.0546,0.3454,46553.4828,25.1971,NA
gamemd.exe,18224,0x42C3CE0,D3D9,0,0,1,Hardware: Independent Flip,46585.3997,NA,16.61380000000000,17.10190000000000,1.47530000000000,4.96990000000000,5.1676,NA,46569.8243,17.0507,15.5754,1.4753,16.1864,4.3589,4.2731,0.0858,-0.7604,46569.8243,26.3272,NA
gamemd.exe,18224,0x42C3CE0,D3D9,0,0,1,Hardware: Independent Flip,46602.2052,NA,16.80550000000000,17.10580000000000,1.69780000000000,5.30180000000000,5.4679,NA,46586.8750,17.0280,15.3302,1.6978,16.1443,4.4877,4.4024,0.0853,-0.0551,46586.8750,27.4307,NA
gamemd.exe,18224,0x42C3CE0,D3D9,0,0,1,Hardware: Independent Flip,46619.0324,NA,16.82720000000000,16.22150000000000,2.08610000000000,4.73190000000000,4.8622,NA,46603.9030,17.2155,15.1294,2.0861,16.0546,3.8067,3.7291,0.0776,0.8065,46603.9030,27.6733,NA
gamemd.exe,18224,0x42C3CE0,D3D9,0,0,1,Hardware: Independent Flip,46635.6745,NA,16.64210000000000,16.18420000000000,1.29010000000000,4.28500000000000,4.4043,NA,46621.1185,15.8461,14.5560,1.2901,15.1134,3.7276,3.6155,0.1121,1.0313,46621.1185,11.8877,NA
gamemd.exe,18224,0x42C3CE0,D3D9,0,0,1,Hardware: Independent Flip,46652.6834,NA,17.00890000000000,16.73430000000000,0.99330000000000,4.01510000000000,4.1297,NA,46636.9646,16.7121,15.7188,0.9933,16.1648,3.5691,3.4743,0.0948,-0.8882,46636.9646,4.6161,NA
gamemd.exe,18224,0x42C3CE0,D3D9,0,0,1,Hardware: Independent Flip,46668.6646,NA,15.98120000000000,16.75830000000000,1.85030000000000,4.79190000000000,4.9068,NA,46653.6767,16.8382,14.9879,1.8503,16.1058,3.6740,3.6213,0.0527,-0.0462,46653.6767,NA,NA
gamemd.exe,18224,0x42C3CE0,D3D9,0,0,1,Hardware: Independent Flip,46685.6774,NA,17.01280000000000,16.33240000000000,1.06090000000000,4.07710000000000,4.2264,NA,46670.5149,16.2234,15.1625,1.0609,15.6129,3.6267,3.5503,0.0764,0.5058,46670.5149,13.6993,NA
gamemd.exe,18224,0x42C3CE0,D3D9,0,0,1,Hardware: Independent Flip,46702.4485,NA,16.77110000000000,17.65910000000000,2.34770000000000,4.92010000000000,5.1144,NA,46686.7383,18.0579,15.7102,2.3477,16.5879,4.0424,3.9493,0.0931,-1.4357,46686.7383,15.3850,NA
gamemd.exe,18224,0x42C3CE0,D3D9,0,0,1,Hardware: Independent Flip,46718.6063,NA,16.15780000000000,16.28760000000000,1.57370000000000,5.03620000000000,5.2442,NA,46704.7962,15.3838,13.8101,1.5737,14.5178,4.3285,4.1891,0.1394,1.7703,46704.7962,NA,NA
gamemd.exe,18224,0x42C3CE0,D3D9,0,0,1,Hardware: Independent Flip,46735.4327,NA,16.82640000000000,16.58020000000000,1.82020000000000,4.85780000000000,4.9980,NA,46720.1800,17.0729,15.2527,1.8202,16.0699,4.0406,3.9453,0.0953,-1.1964,46720.1800,NA,NA
gamemd.exe,18224,0x42C3CE0,D3D9,0,0,1,Hardware: Independent Flip,46752.3856,NA,16.95290000000000,16.79260000000000,1.82700000000000,4.73060000000000,4.8377,NA,46737.2529,16.9597,15.1327,1.8270,16.2663,3.5970,3.5402,0.0568,0.2803,46737.2529,NA,NA
gamemd.exe,18224,0x42C3CE0,D3D9,0,0,1,Hardware: Independent Flip,46768.8156,NA,16.43000000000000,16.14590000000000,1.35230000000000,4.43730000000000,4.5536,NA,46754.2126,15.9553,14.6030,1.3523,15.3399,3.7004,3.6180,0.0824,0.8138,46754.2126,NA,NA
gamemd.exe,18224,0x42C3CE0,D3D9,0,0,1,Hardware: Independent Flip,46785.1845,NA,16.36890000000000,16.77680000000000,1.71260000000000,4.76210000000000,4.9615,NA,46770.1679,16.7292,15.0166,1.7126,15.6108,4.1679,4.0866,0.0813,-0.8215,46770.1679,NA,NA
gamemd.exe,18224,0x42C3CE0,D3D9,0,0,1,Hardware: Independent Flip,46801.9241,NA,16.73960000000000,16.61610000000000,1.62790000000000,4.68580000000000,4.8380,NA,46786.8971,16.6549,15.0270,1.6279,15.7021,4.0107,3.9144,0.0963,0.1131,46786.8971,NA,NA
gamemd.exe,18224,0x42C3CE0,D3D9,0,0,1,Hardware: Independent Flip,46818.5019,NA,16.57780000000000,16.66760000000000,1.70490000000000,4.72670000000000,4.9278,NA,46803.5520,16.6548,14.9499,1.7049,15.5334,4.1432,4.0393,0.1039,-0.0127,46803.5520,NA,NA
gamemd.exe,18224,0x42C3CE0,D3D9,0,0,1,Hardware: Independent Flip,46835.1273,NA,16.62540000000000,16.44260000000000,1.58220000000000,4.59790000000000,4.7450,NA,46820.2068,16.5027,14.9205,1.5822,15.5180,4.0004,3.9104,0.0900,0.2122,46820.2068,NA,NA
gamemd.exe,18224,0x42C3CE0,D3D9,0,0,1,Hardware: Independent Flip,46851.9375,NA,16.81020000000000,16.71790000000000,1.42370000000000,4.52120000000000,4.6527,NA,46836.7095,16.6517,15.2280,1.4237,16.1845,3.5647,3.5187,0.0460,-0.2152,46836.7095,NA,NA
gamemd.exe,18224,0x42C3CE0,D3D9,0,0,1,Hardware: Independent Flip,46868.5010,NA,16.56350000000000,16.62100000000000,1.27990000000000,4.55980000000000,4.7102,NA,46853.3612,16.4197,15.1398,1.2799,15.7967,3.9029,3.8469,0.0560,0.0307,46853.3612,NA,NA
gamemd.exe,18224,0x42C3CE0,D3D9,0,0,1,Hardware: Independent Flip,46885.3882,NA,16.88720000000000,16.86320000000000,1.54060000000000,4.55760000000000,4.6862,NA,46869.7809,17.1479,15.6073,1.5406,16.6240,3.5409,3.4916,0.0493,-0.4435,46869.7809,NA,NA
gamemd.exe,18224,0x42C3CE0,D3D9,0,0,1,Hardware: Independent Flip,46902.1080,NA,16.71980000000000,16.65280000000000,0.87060000000000,4.49440000000000,4.6192,NA,46886.9288,16.0498,15.1792,0.8706,15.6194,4.0542,3.9859,0.0683,0.4951,46886.9288,NA,NA
gamemd.exe,18224,0x42C3CE0,D3D9,0,0,1,Hardware: Independent Flip,46918.8470,NA,16.73900000000000,16.69020000000000,0.99950000000000,4.33380000000000,4.5704,NA,46902.9786,16.8679,15.8684,0.9995,16.2884,3.9138,3.8309,0.0829,-0.6404,46902.9786,NA,NA
gamemd.exe,18224,0x42C3CE0,D3D9,0,0,1,Hardware: Independent Flip,46935.2649,NA,16.41790000000000,16.87460000000000,1.51150000000000,4.84130000000000,5.0271,NA,46919.8465,16.9299,15.4184,1.5115,15.9555,4.3042,4.1877,0.1165,-0.0067,46919.8465,NA,NA
gamemd.exe,18224,0x42C3CE0,D3D9,0,0,1,Hardware: Independent Flip,46952.1374,NA,16.87250000000000,16.95310000000000,2.11780000000000,4.98670000000000,5.1077,NA,46936.7764,17.4788,15.3610,2.1178,16.7084,3.6393,3.5266,0.1127,-0.0232,46936.7764,NA,NA
gamemd.exe,18224,0x42C3CE0,D3D9,0,0,1,Hardware: Independent Flip,46968.4091,NA,16.27170000000000,15.72250000000000,1.24660000000000,4.43920000000000,4.5585,NA,46954.2552,15.4005,14.1539,1.2466,14.8677,3.7254,3.6562,0.0692,1.7563,46954.2552,NA,NA
gamemd.exe,18224,0x42C3CE0,D3D9,0,0,1,Hardware: Independent Flip,46985.3351,NA,16.92600000000000,16.55960000000000,1.15030000000000,4.06760000000000,4.1921,NA,46969.6557,16.8297,15.6794,1.1503,16.1562,3.5908,3.5209,0.0699,-1.1591,46969.6557,NA,NA
gamemd.exe,18224,0x42C3CE0,D3D9,0,0,1,Hardware: Independent Flip,47002.0829,NA,16.74780000000000,17.46550000000000,1.63530000000000,4.70650000000000,4.9098,NA,46986.4854,17.2328,15.5975,1.6353,16.4781,3.8259,3.7316,0.0943,-0.6358,46986.4854,NA,NA
gamemd.exe,18224,0x42C3CE0,D3D9,0,0,1,Hardware: Independent Flip,47018.5005,NA,16.41760000000000,16.61990000000000,2.13840000000000,4.96650000000000,5.1121,NA,47003.7182,16.9207,14.7823,2.1384,15.4438,4.3050,4.1896,0.1154,0.6129,47003.7182,NA,NA
gamemd.exe,18224,0x42C3CE0,D3D9,0,0,1,Hardware: Independent Flip,47035.1702,NA,16.66970000000000,16.77050000000000,2.21270000000000,5.09550000000000,5.2129,NA,47020.6389,16.7440,14.5313,2.2127,15.5846,4.0422,3.9045,0.1377,0.1502,47020.6389,NA,NA
gamemd.exe,18224,0x42C3CE0,D3D9,0,0,1,Hardware: Independent Flip,47051.8261,NA,16.65590000000000,16.20720000000000,1.81840000000000,4.65310000000000,4.7642,NA,47037.3829,16.2616,14.4432,1.8184,15.4944,3.6019,3.5488,0.0531,0.5368,47037.3829,NA,NA
gamemd.exe,18224,0x42C3CE0,D3D9,0,0,1,Hardware: Independent Flip,47068.7126,NA,16.88650000000000,16.46070000000000,1.08230000000000,4.22610000000000,4.3384,NA,47053.6445,16.1504,15.0681,1.0823,15.6318,3.6624,3.6023,0.0601,-0.1991,47053.6445,NA,NA
gamemd.exe,18224,0x42C3CE0,D3D9,0,0,1,Hardware: Independent Flip,47085.3682,NA,16.65560000000000,16.46170000000000,1.06260000000000,4.01570000000000,4.1445,NA,47069.7949,16.6359,15.5733,1.0626,15.9964,3.5926,3.5472,0.0454,-0.3113,47069.7949,NA,NA
gamemd.exe,18224,0x42C3CE0,D3D9,0,0,1,Hardware: Independent Flip,47101.8517,NA,16.48350000000000,16.63050000000000,1.15390000000000,4.18070000000000,4.2915,NA,47086.4308,16.5748,15.4209,1.1539,15.9614,3.6402,3.5944,0.0458,0.0054,47086.4308,NA,NA
gamemd.exe,18224,0x42C3CE0,D3D9,0,0,1,Hardware: Independent Flip,47118.8387,NA,16.98700000000000,17.11790000000000,0.93140000000000,4.24550000000000,4.4224,NA,47103.0056,16.7645,15.8331,0.9314,16.2459,3.8327,3.6451,0.1876,-0.5431,47103.0056,NA,NA
gamemd.exe,18224,0x42C3CE0,D3D9,0,0,1,Hardware: Independent Flip,47134.8488,NA,16.01010000000000,16.17680000000000,0.91920000000000,4.38120000000000,4.5891,NA,47119.7701,15.9979,15.0787,0.9192,15.2413,4.2186,3.2231,0.9955,0.5877,47119.7701,NA,NA
gamemd.exe,18224,0x42C3CE0,D3D9,0,0,1,Hardware: Independent Flip,47151.9049,NA,17.05610000000000,17.36680000000000,1.54720000000000,4.76000000000000,4.8998,NA,47135.7680,17.6841,16.1369,1.5472,16.8198,4.0771,3.9782,0.0989,-1.3689,47135.7680,NA,NA
gamemd.exe,18224,0x42C3CE0,D3D9,0,0,1,Hardware: Independent Flip,47168.8319,NA,16.92700000000000,16.74450000000000,1.92700000000000,4.60170000000000,4.7173,NA,47153.4521,17.3068,15.3798,1.9270,16.2440,3.7375,3.6882,0.0493,0.9396,47153.4521,NA,NA
gamemd.exe,18224,0x42C3CE0,D3D9,0,0,1,Hardware: Independent Flip,47185.6156,NA,16.78370000000000,16.48260000000000,1.30670000000000,4.30520000000000,4.4162,NA,47170.7589,16.1634,14.8567,1.3067,15.5723,3.5896,3.5458,0.0438,0.8242,47170.7589,NA,NA
gamemd.exe,18224,0x42C3CE0,D3D9,0,0,1,Hardware: Independent Flip,47202.2534,NA,16.63780000000000,16.36130000000000,0.93170000000000,4.03070000000000,4.1397,NA,47186.9223,16.2628,15.3311,0.9317,15.7731,3.5887,3.5446,0.0441,-0.1979,47186.9223,NA,NA
gamemd.exe,18224,0x42C3CE0,D3D9,0,0,1,Hardware: Independent Flip,47218.8908,NA,16.63740000000000,17.45420000000000,1.73960000000000,4.75580000000000,4.9565,NA,47203.1851,17.4453,15.7057,1.7396,16.7975,3.6640,3.5816,0.0824,-1.1914,47203.1851,NA,NA
gamemd.exe,18224,0x42C3CE0,D3D9,0,0,1,Hardware: Independent Flip,47235.5229,NA,16.63210000000000,16.33250000000000,1.24380000000000,4.47590000000000,4.6569,NA,47220.6304,16.1363,14.8925,1.2438,15.4413,3.9271,3.8410,0.0861,1.1128,47220.6304,NA,NA
gamemd.exe,18224,0x42C3CE0,D3D9,0,0,1,Hardware: Independent Flip,47251.7083,NA,16.18540000000000,16.19390000000000,1.74400000000000,4.55390000000000,4.6654,NA,47236.7667,16.6856,14.9416,1.7440,15.6090,3.8865,3.8051,0.0814,-0.0576,47236.7667,NA,NA
gamemd.exe,18224,0x42C3CE0,D3D9,0,0,1,Hardware: Independent Flip,47268.7837,NA,17.07540000000000,16.98430000000000,1.56890000000000,4.46370000000000,4.5743,NA,47253.4523,16.9003,15.3314,1.5689,15.9355,3.8596,3.7771,0.0825,-0.2987,47253.4523,NA,NA
gamemd.exe,18224,0x42C3CE0,D3D9,0,0,1,Hardware: Independent Flip,47285.3912,NA,16.60750000000000,16.49020000000000,1.51790000000000,4.33880000000000,4.4570,NA,47270.3526,16.5565,15.0386,1.5179,15.5987,3.7787,3.7186,0.0601,0.4101,47270.3526,NA,NA
gamemd.exe,18224,0x42C3CE0,D3D9,0,0,1,Hardware: Independent Flip,47301.9103,NA,16.51910000000000,16.59180000000000,1.42960000000000,4.41240000000000,4.5297,NA,47286.9091,16.4308,15.0012,1.4296,15.6974,3.7162,3.6657,0.0505,-0.0353,47286.9091,NA,NA
gamemd.exe,18224,0x42C3CE0,D3D9,0,0,1,Hardware: Independent Flip,47318.5250,NA,16.61470000000000,16.32750000000000,0.82100000000000,4.05390000000000,4.2425,NA,47303.3399,16.0061,15.1851,0.8210,15.5572,3.6818,3.6333,0.0485,0.1033,47303.3399,NA,NA
gamemd.exe,18224,0x42C3CE0,D3D9,0,0,1,Hardware: Independent Flip,47335.3783,NA,16.85330000000000,17.97490000000000,1.47390000000000,5.16000000000000,5.3641,NA,47319.3460,17.5062,16.0323,1.4739,16.5905,4.6018,4.5021,0.0997,-1.9688,47319.3460,NA,NA
gamemd.exe,18224,0x42C3CE0,D3D9,0,0,1,Hardware: Independent Flip,47352.2999,NA,16.92160000000000,16.49520000000000,1.85360000000000,4.76900000000000,4.9377,NA,47336.8522,17.3013,15.4477,1.8536,16.4417,3.7750,3.7019,0.0731,1.0110,47336.8522,NA,NA
gamemd.exe,18224,0x42C3CE0,D3D9,0,0,1,Hardware: Independent Flip,47369.1888,NA,16.88890000000000,16.23470000000000,1.04320000000000,4.16590000000000,4.2835,NA,47354.1535,16.0785,15.0353,1.0432,15.5222,3.6790,3.5998,0.0792,1.0666,47354.1535,NA,NA
gamemd.exe,18224,0x42C3CE0,D3D9,0,0,1,Hardware: Independent Flip,47385.3867,NA,16.19790000000000,15.99370000000000,0.91770000000000,3.95550000000000,4.0793,NA,47370.2320,16.0724,15.1547,0.9177,15.5499,3.5603,3.4778,0.0825,0.0848,47370.2320,NA,NA
gamemd.exe,18224,0x42C3CE0,D3D9,0,0,1,Hardware: Independent Flip,47402.0575,NA,16.67080000000000,16.89680000000000,1.08130000000000,4.18840000000000,4.3053,NA,47386.3044,16.8344,15.7531,1.0813,16.3473,3.5942,3.5447,0.0495,-0.8244,47386.3044,NA,NA
gamemd.exe,18224,0x42C3CE0,D3D9,0,0,1,Hardware: Independent Flip,47418.9147,NA,16.85720000000000,17.28010000000000,1.43450000000000,4.53380000000000,4.7282,NA,47403.1388,17.2104,15.7759,1.4345,16.5437,3.7660,3.6857,0.0803,-0.4457,47403.1388,NA,NA
gamemd.exe,18224,0x42C3CE0,D3D9,0,0,1,Hardware: Independent Flip,47436.0906,NA,17.17590000000000,17.83610000000000,1.44720000000000,5.16490000000000,5.3884,NA,47420.3492,17.1886,15.7414,1.4472,16.3701,4.5362,4.0879,0.4483,-0.6257,47420.3492,NA,NA
gamemd.exe,18224,0x42C3CE0,D3D9,0,0,1,Hardware: Independent Flip,47451.9292,NA,15.83860000000000,15.13630000000000,1.47860000000000,4.57290000000000,4.6861,NA,47437.5378,15.8700,14.3914,1.4786,15.0644,3.8999,3.8126,0.0873,2.0523,47437.5378,NA,NA
gamemd.exe,18224,0x42C3CE0,D3D9,0,0,1,Hardware: Independent Flip,47468.6568,NA,16.72760000000000,16.73000000000000,1.50090000000000,4.57540000000000,4.6885,NA,47453.4078,16.7499,15.2490,1.5009,16.1195,3.7049,3.5905,0.1144,-0.8600,47453.4078,NA,NA
gamemd.exe,18224,0x42C3CE0,D3D9,0,0,1,Hardware: Independent Flip,47485.7888,NA,17.13200000000000,16.65190000000000,1.09100000000000,4.09910000000000,4.2084,NA,47470.1577,16.7221,15.6311,1.0910,16.1165,3.6137,3.5618,0.0519,0.0980,47470.1577,NA,NA
gamemd.exe,18224,0x42C3CE0,D3D9,0,0,1,Hardware: Independent Flip,47502.0336,NA,16.24480000000000,16.65870000000000,1.35100000000000,4.51320000000000,4.6223,NA,47486.8798,16.5048,15.1538,1.3510,16.0310,3.6360,3.5996,0.0364,0.0634,47486.8798,NA,NA
gamemd.exe,18224,0x42C3CE0,D3D9,0,0,1,Hardware: Independent Flip,47518.5106,NA,16.47700000000000,16.86450000000000,1.94220000000000,4.84360000000000,5.0098,NA,47503.3846,17.0682,15.1260,1.9422,15.9460,4.0236,3.9058,0.1178,-0.3597,47503.3846,NA,NA
gamemd.exe,18224,0x42C3CE0,D3D9,0,0,1,Hardware: Independent Flip,47535.3665,NA,16.85590000000000,16.13250000000000,0.90880000000000,4.14900000000000,4.2864,NA,47520.4528,15.8225,14.9137,0.9088,15.3478,3.7149,3.6680,0.0469,0.9357,47520.4528,NA,NA
gamemd.exe,18224,0x42C3CE0,D3D9,0,0,1,Hardware: Independent Flip,47551.9616,NA,16.59510000000000,17.54990000000000,2.27860000000000,5.10360000000000,5.2412,NA,47536.2753,17.9649,15.6863,2.2786,16.6086,4.1813,4.0934,0.0879,-1.7274,47536.2753,NA,NA
gamemd.exe,18224,0x42C3CE0,D3D9,0,0,1,Hardware: Independent Flip,47568.6785,NA,16.71690000000000,16.53070000000000,2.64940000000000,4.93040000000000,5.0550,NA,47554.2402,17.0877,14.4383,2.6494,15.4343,3.9344,3.8477,0.0867,1.4342,47554.2402,NA,NA
gamemd.exe,18224,0x42C3CE0,D3D9,0,0,1,Hardware: Independent Flip,47586.0568,NA,17.37830000000000,16.55260000000000,1.02460000000000,4.11530000000000,4.2293,NA,47571.3279,15.7535,14.7289,1.0246,15.2885,3.5557,3.5134,0.0423,0.5351,47571.3279,NA,NA
gamemd.exe,18224,0x42C3CE0,D3D9,0,0,1,Hardware: Independent Flip,47602.4752,NA,16.41840000000000,16.59670000000000,1.15270000000000,4.29550000000000,4.4076,NA,47587.0814,16.5465,15.3938,1.1527,16.0136,3.6757,3.6347,0.0410,-0.8432,47587.0814,NA,NA
gamemd.exe,18224,0x42C3CE0,D3D9,0,0,1,Hardware: Independent Flip,47618.6065,NA,16.13130000000000,16.24870000000000,1.50640000000000,4.41050000000000,4.5250,NA,47603.6279,16.4850,14.9786,1.5064,15.5232,3.8659,3.8009,0.0650,0.2978,47603.6279,NA,NA
gamemd.exe,18224,0x42C3CE0,D3D9,0,0,1,Hardware: Independent Flip,47635.8919,NA,17.28540000000000,17.12140000000000,1.20930000000000,4.16410000000000,4.3610,NA,47620.1129,16.9883,15.7790,1.2093,16.3357,3.6074,3.5353,0.0721,-0.6364,47620.1129,NA,NA
gamemd.exe,18224,0x42C3CE0,D3D9,0,0,1,Hardware: Independent Flip,47651.7612,NA,15.86930000000000,16.69270000000000,1.65780000000000,4.97710000000000,5.1844,NA,47637.1012,16.3178,14.6600,1.6578,15.5493,4.0878,3.9825,0.1053,0.2956,47637.1012,NA,NA
gamemd.exe,18224,0x42C3CE0,D3D9,0,0,1,Hardware: Independent Flip,47668.4242,NA,16.66300000000000,16.47260000000000,2.37880000000000,4.86120000000000,4.9940,NA,47653.4190,17.3840,15.0052,2.3788,15.9873,3.8791,3.7802,0.0989,-0.1548,47653.4190,NA,NA
gamemd.exe,18224,0x42C3CE0,D3D9,0,0,1,Hardware: Independent Flip,47685.2425,NA,16.81830000000000,16.18310000000000,1.47010000000000,4.24690000000000,4.3588,NA,47670.8030,15.9096,14.4395,1.4701,15.0083,3.6781,3.6254,0.0527,1.2009,47670.8030,NA,NA
gamemd.exe,18224,0x42C3CE0,D3D9,0,0,1,Hardware: Independent Flip,47702.3856,NA,17.14310000000000,17.30030000000000,1.20100000000000,4.36390000000000,4.5160,NA,47686.7126,16.8740,15.6730,1.2010,16.3876,3.6493,3.6020,0.0473,-1.3907,47686.7126,NA,NA
gamemd.exe,18224,0x42C3CE0,D3D9,0,0,1,Hardware: Independent Flip,47718.7195,NA,16.33390000000000,16.37280000000000,1.24330000000000,4.43280000000000,4.5549,NA,47703.5866,16.3762,15.1329,1.2433,15.8689,3.6968,3.6420,0.0548,0.5012,47703.5866,NA,NA
gamemd.exe,18224,0x42C3CE0,D3D9,0,0,1,Hardware: Independent Flip,47735.0999,NA,16.38040000000000,16.93930000000000,1.60690000000000,4.90650000000000,5.1138,NA,47719.9628,16.7440,15.1371,1.6069,15.8226,4.2210,4.1371,0.0839,-0.5631,47719.9628,NA,NA
gamemd.exe,18224,0x42C3CE0,D3D9,0,0,1,Hardware: Independent Flip,47751.9545,NA,16.85460000000000,16.76640000000000,1.77150000000000,4.84130000000000,5.0256,NA,47736.7068,17.0192,15.2477,1.7715,16.3468,3.7422,3.6489,0.0933,-0.0224,47736.7068,NA,NA
gamemd.exe,18224,0x42C3CE0,D3D9,0,0,1,Hardware: Independent Flip,47769.0243,NA,17.06980000000000,16.23520000000000,0.88410000000000,3.99740000000000,4.1910,NA,47753.7260,16.1824,15.2983,0.8841,15.7509,3.5448,3.4781,0.0667,0.7840,47753.7260,NA,NA
gamemd.exe,18224,0x42C3CE0,D3D9,0,0,1,Hardware: Independent Flip,47785.3357,NA,16.31140000000000,16.34580000000000,0.89870000000000,4.08950000000000,4.2254,NA,47769.9084,16.3260,15.4273,0.8987,15.8654,3.6514,3.5938,0.0576,-0.1634,47769.9084,NA,NA
gamemd.exe,18224,0x42C3CE0,D3D9,0,0,1,Hardware: Independent Flip,47802.0963,NA,16.76060000000000,16.89540000000000,1.18520000000000,4.24940000000000,4.3602,NA,47786.2344,17.0471,15.8619,1.1852,16.5229,3.5884,3.5122,0.0762,-0.5694,47786.2344,NA,NA
gamemd.exe,18224,0x42C3CE0,D3D9,0,0,1,Hardware: Independent Flip,47818.8627,NA,16.76640000000000,16.67190000000000,1.03450000000000,4.14680000000000,4.2657,NA,47803.2815,16.6157,15.5812,1.0345,16.1218,3.6062,3.5135,0.0927,0.3752,47803.2815,NA,NA
gamemd.exe,18224,0x42C3CE0,D3D9,0,0,1,Hardware: Independent Flip,47835.8332,NA,16.97050000000000,17.17140000000000,1.14770000000000,4.24380000000000,4.4666,NA,47819.8972,17.0837,15.9360,1.1477,16.4583,3.7215,3.6480,0.0735,-0.5557,47819.8972,NA,NA
gamemd.exe,18224,0x42C3CE0,D3D9,0,0,1,Hardware: Independent Flip,47852.3560,NA,16.52280000000000,16.96530000000000,1.91490000000000,4.77870000000000,4.9091,NA,47836.9809,17.2900,15.3751,1.9149,16.1606,3.9932,3.8840,0.1092,0.1184,47836.9809,NA,NA
gamemd.exe,18224,0x42C3CE0,D3D9,0,0,1,Hardware: Independent Flip,47868.7036,NA,16.34760000000000,16.34680000000000,1.86820000000000,4.79570000000000,4.9083,NA,47854.2709,16.3009,14.4327,1.8682,15.5714,3.6570,3.5889,0.0681,0.9432,47854.2709,NA,NA
gamemd.exe,18224,0x42C3CE0,D3D9,0,0,1,Hardware: Independent Flip,47885.8188,NA,17.11520000000000,16.42130000000000,1.08970000000000,4.10600000000000,4.2144,NA,47870.5718,16.3367,15.2470,1.0897,15.7070,3.6460,3.5920,0.0540,-0.1204,47870.5718,NA,NA
gamemd.exe,18224,0x42C3CE0,D3D9,0,0,1,Hardware: Independent Flip,47901.8228,NA,16.00400000000000,16.55950000000000,1.77330000000000,4.65830000000000,4.7699,NA,47886.9085,16.6876,14.9143,1.7733,15.9608,3.6118,3.5537,0.0581,-0.2228,47886.9085,NA,NA
gamemd.exe,18224,0x42C3CE0,D3D9,0,0,1,Hardware: Independent Flip,47919.1068,NA,17.28400000000000,17.01160000000000,1.34090000000000,4.32210000000000,4.4975,NA,47903.5961,16.8516,15.5107,1.3409,16.3239,3.5089,3.4613,0.0476,-0.3240,47903.5961,NA,NA
gamemd.exe,18224,0x42C3CE0,D3D9,0,0,1,Hardware: Independent Flip,47935.5661,NA,16.45930000000000,16.08570000000000,0.92410000000000,3.95830000000000,4.1239,NA,47920.4477,16.0425,15.1184,0.9241,15.5687,3.5080,3.4606,0.0474,0.7659,47920.4477,NA,NA
gamemd.exe,18224,0x42C3CE0,D3D9,0,0,1,Hardware: Independent Flip,47951.9647,NA,16.39860000000000,16.53940000000000,0.95150000000000,4.08590000000000,4.2647,NA,47936.4902,16.4260,15.4745,0.9515,15.9891,3.5713,3.5215,0.0498,-0.4969,47936.4902,NA,NA
gamemd.exe,18224,0x42C3CE0,D3D9,0,0,1,Hardware: Independent Flip,47968.7106,NA,16.74590000000000,17.30970000000000,1.75900000000000,4.68320000000000,4.8285,NA,47952.9162,17.5534,15.7944,1.7590,16.3618,4.1158,4.0406,0.0752,-0.8837,47952.9162,NA,NA
gamemd.exe,18224,0x42C3CE0,D3D9,0,0,1,Hardware: Independent Flip,47985.0093,NA,16.29870000000000,16.22300000000000,2.00010000000000,4.60170000000000,4.7528,NA,47970.4696,16.5398,14.5397,2.0001,15.1539,3.9875,3.9034,0.0841,1.3304,47970.4696,NA,NA
gamemd.exe,18224,0x42C3CE0,D3D9,0,0,1,Hardware: Independent Flip,48001.7287,NA,16.71940000000000,16.84960000000000,1.79340000000000,4.77440000000000,4.8830,NA,47987.0094,16.5127,14.7193,1.7934,15.9036,3.5901,3.5406,0.0495,-0.3098,47987.0094,NA,NA
gamemd.exe,18224,0x42C3CE0,D3D9,0,0,1,Hardware: Independent Flip,48018.7489,NA,17.02020000000000,16.67520000000000,1.54300000000000,4.42400000000000,4.5380,NA,48003.5221,16.7698,15.2268,1.5430,16.0519,3.5989,3.5292,0.0697,-0.1625,48003.5221,NA,NA
gamemd.exe,18224,0x42C3CE0,D3D9,0,0,1,Hardware: Independent Flip,48035.5051,NA,16.75620000000000,16.60090000000000,1.19120000000000,4.18430000000000,4.3827,NA,48020.2919,16.4044,15.2132,1.1912,15.7350,3.6625,3.5777,0.0848,0.1689,48020.2919,NA,NA
gamemd.exe,18224,0x42C3CE0,D3D9,0,0,1,Hardware: Independent Flip,48051.8134,NA,16.30830000000000,16.61190000000000,1.70530000000000,4.56090000000000,4.6863,NA,48036.6963,16.8224,15.1171,1.7053,15.7285,3.9495,3.8607,0.0888,-0.2075,48036.6963,NA,NA
gamemd.exe,18224,0x42C3CE0,D3D9,0,0,1,Hardware: Independent Flip,48068.7443,NA,16.93090000000000,16.89300000000000,1.61370000000000,4.52020000000000,4.6484,NA,48053.5187,16.8393,15.2256,1.6137,16.1057,3.6401,3.5887,0.0514,-0.0706,48053.5187,NA,NA
gamemd.exe,18224,0x42C3CE0,D3D9,0,0,1,Hardware: Independent Flip,48085.2226,NA,16.47830000000000,16.31960000000000,1.46670000000000,4.35630000000000,4.4897,NA,48070.3580,16.3313,14.8646,1.4667,15.4530,3.7679,3.6940,0.0739,0.5197,48070.3580,NA,NA
gamemd.exe,18224,0x42C3CE0,D3D9,0,0,1,Hardware: Independent Flip,48102.2868,NA,17.06420000000000,16.92810000000000,0.95400000000000,4.21250000000000,4.3536,NA,48086.6893,16.5515,15.5975,0.9540,16.0701,3.7399,3.6577,0.0822,-0.5968,48086.6893,NA,NA
gamemd.exe,18224,0x42C3CE0,D3D9,0,0,1,Hardware: Independent Flip,48118.6498,NA,16.36300000000000,16.58960000000000,1.25950000000000,4.45970000000000,4.5802,NA,48103.2408,16.6685,15.4090,1.2595,16.1841,3.6846,3.6224,0.0622,-0.0381,48103.2408,NA,NA
gamemd.exe,18224,0x42C3CE0,D3D9,0,0,1,Hardware: Independent Flip,48135.4391,NA,16.78930000000000,16.68500000000000,1.19850000000000,4.34260000000000,4.4759,NA,48119.9093,16.7283,15.5298,1.1985,16.2262,3.6462,3.5598,0.0864,-0.0165,48119.9093,NA,NA
gamemd.exe,18224,0x42C3CE0,D3D9,0,0,1,Hardware: Independent Flip,48152.1893,NA,16.75020000000000,16.48070000000000,0.87980000000000,4.04970000000000,4.2064,NA,48136.6376,16.4315,15.5517,0.8798,16.0088,3.5926,3.5429,0.0497,0.2476,48136.6376,NA,NA
gamemd.exe,18224,0x42C3CE0,D3D9,0,0,1,Hardware: Independent Flip,48169.1489,NA,16.95960000000000,17.73500000000000,1.83390000000000,4.79480000000000,4.9818,NA,48153.0691,17.9137,16.0798,1.8339,16.8338,4.0408,3.9553,0.0855,-1.3035,48153.0691,NA,NA
gamemd.exe,18224,0x42C3CE0,D3D9,0,0,1,Hardware: Independent Flip,48185.3525,NA,16.20360000000000,15.96100000000000,1.81870000000000,4.59270000000000,4.7392,NA,48170.9828,16.1884,14.3697,1.8187,15.1543,3.8081,3.7440,0.0641,1.9527,48170.9828,NA,NA
gamemd.exe,18224,0x42C3CE0,D3D9,0,0,1,Hardware: Independent Flip,48202.1110,NA,16.75850000000000,16.33040000000000,1.10200000000000,4.19930000000000,4.3111,NA,48187.1712,16.0418,14.9398,1.1020,15.5291,3.6100,3.5577,0.0523,-0.1420,48187.1712,NA,NA
gamemd.exe,18224,0x42C3CE0,D3D9,0,0,1,Hardware: Independent Flip,48218.4143,NA,16.30330000000000,16.27050000000000,1.22490000000000,4.14140000000000,4.2783,NA,48203.2130,16.4262,15.2013,1.2249,15.8953,3.4474,3.3824,0.0650,-0.2287,48203.2130,NA,NA
gamemd.exe,18224,0x42C3CE0,D3D9,0,0,1,Hardware: Independent Flip,48235.4732,NA,17.05890000000000,17.15590000000000,1.26660000000000,4.26010000000000,4.3753,NA,48219.6392,17.1006,15.8340,1.2666,16.5049,3.5892,3.5319,0.0573,-0.7297,48219.6392,NA,NA
gamemd.exe,18224,0x42C3CE0,D3D9,0,0,1,Hardware: Independent Flip,48252.4120,NA,16.93880000000000,17.03020000000000,1.23690000000000,4.31890000000000,4.4667,NA,48236.7398,16.9091,15.6722,1.2369,16.2561,3.7350,3.6369,0.0981,0.0704,48236.7398,NA,NA
gamemd.exe,18224,0x42C3CE0,D3D9,0,0,1,Hardware: Independent Flip,48268.6510,NA,16.23900000000000,17.20900000000000,1.68640000000000,5.24480000000000,5.4367,NA,48253.6489,16.6885,15.0021,1.6864,15.6986,4.5483,4.4530,0.0953,-0.2999,48253.6489,NA,NA
gamemd.exe,18224,0x42C3CE0,D3D9,0,0,1,Hardware: Independent Flip,48285.5216,NA,16.87060000000000,16.18740000000000,1.79400000000000,4.61230000000000,4.7535,NA,48270.3374,16.9782,15.1842,1.7940,16.1285,3.6680,3.5727,0.0953,0.5011,48270.3374,NA,NA
gamemd.exe,18224,0x42C3CE0,D3D9,0,0,1,Hardware: Independent Flip,48302.8565,NA,17.33490000000000,17.02420000000000,1.25170000000000,4.31300000000000,4.4428,NA,48287.3156,16.7926,15.5409,1.2517,16.1056,3.7483,3.6490,0.0993,-0.0460,48287.3156,NA,NA
gamemd.exe,18224,0x42C3CE0,D3D9,0,0,1,Hardware: Independent Flip,48318.6837,NA,15.82720000000000,15.74890000000000,1.14560000000000,4.24060000000000,4.3645,NA,48304.1082,15.7211,14.5755,1.1456,15.1547,3.6614,3.5749,0.0865,1.0437,48304.1082,NA,NA
gamemd.exe,18224,0x42C3CE0,D3D9,0,0,1,Hardware: Independent Flip,48335.5758,NA,16.89210000000000,17.11640000000000,1.64750000000000,4.45940000000000,4.5888,NA,48319.8293,17.3940,15.7465,1.6475,16.3745,3.8314,3.7718,0.0596,-1.3953,48319.8293,NA,NA
gamemd.exe,18224,0x42C3CE0,D3D9,0,0,1,Hardware: Independent Flip,48352.1196,NA,16.54380000000000,16.92150000000000,2.17810000000000,4.79430000000000,4.9665,NA,48337.2233,17.0744,14.8963,2.1781,15.7354,3.9552,3.8756,0.0796,0.4725,48337.2233,NA,NA
gamemd.exe,18224,0x42C3CE0,D3D9,0,0,1,Hardware: Independent Flip,48368.7298,NA,16.61020000000000,16.65870000000000,1.62320000000000,4.85350000000000,5.0150,NA,48354.2977,16.0553,14.4321,1.6232,15.0358,4.2498,4.1512,0.0986,0.4157,48354.2977,NA,NA
gamemd.exe,18224,0x42C3CE0,D3D9,0,0,1,Hardware: Independent Flip,48385.4410,NA,16.71120000000000,16.61150000000000,2.07830000000000,4.73150000000000,4.9153,NA,48370.3530,17.1663,15.0880,2.0783,15.7571,4.0624,3.9454,0.1170,-0.5562,48370.3530,NA,NA
gamemd.exe,18224,0x42C3CE0,D3D9,0,0,1,Hardware: Independent Flip,48403.1286,NA,17.68760000000000,19.42430000000000,2.58490000000000,5.53290000000000,6.6520,NA,48387.5193,18.1942,15.6093,2.5849,16.2974,4.8448,4.3136,0.5312,-2.2580,48387.5193,NA,NA
gamemd.exe,18224,0x42C3CE0,D3D9,0,0,1,Hardware: Independent Flip,48418.6670,NA,15.53840000000000,13.67480000000000,2.12500000000000,4.66580000000000,4.7884,NA,48405.7135,15.0785,12.9535,2.1250,13.8107,3.8086,3.6965,0.1121,4.5194,48405.7135,NA,NA
gamemd.exe,18224,0x42C3CE0,D3D9,0,0,1,Hardware: Independent Flip,48435.2383,NA,16.57130000000000,16.45310000000000,1.57420000000000,4.55410000000000,4.6702,NA,48420.7920,16.0205,14.4463,1.5742,15.3517,3.6487,3.5834,0.0653,-1.3746,48420.7920,NA,NA
gamemd.exe,18224,0x42C3CE0,D3D9,0,0,1,Hardware: Independent Flip,48452.4819,NA,17.24360000000000,16.78280000000000,0.99240000000000,4.09110000000000,4.2094,NA,48436.8125,16.6618,15.6694,0.9924,16.1801,3.5804,3.5283,0.0521,-0.7623,48436.8125,NA,NA
gamemd.exe,18224,0x42C3CE0,D3D9,0,0,1,Hardware: Independent Flip,48468.9718,NA,16.48990000000000,16.53080000000000,0.96610000000000,4.13750000000000,4.2503,NA,48453.4743,16.4636,15.4975,0.9661,15.9919,3.6431,3.5589,0.0842,0.1310,48453.4743,NA,NA
gamemd.exe,18224,0x42C3CE0,D3D9,0,0,1,Hardware: Independent Flip,48485.6391,NA,16.66730000000000,16.39630000000000,0.80770000000000,3.85400000000000,3.9793,NA,48469.9379,16.5089,15.7012,0.8077,16.0639,3.4913,3.4384,0.0529,0.0673,48469.9379,NA,NA
gamemd.exe,18224,0x42C3CE0,D3D9,0,0,1,Hardware: Independent Flip,48502.3545,NA,16.71540000000000,17.32850000000000,1.27250000000000,4.39890000000000,4.5924,NA,48486.4468,17.1802,15.9077,1.2725,16.5156,3.7910,3.7000,0.0910,-0.8196,48486.4468,NA,NA
gamemd.exe,18224,0x42C3CE0,D3D9,0,0,1,Hardware: Independent Flip,48518.8015,NA,16.44700000000000,17.24950000000000,1.38390000000000,5.22400000000000,5.3949,NA,48503.6270,16.5584,15.1745,1.3839,15.8085,4.5900,4.2075,0.3825,-0.0693,48503.6270,NA,NA
gamemd.exe,18224,0x42C3CE0,D3D9,0,0,1,Hardware: Independent Flip,48535.2423,NA,16.44080000000000,15.77250000000000,1.54520000000000,4.60780000000000,4.7266,NA,48520.1854,16.6021,15.0569,1.5452,15.6657,3.9990,3.9176,0.0814,0.7859,48520.1854,NA,NA
gamemd.exe,18224,0x42C3CE0,D3D9,0,0,1,Hardware: Independent Flip,48551.9766,NA,16.73430000000000,16.52690000000000,1.40220000000000,4.38690000000000,4.5192,NA,48536.7875,16.5913,15.1891,1.4022,15.8813,3.6947,3.6152,0.0795,0.0752,48536.7875,NA,NA
gamemd.exe,18224,0x42C3CE0,D3D9,0,0,1,Hardware: Independent Flip,48568.6424,NA,16.66580000000000,16.42830000000000,0.79060000000000,4.14150000000000,4.2817,NA,48553.3788,16.0542,15.2636,0.7906,15.6407,3.7644,3.6836,0.0808,0.1630,48553.3788,NA,NA
gamemd.exe,18224,0x42C3CE0,D3D9,0,0,1,Hardware: Independent Flip,48585.3299,NA,16.68750000000000,16.60450000000000,0.88760000000000,4.05350000000000,4.1987,NA,48569.4330,16.7845,15.8969,0.8876,16.2871,3.6633,3.5776,0.0857,-0.5503,48569.4330,NA,NA
gamemd.exe,18224,0x42C3CE0,D3D9,0,0,1,Hardware: Independent Flip,48602.0091,NA,16.67920000000000,17.84390000000000,2.43480000000000,5.12620000000000,5.3634,NA,48586.2175,18.2264,15.7916,2.4348,16.7207,4.1971,4.0877,0.1094,-1.0594,48586.2175,NA,NA
gamemd.exe,18224,0x42C3CE0,D3D9,0,0,1,Hardware: Independent Flip,48618.5384,NA,16.52930000000000,16.35330000000000,1.75070000000000,5.00160000000000,5.1874,NA,48604.4439,15.8452,14.0945,1.7507,14.7163,4.3798,4.2912,0.0886,1.8731,48604.4439,NA,NA
gamemd.exe,18224,0x42C3CE0,D3D9,0,0,1,Hardware: Independent Flip,48635.5858,NA,17.04740000000000,16.04850000000000,0.97120000000000,4.04580000000000,4.1885,NA,48620.2891,16.2679,15.2967,0.9712,15.7870,3.5555,3.4983,0.0572,-0.2033,48620.2891,NA,NA
gamemd.exe,18224,0x42C3CE0,D3D9,0,0,1,Hardware: Independent Flip,48651.9145,NA,16.32870000000000,16.23950000000000,1.03790000000000,3.96280000000000,4.0993,NA,48636.5570,16.3954,15.3575,1.0379,15.8310,3.4893,3.4358,0.0535,0.0284,48636.5570,NA,NA
gamemd.exe,18224,0x42C3CE0,D3D9,0,0,1,Hardware: Independent Flip,48668.7480,NA,16.83350000000000,17.12600000000000,1.21260000000000,4.27570000000000,4.3918,NA,48652.9524,17.0082,15.7956,1.2126,16.3795,3.6918,3.6168,0.0750,-0.7306,48652.9524,NA,NA
gamemd.exe,18224,0x42C3CE0,D3D9,0,0,1,Hardware: Independent Flip,48685.4134,NA,16.66540000000000,16.33130000000000,1.00240000000000,3.94340000000000,4.0577,NA,48669.9606,16.4552,15.4528,1.0024,15.8938,3.5024,3.4547,0.0477,0.6769,48669.9606,NA,NA
gamemd.exe,18224,0x42C3CE0,D3D9,0,0,1,Hardware: Independent Flip,48701.8856,NA,16.47220000000000,16.64830000000000,1.01790000000000,4.07930000000000,4.2338,NA,48686.4158,16.4877,15.4698,1.0179,16.0343,3.5148,3.4692,0.0456,-0.1931,48686.4158,NA,NA
gamemd.exe,18224,0x42C3CE0,D3D9,0,0,1,Hardware: Independent Flip,48718.5727,NA,16.68710000000000,17.38790000000000,1.86050000000000,4.72030000000000,4.9346,NA,48702.9035,17.5297,15.6692,1.8605,16.7933,3.5962,3.5033,0.0929,-0.9002,48702.9035,NA,NA
gamemd.exe,18224,0x42C3CE0,D3D9,0,0,1,Hardware: Independent Flip,48735.2615,NA,16.68880000000000,16.58920000000000,2.20130000000000,4.69970000000000,4.8350,NA,48720.4332,17.0296,14.8283,2.2013,15.3829,4.1451,4.0559,0.0892,0.9405,48720.4332,NA,NA
gamemd.exe,18224,0x42C3CE0,D3D9,0,0,1,Hardware: Independent Flip,48752.3646,NA,17.10310000000000,17.03440000000000,1.67670000000000,4.65540000000000,4.7663,NA,48737.4628,16.5785,14.9018,1.6767,16.0110,3.5462,3.4982,0.0480,-0.0048,48737.4628,NA,NA
gamemd.exe,18224,0x42C3CE0,D3D9,0,0,1,Hardware: Independent Flip,48768.7300,NA,16.36540000000000,16.52300000000000,1.77590000000000,4.80950000000000,4.9239,NA,48754.0413,16.4646,14.6887,1.7759,15.8271,3.6711,3.6084,0.0627,0.0555,48754.0413,NA,NA
gamemd.exe,18224,0x42C3CE0,D3D9,0,0,1,Hardware: Independent Flip,48785.2732,NA,16.54320000000000,16.07500000000000,1.41630000000000,4.34320000000000,4.4557,NA,48770.5059,16.1836,14.7673,1.4163,15.3437,3.7668,3.7019,0.0649,0.3896,48770.5059,NA,NA
gamemd.exe,18224,0x42C3CE0,D3D9,0,0,1,Hardware: Independent Flip,48801.8516,NA,16.57840000000000,16.70670000000000,1.71150000000000,4.46930000000000,4.5840,NA,48786.6895,16.8736,15.1621,1.7115,15.9017,3.7297,3.6572,0.0725,-0.5231,48786.6895,NA,NA
gamemd.exe,18224,0x42C3CE0,D3D9,0,0,1,Hardware: Independent Flip,48818.6393,NA,16.78770000000000,17.13890000000000,1.91390000000000,4.72140000000000,4.9352,NA,48803.5631,16.9901,15.0762,1.9139,15.8567,3.9409,3.7867,0.1542,-0.2653,48803.5631,NA,NA
gamemd.exe,18224,0x42C3CE0,D3D9,0,0,1,Hardware: Independent Flip,48835.4283,NA,16.78900000000000,16.79080000000000,2.05390000000000,4.75190000000000,4.9370,NA,48820.5532,16.9290,14.8751,2.0539,15.5069,4.1201,3.9802,0.1399,0.1993,48820.5532,NA,NA
gamemd.exe,18224,0x42C3CE0,D3D9,0,0,1,Hardware: Independent Flip,48852.3697,NA,16.94140000000000,16.61710000000000,1.79320000000000,4.41830000000000,4.6127,NA,48837.4822,16.6807,14.8875,1.7932,15.6432,3.6626,3.6079,0.0547,0.3119,48837.4822,20.7773,20.7773
gamemd.exe,18224,0x42C3CE0,D3D9,0,0,1,Hardware: Independent Flip,48868.8474,NA,16.47770000000000,16.09850000000000,0.81890000000000,4.06160000000000,4.2335,NA,48854.1629,15.5034,14.6845,0.8189,15.0650,3.6811,3.6129,0.0682,0.5822,48854.1629,NA,NA
gamemd.exe,18224,0x42C3CE0,D3D9,0,0,1,Hardware: Independent Flip,48885.5113,NA,16.66390000000000,16.79130000000000,0.94680000000000,4.22110000000000,4.3609,NA,48869.6663,16.7918,15.8450,0.9468,16.3483,3.7178,3.6500,0.0678,-1.2879,48869.6663,NA,NA
gamemd.exe,18224,0x42C3CE0,D3D9,0,0,1,Hardware: Independent Flip,48901.9838,NA,16.47250000000000,16.77800000000000,1.49810000000000,4.53580000000000,4.6664,NA,48886.4581,17.0238,15.5257,1.4981,16.0988,3.9627,3.8557,0.1070,0.0138,48886.4581,NA,NA
gamemd.exe,18224,0x42C3CE0,D3D9,0,0,1,Hardware: Independent Flip,48918.9544,NA,16.97060000000000,16.89270000000000,1.40880000000000,4.47000000000000,4.5885,NA,48903.4819,16.8813,15.4725,1.4088,16.2897,3.6528,3.5940,0.0588,0.1311,48903.4819,NA,NA
gamemd.exe,18224,0x42C3CE0,D3D9,0,0,1,Hardware: Independent Flip,48935.1759,NA,16.22150000000000,16.03390000000000,1.16550000000000,4.20110000000000,4.4009,NA,48920.3632,15.9782,14.8127,1.1655,15.3023,3.7115,3.6302,0.0813,0.8474,48920.3632,NA,NA
gamemd.exe,18224,0x42C3CE0,D3D9,0,0,1,Hardware: Independent Flip,48951.8521,NA,16.67620000000000,17.50590000000000,2.20500000000000,5.08190000000000,5.2306,NA,48936.3414,17.7157,15.5107,2.2050,16.5640,4.0286,3.9086,0.1200,-1.5277,48936.3414,NA,NA
gamemd.exe,18224,0x42C3CE0,D3D9,0,0,1,Hardware: Independent Flip,48969.0183,NA,17.16620000000000,16.39630000000000,1.17970000000000,4.32540000000000,4.4607,NA,48954.0571,16.1409,14.9612,1.1797,15.6882,3.5984,3.5429,0.0555,1.3194,48954.0571,NA,NA
gamemd.exe,18224,0x42C3CE0,D3D9,0,0,1,Hardware: Independent Flip,48985.2981,NA,16.27980000000000,16.32350000000000,1.34880000000000,4.36580000000000,4.5044,NA,48970.1980,16.4489,15.1001,1.3488,15.8910,3.5749,3.4831,0.0918,-0.1826,48970.1980,NA,NA
gamemd.exe,18224,0x42C3CE0,D3D9,0,0,1,Hardware: Independent Flip,49002.1031,NA,16.80500000000000,16.51670000000000,0.96200000000000,4.06110000000000,4.2161,NA,48986.6469,16.4182,15.4562,0.9620,15.9081,3.6092,3.5228,0.0864,-0.0678,48986.6469,25.6712,25.6712
gamemd.exe,18224,0x42C3CE0,D3D9,0,0,1,Hardware: Independent Flip,49018.7877,NA,16.68460000000000,17.27690000000000,1.62370000000000,4.67880000000000,4.8084,NA,49003.0651,17.3463,15.7226,1.6237,16.7271,3.6743,3.5895,0.0848,-0.8587,49003.0651,NA,NA
gamemd.exe,18224,0x42C3CE0,D3D9,0,0,1,Hardware: Independent Flip,49035.5706,NA,16.78290000000000,17.02510000000000,1.77580000000000,4.85420000000000,5.0506,NA,49020.4114,16.9350,15.1592,1.7758,16.2018,3.8116,3.7268,0.0848,0.3212,49020.4114,NA,NA
gamemd.exe,18224,0x42C3CE0,D3D9,0,0,1,Hardware: Independent Flip,49051.8137,NA,16.24310000000000,16.29670000000000,2.04510000000000,4.94900000000000,5.1042,NA,49037.3464,16.5124,14.4673,2.0451,15.1965,4.2198,4.1217,0.0981,0.6383,49037.3464,NA,NA
gamemd.exe,18224,0x42C3CE0,D3D9,0,0,1,Hardware: Independent Flip,49068.6832,NA,16.86950000000000,16.37490000000000,1.40690000000000,4.49480000000000,4.6096,NA,49053.8588,16.2313,14.8244,1.4069,15.6510,3.6682,3.5911,0.0771,0.1375,49053.8588,NA,NA
gamemd.exe,18224,0x42C3CE0,D3D9,0,0,1,Hardware: Independent Flip,49085.2592,NA,16.57600000000000,16.30120000000000,0.89990000000000,4.17270000000000,4.3348,NA,49070.0901,16.0690,15.1691,0.8999,15.6397,3.7021,3.6343,0.0678,-0.0699,49070.0901,NA,NA
gamemd.exe,18224,0x42C3CE0,D3D9,0,0,1,Hardware: Independent Flip,49101.8635,NA,16.60430000000000,16.46780000000000,0.92550000000000,4.08430000000000,4.1983,NA,49086.1591,16.6299,15.7044,0.9255,16.1327,3.6560,3.5972,0.0588,-0.3988,49086.1591,NA,NA
gamemd.exe,18224,0x42C3CE0,D3D9,0,0,1,Hardware: Independent Flip,49118.8449,NA,16.98140000000000,16.84170000000000,1.06680000000000,3.94050000000000,4.0586,NA,49102.7890,17.1227,16.0559,1.0668,16.4575,3.5389,3.4940,0.0449,-0.2118,49102.7890,NA,NA
gamemd.exe,18224,0x42C3CE0,D3D9,0,0,1,Hardware: Independent Flip,49135.5573,NA,16.71240000000000,16.92980000000000,1.09840000000000,4.16410000000000,4.2760,NA,49119.9117,16.7440,15.6456,1.0984,16.1675,3.6422,3.5654,0.0768,0.1929,49119.9117,NA,NA
gamemd.exe,18224,0x42C3CE0,D3D9,0,0,1,Hardware: Independent Flip,49152.4916,NA,16.93430000000000,17.00540000000000,1.23830000000000,4.17340000000000,4.3471,NA,49136.6557,17.0742,15.8359,1.2383,16.3822,3.6271,3.5351,0.0920,-0.2614,49136.6557,NA,NA
gamemd.exe,18224,0x42C3CE0,D3D9,0,0,1,Hardware: Independent Flip,49168.7383,NA,16.24670000000000,16.89760000000000,1.78370000000000,4.84030000000000,4.9980,NA,49153.7299,16.7921,15.0084,1.7837,15.7388,4.1099,4.0261,0.0838,0.1766,49153.7299,NA,NA
gamemd.exe,18224,0x42C3CE0,D3D9,0,0,1,Hardware: Independent Flip,49185.5147,NA,16.77640000000000,16.32470000000000,2.04780000000000,4.44290000000000,4.5463,NA,49170.5220,17.0405,14.9927,2.0478,15.7870,3.6486,3.5914,0.0572,0.4674,49170.5220,NA,NA
gamemd.exe,18224,0x42C3CE0,D3D9,0,0,1,Hardware: Independent Flip,49202.2381,NA,16.72340000000000,16.47060000000000,1.00840000000000,4.18300000000000,4.2935,NA,49187.5625,15.6840,14.6756,1.0084,15.1519,3.7067,3.6461,0.0606,0.5699,49187.5625,NA,NA
gamemd.exe,18224,0x42C3CE0,D3D9,0,0,1,Hardware: Independent Flip,49218.8309,NA,16.59280000000000,16.91090000000000,1.50430000000000,4.49780000000000,4.6116,NA,49203.2465,17.0887,15.5844,1.5043,16.5314,3.5508,3.5033,0.0475,-1.2269,49203.2465,NA,NA
gamemd.exe,18224,0x42C3CE0,D3D9,0,0,1,Hardware: Independent Flip,49235.1386,NA,16.30770000000000,16.04980000000000,1.42700000000000,4.22600000000000,4.3537,NA,49220.3352,16.2304,14.8034,1.4270,15.3749,3.6545,3.5972,0.0573,1.0389,49220.3352,NA,NA
gamemd.exe,18224,0x42C3CE0,D3D9,0,0,1,Hardware: Independent Flip,49252.3282,NA,17.18960000000000,17.70450000000000,2.15020000000000,4.67740000000000,4.8686,NA,49236.5656,17.9128,15.7626,2.1502,16.5799,3.8601,3.7810,0.0791,-1.4741,49236.5656,NA,NA
gamemd.exe,18224,0x42C3CE0,D3D9,0,0,1,Hardware: Independent Flip,49268.7130,NA,16.38480000000000,16.40450000000000,1.76100000000000,4.73550000000000,4.8883,NA,49254.4784,15.9956,14.2346,1.7610,14.8236,4.1465,4.0472,0.0993,1.5083,49254.4784,NA,NA
gamemd.exe,18224,0x42C3CE0,D3D9,0,0,1,Hardware: Independent Flip,49285.8005,NA,17.08750000000000,17.21150000000000,1.49950000000000,4.86320000000000,5.0123,NA,49270.4740,16.8260,15.3265,1.4995,15.9954,4.1943,4.0824,0.1119,-1.2159,49270.4740,NA,NA
gamemd.exe,18224,0x42C3CE0,D3D9,0,0,1,Hardware: Independent Flip,49302.1931,NA,16.39260000000000,16.02820000000000,1.74560000000000,4.53680000000000,4.6479,NA,49287.3000,16.6387,14.8931,1.7456,15.6709,3.7590,3.7125,0.0465,0.7978,49287.3000,NA,NA
gamemd.exe,18224,0x42C3CE0,D3D9,0,0,1,Hardware: Independent Flip,49318.9720,NA,16.77890000000000,16.53340000000000,0.90840000000000,4.21170000000000,4.4024,NA,49303.9387,15.9417,15.0333,0.9084,15.4832,3.7618,3.6844,0.0774,0.1053,49303.9387,NA,NA
gamemd.exe,18224,0x42C3CE0,D3D9,0,0,1,Hardware: Independent Flip,49335.3209,NA,16.34890000000000,16.14590000000000,0.80210000000000,4.05110000000000,4.1994,NA,49319.8804,16.2426,15.4405,0.8021,15.8249,3.6667,3.6154,0.0513,-0.2042,49319.8804,NA,NA
gamemd.exe,18224,0x42C3CE0,D3D9,0,0,1,Hardware: Independent Flip,49351.9998,NA,16.67890000000000,16.98930000000000,0.92420000000000,4.33960000000000,4.5098,NA,49336.1230,16.8010,15.8768,0.9242,16.4079,3.8085,3.7288,0.0797,-0.7467,49336.1230,NA,NA
gamemd.exe,18224,0x42C3CE0,D3D9,0,0,1,Hardware: Independent Flip,49368.6346,NA,16.63480000000000,16.51990000000000,0.91070000000000,4.25720000000000,4.3949,NA,49352.9240,16.6213,15.7106,0.9107,16.2072,3.7606,3.6837,0.0769,0.2811,49352.9240,NA,NA
gamemd.exe,18224,0x42C3CE0,D3D9,0,0,1,Hardware: Independent Flip,49385.2219,NA,16.58730000000000,16.58170000000000,1.02160000000000,4.21200000000000,4.3893,NA,49369.5453,16.6982,15.6766,1.0216,16.1511,3.7375,3.6354,0.1021,0.0396,49369.5453,NA,NA
gamemd.exe,18224,0x42C3CE0,D3D9,0,0,1,Hardware: Independent Flip,49402.0873,NA,16.86540000000000,17.63020000000000,1.60690000000000,5.00000000000000,5.1541,NA,49386.2435,17.4507,15.8438,1.6069,16.4408,4.4030,4.2917,0.1113,-0.9320,49386.2435,NA,NA
gamemd.exe,18224,0x42C3CE0,D3D9,0,0,1,Hardware: Independent Flip,49418.4907,NA,16.40340000000000,16.21410000000000,2.25780000000000,4.83110000000000,4.9648,NA,49403.6942,17.0543,14.7965,2.2578,15.6531,3.9745,3.8881,0.0864,1.2366,49403.6942,NA,NA
gamemd.exe,18224,0x42C3CE0,D3D9,0,0,1,Hardware: Independent Flip,49435.5262,NA,17.03550000000000,16.30860000000000,1.05260000000000,4.11160000000000,4.2379,NA,49420.7485,15.8303,14.7777,1.0526,15.2726,3.6167,3.5507,0.0660,0.7457,49420.7485,NA,NA
gamemd.exe,18224,0x42C3CE0,D3D9,0,0,1,Hardware: Independent Flip,49451.8281,NA,16.30190000000000,16.25770000000000,1.03950000000000,4.08450000000000,4.1937,NA,49436.5788,16.2888,15.2493,1.0395,15.7058,3.6280,3.5350,0.0930,-0.4274,49436.5788,NA,NA
gamemd.exe,18224,0x42C3CE0,D3D9,0,0,1,Hardware: Independent Flip,49468.5690,NA,16.74090000000000,16.80980000000000,1.00680000000000,4.13010000000000,4.2626,NA,49452.8676,16.7082,15.7014,1.0068,16.2356,3.5959,3.5402,0.0557,-0.5210,49452.8676,NA,NA
gamemd.exe,18224,0x42C3CE0,D3D9,0,0,1,Hardware: Independent Flip,49485.2901,NA,16.72110000000000,16.82130000000000,1.25730000000000,4.17500000000000,4.3628,NA,49469.5758,16.9716,15.7143,1.2573,16.2321,3.6572,3.5681,0.0891,-0.1131,49469.5758,NA,NA
gamemd.exe,18224,0x42C3CE0,D3D9,0,0,1,Hardware: Independent Flip,49502.2378,NA,16.94770000000000,17.55360000000000,2.26800000000000,4.83630000000000,4.9687,NA,49486.5474,17.9584,15.6904,2.2680,16.5475,3.9792,3.8783,0.1009,-0.5820,49486.5474,NA,NA
gamemd.exe,18224,0x42C3CE0,D3D9,0,0,1,Hardware: Independent Flip,49518.5609,NA,16.32310000000000,16.22010000000000,2.39040000000000,4.73510000000000,4.8657,NA,49504.5058,16.4455,14.0551,2.3904,14.8873,3.9029,3.7963,0.1066,1.7383,49504.5058,NA,NA
gamemd.exe,18224,0x42C3CE0,D3D9,0,0,1,Hardware: Independent Flip,49535.1899,NA,16.62900000000000,16.45610000000000,2.03450000000000,4.56100000000000,4.6928,NA,49520.9513,16.2731,14.2386,2.0345,14.9627,3.8369,3.7561,0.0808,-0.0106,49520.9513,15.6447,NA
gamemd.exe,18224,0x42C3CE0,D3D9,0,0,1,Hardware: Independent Flip,49551.9419,NA,16.75200000000000,17.07350000000000,1.83170000000000,4.85860000000000,5.0143,NA,49537.2244,16.5492,14.7175,1.8317,15.9648,3.6113,3.5681,0.0432,-0.8004,49537.2244,16.7892,NA
gamemd.exe,18224,0x42C3CE0,D3D9,0,0,1,Hardware: Independent Flip,49568.9056,NA,16.96370000000000,16.73550000000000,1.52090000000000,4.61460000000000,4.7861,NA,49553.7736,16.6529,15.1320,1.5209,16.0604,3.6862,3.6382,0.0480,-0.1863,49553.7736,17.4962,NA
gamemd.exe,18224,0x42C3CE0,D3D9,0,0,1,Hardware: Independent Flip,49585.7433,NA,16.83770000000000,17.23890000000000,1.61870000000000,4.98350000000000,5.1873,NA,49570.4265,16.9355,15.3168,1.6187,15.9825,4.3178,3.9867,0.3311,-0.5860,49570.4265,18.7384,NA
gamemd.exe,18224,0x42C3CE0,D3D9,0,0,1,Hardware: Independent Flip,49601.9379,NA,16.19460000000000,16.04930000000000,2.32580000000000,4.90640000000000,5.0420,NA,49587.3620,16.9017,14.5759,2.3258,15.4121,4.0702,3.9911,0.0791,0.8862,49587.3620,18.7365,NA
gamemd.exe,18224,0x42C3CE0,D3D9,0,0,1,Hardware: Independent Flip,49618.6311,NA,16.69320000000000,16.34440000000000,1.91760000000000,4.58000000000000,4.6932,NA,49604.2637,16.2850,14.3674,1.9176,15.1206,3.8268,3.7624,0.0644,0.5573,49604.2637,19.0943,NA
gamemd.exe,18224,0x42C3CE0,D3D9,0,0,1,Hardware: Independent Flip,49635.4094,NA,16.77830000000000,16.94310000000000,1.77570000000000,4.74370000000000,4.8580,NA,49620.5487,16.6364,14.8607,1.7757,16.0167,3.5877,3.5334,0.0543,-0.6581,49620.5487,19.9960,NA
gamemd.exe,18224,0x42C3CE0,D3D9,0,0,1,Hardware: Independent Flip,49652.1397,NA,16.73030000000000,16.73670000000000,1.79870000000000,4.75090000000000,4.8644,NA,49637.1851,16.7533,14.9546,1.7987,16.1088,3.5967,3.5376,0.0591,-0.1003,49637.1851,20.7175,NA
gamemd.exe,18224,0x42C3CE0,D3D9,0,0,1,Hardware: Independent Flip,49668.8004,NA,16.66070000000000,16.20810000000000,1.46900000000000,4.28170000000000,4.4118,NA,49653.9384,16.3310,14.8620,1.4690,15.4215,3.7222,3.6255,0.0967,0.5452,49653.9384,21.0040,NA
gamemd.exe,18224,0x42C3CE0,D3D9,0,0,1,Hardware: Independent Flip,49685.4298,NA,16.62940000000000,16.72650000000000,1.34150000000000,4.39290000000000,4.5089,NA,49670.2694,16.5019,15.1604,1.3415,15.9464,3.6069,3.5561,0.0508,-0.3955,49670.2694,21.7001,NA
gamemd.exe,18224,0x42C3CE0,D3D9,0,0,1,Hardware: Independent Flip,49702.3475,NA,16.91770000000000,16.98590000000000,1.35510000000000,4.40130000000000,4.5771,NA,49686.7713,16.9313,15.5762,1.3551,16.1911,3.7864,3.6988,0.0876,-0.4840,49686.7713,22.6942,NA
gamemd.exe,18224,0x42C3CE0,D3D9,0,0,1,Hardware: Independent Flip,49719.6648,NA,17.31730000000000,19.38940000000000,1.44960000000000,5.27650000000000,6.6492,NA,49703.7026,17.4118,15.9622,1.4496,16.6084,4.6303,4.0542,0.5761,-2.4581,49703.7026,26.1290,26.1290
gamemd.exe,18224,0x42C3CE0,D3D9,0,0,1,Hardware: Independent Flip,49735.2638,NA,15.59900000000000,14.07510000000000,1.77180000000000,4.89580000000000,5.1253,NA,49721.1144,15.9212,14.1494,1.7718,14.8375,4.2077,4.1061,0.1016,3.3367,49721.1144,23.4570,NA
gamemd.exe,18224,0x42C3CE0,D3D9,0,0,1,Hardware: Independent Flip,49751.8930,NA,16.62920000000000,15.92560000000000,1.53820000000000,4.27040000000000,4.4217,NA,49737.0356,16.3956,14.8574,1.5382,15.5368,3.5910,3.5371,0.0539,-0.0044,49737.0356,24.0693,NA
gamemd.exe,18224,0x42C3CE0,D3D9,0,0,1,Hardware: Independent Flip,49768.9940,NA,17.10100000000000,16.87550000000000,0.90240000000000,4.06460000000000,4.1962,NA,49753.4312,16.4652,15.5628,0.9024,15.9899,3.6375,3.5660,0.0715,-0.4799,49753.4312,24.8619,NA
gamemd.exe,18224,0x42C3CE0,D3D9,0,0,1,Hardware: Independent Flip,49785.6629,NA,16.66890000000000,16.64480000000000,0.80670000000000,4.00230000000000,4.1721,NA,49769.8964,16.5732,15.7665,0.8067,16.1382,3.6306,3.5728,0.0578,-0.1796,49769.8964,25.5709,NA
gamemd.exe,18224,0x42C3CE0,D3D9,0,0,1,Hardware: Independent Flip,49802.3062,NA,16.64330000000000,17.78880000000000,1.37780000000000,5.05320000000000,5.3176,NA,49786.4696,17.2144,15.8366,1.3778,16.4713,4.4185,4.2994,0.1191,-1.2156,49786.4696,11.3829,NA
gamemd.exe,18224,0x42C3CE0,D3D9,0,0,1,Hardware: Independent Flip,49819.0995,NA,16.79330000000000,16.66830000000000,1.95360000000000,5.01830000000000,5.1926,NA,49803.6840,17.3691,15.4155,1.9536,16.5628,3.8710,3.7903,0.0807,0.5461,49803.6840,NA,NA
gamemd.exe,18224,0x42C3CE0,D3D9,0,0,1,Hardware: Independent Flip,49835.1558,NA,16.05630000000000,15.10330000000000,1.26650000000000,4.11320000000000,4.2396,NA,49821.0531,15.3692,14.1027,1.2665,14.6297,3.5862,3.5194,0.0668,2.2658,49821.0531,11.1893,NA
gamemd.exe,18224,0x42C3CE0,D3D9,0,0,1,Hardware: Independent Flip,49851.7081,NA,16.55230000000000,16.67610000000000,1.27250000000000,4.24590000000000,4.3634,NA,49836.4223,16.5583,15.2858,1.2725,15.9475,3.5842,3.5243,0.0599,-1.3069,49836.4223,11.8436,NA
gamemd.exe,18224,0x42C3CE0,D3D9,0,0,1,Hardware: Independent Flip,49869.1804,NA,17.47230000000000,17.54390000000000,1.31320000000000,4.31950000000000,4.4350,NA,49852.9806,17.5130,16.1998,1.3132,16.8532,3.6661,3.6073,0.0588,-0.9856,49852.9806,13.4294,NA
gamemd.exe,18224,0x42C3CE0,D3D9,0,0,1,Hardware: Independent Flip,49885.5191,NA,16.33870000000000,15.99330000000000,1.18980000000000,3.97550000000000,4.0896,NA,49870.4936,16.2153,15.0255,1.1898,15.5126,3.4884,3.4307,0.0577,1.5197,49870.4936,13.4040,NA
gamemd.exe,18224,0x42C3CE0,D3D9,0,0,1,Hardware: Independent Flip,49902.3890,NA,16.86990000000000,17.27580000000000,1.30230000000000,4.37700000000000,4.4955,NA,49886.7089,16.9824,15.6801,1.3023,16.4056,3.6515,3.5964,0.0551,-1.0605,49886.7089,14.7095,NA
gamemd.exe,18224,0x42C3CE0,D3D9,0,0,1,Hardware: Independent Flip,49919.0171,NA,16.62810000000000,16.92790000000000,1.27680000000000,4.62200000000000,4.7953,NA,49903.6913,16.6026,15.3258,1.2768,15.8843,4.0635,3.5646,0.4989,0.0545,49903.6913,15.6503,NA
gamemd.exe,18224,0x42C3CE0,D3D9,0,0,1,Hardware: Independent Flip,49935.0701,NA,16.05300000000000,17.05730000000000,1.52750000000000,5.64250000000000,5.7996,NA,49920.2939,16.3037,14.7762,1.5275,15.3876,5.0311,4.4166,0.6145,-0.4547,49920.2939,16.6905,NA
gamemd.exe,18224,0x42C3CE0,D3D9,0,0,1,Hardware: Independent Flip,49952.4141,NA,17.34400000000000,16.47100000000000,1.92440000000000,4.78970000000000,4.9266,NA,49936.5976,17.7409,15.8165,1.9244,16.6391,3.9671,3.8848,0.0823,-0.1673,49936.5976,17.1008,NA
gamemd.exe,18224,0x42C3CE0,D3D9,0,0,1,Hardware: Independent Flip,49968.6080,NA,16.19390000000000,15.99020000000000,1.83020000000000,4.60790000000000,4.7229,NA,49954.3385,16.0997,14.2695,1.8302,14.9981,3.8793,3.8089,0.0704,1.7507,49954.3385,17.1083,NA
gamemd.exe,18224,0x42C3CE0,D3D9,0,0,1,Hardware: Independent Flip,49985.5236,NA,16.91560000000000,16.63350000000000,1.42010000000000,4.32540000000000,4.4408,NA,49970.4382,16.5055,15.0854,1.4201,15.6954,3.7154,3.6360,0.0794,-0.5338,49970.4382,17.7724,NA
gamemd.exe,18224,0x42C3CE0,D3D9,0,0,1,Hardware: Independent Flip,50002.1156,NA,16.59200000000000,16.63530000000000,1.56110000000000,4.37120000000000,4.4841,NA,49986.9437,16.7330,15.1719,1.5611,15.8954,3.6477,3.5909,0.0568,-0.1298,49986.9437,18.4107,NA
gamemd.exe,18224,0x42C3CE0,D3D9,0,0,1,Hardware: Independent Flip,50018.4840,NA,16.36840000000000,17.09190000000000,2.53360000000000,5.00740000000000,5.2076,NA,50003.6767,17.3409,14.8073,2.5336,15.6908,4.1239,4.0114,0.1125,-0.3589,50003.6767,19.5257,NA
gamemd.exe,18224,0x42C3CE0,D3D9,0,0,1,Hardware: Independent Flip,50035.1652,NA,16.68120000000000,16.18090000000000,1.90100000000000,4.57120000000000,4.7073,NA,50021.0176,16.0486,14.1476,1.9010,14.7046,4.0142,3.9256,0.0886,1.1600,50021.0176,19.6245,NA
gamemd.exe,18224,0x42C3CE0,D3D9,0,0,1,Hardware: Independent Flip,50052.1706,NA,17.00540000000000,16.99780000000000,1.95290000000000,4.59150000000000,4.6997,NA,50037.0662,17.0573,15.1044,1.9529,15.9744,3.7215,3.6730,0.0485,-0.9492,50037.0662,20.6495,28.6682
gamemd.exe,18224,0x42C3CE0,D3D9,0,0,1,Hardware: Independent Flip,50069.0751,NA,16.90450000000000,16.27500000000000,0.94200000000000,3.93770000000000,4.0702,NA,50054.1235,15.8936,14.9516,0.9420,15.4059,3.4834,3.4142,0.0692,0.7823,50054.1235,20.8575,NA
gamemd.exe,18224,0x42C3CE0,D3D9,0,0,1,Hardware: Independent Flip,50085.3593,NA,16.28420000000000,17.25410000000000,2.01380000000000,4.81590000000000,5.0401,NA,50070.0171,17.3560,15.3422,2.0138,16.2833,3.8748,3.7846,0.0902,-1.3605,50070.0171,22.1848,NA
gamemd.exe,18224,0x42C3CE0,D3D9,0,0,1,Hardware: Independent Flip,50102.1320,NA,16.77270000000000,17.09130000000000,1.52360000000000,5.14980000000000,5.3587,NA,50087.3731,16.2825,14.7589,1.5236,15.5504,4.3583,4.2700,0.0883,0.2647,50087.3731,15.3184,NA
gamemd.exe,18224,0x42C3CE0,D3D9,0,0,1,Hardware: Independent Flip,50119.0722,NA,16.94020000000000,16.60990000000000,2.20830000000000,4.80310000000000,5.0284,NA,50103.6556,17.6249,15.4166,2.2083,16.2847,3.9350,3.8523,0.0827,-0.3274,50103.6556,23.6843,NA
gamemd.exe,18224,0x42C3CE0,D3D9,0,0,1,Hardware: Independent Flip,50135.6613,NA,16.58910000000000,16.15450000000000,1.62690000000000,4.45150000000000,4.5938,NA,50121.2805,16.0077,14.3808,1.6269,15.3148,3.5175,3.4680,0.0495,1.4704,50121.2805,23.7892,NA
gamemd.exe,18224,0x42C3CE0,D3D9,0,0,1,Hardware: Independent Flip,50152.0908,NA,16.42950000000000,16.03200000000000,0.89430000000000,4.07300000000000,4.1963,NA,50137.2882,15.6969,14.8026,0.8943,15.2389,3.6367,3.5786,0.0581,-0.0243,50137.2882,23.9152,NA
gamemd.exe,18224,0x42C3CE0,D3D9,0,0,1,Hardware: Independent Flip,50168.7789,NA,16.68810000000000,16.81790000000000,0.80430000000000,4.15770000000000,4.3261,NA,50152.9851,16.5981,15.7938,0.8043,16.1631,3.7884,3.6953,0.0931,-1.1210,50152.9851,NA,NA
gamemd.exe,18224,0x42C3CE0,D3D9,0,0,1,Hardware: Independent Flip,50185.2227,NA,16.44380000000000,16.25260000000000,0.86580000000000,4.00440000000000,4.1349,NA,50169.5832,16.5053,15.6395,0.8658,16.0503,3.5936,3.5058,0.0878,0.3455,50169.5832,NA,NA
gamemd.exe,18224,0x42C3CE0,D3D9,0,0,1,Hardware: Independent Flip,50202.1237,NA,16.90100000000000,16.96450000000000,0.97730000000000,4.07950000000000,4.1984,NA,50186.0885,17.0125,16.0352,0.9773,16.5111,3.6036,3.5350,0.0686,-0.4592,50186.0885,NA,NA
gamemd.exe,18224,0x42C3CE0,D3D9,0,0,1,Hardware: Independent Flip,50218.4286,NA,16.30490000000000,16.88220000000000,1.79570000000000,4.65800000000000,4.7757,NA,50203.1010,17.1233,15.3276,1.7957,16.4021,3.5835,3.4923,0.0912,0.1303,50203.1010,NA,NA
gamemd.exe,18224,0x42C3CE0,D3D9,0,0,1,Hardware: Independent Flip,50235.3533,NA,16.92470000000000,17.56180000000000,2.09910000000000,5.19650000000000,5.4128,NA,50220.2243,17.2281,15.1290,2.0991,16.1605,4.1650,4.0826,0.0824,-0.4385,50220.2243,NA,NA
gamemd.exe,18224,0x42C3CE0,D3D9,0,0,1,Hardware: Independent Flip,50252.9689,NA,17.61560000000000,18.81100000000000,1.54590000000000,5.44570000000000,6.6082,NA,50237.4524,17.0624,15.5165,1.5459,16.2364,4.7258,4.1623,0.5635,-1.5829,50237.4524,NA,NA
gamemd.exe,18224,0x42C3CE0,D3D9,0,0,1,Hardware: Independent Flip,50269.6232,NA,16.65430000000000,15.22320000000000,2.27320000000000,4.98530000000000,5.1771,NA,50254.5148,17.3816,15.1084,2.2732,15.7824,4.3113,4.2290,0.0823,1.8392,50254.5148,NA,NA
gamemd.exe,18224,0x42C3CE0,D3D9,0,0,1,Hardware: Independent Flip,50285.5627,NA,15.93950000000000,18.16310000000000,2.26190000000000,6.10660000000000,7.4007,NA,50271.8964,15.9282,13.6663,2.2619,14.7038,5.0691,4.3627,0.7064,-0.7815,50271.8964,NA,NA
gamemd.exe,18224,0x42C3CE0,D3D9,0,0,1,Hardware: Independent Flip,50301.9163,NA,16.35360000000000,14.40190000000000,1.36760000000000,5.24850000000000,5.4490,NA,50287.8246,15.4593,14.0917,1.3676,14.7295,4.6107,4.1610,0.4497,1.5263,50287.8246,NA,NA
gamemd.exe,18224,0x42C3CE0,D3D9,0,0,1,Hardware: Independent Flip,50318.7315,NA,16.81520000000000,16.07590000000000,2.02340000000000,4.58240000000000,4.7097,NA,50303.2839,17.4710,15.4476,2.0234,16.2787,3.7513,3.6778,0.0735,-0.6166,50303.2839,NA,NA
gamemd.exe,18224,0x42C3CE0,D3D9,0,0,1,Hardware: Independent Flip,50335.6343,NA,16.90280000000000,16.52090000000000,1.11110000000000,4.20340000000000,4.3278,NA,50320.7549,15.9905,14.8794,1.1111,15.4784,3.6044,3.5561,0.0483,0.9501,50320.7549,NA,NA
gamemd.exe,18224,0x42C3CE0,D3D9,0,0,1,Hardware: Independent Flip,50352.2994,NA,16.66510000000000,16.70720000000000,1.36180000000000,4.25920000000000,4.3699,NA,50336.7454,16.9158,15.5540,1.3618,16.2072,3.6060,3.5432,0.0628,-0.7167,50336.7454,NA,NA
gamemd.exe,18224,0x42C3CE0,D3D9,0,0,1,Hardware: Independent Flip,50368.9929,NA,16.69350000000000,16.63060000000000,1.02830000000000,4.19230000000000,4.3070,NA,50353.6612,16.3600,15.3317,1.0283,15.8997,3.6243,3.5676,0.0567,0.2852,50353.6612,NA,NA
gamemd.exe,18224,0x42C3CE0,D3D9,0,0,1,Hardware: Independent Flip,50385.2174,NA,16.22450000000000,16.51520000000000,1.46040000000000,4.47540000000000,4.5977,NA,50370.0212,16.6566,15.1962,1.4604,15.8781,3.7935,3.7287,0.0648,-0.1552,50370.0212,NA,NA
gamemd.exe,18224,0x42C3CE0,D3D9,0,0,1,Hardware: Independent Flip,50402.0659,NA,16.84850000000000,16.79160000000000,1.24440000000000,4.42550000000000,4.5408,NA,50386.6778,16.6325,15.3881,1.2444,16.2079,3.6057,3.5574,0.0483,-0.1350,50386.6778,NA,NA
gamemd.exe,18224,0x42C3CE0,D3D9,0,0,1,Hardware: Independent Flip,50419.2193,NA,17.15340000000000,17.05960000000000,1.26840000000000,4.25390000000000,4.4470,NA,50403.3103,17.1774,15.9090,1.2684,16.5208,3.6421,3.5701,0.0720,-0.4271,50403.3103,NA,NA
gamemd.exe,18224,0x42C3CE0,D3D9,0,0,1,Hardware: Independent Flip,50435.6021,NA,16.38280000000000,16.68990000000000,1.72360000000000,4.59000000000000,4.7541,NA,50420.4877,16.8380,15.1144,1.7236,15.6756,4.0288,3.9086,0.1202,0.4875,50420.4877,NA,NA
gamemd.exe,18224,0x42C3CE0,D3D9,0,0,1,Hardware: Independent Flip,50452.0722,NA,16.47010000000000,16.27440000000000,1.58940000000000,4.43440000000000,4.5584,NA,50437.3257,16.3359,14.7465,1.5894,15.4966,3.6843,3.6088,0.0755,0.5636,50437.3257,NA,NA
gamemd.exe,18224,0x42C3CE0,D3D9,0,0,1,Hardware: Independent Flip,50468.8614,NA,16.78920000000000,16.56920000000000,0.90390000000000,4.22090000000000,4.3384,NA,50453.6616,16.1037,15.1998,0.9039,15.6656,3.7551,3.6752,0.0799,-0.2333,50453.6616,NA,NA
gamemd.exe,18224,0x42C3CE0,D3D9,0,0,1,Hardware: Independent Flip,50485.2096,NA,16.34820000000000,16.00690000000000,0.84590000000000,3.86490000000000,3.9971,NA,50469.7653,16.2902,15.4443,0.8459,15.8505,3.4587,3.4143,0.0444,0.0968,50469.7653,NA,NA
gamemd.exe,18224,0x42C3CE0,D3D9,0,0,1,Hardware: Independent Flip,50501.6816,NA,16.47200000000000,16.95390000000000,1.33340000000000,4.34330000000000,4.4790,NA,50486.0555,16.9595,15.6261,1.3334,16.1596,3.8098,3.7613,0.0485,-0.6637,50486.0555,NA,NA
gamemd.exe,18224,0x42C3CE0,D3D9,0,0,1,Hardware: Independent Flip,50519.2279,NA,17.54630000000000,19.44710000000000,1.61760000000000,5.43520000000000,6.3798,NA,50503.0150,17.8305,16.2129,1.6176,17.0488,4.5993,4.0916,0.5077,-2.4876,50503.0150,NA,NA
gamemd.exe,18224,0x42C3CE0,D3D9,0,0,1,Hardware: Independent Flip,50535.0964,NA,15.86850000000000,14.65950000000000,1.64540000000000,4.98050000000000,5.1708,NA,50520.8455,15.8963,14.2509,1.6454,14.8386,4.3928,4.2905,0.1023,3.1710,50520.8455,NA,NA
gamemd.exe,18224,0x42C3CE0,D3D9,0,0,1,Hardware: Independent Flip,50551.9017,NA,16.80530000000000,16.61680000000000,1.77290000000000,4.81850000000000,4.9823,NA,50536.7418,16.9328,15.1599,1.7729,16.1513,3.8271,3.7332,0.0939,-0.7205,50536.7418,NA,NA
gamemd.exe,18224,0x42C3CE0,D3D9,0,0,1,Hardware: Independent Flip,50568.5779,NA,16.67620000000000,15.90200000000000,0.85870000000000,4.06600000000000,4.2081,NA,50553.6746,15.7620,14.9033,0.8587,15.3381,3.6312,3.5737,0.0575,1.0308,50553.6746,NA,NA
gamemd.exe,18224,0x42C3CE0,D3D9,0,0,1,Hardware: Independent Flip,50585.3378,NA,16.75990000000000,16.74390000000000,0.82440000000000,4.05040000000000,4.1921,NA,50569.4366,16.7256,15.9012,0.8244,16.2855,3.6661,3.5643,0.1018,-0.9819,50569.4366,NA,NA
gamemd.exe,18224,0x42C3CE0,D3D9,0,0,1,Hardware: Independent Flip,50602.2305,NA,16.89270000000000,16.91140000000000,1.02790000000000,4.09750000000000,4.2108,NA,50586.1622,17.0962,16.0683,1.0279,16.5479,3.6179,3.5612,0.0567,-0.1858,50586.1622,NA,NA
gamemd.exe,18224,0x42C3CE0,D3D9,0,0,1,Hardware: Independent Flip,50619.2184,NA,16.98790000000000,17.07710000000000,1.18600000000000,4.14210000000000,4.3000,NA,50603.2584,17.1460,15.9600,1.1860,16.5776,3.5245,3.4592,0.0653,0.0191,50603.2584,NA,NA
gamemd.exe,18224,0x42C3CE0,D3D9,0,0,1,Hardware: Independent Flip,50635.3890,NA,16.17060000000000,17.21340000000000,1.97120000000000,5.14570000000000,5.3428,NA,50620.4044,16.9558,14.9846,1.9712,16.2381,3.8922,3.7633,0.1289,-0.0674,50620.4044,NA,NA
gamemd.exe,18224,0x42C3CE0,D3D9,0,0,1,Hardware: Independent Flip,50652.2607,NA,16.87170000000000,16.88420000000000,2.43160000000000,5.14630000000000,5.3553,NA,50637.3602,17.3321,14.9005,2.4316,16.0732,3.9736,3.8880,0.0856,0.0716,50637.3602,NA,NA
gamemd.exe,18224,0x42C3CE0,D3D9,0,0,1,Hardware: Independent Flip,50668.8181,NA,16.55740000000000,16.36170000000000,2.23810000000000,4.97760000000000,5.1596,NA,50654.6923,16.3639,14.1258,2.2381,14.9652,4.1382,4.0554,0.0828,0.9704,50654.6923,NA,NA
gamemd.exe,18224,0x42C3CE0,D3D9,0,0,1,Hardware: Independent Flip,50685.5846,NA,16.76650000000000,16.68610000000000,2.57220000000000,4.96600000000000,5.0792,NA,50671.0562,17.1006,14.5284,2.5722,15.6605,3.8339,3.7604,0.0735,-0.3222,50671.0562,NA,NA
gamemd.exe,18224,0x42C3CE0,D3D9,0,0,1,Hardware: Independent Flip,50702.2977,NA,16.71310000000000,16.37970000000000,1.98930000000000,4.62910000000000,4.7458,NA,50688.1568,16.1302,14.1409,1.9893,15.0427,3.7273,3.6760,0.0513,0.7209,50688.1568,NA,NA
gamemd.exe,18224,0x42C3CE0,D3D9,0,0,1,Hardware: Independent Flip,50718.9279,NA,16.63020000000000,16.54280000000000,1.61580000000000,4.53690000000000,4.6584,NA,50704.2870,16.2567,14.6409,1.6158,15.6192,3.5586,3.5125,0.0461,-0.4126,50704.2870,NA,NA
gamemd.exe,18224,0x42C3CE0,D3D9,0,0,1,Hardware: Independent Flip,50735.8687,NA,16.94080000000000,17.48880000000000,1.94960000000000,5.00990000000000,5.2064,NA,50720.5437,17.2746,15.3250,1.9496,16.6027,3.7322,3.6193,0.1129,-1.2321,50720.5437,NA,NA
gamemd.exe,18224,0x42C3CE0,D3D9,0,0,1,Hardware: Independent Flip,50752.2398,NA,16.37110000000000,16.19170000000000,1.79630000000000,4.82160000000000,5.0270,NA,50737.8183,16.2178,14.4215,1.7963,15.2190,4.0241,3.9376,0.0865,1.0829,50737.8183,NA,NA
gamemd.exe,18224,0x42C3CE0,D3D9,0,0,1,Hardware: Independent Flip,50768.7361,NA,16.49630000000000,16.12800000000000,1.32210000000000,4.45910000000000,4.6587,NA,50754.0361,16.0221,14.7000,1.3221,15.2231,3.9360,3.8350,0.1010,0.0898,50754.0361,NA,NA
gamemd.exe,18224,0x42C3CE0,D3D9,0,0,1,Hardware: Independent Flip,50785.4055,NA,16.66940000000000,16.35070000000000,1.52540000000000,4.20780000000000,4.3400,NA,50770.0582,16.8727,15.3473,1.5254,15.8614,3.6937,3.6240,0.0697,-0.3286,50770.0582,NA,NA
gamemd.exe,18224,0x42C3CE0,D3D9,0,0,1,Hardware: Independent Flip,50801.6937,NA,16.28820000000000,16.72820000000000,1.63170000000000,4.66600000000000,4.7800,NA,50786.9309,16.3945,14.7628,1.6317,15.7621,3.6667,3.6189,0.0478,0.1445,50786.9309,NA,NA
gamemd.exe,18224,0x42C3CE0,D3D9,0,0,1,Hardware: Independent Flip,50819.1348,NA,17.44110000000000,17.22870000000000,1.42700000000000,4.41970000000000,4.5676,NA,50803.3254,17.2364,15.8094,1.4270,16.6095,3.6196,3.5335,0.0861,-0.8342,50803.3254,NA,NA
gamemd.exe,18224,0x42C3CE0,D3D9,0,0,1,Hardware: Independent Flip,50835.7286,NA,16.59380000000000,16.94550000000000,1.46610000000000,4.79350000000000,4.9193,NA,50820.5618,16.6329,15.1668,1.4661,15.6923,4.2680,4.1650,0.1030,0.2909,50820.5618,NA,NA
gamemd.exe,18224,0x42C3CE0,D3D9,0,0,1,Hardware: Independent Flip,50851.7638,NA,16.03520000000000,15.75080000000000,1.62170000000000,4.50920000000000,4.6349,NA,50837.1947,16.1908,14.5691,1.6217,15.2039,3.8744,3.7806,0.0938,0.8821,50837.1947,NA,NA
gamemd.exe,18224,0x42C3CE0,D3D9,0,0,1,Hardware: Independent Flip,50868.6410,NA,16.87720000000000,16.31900000000000,0.84720000000000,3.95310000000000,4.0767,NA,50853.3855,16.1027,15.2555,0.8472,15.6381,3.5705,3.5163,0.0542,-0.1282,50853.3855,NA,NA
gamemd.exe,18224,0x42C3CE0,D3D9,0,0,1,Hardware: Independent Flip,50885.3031,NA,16.66210000000000,16.88850000000000,1.17160000000000,4.18920000000000,4.3031,NA,50869.4882,16.9865,15.8149,1.1716,16.5568,3.4473,3.4070,0.0403,-0.7858,50869.4882,NA,NA
gamemd.exe,18224,0x42C3CE0,D3D9,0,0,1,Hardware: Independent Flip,50902.1598,NA,16.85670000000000,16.82980000000000,1.02280000000000,4.12480000000000,4.2762,NA,50886.4747,16.7079,15.6851,1.0228,16.2036,3.6063,3.5603,0.0460,0.1567,50886.4747,NA,NA
gamemd.exe,18224,0x42C3CE0,D3D9,0,0,1,Hardware: Independent Flip,50918.6639,NA,16.50410000000000,16.80300000000000,1.51370000000000,4.44060000000000,4.5751,NA,50903.1826,16.9950,15.4813,1.5137,16.3608,3.5611,3.4848,0.0763,-0.0951,50903.1826,NA,NA
gamemd.exe,18224,0x42C3CE0,D3D9,0,0,1,Hardware: Independent Flip,50935.3861,NA,16.72220000000000,17.17640000000000,1.58760000000000,4.79290000000000,5.0293,NA,50920.1776,16.7961,15.2085,1.5876,16.1297,3.8717,3.7746,0.0971,-0.1814,50920.1776,NA,NA
gamemd.exe,18224,0x42C3CE0,D3D9,0,0,1,Hardware: Independent Flip,50951.7640,NA,16.37790000000000,16.27980000000000,1.93110000000000,4.78410000000000,4.9312,NA,50936.9737,16.7214,14.7903,1.9311,15.6654,3.9090,3.7595,0.1495,0.5163,50936.9737,NA,NA
gamemd.exe,18224,0x42C3CE0,D3D9,0,0,1,Hardware: Independent Flip,50968.4307,NA,16.66670000000000,16.26060000000000,1.23580000000000,4.39250000000000,4.5251,NA,50953.6951,15.9714,14.7356,1.2358,15.4648,3.6633,3.5609,0.1024,0.4608,50953.6951,NA,NA
gamemd.exe,18224,0x42C3CE0,D3D9,0,0,1,Hardware: Independent Flip,50985.1962,NA,16.76550000000000,16.42170000000000,0.83900000000000,4.05290000000000,4.1813,NA,50969.6665,16.3687,15.5297,0.8390,15.9304,3.6522,3.5995,0.0527,-0.4503,50969.6665,NA,NA
gamemd.exe,18224,0x42C3CE0,D3D9,0,0,1,Hardware: Independent Flip,51001.9119,NA,16.71570000000000,16.63030000000000,0.89740000000000,3.97130000000000,4.0959,NA,50986.0352,16.7741,15.8767,0.8974,16.3003,3.5477,3.4861,0.0616,-0.2616,50986.0352,NA,NA
gamemd.exe,18224,0x42C3CE0,D3D9,0,0,1,Hardware: Independent Flip,51018.6087,NA,16.69680000000000,17.01170000000000,1.01780000000000,4.23770000000000,4.4108,NA,51002.8093,16.8172,15.7994,1.0178,16.3490,3.6881,3.6284,0.0597,-0.2376,51002.8093,NA,NA
gamemd.exe,18224,0x42C3CE0,D3D9,0,0,1,Hardware: Independent Flip,51035.6606,NA,17.05190000000000,17.77410000000000,1.57660000000000,4.99810000000000,5.1330,NA,51019.6265,17.6107,16.0341,1.5766,16.6583,4.3739,4.2688,0.1051,-0.9569,51019.6265,NA,NA
gamemd.exe,18224,0x42C3CE0,D3D9,0,0,1,Hardware: Independent Flip,51052.1637,NA,16.50310000000000,16.25300000000000,2.20390000000000,4.76370000000000,4.8829,NA,51037.2372,17.1304,14.9265,2.2039,15.8898,3.8004,3.7314,0.0690,1.3577,51037.2372,NA,NA
gamemd.exe,18224,0x42C3CE0,D3D9,0,0,1,Hardware: Independent Flip,51068.7247,NA,16.56100000000000,15.95850000000000,1.00760000000000,4.16080000000000,4.2804,NA,51054.3676,15.3647,14.3571,1.0076,14.7783,3.7396,3.6433,0.0963,1.1719,51054.3676,NA,NA
gamemd.exe,18224,0x42C3CE0,D3D9,0,0,1,Hardware: Independent Flip,51085.3636,NA,16.63890000000000,16.35290000000000,0.79470000000000,3.86090000000000,3.9944,NA,51069.7323,16.4260,15.6313,0.7947,16.0032,3.4890,3.4275,0.0615,-0.9882,51069.7323,NA,NA
gamemd.exe,18224,0x42C3CE0,D3D9,0,0,1,Hardware: Independent Flip,51101.8311,NA,16.46750000000000,16.84640000000000,1.10830000000000,4.26410000000000,4.3733,NA,51086.1583,16.7811,15.6728,1.1083,16.3526,3.5843,3.5375,0.0468,-0.4204,51086.1583,NA,NA
gamemd.exe,18224,0x42C3CE0,D3D9,0,0,1,Hardware: Independent Flip,51118.6510,NA,16.81990000000000,16.72040000000000,0.99560000000000,4.15940000000000,4.2738,NA,51102.9394,16.7072,15.7116,0.9956,16.2747,3.5963,3.5452,0.0511,0.0607,51102.9394,NA,NA
gamemd.exe,18224,0x42C3CE0,D3D9,0,0,1,Hardware: Independent Flip,51135.7786,NA,17.12760000000000,17.45110000000000,1.32250000000000,4.39220000000000,4.5973,NA,51119.6466,17.4545,16.1320,1.3225,16.8223,3.7019,3.6127,0.0892,-0.7439,51119.6466,NA,NA
gamemd.exe,18224,0x42C3CE0,D3D9,0,0,1,Hardware: Independent Flip,51152.9990,NA,17.22040000000000,17.76650000000000,1.52700000000000,4.92030000000000,5.1434,NA,51137.1011,17.4249,15.8979,1.5270,16.5461,4.2721,3.7459,0.5262,-0.3120,51137.1011,NA,NA
gamemd.exe,18224,0x42C3CE0,D3D9,0,0,1,Hardware: Independent Flip,51168.5716,NA,15.57260000000000,15.19210000000000,1.67340000000000,4.65230000000000,4.7629,NA,51154.5260,15.7190,14.0456,1.6734,14.7480,3.9499,3.8003,0.1496,2.2328,51154.5260,NA,NA
gamemd.exe,18224,0x42C3CE0,D3D9,0,0,1,Hardware: Independent Flip,51185.5356,NA,16.96400000000000,16.41590000000000,0.91080000000000,4.09550000000000,4.2148,NA,51170.2450,16.2014,15.2906,0.9108,15.7187,3.6674,3.5992,0.0682,-0.6969,51170.2450,NA,NA
gamemd.exe,18224,0x42C3CE0,D3D9,0,0,1,Hardware: Independent Flip,51202.3709,NA,16.83530000000000,16.76930000000000,0.83600000000000,4.03530000000000,4.1488,NA,51186.4464,16.7605,15.9245,0.8360,16.3515,3.6083,3.5649,0.0434,-0.5679,51186.4464,NA,NA
gamemd.exe,18224,0x42C3CE0,D3D9,0,0,1,Hardware: Independent Flip,51218.9949,NA,16.62400000000000,16.56900000000000,0.81560000000000,3.97100000000000,4.0938,NA,51203.2069,16.6036,15.7880,0.8156,16.1688,3.5902,3.5275,0.0627,0.1915,51203.2069,NA,NA
gamemd.exe,18224,0x42C3CE0,D3D9,0,0,1,Hardware: Independent Flip,51235.7787,NA,16.78380000000000,17.07690000000000,0.92390000000000,4.20980000000000,4.3869,NA,51219.8105,16.8921,15.9682,0.9239,16.4716,3.7064,3.6541,0.0523,-0.4733,51219.8105,NA,NA
gamemd.exe,18224,0x42C3CE0,D3D9,0,0,1,Hardware: Independent Flip,51252.9347,NA,17.15600000000000,19.29000000000000,1.49520000000000,5.55730000000000,6.5209,NA,51236.7026,17.7273,16.2321,1.4952,16.9667,4.8227,4.2693,0.5534,-2.3979,51236.7026,NA,NA
gamemd.exe,18224,0x42C3CE0,D3D9,0,0,1,Hardware: Independent Flip,51268.6477,NA,15.71300000000000,14.07110000000000,1.81740000000000,4.71240000000000,4.8790,NA,51254.4299,16.0352,14.2178,1.8174,15.0079,3.9223,3.8336,0.0887,3.6562,51254.4299,NA,NA
gamemd.exe,18224,0x42C3CE0,D3D9,0,0,1,Hardware: Independent Flip,51285.6484,NA,17.00070000000000,16.28700000000000,1.42320000000000,4.05490000000000,4.1653,NA,51270.4651,16.6065,15.1833,1.4232,15.6814,3.5568,3.5068,0.0500,-0.2518,51270.4651,NA,NA
gamemd.exe,18224,0x42C3CE0,D3D9,0,0,1,Hardware: Independent Flip,51302.1277,NA,16.47930000000000,16.54900000000000,0.85280000000000,4.11890000000000,4.2350,NA,51287.0716,15.9089,15.0561,0.8528,15.4959,3.6791,3.6151,0.0640,0.0575,51287.0716,NA,NA
gamemd.exe,18224,0x42C3CE0,D3D9,0,0,1,Hardware: Independent Flip,51318.4470,NA,16.31930000000000,16.37900000000000,0.93850000000000,4.11520000000000,4.2947,NA,51302.9805,16.4050,15.4665,0.9385,15.9272,3.6545,3.6050,0.0495,-0.4701,51302.9805,NA,NA
gamemd.exe,18224,0x42C3CE0,D3D9,0,0,1,Hardware: Independent Flip,51335.2070,NA,16.76000000000000,16.87670000000000,1.12700000000000,4.20830000000000,4.4114,NA,51319.3855,16.9485,15.8215,1.1270,16.3196,3.7102,3.6286,0.0816,-0.4717,51319.3855,NA,NA
gamemd.exe,18224,0x42C3CE0,D3D9,0,0,1,Hardware: Independent Flip,51351.8471,NA,16.64010000000000,17.76650000000000,1.42410000000000,5.34130000000000,5.5378,NA,51336.3340,16.9372,15.5131,1.4241,16.1982,4.6562,4.0801,0.5761,-0.8180,51336.3340,NA,NA
gamemd.exe,18224,0x42C3CE0,D3D9,0,0,1,Hardware: Independent Flip,51368.4709,NA,16.62380000000000,16.03620000000000,1.41990000000000,4.81030000000000,4.9502,NA,51353.2712,16.6196,15.1997,1.4199,15.8000,4.2100,4.0959,0.1141,0.9010,51353.2712,NA,NA
gamemd.exe,18224,0x42C3CE0,D3D9,0,0,1,Hardware: Independent Flip,51385.1075,NA,16.63660000000000,15.87420000000000,0.82760000000000,4.05640000000000,4.1878,NA,51369.8908,16.0443,15.2167,0.8276,15.6196,3.6535,3.5947,0.0588,0.7454,51369.8908,NA,NA
gamemd.exe,18224,0x42C3CE0,D3D9,0,0,1,Hardware: Independent Flip,51401.8131,NA,16.70560000000000,16.89140000000000,1.11760000000000,4.25900000000000,4.3736,NA,51385.9351,16.9956,15.8780,1.1176,16.4474,3.6896,3.6113,0.0783,-0.8471,51385.9351,NA,NA
gamemd.exe,18224,0x42C3CE0,D3D9,0,0,1,Hardware: Independent Flip,51418.5490,NA,16.73590000000000,16.35000000000000,0.98800000000000,3.82010000000000,3.9877,NA,51402.9307,16.6063,15.6183,0.9880,15.9969,3.4415,3.3824,0.0591,0.6456,51402.9307,NA,NA
gamemd.exe,18224,0x42C3CE0,D3D9,0,0,1,Hardware: Independent Flip,51435.1172,NA,16.56820000000000,16.71890000000000,0.89250000000000,4.02070000000000,4.1384,NA,51419.5370,16.4727,15.5802,0.8925,16.0021,3.5988,3.5240,0.0748,-0.1126,51419.5370,NA,NA
gamemd.exe,18224,0x42C3CE0,D3D9,0,0,1,Hardware: Independent Flip,51452.2642,NA,17.14700000000000,18.34410000000000,2.12500000000000,5.12950000000000,5.3355,NA,51436.0097,18.3795,16.2545,2.1250,17.5639,3.8201,3.7248,0.0953,-1.8714,51436.0097,NA,NA
gamemd.exe,18224,0x42C3CE0,D3D9,0,0,1,Hardware: Independent Flip,51468.5791,NA,16.31490000000000,16.19230000000000,1.37560000000000,4.98910000000000,5.2129,NA,51454.3892,15.5655,14.1899,1.3756,14.8087,4.3703,4.2664,0.1039,2.1872,51454.3892,NA,NA
gamemd.exe,18224,0x42C3CE0,D3D9,0,0,1,Hardware: Independent Flip,51485.7236,NA,17.14450000000000,16.78030000000000,2.30750000000000,4.71570000000000,4.8487,NA,51469.9547,18.0764,15.7689,2.3075,16.5193,3.9653,3.8636,0.1017,-1.2148,51469.9547,NA,NA
gamemd.exe,18224,0x42C3CE0,D3D9,0,0,1,Hardware: Independent Flip,51502.2675,NA,16.54390000000000,16.62000000000000,1.81910000000000,4.75700000000000,4.9248,NA,51488.0311,16.0555,14.2364,1.8191,15.3807,3.6127,3.5262,0.0865,1.4564,51488.0311,NA,NA
gamemd.exe,18224,0x42C3CE0,D3D9,0,0,1,Hardware: Independent Flip,51519.0030,NA,16.73550000000000,16.02190000000000,1.11840000000000,4.09390000000000,4.2112,NA,51504.0866,16.0348,14.9164,1.1184,15.5407,3.4696,3.4219,0.0477,0.0336,51504.0866,NA,NA
gamemd.exe,18224,0x42C3CE0,D3D9,0,0,1,Hardware: Independent Flip,51535.6376,NA,16.63460000000000,16.75250000000000,1.13280000000000,4.13340000000000,4.3291,NA,51520.1214,16.6490,15.5162,1.1328,16.0097,3.6399,3.5485,0.0914,-0.7177,51520.1214,NA,NA
gamemd.exe,18224,0x42C3CE0,D3D9,0,0,1,Hardware: Independent Flip,51552.0865,NA,16.44890000000000,17.30630000000000,1.61980000000000,5.03380000000000,5.1865,NA,51536.7704,16.9359,15.3161,1.6198,16.0197,4.3302,3.7636,0.5666,-0.6573,51536.7704,NA,NA
gamemd.exe,18224,0x42C3CE0,D3D9,0,0,1,Hardware: Independent Flip,51568.3231,NA,16.23660000000000,15.58190000000000,1.43600000000000,4.39520000000000,4.5318,NA,51553.7063,16.0528,14.6168,1.4360,15.1578,3.8542,3.7732,0.0810,1.3540,51553.7063,NA,NA
gamemd.exe,18224,0x42C3CE0,D3D9,0,0,1,Hardware: Independent Flip,51585.4907,NA,17.16760000000000,16.77990000000000,1.07120000000000,4.03450000000000,4.1441,NA,51569.7591,16.8028,15.7316,1.0712,16.1991,3.5670,3.5182,0.0488,-0.7271,51569.7591,NA,NA
gamemd.exe,18224,0x42C3CE0,D3D9,0,0,1,Hardware: Independent Flip,51602.3157,NA,16.82500000000000,17.09850000000000,1.21440000000000,4.30310000000000,4.4176,NA,51586.5619,16.9682,15.7538,1.2144,16.4487,3.6082,3.5533,0.0549,-0.2957,51586.5619,NA,NA
gamemd.exe,18224,0x42C3CE0,D3D9,0,0,1,Hardware: Independent Flip,51618.7356,NA,16.41990000000000,16.16920000000000,0.87250000000000,4.04640000000000,4.1669,NA,51603.5301,16.0780,15.2055,0.8725,15.6174,3.6345,3.5820,0.0525,0.7990,51603.5301,NA,NA
gamemd.exe,18224,0x42C3CE0,D3D9,0,0,1,Hardware: Independent Flip,51635.6299,NA,16.89430000000000,16.88470000000000,0.77680000000000,4.03620000000000,4.1573,NA,51619.6081,16.7986,16.0218,0.7768,16.3955,3.6625,3.6071,0.0554,-0.8067,51619.6081,NA,NA
gamemd.exe,18224,0x42C3CE0,D3D9,0,0,1,Hardware: Independent Flip,51651.9197,NA,16.28980000000000,17.03390000000000,1.73290000000000,4.70620000000000,4.9014,NA,51636.4067,17.2459,15.5130,1.7329,16.2544,3.9648,3.8726,0.0922,-0.2353,51636.4067,NA,NA
gamemd.exe,18224,0x42C3CE0,D3D9,0,0,1,Hardware: Independent Flip,51669.1636,NA,17.24390000000000,17.53470000000000,1.51310000000000,4.87270000000000,5.1922,NA,51653.6526,17.0241,15.5110,1.5131,16.1211,4.2626,3.9752,0.2874,-0.2888,51653.6526,NA,NA
gamemd.exe,18224,0x42C3CE0,D3D9,0,0,1,Hardware: Independent Flip,51685.2130,NA,16.04940000000000,15.43820000000000,1.71390000000000,4.44530000000000,4.5810,NA,51670.6767,16.2502,14.5363,1.7139,15.3075,3.6741,3.6000,0.0741,1.5859,51670.6767,NA,NA
gamemd.exe,18224,0x42C3CE0,D3D9,0,0,1,Hardware: Independent Flip,51701.8752,NA,16.66220000000000,16.62960000000000,1.20460000000000,4.42230000000000,4.5484,NA,51686.9269,16.1529,14.9483,1.2046,15.7094,3.6612,3.5978,0.0634,-0.3794,51686.9269,NA,NA
gamemd.exe,18224,0x42C3CE0,D3D9,0,0,1,Hardware: Independent Flip,51718.5224,NA,16.64720000000000,16.64340000000000,1.43420000000000,4.41560000000000,4.5446,NA,51703.0798,16.8768,15.4426,1.4342,15.9765,3.8817,3.8146,0.0671,-0.4905,51703.0798,NA,NA
gamemd.exe,18224,0x42C3CE0,D3D9,0,0,1,Hardware: Independent Flip,51734.9958,NA,16.47340000000000,16.18980000000000,0.80270000000000,4.09000000000000,4.2610,NA,51719.9566,15.8419,15.0392,0.8027,15.4274,3.7018,3.6326,0.0692,0.6870,51719.9566,NA,NA
gamemd.exe,18224,0x42C3CE0,D3D9,0,0,1,Hardware: Independent Flip,51751.9719,NA,16.97610000000000,17.79010000000000,1.63860000000000,4.92790000000000,5.0750,NA,51735.7985,17.8120,16.1734,1.6386,16.8762,4.2251,4.1270,0.0981,-1.9482,51735.7985,NA,NA
gamemd.exe,18224,0x42C3CE0,D3D9,0,0,1,Hardware: Independent Flip,51768.6907,NA,16.71880000000000,16.45030000000000,1.33790000000000,4.68470000000000,4.8065,NA,51753.6105,16.4181,15.0802,1.3379,15.6525,4.1124,3.9643,0.1481,1.3617,51753.6105,NA,NA
gamemd.exe,18224,0x42C3CE0,D3D9,0,0,1,Hardware: Independent Flip,51784.9610,NA,16.27030000000000,15.54820000000000,0.84240000000000,3.95360000000000,4.0844,NA,51770.0286,15.7748,14.9324,0.8424,15.3621,3.5239,3.4319,0.0920,0.8699,51770.0286,NA,NA
gamemd.exe,18224,0x42C3CE0,D3D9,0,0,1,Hardware: Independent Flip,51801.7242,NA,16.76320000000000,16.85170000000000,1.03250000000000,4.05710000000000,4.1729,NA,51785.8034,16.9533,15.9208,1.0325,16.3503,3.6276,3.5645,0.0631,-1.0769,51785.8034,NA,NA
gamemd.exe,18224,0x42C3CE0,D3D9,0,0,1,Hardware: Independent Flip,51818.7082,NA,16.98400000000000,17.21570000000000,1.16000000000000,4.28010000000000,4.4046,NA,51802.7567,17.1115,15.9515,1.1600,16.6122,3.6194,3.5500,0.0694,-0.2624,51802.7567,NA,NA
gamemd.exe,18224,0x42C3CE0,D3D9,0,0,1,Hardware: Independent Flip,51835.4520,NA,16.74380000000000,16.41460000000000,0.97690000000000,3.96530000000000,4.0754,NA,51819.8682,16.5607,15.5838,0.9769,16.0020,3.5471,3.4899,0.0572,0.6969,51819.8682,NA,NA
gamemd.exe,18224,0x42C3CE0,D3D9,0,0,1,Hardware: Independent Flip,51852.2765,NA,16.82450000000000,17.21480000000000,1.21510000000000,4.28340000000000,4.4657,NA,51836.4289,17.0627,15.8476,1.2151,16.4214,3.7096,3.6229,0.0867,-0.6541,51836.4289,NA,NA
gamemd.exe,18224,0x42C3CE0,D3D9,0,0,1,Hardware: Independent Flip,51868.6647,NA,16.38820000000000,16.90570000000000,2.68630000000000,4.85360000000000,4.9832,NA,51853.4916,17.8594,15.1731,2.6863,16.0014,4.0253,3.9518,0.0735,0.1570,51853.4916,NA,NA
gamemd.exe,18224,0x42C3CE0,D3D9,0,0,1,Hardware: Independent Flip,51885.8028,NA,17.13810000000000,16.30270000000000,0.96930000000000,4.03690000000000,4.1478,NA,51871.3510,15.4211,14.4518,0.9693,14.9225,3.5662,3.4990,0.0672,1.5567,51871.3510,NA,NA
gamemd.exe,18224,0x42C3CE0,D3D9,0,0,1,Hardware: Independent Flip,51901.7546,NA,15.95180000000000,16.06240000000000,0.97320000000000,4.14700000000000,4.2584,NA,51886.7721,15.9557,14.9825,0.9732,15.4230,3.7065,3.6478,0.0587,-0.6413,51886.7721,NA,NA
gamemd.exe,18224,0x42C3CE0,D3D9,0,0,1,Hardware: Independent Flip,51918.6465,NA,16.89190000000000,17.53410000000000,1.82150000000000,4.74790000000000,4.9006,NA,51902.7278,17.7402,15.9187,1.8215,17.0104,3.6562,3.6088,0.0474,-1.5784,51902.7278,NA,NA
gamemd.exe,18224,0x42C3CE0,D3D9,0,0,1,Hardware: Independent Flip,51935.0888,NA,16.44230000000000,15.70380000000000,0.89540000000000,4.03320000000000,4.1621,NA,51920.4680,15.5162,14.6208,0.8954,15.0419,3.6121,3.5765,0.0356,2.0364,51920.4680,NA,NA
gamemd.exe,18224,0x42C3CE0,D3D9,0,0,1,Hardware: Independent Flip,51951.7743,NA,16.68550000000000,17.72650000000000,1.40510000000000,5.04000000000000,5.2031,NA,51935.9842,17.1952,15.7901,1.4051,16.3762,4.4539,3.8153,0.6386,-2.2103,51935.9842,NA,NA
gamemd.exe,18224,0x42C3CE0,D3D9,0,0,1,Hardware: Independent Flip,51968.6919,NA,16.91760000000000,16.40090000000000,1.76450000000000,4.57080000000000,4.6864,NA,51953.1794,17.2770,15.5125,1.7645,16.4976,3.5857,3.5119,0.0738,0.7943,51953.1794,NA,NA
gamemd.exe,18224,0x42C3CE0,D3D9,0,0,1,Hardware: Independent Flip,51985.1569,NA,16.46500000000000,15.74610000000000,1.03440000000000,3.85210000000000,3.9675,NA,51970.4564,15.7349,14.7005,1.0344,15.1219,3.4307,3.3784,0.0523,1.5309,51970.4564,NA,NA
gamemd.exe,18224,0x42C3CE0,D3D9,0,0,1,Hardware: Independent Flip,52001.9739,NA,16.81700000000000,17.04110000000000,0.88710000000000,4.07810000000000,4.1916,NA,51986.1913,16.6697,15.7826,0.8871,16.2169,3.6438,3.5870,0.0568,-1.3062,51986.1913,NA,NA
gamemd.exe,18224,0x42C3CE0,D3D9,0,0,1,Hardware: Independent Flip,52018.9420,NA,16.96810000000000,16.93030000000000,0.79630000000000,4.02830000000000,4.1538,NA,52002.8610,16.8773,16.0810,0.7963,16.4606,3.6487,3.5808,0.0679,-0.2606,52002.8610,NA,NA
gamemd.exe,18224,0x42C3CE0,D3D9,0,0,1,Hardware: Independent Flip,52035.1210,NA,16.17900000000000,16.24700000000000,0.91470000000000,4.11180000000000,4.2218,NA,52019.7383,16.2974,15.3827,0.9147,15.7942,3.7003,3.6392,0.0611,0.6303,52019.7383,NA,NA
gamemd.exe,18224,0x42C3CE0,D3D9,0,0,1,Hardware: Independent Flip,52051.7458,NA,16.62480000000000,16.81030000000000,1.16510000000000,4.29440000000000,4.4073,NA,52036.0357,16.8752,15.7101,1.1651,16.4287,3.5758,3.5209,0.0549,-0.5129,52036.0357,NA,NA
gamemd.exe,18224,0x42C3CE0,D3D9,0,0,1,Hardware: Independent Flip,52068.7128,NA,16.96700000000000,17.07280000000000,1.20760000000000,4.31600000000000,4.5131,NA,52052.9109,17.0095,15.8019,1.2076,16.3048,3.8131,3.7102,0.1029,-0.1976,52052.9109,NA,NA
gamemd.exe,18224,0x42C3CE0,D3D9,0,0,1,Hardware: Independent Flip,52085.5353,NA,16.82250000000000,16.97330000000000,1.90230000000000,4.53160000000000,4.6639,NA,52069.9204,17.5172,15.6149,1.9023,16.2840,3.8625,3.7790,0.0835,0.0362,52069.9204,NA,NA
gamemd.exe,18224,0x42C3CE0,D3D9,0,0,1,Hardware: Independent Flip,52101.9386,NA,16.40330000000000,16.24270000000000,1.66710000000000,4.39380000000000,4.5033,NA,52087.4376,16.1681,14.5010,1.6671,15.1266,3.7682,3.7119,0.0563,1.2745,52087.4376,NA,NA
gamemd.exe,18224,0x42C3CE0,D3D9,0,0,1,Hardware: Independent Flip,52118.6211,NA,16.68250000000000,16.27110000000000,0.83060000000000,3.95460000000000,4.0919,NA,52103.6057,15.8460,15.0154,0.8306,15.3833,3.5867,3.5171,0.0696,-0.1030,52103.6057,NA,NA
gamemd.exe,18224,0x42C3CE0,D3D9,0,0,1,Hardware: Independent Flip,52135.4462,NA,16.82510000000000,16.85770000000000,0.79200000000000,3.99420000000000,4.1245,NA,52119.4517,16.7865,15.9945,0.7920,16.3636,3.6251,3.5541,0.0710,-1.0117,52119.4517,NA,NA
gamemd.exe,18224,0x42C3CE0,D3D9,0,0,1,Hardware: Independent Flip,52152.0550,NA,16.60880000000000,17.52200000000000,2.38020000000000,4.86220000000000,5.0377,NA,52136.2382,18.1970,15.8168,2.3802,16.8219,3.8571,3.7276,0.1295,-0.7355,52136.2382,NA,NA
gamemd.exe,18224,0x42C3CE0,D3D9,0,0,1,Hardware: Independent Flip,52168.4214,NA,16.36640000000000,16.20170000000000,1.60840000000000,4.70390000000000,4.8730,NA,52154.4352,15.5946,13.9862,1.6084,14.5975,4.0926,3.9465,0.1461,1.9953,52154.4352,NA,NA
gamemd.exe,18224,0x42C3CE0,D3D9,0,0,1,Hardware: Independent Flip,52185.3068,NA,16.88540000000000,16.19820000000000,1.06560000000000,3.98500000000000,4.1858,NA,52170.0298,16.3426,15.2770,1.0656,15.7559,3.5061,3.4444,0.0617,-0.6036,52170.0298,NA,NA
gamemd.exe,18224,0x42C3CE0,D3D9,0,0,1,Hardware: Independent Flip,52201.5855,NA,16.27870000000000,16.31680000000000,1.07610000000000,4.07470000000000,4.2239,NA,52186.3724,16.2892,15.2131,1.0761,15.6426,3.6452,3.5827,0.0625,0.0258,52186.3724,NA,NA
gamemd.exe,18224,0x42C3CE0,D3D9,0,0,1,Hardware: Independent Flip,52218.2996,NA,16.71410000000000,16.57220000000000,1.01090000000000,3.94990000000000,4.0820,NA,52202.6616,16.6489,15.6380,1.0109,16.0813,3.5066,3.4528,0.0538,-0.2830,52202.6616,NA,NA
gamemd.exe,18224,0x42C3CE0,D3D9,0,0,1,Hardware: Independent Flip,52235.2787,NA,16.97910000000000,17.08750000000000,0.99680000000000,4.07110000000000,4.1904,NA,52219.3105,16.9650,15.9682,0.9968,16.4927,3.5466,3.4955,0.0511,-0.4386,52219.3105,NA,NA
gamemd.exe,18224,0x42C3CE0,D3D9,0,0,1,Hardware: Independent Flip,52251.8603,NA,16.58160000000000,16.61390000000000,1.11420000000000,4.10980000000000,4.2227,NA,52236.2755,16.6990,15.5848,1.1142,16.0263,3.6683,3.5831,0.0852,0.3511,52236.2755,NA,NA
gamemd.exe,18224,0x42C3CE0,D3D9,0,0,1,Hardware: Independent Flip,52268.7566,NA,16.89630000000000,16.86510000000000,0.89130000000000,4.06620000000000,4.1915,NA,52252.9745,16.6734,15.7821,0.8913,16.1819,3.6664,3.6060,0.0604,-0.1661,52252.9745,NA,NA
gamemd.exe,18224,0x42C3CE0,D3D9,0,0,1,Hardware: Independent Flip,52285.3316,NA,16.57500000000000,16.78870000000000,1.27020000000000,4.20470000000000,4.4052,NA,52269.6479,16.9539,15.6837,1.2702,16.2803,3.6081,3.5249,0.0832,-0.1153,52269.6479,NA,NA
gamemd.exe,18224,0x42C3CE0,D3D9,0,0,1,Hardware: Independent Flip,52301.8948,NA,16.56320000000000,17.19610000000000,1.91150000000000,4.88980000000000,5.0381,NA,52286.6018,17.2045,15.2930,1.9115,16.1123,4.0705,3.9810,0.0895,-0.2422,52286.6018,NA,NA
gamemd.exe,18224,0x42C3CE0,D3D9,0,0,1,Hardware: Independent Flip,52318.7831,NA,16.88830000000000,16.70640000000000,2.19070000000000,4.74080000000000,4.8562,NA,52303.8063,17.1675,14.9768,2.1907,15.8941,3.8235,3.7320,0.0915,0.4981,52303.8063,NA,NA
gamemd.exe,18224,0x42C3CE0,D3D9,0,0,1,Hardware: Independent Flip,52335.4997,NA,16.71660000000000,15.99120000000000,0.91680000000000,4.02250000000000,4.1308,NA,52320.9738,15.4427,14.5259,0.9168,14.9417,3.6067,3.5599,0.0468,1.1763,52320.9738,NA,NA
gamemd.exe,18224,0x42C3CE0,D3D9,0,0,1,Hardware: Independent Flip,52352.1535,NA,16.65380000000000,16.71150000000000,1.03540000000000,4.07680000000000,4.1885,NA,52336.4165,16.7724,15.7370,1.0354,16.2877,3.5261,3.4744,0.0517,-1.2688,52336.4165,NA,NA
gamemd.exe,18224,0x42C3CE0,D3D9,0,0,1,Hardware: Independent Flip,52369.2620,NA,17.10850000000000,17.22350000000000,1.13020000000000,4.15080000000000,4.3035,NA,52353.1889,17.2033,16.0731,1.1302,16.5987,3.6252,3.5442,0.0810,-0.4511,52353.1889,NA,NA
gamemd.exe,18224,0x42C3CE0,D3D9,0,0,1,Hardware: Independent Flip,52385.1282,NA,15.86620000000000,16.57940000000000,1.55920000000000,4.86890000000000,5.0167,NA,52370.3922,16.2952,14.7360,1.5592,15.5068,4.0981,3.9742,0.1239,0.6239,52370.3922,NA,NA
gamemd.exe,18224,0x42C3CE0,D3D9,0,0,1,Hardware: Independent Flip,52401.9503,NA,16.82210000000000,16.48810000000000,1.95430000000000,4.57360000000000,4.6827,NA,52386.6874,17.2172,15.2629,1.9543,16.1077,3.7288,3.6672,0.0616,-0.1929,52386.6874,NA,NA
gamemd.exe,18224,0x42C3CE0,D3D9,0,0,1,Hardware: Independent Flip,52418.7971,NA,16.84680000000000,16.35110000000000,0.86120000000000,4.06830000000000,4.1870,NA,52403.9046,15.7537,14.8925,0.8612,15.2771,3.6837,3.5998,0.0839,0.8661,52403.9046,NA,NA
gamemd.exe,18224,0x42C3CE0,D3D9,0,0,1,Hardware: Independent Flip,52435.1941,NA,16.39700000000000,16.33040000000000,0.87090000000000,4.00440000000000,4.1204,NA,52419.6583,16.4067,15.5358,0.8709,15.9623,3.5779,3.5403,0.0376,-0.5767,52419.6583,NA,NA
gamemd.exe,18224,0x42C3CE0,D3D9,0,0,1,Hardware: Independent Flip,52451.9346,NA,16.74050000000000,16.83100000000000,0.93800000000000,4.03680000000000,4.2109,NA,52436.0650,16.8076,15.8696,0.9380,16.3786,3.5278,3.4903,0.0375,-0.4243,52436.0650,NA,NA
gamemd.exe,18224,0x42C3CE0,D3D9,0,0,1,Hardware: Independent Flip,52468.5986,NA,16.66400000000000,16.82280000000000,0.95910000000000,4.19760000000000,4.3697,NA,52452.8726,16.6851,15.7260,0.9591,16.2493,3.6743,3.6338,0.0405,-0.0152,52452.8726,NA,NA
gamemd.exe,18224,0x42C3CE0,D3D9,0,0,1,Hardware: Independent Flip,52485.5596,NA,16.96100000000000,16.50760000000000,0.81730000000000,3.78280000000000,3.9163,NA,52469.5577,16.8192,16.0019,0.8173,16.3843,3.4004,3.3448,0.0556,0.1775,52469.5577,NA,NA
gamemd.exe,18224,0x42C3CE0,D3D9,0,0,1,Hardware: Independent Flip,52502.1373,NA,16.57770000000000,17.66740000000000,2.11950000000000,4.83060000000000,5.0060,NA,52486.3769,17.8799,15.7604,2.1195,16.5899,4.0011,3.9225,0.0786,-0.8482,52486.3769,NA,NA
gamemd.exe,18224,0x42C3CE0,D3D9,0,0,1,Hardware: Independent Flip,52518.7421,NA,16.60480000000000,16.57880000000000,1.73290000000000,4.80260000000000,4.9800,NA,52504.2568,16.2182,14.4853,1.7329,15.4577,3.8302,3.7537,0.0765,1.3011,52504.2568,NA,NA
gamemd.exe,18224,0x42C3CE0,D3D9,0,0,1,Hardware: Independent Flip,52535.5567,NA,16.81460000000000,16.08530000000000,0.81800000000000,4.09460000000000,4.2507,NA,52520.4750,15.8997,15.0817,0.8180,15.4784,3.6979,3.6460,0.0519,0.1329,52520.4750,NA,NA
gamemd.exe,18224,0x42C3CE0,D3D9,0,0,1,Hardware: Independent Flip,52551.6778,NA,16.12110000000000,16.04390000000000,0.95640000000000,4.03920000000000,4.1735,NA,52536.3747,16.2595,15.3031,0.9564,15.7034,3.6389,3.5558,0.0831,-0.1442,52536.3747,NA,NA
gamemd.exe,18224,0x42C3CE0,D3D9,0,0,1,Hardware: Independent Flip,52568.5323,NA,16.85450000000000,16.95160000000000,0.81640000000000,4.12740000000000,4.2706,NA,52552.6342,16.7145,15.8981,0.8164,16.2664,3.7591,3.7003,0.0588,-0.6921,52552.6342,NA,NA
gamemd.exe,18224,0x42C3CE0,D3D9,0,0,1,Hardware: Independent Flip,52585.3389,NA,16.80660000000000,17.00290000000000,1.30230000000000,4.27070000000000,4.4669,NA,52569.3487,17.2925,15.9902,1.3023,16.4538,3.8071,3.7143,0.0928,-0.2884,52569.3487,NA,NA
gamemd.exe,18224,0x42C3CE0,D3D9,0,0,1,Hardware: Independent Flip,52602.1105,NA,16.77160000000000,17.46530000000000,1.85290000000000,4.98620000000000,5.1606,NA,52586.6412,17.3222,15.4693,1.8529,16.7455,3.7100,3.6419,0.0681,-0.1728,52586.6412,NA,NA
gamemd.exe,18224,0x42C3CE0,D3D9,0,0,1,Hardware: Independent Flip,52618.8076,NA,16.69710000000000,15.84230000000000,1.10240000000000,4.18480000000000,4.3058,NA,52603.9634,15.9466,14.8442,1.1024,15.4158,3.6132,3.5284,0.0848,1.4799,52603.9634,NA,NA
gamemd.exe,18224,0x42C3CE0,D3D9,0,0,1,Hardware: Independent Flip,52635.3312,NA,16.52360000000000,16.42340000000000,0.92610000000000,4.09360000000000,4.2056,NA,52619.9100,16.3473,15.4212,0.9261,15.8295,3.6853,3.6013,0.0840,-0.4768,52619.9100,NA,NA
gamemd.exe,18224,0x42C3CE0,D3D9,0,0,1,Hardware: Independent Flip,52652.3618,NA,17.03060000000000,17.11450000000000,1.08050000000000,4.18030000000000,4.2895,NA,52636.2573,17.1850,16.1045,1.0805,16.7046,3.5802,3.5208,0.0594,-0.7672,52636.2573,NA,NA
gamemd.exe,18224,0x42C3CE0,D3D9,0,0,1,Hardware: Independent Flip,52668.4670,NA,16.10520000000000,15.86510000000000,0.90670000000000,3.89730000000000,4.0494,NA,52653.4423,15.9314,15.0247,0.9067,15.4121,3.5099,3.4631,0.0468,1.3199,52653.4423,NA,NA
gamemd.exe,18224,0x42C3CE0,D3D9,0,0,1,Hardware: Independent Flip,52685.3465,NA,16.87950000000000,16.99870000000000,0.95650000000000,4.02990000000000,4.1686,NA,52669.3737,16.9293,15.9728,0.9565,16.4200,3.5827,3.5272,0.0555,-1.0673,52669.3737,NA,NA
gamemd.exe,18224,0x42C3CE0,D3D9,0,0,1,Hardware: Independent Flip,52702.1940,NA,16.84750000000000,17.79390000000000,2.17710000000000,4.91480000000000,5.1150,NA,52686.3030,18.0681,15.8910,2.1771,16.7537,4.0521,3.9739,0.0782,-0.8646,52686.3030,NA,NA
gamemd.exe,18224,0x42C3CE0,D3D9,0,0,1,Hardware: Independent Flip,52719.1643,NA,16.97030000000000,16.63590000000000,1.94500000000000,4.62390000000000,4.7806,NA,52704.3711,16.7382,14.7932,1.9450,15.6541,3.7630,3.6905,0.0725,1.4322,52704.3711,NA,NA
gamemd.exe,18224,0x42C3CE0,D3D9,0,0,1,Hardware: Independent Flip,52735.3428,NA,16.17850000000000,15.99420000000000,1.45790000000000,4.49030000000000,4.5963,NA,52721.1093,15.6914,14.2335,1.4579,15.0207,3.7031,3.6102,0.0929,0.7440,52721.1093,NA,NA
gamemd.exe,18224,0x42C3CE0,D3D9,0,0,1,Hardware: Independent Flip,52751.9611,NA,16.61830000000000,16.32670000000000,1.30840000000000,4.14740000000000,4.3047,NA,52736.8007,16.4688,15.1604,1.3084,15.8734,3.4344,3.3487,0.0857,-0.6353,52736.8007,NA,NA
gamemd.exe,18224,0x42C3CE0,D3D9,0,0,1,Hardware: Independent Flip,52769.1141,NA,17.15300000000000,17.46290000000000,1.31010000000000,4.42480000000000,4.6146,NA,52753.2695,17.1547,15.8446,1.3101,16.4969,3.7725,3.6701,0.1024,-0.9941,52753.2695,NA,NA
gamemd.exe,18224,0x42C3CE0,D3D9,0,0,1,Hardware: Independent Flip,52785.2773,NA,16.16320000000000,16.48990000000000,1.76580000000000,4.76320000000000,4.9413,NA,52770.4242,16.6189,14.8531,1.7658,15.6176,3.9987,3.9005,0.0982,0.6648,52770.4242,NA,NA
gamemd.exe,18224,0x42C3CE0,D3D9,0,0,1,Hardware: Independent Flip,52801.8645,NA,16.58720000000000,16.43750000000000,1.62250000000000,4.64800000000000,4.7916,NA,52787.0431,16.4439,14.8214,1.6225,15.3914,4.0780,3.9741,0.1039,0.1814,52787.0431,NA,NA
gamemd.exe,18224,0x42C3CE0,D3D9,0,0,1,Hardware: Independent Flip,52818.5908,NA,16.72630000000000,16.95240000000000,1.73570000000000,4.81900000000000,5.0177,NA,52803.4870,16.8395,15.1038,1.7357,15.6972,4.2256,4.1138,0.1118,-0.5085,52803.4870,NA,NA
gamemd.exe,18224,0x42C3CE0,D3D9,0,0,1,Hardware: Independent Flip,52835.3670,NA,16.77620000000000,16.61850000000000,1.57520000000000,4.68260000000000,4.8600,NA,52820.3265,16.6157,15.0405,1.5752,15.5822,4.1409,4.0200,0.1209,0.2210,52820.3265,NA,NA
gamemd.exe,18224,0x42C3CE0,D3D9,0,0,1,Hardware: Independent Flip,52852.2562,NA,16.88920000000000,17.32420000000000,1.39280000000000,5.07080000000000,5.2950,NA,52836.9422,16.7068,15.3140,1.3928,15.9013,4.4835,3.8365,0.6470,-0.7085,52836.9422,NA,NA
gamemd.exe,18224,0x42C3CE0,D3D9,0,0,1,Hardware: Independent Flip,52868.8387,NA,16.58250000000000,15.91240000000000,2.19410000000000,4.47390000000000,4.6249,NA,52853.6490,17.3838,15.1897,2.1941,15.8153,3.8483,3.7468,0.1015,0.7944,52853.6490,NA,NA
gamemd.exe,18224,0x42C3CE0,D3D9,0,0,1,Hardware: Independent Flip,52885.8715,NA,17.03280000000000,16.50360000000000,1.10700000000000,3.93860000000000,4.0957,NA,52871.0328,15.9457,14.8387,1.1070,15.3632,3.4141,3.3162,0.0979,0.8802,52871.0328,NA,NA
gamemd.exe,18224,0x42C3CE0,D3D9,0,0,1,Hardware: Independent Flip,52902.4016,NA,16.53010000000000,17.34490000000000,2.09630000000000,4.73630000000000,4.9105,NA,52886.9785,17.5194,15.4231,2.0963,16.2171,3.9423,3.8548,0.0875,-1.3992,52886.9785,NA,NA
gamemd.exe,18224,0x42C3CE0,D3D9,0,0,1,Hardware: Independent Flip,52918.5684,NA,16.16680000000000,16.94060000000000,1.31110000000000,5.42990000000000,5.6843,NA,52904.4979,15.3816,14.0705,1.3111,14.6581,4.8423,4.1981,0.6442,0.5788,52904.4979,NA,NA
gamemd.exe,18224,0x42C3CE0,D3D9,0,0,1,Hardware: Independent Flip,52935.6285,NA,17.06010000000000,17.10250000000000,1.43780000000000,5.42380000000000,5.7267,NA,52919.8795,17.1868,15.7490,1.4378,16.4149,4.7579,4.1757,0.5822,-1.7209,52919.8795,NA,NA
gamemd.exe,18224,0x42C3CE0,D3D9,0,0,1,Hardware: Independent Flip,52951.9266,NA,16.29810000000000,15.59540000000000,1.71330000000000,4.82470000000000,5.0240,NA,52937.0663,16.5736,14.8603,1.7133,15.4056,4.2794,4.1720,0.1074,1.5914,52937.0663,NA,NA
gamemd.exe,18224,0x42C3CE0,D3D9,0,0,1,Hardware: Independent Flip,52968.6027,NA,16.67610000000000,16.35320000000000,1.91060000000000,4.50340000000000,4.7011,NA,52953.6399,16.8734,14.9628,1.9106,15.7999,3.6663,3.5965,0.0698,0.2204,52953.6399,NA,NA
gamemd.exe,18224,0x42C3CE0,D3D9,0,0,1,Hardware: Independent Flip,52985.2803,NA,16.67760000000000,16.70600000000000,1.92240000000000,4.60580000000000,4.7295,NA,52970.5133,16.6894,14.7670,1.9224,15.5436,3.8292,3.7450,0.0842,0.1674,52970.5133,NA,NA
gamemd.exe,18224,0x42C3CE0,D3D9,0,0,1,Hardware: Independent Flip,53001.9082,NA,16.62790000000000,17.33580000000000,2.12030000000000,5.22510000000000,5.4374,NA,52987.2027,16.8258,14.7055,2.1203,16.0043,3.9263,3.8383,0.0880,-0.6464,52987.2027,NA,NA
gamemd.exe,18224,0x42C3CE0,D3D9,0,0,1,Hardware: Independent Flip,53018.5016,NA,16.59340000000000,16.49410000000000,2.18730000000000,5.13640000000000,5.3381,NA,53004.0285,16.6604,14.4731,2.1873,15.5296,4.0799,3.9548,0.1251,0.3317,53004.0285,NA,NA
gamemd.exe,18224,0x42C3CE0,D3D9,0,0,1,Hardware: Independent Flip,53035.3813,NA,16.87970000000000,16.57700000000000,1.39180000000000,4.84030000000000,5.0354,NA,53020.6889,16.0842,14.6924,1.3918,15.2450,4.2877,4.1946,0.0931,0.0834,53020.6889,NA,NA
gamemd.exe,18224,0x42C3CE0,D3D9,0,0,1,Hardware: Independent Flip,53051.7675,NA,16.38620000000000,16.38330000000000,2.00130000000000,4.91300000000000,5.0325,NA,53036.7731,16.9957,14.9944,2.0013,15.9211,3.9863,3.8877,0.0986,-0.2991,53036.7731,NA,NA
gamemd.exe,18224,0x42C3CE0,D3D9,0,0,1,Hardware: Independent Flip,53068.8576,NA,17.09010000000000,16.91500000000000,1.80640000000000,4.72390000000000,4.8574,NA,53053.7688,16.8952,15.0888,1.8064,16.2269,3.5858,3.4976,0.0882,0.0807,53053.7688,NA,NA
gamemd.exe,18224,0x42C3CE0,D3D9,0,0,1,Hardware: Independent Flip,53085.5348,NA,16.67720000000000,16.78840000000000,1.98890000000000,4.83480000000000,4.9686,NA,53070.6640,16.8597,14.8708,1.9889,16.2710,3.4346,3.3672,0.0674,0.1068,53070.6640,NA,NA
gamemd.exe,18224,0x42C3CE0,D3D9,0,0,1,Hardware: Independent Flip,53102.2441,NA,16.70930000000000,16.61810000000000,2.17520000000000,4.73960000000000,4.8774,NA,53087.5237,16.8956,14.7204,2.1752,15.7828,3.6772,3.6130,0.0642,0.2416,53087.5237,NA,NA
gamemd.exe,18224,0x42C3CE0,D3D9,0,0,1,Hardware: Independent Flip,53118.9237,NA,16.67960000000000,16.58180000000000,1.97990000000000,4.62430000000000,4.7796,NA,53104.4193,16.4843,14.5044,1.9799,15.4552,3.6735,3.5859,0.0876,0.3138,53104.4193,NA,NA
gamemd.exe,18224,0x42C3CE0,D3D9,0,0,1,Hardware: Independent Flip,53135.4289,NA,16.50520000000000,16.82660000000000,2.35060000000000,4.91070000000000,5.1010,NA,53120.9036,16.8759,14.5253,2.3506,15.3823,4.0537,3.9365,0.1172,-0.3423,53120.9036,NA,NA
gamemd.exe,18224,0x42C3CE0,D3D9,0,0,1,Hardware: Independent Flip,53151.9662,NA,16.53730000000000,16.58390000000000,1.77810000000000,4.96110000000000,5.1476,NA,53137.7795,15.9648,14.1867,1.7781,14.8620,4.2858,4.1784,0.1074,0.2920,53137.7795,NA,NA
gamemd.exe,18224,0x42C3CE0,D3D9,0,0,1,Hardware: Independent Flip,53169.2196,NA,17.25340000000000,18.85020000000000,1.38280000000000,5.31450000000000,6.7444,NA,53153.7443,16.8581,15.4753,1.3828,16.1054,4.6844,4.0246,0.6598,-2.8854,53153.7443,NA,NA
gamemd.exe,18224,0x42C3CE0,D3D9,0,0,1,Hardware: Independent Flip,53185.8088,NA,16.58920000000000,16.67440000000000,1.39730000000000,5.34120000000000,6.8296,NA,53170.6024,16.6037,15.2064,1.3973,15.8421,4.7055,4.0117,0.6938,0.1837,53170.6024,NA,NA
gamemd.exe,18224,0x42C3CE0,D3D9,0,0,1,Hardware: Independent Flip,53202.0147,NA,16.20590000000000,14.36590000000000,1.49310000000000,4.83070000000000,4.9896,NA,53187.2061,16.3017,14.8086,1.4931,15.3965,4.2428,4.1404,0.1024,2.2378,53187.2061,NA,NA
gamemd.exe,18224,0x42C3CE0,D3D9,0,0,1,Hardware: Independent Flip,53219.0215,NA,17.00680000000000,16.89210000000000,1.97040000000000,4.73830000000000,4.8749,NA,53203.5078,17.4841,15.5137,1.9704,16.5804,3.6716,3.5714,0.1002,-0.5904,53203.5078,NA,NA
gamemd.exe,18224,0x42C3CE0,D3D9,0,0,1,Hardware: Independent Flip,53235.6410,NA,16.61950000000000,16.22580000000000,1.57980000000000,4.35230000000000,4.4812,NA,53220.9919,16.2289,14.6491,1.5798,15.5103,3.4911,3.4145,0.0766,1.2583,53220.9919,NA,NA
gamemd.exe,18224,0x42C3CE0,D3D9,0,0,1,Hardware: Independent Flip,53252.8424,NA,17.20140000000000,16.77180000000000,1.05400000000000,3.92170000000000,4.0516,NA,53237.2208,16.6756,15.6216,1.0540,16.1011,3.4422,3.3719,0.0703,-0.5429,53237.2208,NA,NA
gamemd.exe,18224,0x42C3CE0,D3D9,0,0,1,Hardware: Independent Flip,53268.8014,NA,15.95900000000000,16.50610000000000,1.68450000000000,4.46130000000000,4.5987,NA,53253.8964,16.5895,14.9050,1.6845,15.6209,3.7454,3.6733,0.0721,0.1695,53253.8964,NA,NA
gamemd.exe,18224,0x42C3CE0,D3D9,0,0,1,Hardware: Independent Flip,53285.7641,NA,16.96270000000000,16.39770000000000,1.01190000000000,3.89950000000000,4.0337,NA,53270.4859,16.2901,15.2782,1.0119,15.7091,3.4686,3.3742,0.0944,0.1918,53270.4859,NA,NA
gamemd.exe,18224,0x42C3CE0,D3D9,0,0,1,Hardware: Independent Flip,53302.3976,NA,16.63350000000000,17.19760000000000,2.08550000000000,4.45950000000000,4.5978,NA,53286.7760,17.7071,15.6216,2.0855,16.4555,3.6256,3.5468,0.0788,-0.9075,53286.7760,NA,NA
gamemd.exe,18224,0x42C3CE0,D3D9,0,0,1,Hardware: Independent Flip,53318.4225,NA,16.02490000000000,16.51970000000000,1.78460000000000,4.89450000000000,5.0926,NA,53304.4831,15.7240,13.9394,1.7846,14.5291,4.3048,4.1710,0.1338,1.1874,53304.4831,NA,NA
gamemd.exe,18224,0x42C3CE0,D3D9,0,0,1,Hardware: Independent Flip,53335.1457,NA,16.72320000000000,16.71590000000000,1.42010000000000,4.92230000000000,5.0853,NA,53320.2071,16.3587,14.9386,1.4201,15.5329,4.3280,4.2043,0.1237,-0.9919,53320.2071,NA,NA
gamemd.exe,18224,0x42C3CE0,D3D9,0,0,1,Hardware: Independent Flip,53351.8366,NA,16.69090000000000,17.16610000000000,1.61490000000000,5.36390000000000,5.5605,NA,53336.5658,16.8857,15.2708,1.6149,16.0595,4.5752,4.1718,0.4034,-0.8074,53336.5658,NA,NA
gamemd.exe,18224,0x42C3CE0,D3D9,0,0,1,Hardware: Independent Flip,53368.7386,NA,16.90200000000000,17.26130000000000,1.38650000000000,5.53710000000000,5.9198,NA,53353.4515,16.6736,15.2871,1.3865,15.9073,4.9169,4.3012,0.6157,-0.3756,53353.4515,NA,NA
gamemd.exe,18224,0x42C3CE0,D3D9,0,0,1,Hardware: Independent Flip,53385.7227,NA,16.98410000000000,16.62960000000000,1.55720000000000,5.25140000000000,5.5653,NA,53370.1251,17.1548,15.5976,1.5572,16.2957,4.5533,4.3386,0.2147,0.0440,53370.1251,NA,NA
gamemd.exe,18224,0x42C3CE0,D3D9,0,0,1,Hardware: Independent Flip,53402.3657,NA,16.64300000000000,16.52420000000000,1.60340000000000,5.19400000000000,5.4465,NA,53387.2799,16.6892,15.0858,1.6034,15.7648,4.5150,4.4380,0.0770,0.6306,53387.2799,NA,NA
gamemd.exe,18224,0x42C3CE0,D3D9,0,0,1,Hardware: Independent Flip,53418.7283,NA,16.36260000000000,16.70400000000000,1.76460000000000,5.54200000000000,5.7879,NA,53403.9691,16.5238,14.7592,1.7646,15.4110,4.8902,4.2462,0.6440,-0.0148,53403.9691,28.3397,NA
gamemd.exe,18224,0x42C3CE0,D3D9,0,0,1,Hardware: Independent Flip,53435.4058,NA,16.67750000000000,16.58240000000000,1.72850000000000,5.45420000000000,5.6928,NA,53420.4929,16.6414,14.9129,1.7285,15.8412,4.5259,4.4434,0.0825,-0.0586,53420.4929,36.8002,NA
gamemd.exe,18224,0x42C3CE0,D3D9,0,0,1,Hardware: Independent Flip,53452.2297,NA,16.82390000000000,16.29680000000000,1.56130000000000,5.00940000000000,5.1657,NA,53437.1343,16.6567,15.0954,1.5613,15.6919,4.4129,4.3074,0.1055,0.3446,53437.1343,NA,NA
gamemd.exe,18224,0x42C3CE0,D3D9,0,0,1,Hardware: Independent Flip,53468.6524,NA,16.42270000000000,16.10600000000000,2.53930000000000,4.69100000000000,4.8490,NA,53453.7910,17.4007,14.8614,2.5393,15.7545,3.7979,3.7338,0.0641,0.5507,53453.7910,NA,NA
gamemd.exe,18224,0x42C3CE0,D3D9,0,0,1,Hardware: Independent Flip,53485.5371,NA,16.88470000000000,16.60990000000000,1.62500000000000,4.41540000000000,4.5742,NA,53471.1917,15.9704,14.3454,1.6250,15.3140,3.4468,3.3619,0.0849,0.7908,53471.1917,NA,NA
gamemd.exe,18224,0x42C3CE0,D3D9,0,0,1,Hardware: Independent Flip,53502.0963,NA,16.55920000000000,16.83190000000000,1.97820000000000,4.71290000000000,4.8469,NA,53487.1621,16.9124,14.9342,1.9782,16.0348,3.6123,3.5284,0.0839,-0.8615,53487.1621,NA,NA
gamemd.exe,18224,0x42C3CE0,D3D9,0,0,1,Hardware: Independent Flip,53518.5629,NA,16.46660000000000,16.73130000000000,2.52390000000000,4.95870000000000,5.1116,NA,53504.0745,17.0123,14.4884,2.5239,15.6354,3.8117,3.7000,0.1117,0.1811,53504.0745,NA,NA
gamemd.exe,18224,0x42C3CE0,D3D9,0,0,1,Hardware: Independent Flip,53535.6226,NA,17.05970000000000,16.87750000000000,1.80100000000000,4.68740000000000,4.9294,NA,53521.0868,16.3368,14.5358,1.8010,15.3331,3.8901,3.7929,0.0972,0.1348,53521.0868,NA,NA
gamemd.exe,18224,0x42C3CE0,D3D9,0,0,1,Hardware: Independent Flip,53552.0852,NA,16.46260000000000,16.53360000000000,1.91430000000000,4.82390000000000,5.0004,NA,53537.4236,16.5759,14.6616,1.9143,15.5639,3.9216,3.8166,0.1050,-0.1968,53537.4236,NA,NA
gamemd.exe,18224,0x42C3CE0,D3D9,0,0,1,Hardware: Independent Flip,53569.0958,NA,17.01060000000000,16.90860000000000,1.42140000000000,4.71040000000000,4.8984,NA,53553.9995,16.5177,15.0963,1.4214,15.7096,4.0971,4.0114,0.0857,-0.3327,53553.9995,NA,NA
gamemd.exe,18224,0x42C3CE0,D3D9,0,0,1,Hardware: Independent Flip,53585.2306,NA,16.13480000000000,15.70190000000000,1.91030000000000,4.35240000000000,4.4655,NA,53570.5172,16.6237,14.7134,1.9103,15.4019,3.6639,3.6021,0.0618,0.8158,53570.5172,NA,NA
gamemd.exe,18224,0x42C3CE0,D3D9,0,0,1,Hardware: Independent Flip,53601.6512,NA,16.42060000000000,16.36400000000000,1.36180000000000,4.29770000000000,4.4089,NA,53587.1409,15.8721,14.5103,1.3618,15.1848,3.6232,3.5795,0.0437,0.2597,53587.1409,NA,NA
gamemd.exe,18224,0x42C3CE0,D3D9,0,0,1,Hardware: Independent Flip,53618.4997,NA,16.84850000000000,16.98410000000000,1.20910000000000,4.40860000000000,4.5445,NA,53603.0130,16.6958,15.4867,1.2091,16.2239,3.6714,3.6108,0.0606,-1.1120,53603.0130,NA,NA
gamemd.exe,18224,0x42C3CE0,D3D9,0,0,1,Hardware: Independent Flip,53635.3063,NA,16.80660000000000,17.23780000000000,2.06970000000000,4.79840000000000,4.9757,NA,53619.7088,17.6672,15.5975,2.0697,16.3674,4.0285,3.9129,0.1156,-0.5420,53619.7088,NA,NA
gamemd.exe,18224,0x42C3CE0,D3D9,0,0,1,Hardware: Independent Flip,53652.3556,NA,17.04930000000000,16.82420000000000,2.08750000000000,4.61230000000000,4.7506,NA,53637.3760,17.0671,14.9796,2.0875,15.7604,3.8315,3.7480,0.0835,0.8430,53637.3760,NA,NA
gamemd.exe,18224,0x42C3CE0,D3D9,0,0,1,Hardware: Independent Flip,53668.8826,NA,16.52700000000000,16.06190000000000,1.04210000000000,4.16790000000000,4.2855,NA,53654.4431,15.4816,14.4395,1.0421,15.0559,3.5515,3.4647,0.0868,1.0052,53654.4431,NA,NA
gamemd.exe,18224,0x42C3CE0,D3D9,0,0,1,Hardware: Independent Flip,53685.2974,NA,16.41480000000000,16.27570000000000,1.07200000000000,4.03110000000000,4.1464,NA,53669.9247,16.4447,15.3727,1.0720,15.8662,3.5376,3.4851,0.0525,-0.7941,53669.9247,NA,NA
gamemd.exe,18224,0x42C3CE0,D3D9,0,0,1,Hardware: Independent Flip,53701.8641,NA,16.56670000000000,16.54770000000000,0.83100000000000,3.96190000000000,4.1274,NA,53686.3694,16.3257,15.4947,0.8310,15.8815,3.5751,3.5339,0.0412,-0.1030,53686.3694,NA,NA
gamemd.exe,18224,0x42C3CE0,D3D9,0,0,1,Hardware: Independent Flip,53718.3840,NA,16.51990000000000,16.45750000000000,0.80310000000000,3.91460000000000,4.0650,NA,53702.6951,16.4920,15.6889,0.8031,16.0683,3.5352,3.4724,0.0628,-0.1318,53702.6951,NA,NA
gamemd.exe,18224,0x42C3CE0,D3D9,0,0,1,Hardware: Independent Flip,53735.3010,NA,16.91700000000000,17.04590000000000,0.82910000000000,4.07180000000000,4.1939,NA,53719.1871,16.9430,16.1139,0.8291,16.5215,3.6642,3.6079,0.0563,-0.5539,53719.1871,NA,NA
gamemd.exe,18224,0x42C3CE0,D3D9,0,0,1,Hardware: Independent Flip,53751.8556,NA,16.55460000000000,16.88400000000000,1.25730000000000,4.28980000000000,4.5233,NA,53736.1301,16.9828,15.7255,1.2573,16.2825,3.7328,3.6576,0.0752,0.0590,53736.1301,NA,NA
gamemd.exe,18224,0x42C3CE0,D3D9,0,0,1,Hardware: Independent Flip,53769.0238,NA,17.16820000000000,17.47320000000000,1.50880000000000,4.68860000000000,4.8283,NA,53753.1129,17.4197,15.9109,1.5088,16.6015,3.9980,3.9063,0.0917,-0.4904,53753.1129,NA,NA
gamemd.exe,18224,0x42C3CE0,D3D9,0,0,1,Hardware: Independent Flip,53785.5311,NA,16.50730000000000,15.84530000000000,0.87540000000000,4.03560000000000,4.1663,NA,53770.5326,15.8739,14.9985,0.8754,15.3898,3.6443,3.5548,0.0895,1.5744,53770.5326,NA,NA
gamemd.exe,18224,0x42C3CE0,D3D9,0,0,1,Hardware: Independent Flip,53801.7827,NA,16.25160000000000,16.34980000000000,1.11090000000000,4.14110000000000,4.2645,NA,53786.4065,16.4871,15.3762,1.1109,15.9165,3.6008,3.5487,0.0521,-0.4759,53786.4065,NA,NA
gamemd.exe,18224,0x42C3CE0,D3D9,0,0,1,Hardware: Independent Flip,53818.7308,NA,16.94810000000000,17.02780000000000,1.05540000000000,4.21920000000000,4.3442,NA,53802.8936,16.8926,15.8372,1.0554,16.4303,3.6261,3.5549,0.0712,-0.5407,53802.8936,NA,NA
gamemd.exe,18224,0x42C3CE0,D3D9,0,0,1,Hardware: Independent Flip,53835.1110,NA,16.38020000000000,16.72160000000000,1.40600000000000,4.57370000000000,4.6856,NA,53819.7862,16.7308,15.3248,1.4060,16.1440,3.7545,3.6881,0.0664,0.1710,53819.7862,NA,NA
gamemd.exe,18224,0x42C3CE0,D3D9,0,0,1,Hardware: Independent Flip,53852.1724,NA,17.06140000000000,17.45220000000000,1.98430000000000,4.92290000000000,5.0764,NA,53836.5170,17.6397,15.6554,1.9843,16.5421,4.0362,3.9433,0.0929,-0.7214,53836.5170,NA,NA
gamemd.exe,18224,0x42C3CE0,D3D9,0,0,1,Hardware: Independent Flip,53868.6746,NA,16.50220000000000,16.43450000000000,2.55210000000000,4.84660000000000,5.0087,NA,53854.1567,17.0700,14.5179,2.5521,15.3586,4.0059,3.9387,0.0672,1.2052,53854.1567,NA,NA
gamemd.exe,18224,0x42C3CE0,D3D9,0,0,1,Hardware: Independent Flip,53885.7549,NA,17.08030000000000,16.89210000000000,1.94080000000000,4.70440000000000,4.8205,NA,53871.2267,16.4690,14.5282,1.9408,15.5608,3.6718,3.6057,0.0661,0.1779,53871.2267,NA,NA
gamemd.exe,18224,0x42C3CE0,D3D9,0,0,1,Hardware: Independent Flip,53901.7800,NA,16.02510000000000,15.39010000000000,0.97690000000000,4.07250000000000,4.1855,NA,53887.6957,15.0612,14.0843,0.9769,14.5470,3.6098,3.5544,0.0554,1.0789,53887.6957,NA,NA
gamemd.exe,18224,0x42C3CE0,D3D9,0,0,1,Hardware: Independent Flip,53918.4601,NA,16.68010000000000,16.59970000000000,0.85680000000000,3.94390000000000,4.1051,NA,53902.7569,16.5600,15.7032,0.8568,16.0934,3.5537,3.4743,0.0794,-1.5385,53902.7569,NA,NA
gamemd.exe,18224,0x42C3CE0,D3D9,0,0,1,Hardware: Independent Flip,53935.5409,NA,17.08080000000000,17.69350000000000,1.43880000000000,4.51810000000000,4.7178,NA,53919.3169,17.6628,16.2240,1.4388,16.9466,3.7955,3.7124,0.0831,-1.1335,53919.3169,8.0745,NA
gamemd.exe,18224,0x42C3CE0,D3D9,0,0,1,Hardware: Independent Flip,53952.2508,NA,16.70990000000000,18.98960000000000,1.63750000000000,5.48870000000000,6.9975,NA,53936.9797,16.9086,15.2711,1.6375,16.1354,4.6244,4.1011,0.5233,-1.3268,53936.9797,19.0332,NA
gamemd.exe,18224,0x42C3CE0,D3D9,0,0,1,Hardware: Independent Flip,53969.0991,NA,16.84830000000000,14.54250000000000,1.86100000000000,4.56740000000000,4.6917,NA,53953.8883,17.0718,15.2108,1.8610,15.9623,3.8159,3.7392,0.0767,2.3661,53953.8883,17.5278,NA
gamemd.exe,18224,0x42C3CE0,D3D9,0,0,1,Hardware: Independent Flip,53985.4361,NA,16.33700000000000,15.84340000000000,1.09370000000000,4.08170000000000,4.1981,NA,53970.9601,15.5697,14.4760,1.0937,14.9612,3.5965,3.5497,0.0468,1.2284,53970.9601,9.4272,NA
gamemd.exe,18224,0x42C3CE0,D3D9,0,0,1,Hardware: Independent Flip,54002.0835,NA,16.64740000000000,17.10410000000000,1.50380000000000,4.53700000000000,4.6548,NA,53986.5298,17.0575,15.5537,1.5038,16.4296,3.6611,3.5946,0.0665,-1.5344,53986.5298,18.5495,NA
gamemd.exe,18224,0x42C3CE0,D3D9,0,0,1,Hardware: Independent Flip,54018.8617,NA,16.77820000000000,16.29140000000000,0.88510000000000,4.05650000000000,4.1680,NA,54003.5873,16.1595,15.2744,0.8851,15.7024,3.6285,3.5582,0.0703,0.7661,54003.5873,10.8510,NA
gamemd.exe,18224,0x42C3CE0,D3D9,0,0,1,Hardware: Independent Flip,54035.7112,NA,16.84950000000000,16.94550000000000,0.95780000000000,4.15090000000000,4.2640,NA,54019.7468,16.9222,15.9644,0.9578,16.4427,3.6726,3.6312,0.0414,-0.7860,54019.7468,19.7958,NA
gamemd.exe,18224,0x42C3CE0,D3D9,0,0,1,Hardware: Independent Flip,54052.4241,NA,16.71290000000000,16.56430000000000,0.84650000000000,4.00320000000000,4.1154,NA,54036.6690,16.6016,15.7551,0.8465,16.1765,3.5818,3.5364,0.0454,0.3579,54036.6690,28.3678,NA
gamemd.exe,18224,0x42C3CE0,D3D9,0,0,1,Hardware: Independent Flip,54069.0734,NA,16.64930000000000,16.97040000000000,1.25580000000000,4.25180000000000,4.4365,NA,54053.2706,17.0586,15.8028,1.2558,16.3313,3.7233,3.6569,0.0664,-0.3688,54053.2706,NA,NA
gamemd.exe,18224,0x42C3CE0,D3D9,0,0,1,Hardware: Independent Flip,54085.6248,NA,16.55140000000000,16.92920000000000,2.16630000000000,4.64080000000000,4.8143,NA,54070.3292,17.4619,15.2956,2.1663,16.0854,3.8510,3.7569,0.0941,0.1294,54070.3292,NA,NA
gamemd.exe,18224,0x42C3CE0,D3D9,0,0,1,Hardware: Independent Flip,54102.2042,NA,16.57940000000000,16.77650000000000,1.86000000000000,4.87350000000000,5.0114,NA,54087.7911,16.2731,14.4131,1.8600,15.5949,3.6917,3.6120,0.0797,0.6854,54087.7911,NA,NA
gamemd.exe,18224,0x42C3CE0,D3D9,0,0,1,Hardware: Independent Flip,54118.8951,NA,16.69090000000000,15.94670000000000,0.79910000000000,4.07140000000000,4.2672,NA,54104.0642,15.6300,14.8309,0.7991,15.2294,3.6729,3.6024,0.0705,0.3264,54104.0642,NA,NA
gamemd.exe,18224,0x42C3CE0,D3D9,0,0,1,Hardware: Independent Flip,54135.3953,NA,16.50020000000000,16.34700000000000,0.78860000000000,3.98830000000000,4.1140,NA,54119.6942,16.4897,15.7011,0.7886,16.0835,3.6059,3.5509,0.0550,-0.7170,54119.6942,NA,NA
gamemd.exe,18224,0x42C3CE0,D3D9,0,0,1,Hardware: Independent Flip,54151.9526,NA,16.55730000000000,16.73020000000000,1.08650000000000,4.11220000000000,4.2869,NA,54136.1839,16.8552,15.7687,1.0865,16.2369,3.6440,3.5690,0.0750,-0.2405,54136.1839,NA,NA
gamemd.exe,18224,0x42C3CE0,D3D9,0,0,1,Hardware: Independent Flip,54169.0468,NA,17.09420000000000,17.90140000000000,1.98660000000000,4.90910000000000,5.0941,NA,54153.0391,17.9943,16.0077,1.9866,16.8977,4.0191,3.9419,0.0772,-1.0462,54153.0391,NA,NA
gamemd.exe,18224,0x42C3CE0,D3D9,0,0,1,Hardware: Independent Flip,54185.6349,NA,16.58810000000000,16.33160000000000,2.32730000000000,4.71200000000000,4.8376,NA,54171.0334,16.9288,14.6015,2.3273,15.5298,3.7837,3.6621,0.1216,1.6627,54171.0334,NA,NA
gamemd.exe,18224,0x42C3CE0,D3D9,0,0,1,Hardware: Independent Flip,54201.8541,NA,16.21920000000000,15.59080000000000,0.98740000000000,4.08750000000000,4.2092,NA,54187.9622,14.8793,13.8919,0.9874,14.3558,3.6236,3.5614,0.0622,1.3380,54187.9622,NA,NA
gamemd.exe,18224,0x42C3CE0,D3D9,0,0,1,Hardware: Independent Flip,54218.6060,NA,16.75190000000000,16.64730000000000,0.93820000000000,3.97640000000000,4.1046,NA,54202.8415,16.7027,15.7645,0.9382,16.1688,3.5721,3.5081,0.0640,-1.7680,54202.8415,NA,NA
gamemd.exe,18224,0x42C3CE0,D3D9,0,0,1,Hardware: Independent Flip,54235.6812,NA,17.07520000000000,17.46690000000000,1.24620000000000,4.28410000000000,4.4963,NA,54219.5442,17.3832,16.1370,1.2462,16.6680,3.7531,3.6684,0.0847,-0.7642,54219.5442,NA,NA
gamemd.exe,18224,0x42C3CE0,D3D9,0,0,1,Hardware: Independent Flip,54252.7857,NA,17.10450000000000,17.41640000000000,2.25070000000000,4.62830000000000,4.8082,NA,54236.9274,18.1090,15.8583,2.2507,16.6233,3.8633,3.7644,0.0989,-0.0332,54236.9274,NA,NA
gamemd.exe,18224,0x42C3CE0,D3D9,0,0,1,Hardware: Independent Flip,54268.7413,NA,15.95560000000000,16.30390000000000,2.35600000000000,4.96110000000000,5.1565,NA,54255.0364,16.0609,13.7049,2.3560,14.5441,4.1219,4.0247,0.0972,1.8051,54255.0364,NA,NA
gamemd.exe,18224,0x42C3CE0,D3D9,0,0,1,Hardware: Independent Flip,54286.1002,NA,17.35890000000000,19.30640000000000,1.86270000000000,5.72560000000000,7.1040,NA,54271.0973,16.8656,15.0029,1.8627,15.9950,4.7335,4.2489,0.4846,-3.2455,54271.0973,NA,NA
gamemd.exe,18224,0x42C3CE0,D3D9,0,0,1,Hardware: Independent Flip,54302.0175,NA,15.91730000000000,13.83690000000000,1.42150000000000,4.88630000000000,5.0236,NA,54287.9629,15.4761,14.0546,1.4215,14.7311,4.2098,4.0866,0.1232,3.0287,54287.9629,NA,NA
gamemd.exe,18224,0x42C3CE0,D3D9,0,0,1,Hardware: Independent Flip,54318.6722,NA,16.65470000000000,15.84160000000000,0.95220000000000,4.09760000000000,4.2105,NA,54303.4390,16.1854,15.2332,0.9522,15.7168,3.6140,3.5689,0.0451,-0.3655,54303.4390,NA,NA
gamemd.exe,18224,0x42C3CE0,D3D9,0,0,1,Hardware: Independent Flip,54335.3206,NA,16.64840000000000,18.03390000000000,1.51900000000000,5.42310000000000,5.5960,NA,54319.6244,17.2152,15.6962,1.5190,16.4577,4.6616,4.1367,0.5249,-1.8485,54319.6244,NA,NA
gamemd.exe,18224,0x42C3CE0,D3D9,0,0,1,Hardware: Independent Flip,54352.1469,NA,16.82630000000000,16.06860000000000,2.01690000000000,4.66570000000000,4.8383,NA,54336.8396,17.3242,15.3073,2.0169,16.1749,3.7981,3.7049,0.0932,1.1466,54336.8396,NA,NA
gamemd.exe,18224,0x42C3CE0,D3D9,0,0,1,Hardware: Independent Flip,54368.5000,NA,16.35310000000000,16.05050000000000,1.35560000000000,4.42270000000000,4.5357,NA,54354.1638,15.6918,14.3362,1.3556,14.8669,3.8920,3.8233,0.0687,1.2737,54354.1638,NA,NA
gamemd.exe,18224,0x42C3CE0,D3D9,0,0,1,Hardware: Independent Flip,54384.9653,NA,16.46530000000000,16.02410000000000,0.86100000000000,3.97970000000000,4.0945,NA,54369.8556,15.9707,15.1097,0.8610,15.5375,3.5519,3.5037,0.0482,-0.3323,54369.8556,NA,NA
gamemd.exe,18224,0x42C3CE0,D3D9,0,0,1,Hardware: Independent Flip,54402.1720,NA,17.20670000000000,17.79640000000000,1.49210000000000,4.52820000000000,4.6842,NA,54385.8263,17.8378,16.3457,1.4921,17.2767,3.5972,3.5198,0.0774,-1.8257,54385.8263,NA,NA
gamemd.exe,18224,0x42C3CE0,D3D9,0,0,1,Hardware: Independent Flip,54418.8759,NA,16.70390000000000,17.20400000000000,1.44610000000000,4.98790000000000,5.1843,NA,54403.6641,16.6579,15.2118,1.4461,15.8347,4.3650,4.2483,0.1167,0.6338,54403.6641,NA,NA
gamemd.exe,18224,0x42C3CE0,D3D9,0,0,1,Hardware: Independent Flip,54435.4713,NA,16.59540000000000,16.45840000000000,2.41090000000000,4.89350000000000,5.0473,NA,54420.3220,17.5602,15.1493,2.4109,16.0262,4.0166,3.9076,0.1090,0.1995,54420.3220,NA,NA
gamemd.exe,18224,0x42C3CE0,D3D9,0,0,1,Hardware: Independent Flip,54452.6400,NA,17.16870000000000,17.95160000000000,1.45010000000000,5.04890000000000,5.8302,NA,54437.8822,16.2079,14.7578,1.4501,15.3584,4.4483,3.9662,0.4821,-0.3914,54437.8822,NA,NA
gamemd.exe,18224,0x42C3CE0,D3D9,0,0,1,Hardware: Independent Flip,54468.6954,NA,16.05540000000000,15.01140000000000,1.66100000000000,4.66530000000000,4.7862,NA,54454.0901,16.2663,14.6053,1.6610,15.2875,3.9831,3.8718,0.1113,1.1965,54454.0901,NA,NA
gamemd.exe,18224,0x42C3CE0,D3D9,0,0,1,Hardware: Independent Flip,54485.6753,NA,16.97990000000000,16.29030000000000,0.90420000000000,3.98260000000000,4.0966,NA,54470.3564,16.2231,15.3189,0.9042,15.7327,3.5688,3.5010,0.0678,-0.0240,54470.3564,NA,NA
gamemd.exe,18224,0x42C3CE0,D3D9,0,0,1,Hardware: Independent Flip,54501.7260,NA,16.05070000000000,16.18340000000000,0.94700000000000,4.10400000000000,4.2293,NA,54486.5795,16.0935,15.1465,0.9470,15.6211,3.6294,3.5742,0.0552,0.0397,54486.5795,NA,NA
gamemd.exe,18224,0x42C3CE0,D3D9,0,0,1,Hardware: Independent Flip,54518.5053,NA,16.77930000000000,16.79330000000000,0.90110000000000,4.06630000000000,4.2433,NA,54502.6730,16.7334,15.8323,0.9011,16.3061,3.5925,3.5463,0.0462,-0.6998,54502.6730,NA,NA
gamemd.exe,18224,0x42C3CE0,D3D9,0,0,1,Hardware: Independent Flip,54535.2916,NA,16.78630000000000,16.71110000000000,0.82140000000000,4.03550000000000,4.1681,NA,54519.4064,16.7066,15.8852,0.8214,16.2695,3.6512,3.5657,0.0855,0.0223,54519.4064,NA,NA
gamemd.exe,18224,0x42C3CE0,D3D9,0,0,1,Hardware: Independent Flip,54551.7020,NA,16.41040000000000,16.43380000000000,0.85780000000000,4.05310000000000,4.1915,NA,54536.1130,16.4468,15.5890,0.8578,15.9630,3.6791,3.5866,0.0925,0.2728,54536.1130,NA,NA
gamemd.exe,18224,0x42C3CE0,D3D9,0,0,1,Hardware: Independent Flip,54568.7354,NA,17.03340000000000,18.02370000000000,1.72880000000000,4.93820000000000,5.1818,NA,54552.5598,17.9044,16.1756,1.7288,17.1913,3.9225,3.8389,0.0836,-1.5769,54552.5598,NA,NA
gamemd.exe,18224,0x42C3CE0,D3D9,0,0,1,Hardware: Independent Flip,54585.6833,NA,16.94790000000000,16.67070000000000,2.18520000000000,4.70640000000000,4.9046,NA,54570.4642,17.4043,15.2191,2.1852,15.9870,3.9385,3.8508,0.0877,1.2337,54570.4642,NA,NA
gamemd.exe,18224,0x42C3CE0,D3D9,0,0,1,Hardware: Independent Flip,54601.9297,NA,16.24640000000000,15.50400000000000,0.95380000000000,4.02870000000000,4.1622,NA,54587.8685,15.0150,14.0612,0.9538,14.5666,3.5233,3.4657,0.0576,1.9003,54587.8685,NA,NA
gamemd.exe,18224,0x42C3CE0,D3D9,0,0,1,Hardware: Independent Flip,54618.3795,NA,16.44980000000000,16.50030000000000,1.02950000000000,4.07990000000000,4.2127,NA,54602.8835,16.5255,15.4960,1.0295,16.0608,3.5151,3.4572,0.0579,-1.4853,54602.8835,NA,NA
gamemd.exe,18224,0x42C3CE0,D3D9,0,0,1,Hardware: Independent Flip,54635.4453,NA,17.06580000000000,17.24680000000000,1.02990000000000,4.27770000000000,4.3937,NA,54619.4090,17.0662,16.0363,1.0299,16.5934,3.7206,3.6268,0.0938,-0.7213,54619.4090,NA,NA
gamemd.exe,18224,0x42C3CE0,D3D9,0,0,1,Hardware: Independent Flip,54651.8735,NA,16.42820000000000,16.57230000000000,1.25920000000000,4.38260000000000,4.5378,NA,54636.4752,16.6575,15.3983,1.2592,16.0972,3.6837,3.6067,0.0770,0.4939,54636.4752,NA,NA
gamemd.exe,18224,0x42C3CE0,D3D9,0,0,1,Hardware: Independent Flip,54668.6303,NA,16.75680000000000,17.35360000000000,2.13590000000000,4.98090000000000,5.1346,NA,54653.1327,17.6335,15.4976,2.1359,16.2517,4.2268,4.1458,0.0810,-0.6961,54653.1327,NA,NA
gamemd.exe,18224,0x42C3CE0,D3D9,0,0,1,Hardware: Independent Flip,54685.7835,NA,17.15320000000000,16.32120000000000,1.36160000000000,4.18000000000000,4.3026,NA,54670.7662,16.3789,15.0173,1.3616,15.5858,3.6115,3.5367,0.0748,1.3123,54670.7662,NA,NA
gamemd.exe,18224,0x42C3CE0,D3D9,0,0,1,Hardware: Independent Flip,54702.0600,NA,16.27650000000000,16.28780000000000,0.94810000000000,4.19000000000000,4.3139,NA,54687.1451,15.8630,14.9149,0.9481,15.4000,3.7049,3.6518,0.0531,0.0911,54687.1451,NA,NA
gamemd.exe,18224,0x42C3CE0,D3D9,0,0,1,Hardware: Independent Flip,54718.8592,NA,16.79920000000000,16.69470000000000,0.96120000000000,4.08530000000000,4.2094,NA,54703.0081,16.8123,15.8511,0.9612,16.3197,3.6167,3.5492,0.0675,-0.8317,54703.0081,NA,NA
gamemd.exe,18224,0x42C3CE0,D3D9,0,0,1,Hardware: Independent Flip,54735.2004,NA,16.34120000000000,16.34190000000000,0.86090000000000,4.09000000000000,4.2101,NA,54719.8204,16.2409,15.3800,0.8609,15.7830,3.6870,3.6452,0.0418,0.4704,54719.8204,NA,NA
gamemd.exe,18224,0x42C3CE0,D3D9,0,0,1,Hardware: Independent Flip,54751.8929,NA,16.69250000000000,17.05550000000000,1.56460000000000,4.46030000000000,4.5731,NA,54736.0613,17.3962,15.8316,1.5646,16.6853,3.6066,3.5582,0.0484,-0.8146,54736.0613,NA,NA
gamemd.exe,18224,0x42C3CE0,D3D9,0,0,1,Hardware: Independent Flip,54768.6301,NA,16.73720000000000,17.05740000000000,1.55720000000000,4.68220000000000,4.8933,NA,54753.4575,16.7298,15.1726,1.5572,16.1417,3.7131,3.6330,0.0801,0.3388,54753.4575,NA,NA
gamemd.exe,18224,0x42C3CE0,D3D9,0,0,1,Hardware: Independent Flip,54785.2134,NA,16.58330000000000,16.42920000000000,1.82690000000000,4.60700000000000,4.7392,NA,54770.1873,16.8530,15.0261,1.8269,15.8695,3.7636,3.6178,0.1458,0.3006,54770.1873,NA,NA
gamemd.exe,18224,0x42C3CE0,D3D9,0,0,1,Hardware: Independent Flip,54801.8540,NA,16.64060000000000,16.52710000000000,1.58300000000000,4.49530000000000,4.6257,NA,54787.0403,16.3967,14.8137,1.5830,15.5642,3.7448,3.6871,0.0577,0.3259,54787.0403,NA,NA
gamemd.exe,18224,0x42C3CE0,D3D9,0,0,1,Hardware: Independent Flip,54818.7948,NA,16.94080000000000,16.59580000000000,0.98580000000000,4.16100000000000,4.2807,NA,54803.4370,16.3436,15.3578,0.9858,15.9111,3.6077,3.5511,0.0566,-0.1991,54803.4370,NA,NA
gamemd.exe,18224,0x42C3CE0,D3D9,0,0,1,Hardware: Independent Flip,54835.4056,NA,16.61080000000000,16.39240000000000,0.83140000000000,3.95040000000000,4.0623,NA,54819.7806,16.4564,15.6250,0.8314,16.0451,3.5303,3.4754,0.0549,-0.0488,54819.7806,NA,NA
gamemd.exe,18224,0x42C3CE0,D3D9,0,0,1,Hardware: Independent Flip,54852.5361,NA,17.13050000000000,17.34700000000000,1.14810000000000,4.15080000000000,4.2788,NA,54836.2370,17.4472,16.2991,1.1481,16.8490,3.6009,3.5124,0.0885,-0.8906,54836.2370,NA,NA
gamemd.exe,18224,0x42C3CE0,D3D9,0,0,1,Hardware: Independent Flip,54869.3498,NA,16.81370000000000,17.94590000000000,1.41090000000000,4.88530000000000,5.4110,NA,54853.6842,17.0765,15.6656,1.4109,16.1985,4.3524,3.9555,0.3969,-0.4987,54853.6842,NA,NA
gamemd.exe,18224,0x42C3CE0,D3D9,0,0,1,Hardware: Independent Flip,54885.3292,NA,15.97940000000000,15.13960000000000,1.80960000000000,4.45590000000000,4.5712,NA,54870.7607,16.3781,14.5685,1.8096,15.3479,3.6765,3.5971,0.0794,1.9369,54870.7607,NA,NA
gamemd.exe,18224,0x42C3CE0,D3D9,0,0,1,Hardware: Independent Flip,54902.0640,NA,16.73480000000000,16.32450000000000,0.77940000000000,4.03220000000000,4.1609,NA,54887.1388,15.7046,14.9252,0.7794,15.2777,3.6797,3.6156,0.0641,0.0536,54887.1388,NA,NA
gamemd.exe,18224,0x42C3CE0,D3D9,0,0,1,Hardware: Independent Flip,54918.2985,NA,16.23450000000000,16.21090000000000,0.81800000000000,3.99090000000000,4.1373,NA,54902.8434,16.2731,15.4551,0.8180,15.8273,3.6187,3.5597,0.0590,-0.5063,54902.8434,NA,NA
gamemd.exe,18224,0x42C3CE0,D3D9,0,0,1,Hardware: Independent Flip,54935.3557,NA,17.05720000000000,17.12670000000000,0.81100000000000,4.09150000000000,4.2068,NA,54919.1165,17.0502,16.2392,0.8110,16.6246,3.7061,3.6461,0.0600,-0.8536,54919.1165,NA,NA
gamemd.exe,18224,0x42C3CE0,D3D9,0,0,1,Hardware: Independent Flip,54951.8137,NA,16.45800000000000,16.70920000000000,1.20110000000000,4.25750000000000,4.4580,NA,54936.1667,16.8481,15.6470,1.2011,16.2314,3.6731,3.5876,0.0855,0.3410,54936.1667,NA,NA
gamemd.exe,18224,0x42C3CE0,D3D9,0,0,1,Hardware: Independent Flip,54968.6598,NA,16.84610000000000,17.49310000000000,2.25750000000000,4.87180000000000,5.1050,NA,54953.0148,17.9025,15.6450,2.2575,16.3865,4.1303,4.0340,0.0963,-0.6450,54953.0148,NA,NA
gamemd.exe,18224,0x42C3CE0,D3D9,0,0,1,Hardware: Independent Flip,54985.3488,NA,16.68900000000000,16.32520000000000,2.05050000000000,4.58250000000000,4.7412,NA,54970.9173,16.4820,14.4315,2.0505,15.0234,3.9906,3.8632,0.1274,1.5773,54970.9173,NA,NA
gamemd.exe,18224,0x42C3CE0,D3D9,0,0,1,Hardware: Independent Flip,55002.1424,NA,16.79360000000000,16.88370000000000,1.50900000000000,4.71650000000000,4.8313,NA,54987.3993,16.2521,14.7431,1.5090,15.7229,3.7367,3.6799,0.0568,-0.4017,54987.3993,NA,NA
gamemd.exe,18224,0x42C3CE0,D3D9,0,0,1,Hardware: Independent Flip,55018.8052,NA,16.66280000000000,16.12810000000000,1.01070000000000,4.17520000000000,4.2966,NA,55003.6514,16.1645,15.1538,1.0107,15.7159,3.6131,3.5168,0.0963,0.1240,55003.6514,NA,NA
gamemd.exe,18224,0x42C3CE0,D3D9,0,0,1,Hardware: Independent Flip,55035.1765,NA,16.37130000000000,16.16780000000000,0.96400000000000,3.98040000000000,4.0931,NA,55019.8159,16.3246,15.3606,0.9640,15.7571,3.5839,3.5307,0.0532,-0.0033,55019.8159,NA,NA
gamemd.exe,18224,0x42C3CE0,D3D9,0,0,1,Hardware: Independent Flip,55052.1200,NA,16.94350000000000,18.01750000000000,2.66710000000000,5.00670000000000,5.1671,NA,55036.1405,18.6466,15.9795,2.6671,16.9727,4.0135,3.8960,0.1175,-1.6929,55036.1405,NA,NA
gamemd.exe,18224,0x42C3CE0,D3D9,0,0,1,Hardware: Independent Flip,55069.2479,NA,17.12790000000000,16.72780000000000,1.60720000000000,4.63410000000000,4.7670,NA,55054.7871,16.0680,14.4608,1.6072,15.4038,3.6911,3.5804,0.1107,1.9188,55054.7871,14.2746,NA
gamemd.exe,18224,0x42C3CE0,D3D9,0,0,1,Hardware: Independent Flip,55085.3369,NA,16.08900000000000,15.27140000000000,0.94860000000000,3.84150000000000,3.9494,NA,55070.8551,15.4304,14.4818,0.9486,14.8379,3.4854,3.4409,0.0445,0.7966,55070.8551,NA,NA
gamemd.exe,18224,0x42C3CE0,D3D9,0,0,1,Hardware: Independent Flip,55101.9362,NA,16.59930000000000,16.79430000000000,0.86940000000000,4.03500000000000,4.1444,NA,55086.2855,16.5201,15.6507,0.8694,16.1031,3.5826,3.5383,0.0443,-1.3639,55086.2855,NA,NA
gamemd.exe,18224,0x42C3CE0,D3D9,0,0,1,Hardware: Independent Flip,55118.4575,NA,16.52130000000000,16.39180000000000,0.81700000000000,3.86790000000000,4.0149,NA,55102.8056,16.4689,15.6519,0.8170,16.0384,3.4814,3.4245,0.0569,0.1283,55102.8056,NA,NA
gamemd.exe,18224,0x42C3CE0,D3D9,0,0,1,Hardware: Independent Flip,55135.3472,NA,16.88970000000000,16.96960000000000,0.81950000000000,3.96040000000000,4.0948,NA,55119.2745,16.8922,16.0727,0.8195,16.4606,3.5725,3.5162,0.0563,-0.5007,55119.2745,NA,NA
gamemd.exe,18224,0x42C3CE0,D3D9,0,0,1,Hardware: Independent Flip,55152.0497,NA,16.70250000000000,16.78810000000000,0.89690000000000,4.06100000000000,4.1804,NA,55136.1667,16.7799,15.8830,0.8969,16.3402,3.6038,3.5449,0.0589,0.1041,55136.1667,NA,NA
gamemd.exe,18224,0x42C3CE0,D3D9,0,0,1,Hardware: Independent Flip,55168.4843,NA,16.43460000000000,16.76640000000000,1.26860000000000,4.32550000000000,4.5122,NA,55152.9466,16.8063,15.5377,1.2686,16.1536,3.7096,3.6213,0.0883,0.0135,55152.9466,NA,NA
gamemd.exe,18224,0x42C3CE0,D3D9,0,0,1,Hardware: Independent Flip,55185.2606,NA,16.77630000000000,16.84690000000000,1.72000000000000,4.45230000000000,4.5828,NA,55169.7529,17.2277,15.5077,1.7200,16.1768,3.7832,3.6991,0.0841,-0.0406,55169.7529,NA,NA
gamemd.exe,18224,0x42C3CE0,D3D9,0,0,1,Hardware: Independent Flip,55201.8575,NA,16.59690000000000,16.77360000000000,1.52690000000000,4.64840000000000,4.7595,NA,55186.9806,16.4038,14.8769,1.5269,15.8973,3.6280,3.5537,0.0743,0.4541,55186.9806,NA,NA
gamemd.exe,18224,0x42C3CE0,D3D9,0,0,1,Hardware: Independent Flip,55218.4941,NA,16.63660000000000,16.34490000000000,1.23470000000000,4.35010000000000,4.4678,NA,55203.3844,16.3444,15.1097,1.2347,15.8580,3.6018,3.5387,0.0631,0.0589,55203.3844,NA,NA
gamemd.exe,18224,0x42C3CE0,D3D9,0,0,1,Hardware: Independent Flip,55235.3572,NA,16.86310000000000,16.96730000000000,1.22000000000000,4.27910000000000,4.5720,NA,55219.7288,16.8484,15.6284,1.2200,16.3398,3.5677,3.5269,0.0408,-0.6229,55219.7288,NA,NA
gamemd.exe,18224,0x42C3CE0,D3D9,0,0,1,Hardware: Independent Flip,55252.3091,NA,16.95190000000000,17.21510000000000,1.65330000000000,4.61830000000000,4.8352,NA,55236.5772,17.3852,15.7319,1.6533,16.6372,3.7130,3.6298,0.0832,-0.3667,55236.5772,NA,NA
gamemd.exe,18224,0x42C3CE0,D3D9,0,0,1,Hardware: Independent Flip,55268.7888,NA,16.47970000000000,16.32530000000000,1.86730000000000,4.54260000000000,4.6808,NA,55253.9624,16.6937,14.8264,1.8673,15.6119,3.7571,3.6926,0.0645,1.0599,55253.9624,NA,NA
gamemd.exe,18224,0x42C3CE0,D3D9,0,0,1,Hardware: Independent Flip,55285.5400,NA,16.75120000000000,16.53830000000000,1.72730000000000,4.35650000000000,4.4679,NA,55270.6561,16.6112,14.8839,1.7273,15.6229,3.6175,3.5708,0.0467,0.1554,55270.6561,NA,NA
gamemd.exe,18224,0x42C3CE0,D3D9,0,0,1,Hardware: Independent Flip,55302.2502,NA,16.71020000000000,16.39670000000000,0.81670000000000,3.98370000000000,4.1544,NA,55287.2673,15.7996,14.9829,0.8167,15.3875,3.5791,3.5247,0.0544,0.2145,55287.2673,NA,NA
gamemd.exe,18224,0x42C3CE0,D3D9,0,0,1,Hardware: Independent Flip,55318.5959,NA,16.34570000000000,16.51320000000000,0.78280000000000,4.13510000000000,4.3219,NA,55303.0669,16.3118,15.5290,0.7828,15.9055,3.7586,3.6887,0.0699,-0.7136,55303.0669,NA,NA
gamemd.exe,18224,0x42C3CE0,D3D9,0,0,1,Hardware: Independent Flip,55335.0668,NA,16.47090000000000,17.26240000000000,1.89800000000000,4.95430000000000,5.1134,NA,55319.3787,17.5861,15.6881,1.8980,16.4680,4.1744,4.0879,0.0865,-0.9506,55319.3787,NA,NA
gamemd.exe,18224,0x42C3CE0,D3D9,0,0,1,Hardware: Independent Flip,55352.1479,NA,17.08110000000000,17.06140000000000,1.91830000000000,4.97930000000000,5.0937,NA,55336.9648,17.1014,15.1831,1.9183,16.5077,3.6547,3.5642,0.0905,0.5247,55336.9648,NA,NA
gamemd.exe,18224,0x42C3CE0,D3D9,0,0,1,Hardware: Independent Flip,55368.2973,NA,16.14940000000000,15.42760000000000,0.95320000000000,4.19010000000000,4.3719,NA,55354.0662,15.1843,14.2311,0.9532,14.6557,3.7655,3.6991,0.0664,1.6738,55354.0662,NA,NA
gamemd.exe,18224,0x42C3CE0,D3D9,0,0,1,Hardware: Independent Flip,55384.9352,NA,16.63790000000000,16.38080000000000,0.79410000000000,3.99980000000000,4.1148,NA,55369.2505,16.4788,15.6847,0.7941,16.0788,3.6057,3.5048,0.1009,-1.1965,55369.2505,NA,NA
gamemd.exe,18224,0x42C3CE0,D3D9,0,0,1,Hardware: Independent Flip,55401.5968,NA,16.66160000000000,16.87350000000000,1.11470000000000,4.21490000000000,4.3267,NA,55385.7293,16.9822,15.8675,1.1147,16.4273,3.6551,3.5840,0.0711,-0.3947,55385.7293,NA,NA
gamemd.exe,18224,0x42C3CE0,D3D9,0,0,1,Hardware: Independent Flip,55418.4301,NA,16.83330000000000,16.79190000000000,1.00930000000000,4.15130000000000,4.2853,NA,55402.7115,16.7279,15.7186,1.0093,16.2803,3.5896,3.4992,0.0904,0.1903,55402.7115,NA,NA
gamemd.exe,18224,0x42C3CE0,D3D9,0,0,1,Hardware: Independent Flip,55435.0675,NA,16.63740000000000,16.69800000000000,1.05040000000000,4.23040000000000,4.3459,NA,55419.4394,16.6785,15.6281,1.0504,16.2042,3.6543,3.5979,0.0564,0.0299,55419.4394,NA,NA
gamemd.exe,18224,0x42C3CE0,D3D9,0,0,1,Hardware: Independent Flip,55452.1105,NA,17.04300000000000,16.99000000000000,1.20750000000000,4.18250000000000,4.2929,NA,55436.1179,17.2001,15.9926,1.2075,16.5759,3.5992,3.5377,0.0615,-0.3115,55436.1179,NA,NA
gamemd.exe,18224,0x42C3CE0,D3D9,0,0,1,Hardware: Independent Flip,55468.8305,NA,16.72000000000000,17.70060000000000,1.99540000000000,5.10280000000000,5.2735,NA,55453.3180,17.5079,15.5125,1.9954,16.8429,3.7724,3.6939,0.0785,-0.5005,55453.3180,NA,NA
gamemd.exe,18224,0x42C3CE0,D3D9,0,0,1,Hardware: Independent Flip,55485.2638,NA,16.43330000000000,16.22710000000000,2.43250000000000,4.93730000000000,5.0673,NA,55470.8259,16.8704,14.4379,2.4325,15.5059,3.8693,3.7531,0.1162,1.2808,55470.8259,NA,NA
