Application,ProcessID,SwapChainAddress,PresentRuntime,SyncInterval,PresentFlags,AllowsTearing,PresentMode,TimeInMs,MsBetweenSimulationStart,MsBetweenPresents,MsBetweenDisplayChange,MsInPresentAPI,MsRenderPresentLatency,MsUntilDisplayed,MsPCLatency,CPUStartTimeInMs,MsBetweenAppStart,MsCPUBusy,MsCPUWait,MsGPULatency,MsGPUTime,MsGPUBusy,MsGPUWait,MsAnimationError,AnimationTime,MsAllInputToPhotonLatency,MsClickToPhotonLatency
gamemd.exe,18720,0x43D4320,D3D9,-1,0,0,Composed: Flip,1878.4587,NA,22.50570000000000,NA,4.31860000000000,8.02740000000000,38.0923,NA,1873.2320,9.5453,5.2267,4.3186,6.0421,7.2120,6.2530,0.9590,0.0000,1873.2320,40.5358,NA
gamemd.exe,18720,0x43D4320,D3D9,-1,0,0,Composed: Flip,1893.8855,NA,15.42680000000000,16.68710000000000,1.87900000000000,23.93110000000000,39.3526,NA,1882.7773,12.9872,11.1082,1.8790,12.0631,22.9762,7.7058,15.2704,-7.1418,1882.7773,41.2298,NA
gamemd.exe,18720,0x43D4320,D3D9,0,0,1,Hardware: Independent Flip,1910.0687,NA,16.18320000000000,3.45820000000000,1.12690000000000,25.14420000000000,26.6276,NA,1895.7645,15.4311,14.3042,1.1269,33.8691,5.5793,4.1369,1.4424,9.5290,1895.7645,28.6973,NA
gamemd.exe,18720,0x43D4320,D3D9,0,0,1,Hardware: Independent Flip,1927.9799,NA,17.91120000000000,3.35420000000000,2.51400000000000,10.91340000000000,12.0706,NA,1911.1956,19.2983,16.7843,2.5140,26.4813,1.2164,1.2164,0.0000,12.0769,1911.1956,16.0228,NA
gamemd.exe,18720,0x43D4320,D3D9,0,0,1,Hardware: Independent Flip,1943.6819,NA,15.70200000000000,8.42060000000000,1.15980000000000,4.54060000000000,4.7892,NA,1930.4939,14.3478,13.1880,1.1598,13.7242,4.0044,3.9257,0.0787,10.8777,1930.4939,8.3666,NA
gamemd.exe,18720,0x43D4320,D3D9,0,0,1,Hardware: Independent Flip,1961.5590,NA,17.87710000000000,20.88600000000000,2.08550000000000,6.37260000000000,7.7981,NA,1944.8417,18.8028,16.7173,2.0855,18.0998,4.9901,4.1622,0.8279,-6.5382,1944.8417,13.3612,NA
gamemd.exe,18720,0x43D4320,D3D9,0,0,1,Hardware: Independent Flip,1976.6593,NA,15.10030000000000,12.41500000000000,1.18550000000000,4.90880000000000,5.1128,NA,1963.6445,14.2003,13.0148,1.1855,13.5456,4.3780,3.9536,0.4244,6.3878,1963.6445,9.7782,NA
gamemd.exe,18720,0x43D4320,D3D9,0,0,1,Hardware: Independent Flip,1993.8427,NA,17.18340000000000,17.36170000000000,1.24680000000000,5.05270000000000,5.2911,NA,1977.8448,17.2447,15.9979,1.2468,16.5269,4.5237,4.0205,0.5032,-3.1614,1977.8448,11.1053,NA
gamemd.exe,18720,0x43D4320,D3D9,0,0,1,Hardware: Independent Flip,2010.6673,NA,16.82460000000000,16.25930000000000,1.11290000000000,4.50020000000000,4.7258,NA,1995.0895,16.6907,15.5778,1.1129,16.0301,4.0479,3.9792,0.0687,0.9854,1995.0895,11.3934,NA
gamemd.exe,18720,0x43D4320,D3D9,0,0,1,Hardware: Independent Flip,2027.4765,NA,16.80920000000000,16.86090000000000,1.81220000000000,4.56410000000000,4.7775,NA,2011.7802,17.5085,15.6963,1.8122,16.3669,3.8935,3.8185,0.0750,-0.1702,2011.7802,12.2481,NA
gamemd.exe,18720,0x43D4320,D3D9,0,0,1,Hardware: Independent Flip,2043.6848,NA,16.20830000000000,17.47460000000000,1.87400000000000,5.83130000000000,6.0438,NA,2029.2887,16.2701,14.3961,1.8740,15.0434,5.1840,4.5987,0.5853,0.0339,2029.2887,13.7290,NA
gamemd.exe,18720,0x43D4320,D3D9,0,0,1,Hardware: Independent Flip,2060.2177,NA,16.53290000000000,15.21910000000000,1.20380000000000,4.51990000000000,4.7300,NA,2045.5588,15.8627,14.6589,1.2038,15.1902,3.9886,3.8998,0.0888,1.0510,2045.5588,12.9270,NA
gamemd.exe,18720,0x43D4320,D3D9,0,0,1,Hardware: Independent Flip,2077.5374,NA,17.31970000000000,17.31790000000000,1.14340000000000,4.49820000000000,4.7282,NA,2061.4215,17.2593,16.1159,1.1434,16.6511,3.9630,3.8710,0.0920,-1.4552,2061.4215,6.1822,NA
gamemd.exe,18720,0x43D4320,D3D9,0,0,1,Hardware: Independent Flip,2093.3832,NA,15.84580000000000,16.12240000000000,1.59060000000000,4.79770000000000,5.0048,NA,2078.6808,16.2930,14.7024,1.5906,15.5968,3.9033,3.8251,0.0782,1.1369,2078.6808,6.3979,NA
gamemd.exe,18720,0x43D4320,D3D9,0,0,1,Hardware: Independent Flip,2111.2740,NA,17.89080000000000,19.60260000000000,1.10890000000000,5.26120000000000,6.7166,NA,2094.9738,17.4091,16.3002,1.1089,16.8342,4.7272,4.0507,0.6765,-3.3096,2094.9738,9.9296,NA
gamemd.exe,18720,0x43D4320,D3D9,0,0,1,Hardware: Independent Flip,2128.9572,NA,17.68320000000000,17.32750000000000,2.21590000000000,4.95760000000000,6.3609,NA,2112.3829,18.7902,16.5743,2.2159,17.3971,4.1348,4.0397,0.0951,0.0816,2112.3829,11.3015,NA
gamemd.exe,18720,0x43D4320,D3D9,0,0,1,Hardware: Independent Flip,2145.7366,NA,16.77940000000000,16.66590000000000,1.64900000000000,5.24300000000000,6.2474,NA,2131.1731,16.2125,14.5635,1.6490,15.2722,4.5343,4.4480,0.0863,2.1243,2131.1731,11.9490,NA
gamemd.exe,18720,0x43D4320,D3D9,0,0,1,Hardware: Independent Flip,2161.5131,NA,15.77650000000000,16.03930000000000,1.61710000000000,5.45850000000000,6.5102,NA,2147.3856,15.7446,14.1275,1.6171,14.8746,4.7114,4.1946,0.5168,0.1732,2147.3856,12.0259,NA
gamemd.exe,18720,0x43D4320,D3D9,0,0,1,Hardware: Independent Flip,2178.2953,NA,16.78220000000000,17.34690000000000,1.61960000000000,5.98470000000000,7.0749,NA,2163.1302,16.7847,15.1651,1.6196,16.0369,5.1129,4.5036,0.6093,-1.6023,2163.1302,13.3160,NA
gamemd.exe,18720,0x43D4320,D3D9,0,0,1,Hardware: Independent Flip,2193.2398,NA,14.94450000000000,13.30640000000000,1.20490000000000,5.23170000000000,5.4368,NA,2179.9149,14.5298,13.3249,1.2049,13.8193,4.7373,4.1885,0.5488,3.4783,2179.9149,10.6844,NA
gamemd.exe,18720,0x43D4320,D3D9,0,0,1,Hardware: Independent Flip,2210.3402,NA,17.10040000000000,16.40590000000000,1.06440000000000,4.56780000000000,4.7423,NA,2194.4447,16.9599,15.8955,1.0644,16.3539,4.1094,4.0294,0.0800,-1.8761,2194.4447,11.0324,NA
gamemd.exe,18720,0x43D4320,D3D9,0,0,1,Hardware: Independent Flip,2227.6030,NA,17.26280000000000,17.22730000000000,1.20720000000000,4.50010000000000,4.7068,NA,2211.4046,17.4056,16.1984,1.2072,16.7449,3.9536,3.8627,0.0909,-0.2674,2211.4046,12.0537,NA
gamemd.exe,18720,0x43D4320,D3D9,0,0,1,Hardware: Independent Flip,2244.4511,NA,16.84810000000000,17.27130000000000,1.15240000000000,4.91030000000000,5.1300,NA,2228.8102,16.7933,15.6409,1.1524,16.1696,4.3816,4.2861,0.0955,0.1343,2228.8102,13.5599,NA
gamemd.exe,18720,0x43D4320,D3D9,0,0,1,Hardware: Independent Flip,2261.2357,NA,16.78460000000000,16.49720000000000,1.33960000000000,4.65420000000000,4.8426,NA,2245.6035,16.9718,15.6322,1.3396,16.2284,4.0580,3.9701,0.0879,0.2961,2245.6035,22.0696,NA
gamemd.exe,18720,0x43D4320,D3D9,0,0,1,Hardware: Independent Flip,2277.9187,NA,16.68300000000000,16.88630000000000,1.05730000000000,4.82690000000000,5.0459,NA,2262.5753,16.4007,15.3434,1.0573,15.8180,4.3523,4.2665,0.0858,0.0855,2262.5753,6.9097,NA
gamemd.exe,18720,0x43D4320,D3D9,0,0,1,Hardware: Independent Flip,2294.1238,NA,16.20510000000000,16.09690000000000,1.47280000000000,4.72530000000000,4.9377,NA,2278.9760,16.6206,15.1478,1.4728,15.9014,3.9717,3.8692,0.1025,0.3038,2278.9760,7.0526,NA
gamemd.exe,18720,0x43D4320,D3D9,0,0,1,Hardware: Independent Flip,2310.5610,NA,16.43720000000000,16.44860000000000,1.24090000000000,4.68990000000000,4.9491,NA,2295.5966,16.2053,14.9644,1.2409,15.5566,4.0977,4.0106,0.0871,0.1720,2295.5966,7.4876,NA
gamemd.exe,18720,0x43D4320,D3D9,0,0,1,Hardware: Independent Flip,2327.3121,NA,16.75110000000000,16.56760000000000,1.26310000000000,4.56500000000000,4.7656,NA,2311.8019,16.7733,15.5102,1.2631,16.1286,3.9466,3.8510,0.0956,-0.3623,2311.8019,8.0493,NA
gamemd.exe,18720,0x43D4320,D3D9,0,0,1,Hardware: Independent Flip,2343.8609,NA,16.54880000000000,17.42130000000000,1.63170000000000,5.28080000000000,5.6381,NA,2328.5752,16.9174,15.2857,1.6317,16.1558,4.4107,3.9239,0.4868,-0.6480,2328.5752,9.3940,NA
gamemd.exe,18720,0x43D4320,D3D9,0,0,1,Hardware: Independent Flip,2361.5518,NA,17.69090000000000,18.63110000000000,1.60350000000000,5.36040000000000,6.5783,NA,2345.4926,17.6627,16.0592,1.6035,16.8242,4.5954,4.2045,0.3909,-1.7137,2345.4926,12.1268,NA
gamemd.exe,18720,0x43D4320,D3D9,0,0,1,Hardware: Independent Flip,2377.0831,NA,15.53130000000000,16.54940000000000,2.90970000000000,6.27630000000000,7.5964,NA,2363.1553,16.8375,13.9278,2.9097,15.2272,4.9769,4.4131,0.5638,1.1133,2363.1553,12.6811,NA
gamemd.exe,18720,0x43D4320,D3D9,0,0,1,Hardware: Independent Flip,2393.8982,NA,16.81510000000000,16.66610000000000,3.83410000000000,6.48950000000000,7.4474,NA,2379.9928,17.7395,13.9054,3.8341,15.6804,4.7145,4.4200,0.2945,0.1714,2379.9928,13.3379,NA
gamemd.exe,18720,0x43D4320,D3D9,0,0,1,Hardware: Independent Flip,2410.1135,NA,16.21530000000000,15.95330000000000,3.52530000000000,6.32320000000000,7.1854,NA,2397.7323,15.9065,12.3812,3.5253,14.0274,4.6770,4.4267,0.2503,1.7862,2397.7323,13.2646,21.2690
gamemd.exe,18720,0x43D4320,D3D9,0,0,1,Hardware: Independent Flip,2428.2569,NA,18.14340000000000,18.70870000000000,2.30310000000000,6.36440000000000,7.7507,NA,2413.6388,16.9212,14.6181,2.3031,16.0770,4.9055,4.1898,0.7157,-2.8022,2413.6388,15.9695,NA
gamemd.exe,18720,0x43D4320,D3D9,0,0,1,Hardware: Independent Flip,2443.4496,NA,15.19270000000000,12.34200000000000,1.20140000000000,4.67030000000000,4.9000,NA,2430.5600,14.0910,12.8896,1.2014,13.4013,4.1586,4.0823,0.0763,4.5792,2430.5600,12.2731,NA
gamemd.exe,18720,0x43D4320,D3D9,0,0,1,Hardware: Independent Flip,2461.0100,NA,17.56040000000000,17.30600000000000,1.11870000000000,4.44570000000000,4.6456,NA,2444.6510,17.4777,16.3590,1.1187,16.8824,3.9223,3.8428,0.0795,-3.2150,2444.6510,5.6427,NA
gamemd.exe,18720,0x43D4320,D3D9,0,0,1,Hardware: Independent Flip,2478.3433,NA,17.33330000000000,18.96610000000000,1.94340000000000,5.34370000000000,6.2784,NA,2462.1287,18.1580,16.2146,1.9434,17.1489,4.4094,4.2862,0.1232,-1.4884,2462.1287,8.4999,NA
gamemd.exe,18720,0x43D4320,D3D9,0,0,1,Hardware: Independent Flip,2494.7961,NA,16.45280000000000,16.64750000000000,1.55070000000000,5.36000000000000,6.4731,NA,2480.2867,16.0601,14.5094,1.5507,15.1488,4.7206,4.1290,0.5916,1.5105,2480.2867,9.2192,NA
gamemd.exe,18720,0x43D4320,D3D9,0,0,1,Hardware: Independent Flip,2510.2072,NA,15.41110000000000,16.68670000000000,2.78700000000000,6.36470000000000,7.7487,NA,2496.3468,16.6474,13.8604,2.7870,15.0804,5.1447,4.9264,0.2183,-0.6266,2496.3468,9.9177,17.8208
gamemd.exe,18720,0x43D4320,D3D9,0,0,1,Hardware: Independent Flip,2527.0913,NA,16.88410000000000,13.62990000000000,0.91200000000000,4.31290000000000,4.4945,NA,2512.9942,15.0091,14.0971,0.9120,14.4751,3.9349,3.8471,0.0878,3.0175,2512.9942,7.5860,NA
gamemd.exe,18720,0x43D4320,D3D9,0,0,1,Hardware: Independent Flip,2543.7488,NA,16.65750000000000,16.51610000000000,0.97520000000000,4.18200000000000,4.3531,NA,2528.0033,16.7207,15.7455,0.9752,16.1765,3.7510,3.6773,0.0737,-1.5070,2528.0033,8.0991,NA
gamemd.exe,18720,0x43D4320,D3D9,0,0,1,Hardware: Independent Flip,2560.5295,NA,16.78070000000000,19.85210000000000,3.20510000000000,6.12800000000000,7.4245,NA,2544.7240,19.0106,15.8055,3.2051,17.1864,4.7471,4.5226,0.2245,-3.1314,2544.7240,NA,NA
gamemd.exe,18720,0x43D4320,D3D9,0,0,1,Hardware: Independent Flip,2576.7811,NA,16.25160000000000,13.97490000000000,1.18650000000000,4.92690000000000,5.1478,NA,2563.7346,14.2330,13.0465,1.1865,13.6127,4.3607,3.8588,0.5019,5.0357,2563.7346,9.9250,NA
gamemd.exe,18720,0x43D4320,D3D9,0,0,1,Hardware: Independent Flip,2593.4749,NA,16.69380000000000,15.00680000000000,0.71920000000000,3.17770000000000,3.4608,NA,2577.9676,16.2265,15.5073,0.7192,15.6094,3.0756,3.0028,0.0728,-0.7738,2577.9676,NA,NA
gamemd.exe,18720,0x43D4320,D3D9,0,0,1,Hardware: Independent Flip,2609.8021,NA,16.32720000000000,16.55960000000000,1.05850000000000,3.49880000000000,3.6932,NA,2594.1941,16.6665,15.6080,1.0585,15.8057,3.3011,3.1983,0.1028,-0.3331,2594.1941,NA,NA
gamemd.exe,18720,0x43D4320,D3D9,0,0,1,Hardware: Independent Flip,2627.1798,NA,17.37770000000000,17.40560000000000,0.79470000000000,3.51860000000000,3.7211,NA,2610.8606,17.1139,16.3192,0.7947,16.4215,3.4163,3.3470,0.0693,-0.7391,2610.8606,10.8853,10.8853
gamemd.exe,18720,0x43D4320,D3D9,0,0,1,Hardware: Independent Flip,2643.9429,NA,16.76310000000000,20.41400000000000,2.30310000000000,6.05340000000000,7.3720,NA,2627.9745,18.2715,15.9684,2.3031,16.7713,5.2505,4.7810,0.4695,-3.3001,2627.9745,NA,NA
gamemd.exe,18720,0x43D4320,D3D9,0,0,1,Hardware: Independent Flip,2659.8891,NA,15.94620000000000,12.63780000000000,1.21850000000000,3.85670000000000,4.0636,NA,2646.2460,14.8616,13.6431,1.2185,13.8702,3.6296,3.4649,0.1647,5.6337,2646.2460,NA,NA
gamemd.exe,18720,0x43D4320,D3D9,0,0,1,Hardware: Independent Flip,2676.3096,NA,16.42050000000000,15.78370000000000,0.64330000000000,3.21990000000000,3.4268,NA,2661.1076,15.8453,15.2020,0.6433,15.2862,3.1357,3.0708,0.0649,-0.9221,2661.1076,NA,NA
gamemd.exe,18720,0x43D4320,D3D9,0,0,1,Hardware: Independent Flip,2693.7529,NA,17.44330000000000,17.49250000000000,0.68300000000000,3.26600000000000,3.4760,NA,2676.9529,17.4830,16.8000,0.6830,16.8831,3.1829,3.1117,0.0712,-1.6472,2676.9529,5.2210,5.2210
gamemd.exe,18720,0x43D4320,D3D9,0,0,1,Hardware: Independent Flip,2711.0698,NA,17.31690000000000,18.51460000000000,1.06360000000000,4.46930000000000,4.6737,NA,2694.4359,17.6975,16.6339,1.0636,17.0933,4.0099,3.9305,0.0794,-1.0316,2694.4359,NA,NA
gamemd.exe,18720,0x43D4320,D3D9,0,0,1,Hardware: Independent Flip,2727.8904,NA,16.82060000000000,15.56810000000000,0.92060000000000,3.20590000000000,3.4212,NA,2712.1334,16.6776,15.7570,0.9206,15.8566,3.1063,3.0053,0.1010,2.1294,2712.1334,NA,NA
gamemd.exe,18720,0x43D4320,D3D9,0,0,1,Hardware: Independent Flip,2743.9507,NA,16.06030000000000,16.29340000000000,0.91170000000000,3.43160000000000,3.6543,NA,2728.8110,16.0514,15.1397,0.9117,15.2882,3.2831,3.2022,0.0809,0.3842,2728.8110,7.5847,NA
gamemd.exe,18720,0x43D4320,D3D9,0,0,1,Hardware: Independent Flip,2760.6168,NA,16.66610000000000,17.49570000000000,1.06450000000000,4.29210000000000,4.4839,NA,2744.8624,16.8189,15.7544,1.0645,16.1861,3.8604,3.7829,0.0775,-1.4443,2744.8624,9.0944,NA
gamemd.exe,18720,0x43D4320,D3D9,0,0,1,Hardware: Independent Flip,2778.7121,NA,18.09530000000000,19.48750000000000,1.14530000000000,4.45030000000000,5.8761,NA,2761.6813,18.1761,17.0308,1.1453,17.5488,3.9323,3.8653,0.0670,-2.6686,2761.6813,20.5698,NA
gamemd.exe,18720,0x43D4320,D3D9,0,0,1,Hardware: Independent Flip,2794.4936,NA,15.78150000000000,17.40890000000000,2.30710000000000,6.27890000000000,7.5035,NA,2779.8574,16.9433,14.6362,2.3071,16.1881,4.7270,4.2557,0.4713,0.7672,2779.8574,21.9610,NA
gamemd.exe,18720,0x43D4320,D3D9,0,0,1,Hardware: Independent Flip,2809.9768,NA,15.48320000000000,11.28940000000000,0.70670000000000,3.08800000000000,3.3097,NA,2796.8007,13.8828,13.1761,0.7067,13.2751,2.9890,2.9283,0.0607,5.6539,2796.8007,NA,NA
gamemd.exe,18720,0x43D4320,D3D9,0,0,1,Hardware: Independent Flip,2829.4239,NA,19.44710000000000,21.98350000000000,1.56490000000000,4.79600000000000,5.8461,NA,2810.6835,20.3053,18.7404,1.5649,19.6012,3.9352,3.8460,0.0892,-8.1007,2810.6835,15.2720,NA
gamemd.exe,18720,0x43D4320,D3D9,0,0,1,Hardware: Independent Flip,2843.0572,NA,13.63330000000000,11.08150000000000,0.79870000000000,3.09870000000000,3.2943,NA,2830.9888,12.8671,12.0684,0.7987,12.1776,2.9895,2.8850,0.1045,9.2238,2830.9888,NA,NA
gamemd.exe,18720,0x43D4320,D3D9,0,0,1,Hardware: Independent Flip,2860.5419,NA,17.48470000000000,18.13650000000000,1.33900000000000,3.76920000000000,3.9461,NA,2843.8559,18.0250,16.6860,1.3390,16.8574,3.5978,3.4074,0.1904,-5.2694,2843.8559,NA,NA
gamemd.exe,18720,0x43D4320,D3D9,0,0,1,Hardware: Independent Flip,2878.2467,NA,17.70480000000000,18.18470000000000,1.17440000000000,4.23460000000000,4.4260,NA,2861.8809,17.5402,16.3658,1.1744,16.5828,4.0176,3.2006,0.8170,-0.1597,2861.8809,NA,NA
gamemd.exe,18720,0x43D4320,D3D9,0,0,1,Hardware: Independent Flip,2895.1508,NA,16.90410000000000,18.65300000000000,1.39200000000000,4.94920000000000,6.1749,NA,2879.4211,17.1217,15.7297,1.3920,16.2976,4.3813,4.2886,0.0927,-1.1128,2879.4211,8.9034,NA
gamemd.exe,18720,0x43D4320,D3D9,0,0,1,Hardware: Independent Flip,2912.8174,NA,17.66660000000000,18.61710000000000,2.03600000000000,6.03160000000000,7.1254,NA,2896.5428,18.3106,16.2746,2.0360,17.1303,5.1759,4.2036,0.9723,-1.4954,2896.5428,11.3531,NA
gamemd.exe,18720,0x43D4320,D3D9,0,0,1,Hardware: Independent Flip,2929.0714,NA,16.25400000000000,15.29440000000000,1.91730000000000,5.03980000000000,6.1658,NA,2914.8534,16.1353,14.2180,1.9173,14.9422,4.3156,4.2081,0.1075,3.0162,2914.8534,19.2447,NA
gamemd.exe,18720,0x43D4320,D3D9,0,0,1,Hardware: Independent Flip,2943.9011,NA,14.82970000000000,13.62800000000000,1.90080000000000,4.75120000000000,4.9641,NA,2930.9887,14.8132,12.9124,1.9008,13.4403,4.2233,3.6884,0.5349,2.5073,2930.9887,NA,NA
gamemd.exe,18720,0x43D4320,D3D9,0,0,1,Hardware: Independent Flip,2961.7679,NA,17.86680000000000,19.02150000000000,1.73510000000000,4.93870000000000,6.1188,NA,2945.8019,17.7011,15.9660,1.7351,16.5840,4.3207,4.2230,0.0977,-4.2083,2945.8019,19.8289,19.8289
gamemd.exe,18720,0x43D4320,D3D9,0,0,1,Hardware: Independent Flip,2978.0114,NA,16.24350000000000,14.50650000000000,0.95220000000000,4.15740000000000,4.3818,NA,2963.5030,15.4606,14.5084,0.9522,14.6611,4.0047,3.5067,0.4980,3.1946,2963.5030,NA,NA
gamemd.exe,18720,0x43D4320,D3D9,0,0,1,Hardware: Independent Flip,2994.6898,NA,16.67840000000000,16.31900000000000,1.57700000000000,3.83270000000000,4.0224,NA,2978.9636,17.3032,15.7262,1.5770,15.9725,3.5864,3.4783,0.1081,-0.8584,2978.9636,NA,NA
gamemd.exe,18720,0x43D4320,D3D9,0,0,1,Hardware: Independent Flip,3011.2043,NA,16.51450000000000,16.46560000000000,1.86090000000000,3.75430000000000,3.9735,NA,2996.2668,16.7984,14.9375,1.8609,15.0474,3.6444,3.4466,0.1978,0.8376,2996.2668,NA,NA
gamemd.exe,18720,0x43D4320,D3D9,0,0,1,Hardware: Independent Flip,3027.4563,NA,16.25200000000000,16.41350000000000,1.14690000000000,3.91740000000000,4.1350,NA,3013.0652,15.5380,14.3911,1.1469,14.5107,3.7978,3.2795,0.5183,0.3849,3013.0652,NA,NA
gamemd.exe,18720,0x43D4320,D3D9,0,0,1,Hardware: Independent Flip,3042.9058,NA,15.44950000000000,16.98160000000000,1.10580000000000,5.28890000000000,5.6671,NA,3028.6032,15.4084,14.3026,1.1058,14.5888,5.0027,4.4105,0.5922,-1.4436,3028.6032,12.5554,12.5554
gamemd.exe,18720,0x43D4320,D3D9,0,0,1,Hardware: Independent Flip,3057.0395,NA,14.13370000000000,14.29040000000000,3.22500000000000,5.62840000000000,5.8238,NA,3044.0116,16.2529,13.0279,3.2250,13.9043,4.7520,4.4569,0.2951,1.1180,3044.0116,NA,NA
gamemd.exe,18720,0x43D4320,D3D9,0,0,1,Hardware: Independent Flip,3073.4574,NA,16.41790000000000,16.38850000000000,1.30140000000000,4.54930000000000,5.7944,NA,3060.2645,14.4943,13.1929,1.3014,13.9145,3.8277,3.7426,0.0851,-0.1356,3060.2645,NA,NA
gamemd.exe,18720,0x43D4320,D3D9,0,0,1,Hardware: Independent Flip,3090.4863,NA,17.02890000000000,17.70430000000000,3.75560000000000,6.26600000000000,6.4698,NA,3074.7588,19.4831,15.7275,3.7556,17.1564,4.8371,4.4013,0.4358,-3.2100,3074.7588,NA,NA
gamemd.exe,18720,0x43D4320,D3D9,0,0,1,Hardware: Independent Flip,3106.8982,NA,16.41190000000000,15.93730000000000,1.65050000000000,5.80590000000000,5.9952,NA,3094.2419,14.3068,12.6563,1.6505,13.4774,4.9848,4.6432,0.3416,3.5458,3094.2419,20.8770,NA
gamemd.exe,18720,0x43D4320,D3D9,0,0,1,Hardware: Independent Flip,3123.6006,NA,16.70240000000000,16.82050000000000,2.75420000000000,5.91110000000000,6.1133,NA,3108.5487,17.8061,15.0519,2.7542,15.8870,5.0760,4.7754,0.3006,-2.5137,3108.5487,21.7153,NA
gamemd.exe,18720,0x43D4320,D3D9,0,0,1,Hardware: Independent Flip,3140.4929,NA,16.89230000000000,18.13280000000000,3.50610000000000,7.09840000000000,7.3538,NA,3126.3548,17.6442,14.1381,3.5061,15.8095,5.4270,4.6088,0.8182,-0.3267,3126.3548,23.7877,NA
gamemd.exe,18720,0x43D4320,D3D9,0,0,1,Hardware: Independent Flip,3157.0578,NA,16.56490000000000,15.82830000000000,3.52510000000000,6.39860000000000,6.6172,NA,3143.9990,16.5839,13.0588,3.5251,14.5696,4.8878,4.3818,0.5060,1.8159,3143.9990,23.6658,NA
gamemd.exe,18720,0x43D4320,D3D9,0,0,1,Hardware: Independent Flip,3174.7656,NA,17.70780000000000,17.70540000000000,2.46960000000000,6.34950000000000,6.6148,NA,3160.5829,16.6523,14.1827,2.4696,15.8205,4.7117,4.2183,0.4934,-1.1215,3160.5829,25.2764,NA
gamemd.exe,18720,0x43D4320,D3D9,0,0,1,Hardware: Independent Flip,3191.2458,NA,16.48020000000000,17.11060000000000,2.63550000000000,6.92470000000000,7.2452,NA,3177.2352,16.6461,14.0106,2.6355,15.8372,5.0981,4.2004,0.8977,-0.4583,3177.2352,26.3640,NA
gamemd.exe,18720,0x43D4320,D3D9,0,0,1,Hardware: Independent Flip,3208.6273,NA,17.38150000000000,16.08080000000000,1.73650000000000,5.70150000000000,5.9445,NA,3193.8813,16.4825,14.7460,1.7365,15.5661,4.8814,4.2939,0.5875,0.5653,3193.8813,26.5383,NA
gamemd.exe,18720,0x43D4320,D3D9,0,0,1,Hardware: Independent Flip,3224.8418,NA,16.21450000000000,16.99630000000000,2.66850000000000,6.49620000000000,6.7263,NA,3210.3638,17.1465,14.4780,2.6685,16.0485,4.9257,4.2349,0.6908,-0.5138,3210.3638,27.5231,NA
gamemd.exe,18720,0x43D4320,D3D9,0,0,1,Hardware: Independent Flip,3240.5734,NA,15.73160000000000,16.16650000000000,3.49410000000000,6.96700000000000,7.1612,NA,3227.5103,16.5572,13.0631,3.4941,14.7236,5.3065,4.6996,0.6069,0.9800,3227.5103,27.7324,NA
gamemd.exe,18720,0x43D4320,D3D9,0,0,1,Hardware: Independent Flip,3257.3911,NA,16.81770000000000,16.17340000000000,3.48660000000000,6.26920000000000,6.5169,NA,3244.0675,16.8102,13.3236,3.4866,14.9337,4.6591,4.5401,0.1190,0.3838,3244.0675,19.8734,NA
gamemd.exe,18720,0x43D4320,D3D9,0,0,1,Hardware: Independent Flip,3275.3647,NA,17.97360000000000,17.13900000000000,1.58380000000000,5.43760000000000,5.6823,NA,3260.8777,16.0708,14.4870,1.5838,15.1811,4.7435,4.2733,0.4702,-0.3288,3260.8777,13.0146,NA
gamemd.exe,18720,0x43D4320,D3D9,0,0,1,Hardware: Independent Flip,3291.2444,NA,15.87970000000000,16.18300000000000,1.97610000000000,5.76520000000000,5.9856,NA,3276.9485,16.2720,14.2959,1.9761,15.4002,4.6609,4.2282,0.4327,-0.1122,3276.9485,21.2260,NA
gamemd.exe,18720,0x43D4320,D3D9,0,0,1,Hardware: Independent Flip,3308.8231,NA,17.57870000000000,17.25030000000000,1.56020000000000,5.41890000000000,5.6572,NA,3293.2205,17.1628,15.6026,1.5602,16.3692,4.6523,4.1709,0.4814,-0.9783,3293.2205,22.4691,NA
gamemd.exe,18720,0x43D4320,D3D9,0,0,1,Hardware: Independent Flip,3325.0606,NA,16.23750000000000,17.62380000000000,2.68610000000000,6.83070000000000,7.0435,NA,3310.3833,17.3634,14.6773,2.6861,16.5536,4.9544,4.1862,0.7682,-0.4610,3310.3833,16.0924,NA
gamemd.exe,18720,0x43D4320,D3D9,0,0,1,Hardware: Independent Flip,3340.7603,NA,15.69970000000000,15.47480000000000,2.32320000000000,6.60990000000000,6.8186,NA,3327.7467,15.3368,13.0136,2.3232,14.6227,5.0008,4.2351,0.7657,1.8886,3327.7467,15.5812,NA
gamemd.exe,18720,0x43D4320,D3D9,0,0,1,Hardware: Independent Flip,3358.9097,NA,18.14940000000000,16.90010000000000,2.39650000000000,5.35290000000000,5.5693,NA,3343.0835,18.2227,15.8262,2.3965,16.6568,4.5223,4.1044,0.4179,-1.5633,3343.0835,16.3713,NA
gamemd.exe,18720,0x43D4320,D3D9,0,0,1,Hardware: Independent Flip,3374.9961,NA,16.08640000000000,16.22320000000000,1.69110000000000,5.47840000000000,5.7061,NA,3361.3062,15.3810,13.6899,1.6911,14.3773,4.7910,4.2919,0.4991,1.9995,3361.3062,16.5117,NA
gamemd.exe,18720,0x43D4320,D3D9,0,0,1,Hardware: Independent Flip,3391.4357,NA,16.43960000000000,16.77080000000000,2.23260000000000,5.84570000000000,6.0373,NA,3376.6872,16.9811,14.7485,2.2326,16.0074,4.5868,4.0905,0.4963,-1.3898,3376.6872,17.4020,NA
gamemd.exe,18720,0x43D4320,D3D9,0,0,1,Hardware: Independent Flip,3408.6179,NA,17.18220000000000,17.10990000000000,1.67450000000000,5.74380000000000,5.9650,NA,3393.6683,16.6241,14.9496,1.6745,15.7378,4.9556,4.2466,0.7090,-0.1288,3393.6683,18.5700,NA
gamemd.exe,18720,0x43D4320,D3D9,0,0,1,Hardware: Independent Flip,3423.9063,NA,15.28840000000000,16.64890000000000,3.66600000000000,7.09910000000000,7.3255,NA,3410.2924,17.2799,13.6139,3.6660,15.2739,5.4391,4.5535,0.8856,-0.0248,3410.2924,19.1810,NA
gamemd.exe,18720,0x43D4320,D3D9,0,0,1,Hardware: Independent Flip,3440.3486,NA,16.44230000000000,15.78560000000000,1.96130000000000,6.43600000000000,6.6688,NA,3427.5723,14.7376,12.7763,1.9613,13.5958,5.6165,4.4005,1.2160,1.4943,3427.5723,19.0142,NA
gamemd.exe,18720,0x43D4320,D3D9,0,0,1,Hardware: Independent Flip,3457.0730,NA,16.72440000000000,16.02000000000000,1.57330000000000,5.74680000000000,5.9644,NA,3442.3099,16.3364,14.7631,1.5733,15.3954,5.1145,4.5501,0.5644,-1.2824,3442.3099,18.9222,NA
gamemd.exe,18720,0x43D4320,D3D9,0,0,1,Hardware: Independent Flip,3474.0803,NA,17.00730000000000,17.86770000000000,2.74070000000000,6.61070000000000,6.8248,NA,3458.6463,18.1747,15.4340,2.7407,16.5170,5.5277,4.9678,0.5599,-1.5313,3458.6463,NA,NA
gamemd.exe,18720,0x43D4320,D3D9,0,0,1,Hardware: Independent Flip,3490.6327,NA,16.55240000000000,15.14090000000000,4.02390000000000,5.19020000000000,5.4133,NA,3476.8210,17.8356,13.8117,4.0239,14.4350,4.5669,4.3768,0.1901,3.0338,3476.8210,NA,NA
gamemd.exe,18720,0x43D4320,D3D9,0,0,1,Hardware: Independent Flip,3507.4640,NA,16.83130000000000,17.94480000000000,2.08870000000000,6.32520000000000,6.5268,NA,3494.6566,14.8961,12.8074,2.0887,14.1828,4.9498,4.4678,0.4820,-0.1092,3494.6566,21.4680,NA
gamemd.exe,18720,0x43D4320,D3D9,0,0,1,Hardware: Independent Flip,3524.1855,NA,16.72150000000000,16.84830000000000,2.46310000000000,6.42840000000000,6.6536,NA,3509.5527,17.0959,14.6328,2.4631,16.2813,4.7799,4.2456,0.5343,-1.9522,3509.5527,22.5454,NA
gamemd.exe,18720,0x43D4320,D3D9,0,0,1,Hardware: Independent Flip,3540.9049,NA,16.71940000000000,16.76500000000000,3.54170000000000,6.46890000000000,6.6992,NA,3526.6486,17.7980,14.2563,3.5417,15.9246,4.8006,4.3935,0.4071,0.3309,3526.6486,NA,NA
gamemd.exe,18720,0x43D4320,D3D9,0,0,1,Hardware: Independent Flip,3557.3225,NA,16.41760000000000,16.13370000000000,3.55930000000000,6.17470000000000,6.4153,NA,3544.4466,16.4352,12.8759,3.5593,14.5103,4.5403,4.4259,0.1144,1.6643,3544.4466,23.7332,NA
gamemd.exe,18720,0x43D4320,D3D9,0,0,1,Hardware: Independent Flip,3573.8065,NA,16.48400000000000,16.16910000000000,3.07270000000000,5.90850000000000,6.1004,NA,3560.8818,15.9974,12.9247,3.0727,13.8081,5.0251,4.5970,0.4281,0.2661,3560.8818,23.8752,NA
gamemd.exe,18720,0x43D4320,D3D9,0,0,1,Hardware: Independent Flip,3590.1931,NA,16.38660000000000,15.96590000000000,1.20930000000000,5.05160000000000,5.6797,NA,3576.8792,14.5232,13.3139,1.2093,13.8310,4.5345,4.0128,0.5217,0.0315,3576.8792,23.8324,NA
gamemd.exe,18720,0x43D4320,D3D9,0,0,1,Hardware: Independent Flip,3606.7403,NA,16.54720000000000,16.69100000000000,1.05980000000000,4.60210000000000,5.8235,NA,3591.4024,16.3977,15.3379,1.0598,15.8150,4.1250,4.0455,0.0795,-2.1678,3591.4024,24.5483,NA
gamemd.exe,18720,0x43D4320,D3D9,0,0,1,Hardware: Independent Flip,3623.8623,NA,17.12200000000000,17.33060000000000,2.05430000000000,5.82000000000000,6.0321,NA,3607.8001,18.1165,16.0622,2.0543,17.2775,4.6047,4.1527,0.4520,-0.9329,3607.8001,25.8709,NA
gamemd.exe,18720,0x43D4320,D3D9,0,0,1,Hardware: Independent Flip,3640.2111,NA,16.34880000000000,15.99020000000000,1.14240000000000,4.58720000000000,5.6735,NA,3625.9166,15.4369,14.2945,1.1424,14.7697,4.1120,4.0306,0.0814,2.1263,3625.9166,25.8837,NA
gamemd.exe,18720,0x43D4320,D3D9,0,0,1,Hardware: Independent Flip,3658.7631,NA,18.55200000000000,18.55060000000000,1.72670000000000,5.45890000000000,5.6721,NA,3641.3535,19.1363,17.4096,1.7267,18.1357,4.7328,4.0796,0.6532,-3.1137,3641.3535,12.4318,NA
gamemd.exe,18720,0x43D4320,D3D9,0,0,1,Hardware: Independent Flip,3673.6040,NA,14.84090000000000,14.76430000000000,1.20260000000000,4.53530000000000,5.5955,NA,3660.4898,14.3168,13.1142,1.2026,13.5961,4.0534,3.9612,0.0922,4.3720,3660.4898,NA,NA
gamemd.exe,18720,0x43D4320,D3D9,0,0,1,Hardware: Independent Flip,3691.1854,NA,17.58140000000000,17.49930000000000,1.94060000000000,5.31750000000000,5.5134,NA,3674.8066,18.3194,16.3788,1.9406,16.9726,4.7237,4.6186,0.1051,-3.1825,3674.8066,12.7111,NA
gamemd.exe,18720,0x43D4320,D3D9,0,0,1,Hardware: Independent Flip,3707.4653,NA,16.27990000000000,17.56450000000000,2.60970000000000,6.54980000000000,6.7980,NA,3693.1260,16.9490,14.3393,2.6097,15.9903,4.8988,4.4291,0.4697,0.7549,3693.1260,NA,NA
gamemd.exe,18720,0x43D4320,D3D9,0,0,1,Hardware: Independent Flip,3725.1357,NA,17.67040000000000,17.73520000000000,2.68230000000000,6.63620000000000,6.8628,NA,3710.0750,17.7430,15.0607,2.6823,16.7737,4.9232,4.2317,0.6915,-0.7862,3710.0750,15.9436,NA
gamemd.exe,18720,0x43D4320,D3D9,0,0,1,Hardware: Independent Flip,3740.6881,NA,15.55240000000000,15.39310000000000,3.67550000000000,6.48470000000000,6.7035,NA,3727.8180,16.5456,12.8701,3.6755,14.5007,4.8541,4.4287,0.4254,2.3499,3727.8180,15.3427,NA
gamemd.exe,18720,0x43D4320,D3D9,0,0,1,Hardware: Independent Flip,3757.1495,NA,16.46140000000000,16.32000000000000,3.46810000000000,6.36070000000000,6.5621,NA,3744.3636,16.2540,12.7859,3.4681,14.2545,4.8921,4.5139,0.3782,0.2256,3744.3636,15.6439,NA
gamemd.exe,18720,0x43D4320,D3D9,0,0,1,Hardware: Independent Flip,3775.1801,NA,18.03060000000000,17.97860000000000,2.25230000000000,6.28690000000000,6.5101,NA,3760.6176,16.8148,14.5625,2.2523,16.0567,4.7927,4.0295,0.7632,-1.7246,3760.6176,17.6592,NA
gamemd.exe,18720,0x43D4320,D3D9,0,0,1,Hardware: Independent Flip,3790.3558,NA,15.17570000000000,16.26420000000000,3.73050000000000,7.40180000000000,7.5986,NA,3777.4324,16.6539,12.9234,3.7305,15.5864,4.7388,4.1684,0.5704,0.5506,3777.4324,25.9336,NA
gamemd.exe,18720,0x43D4320,D3D9,0,0,1,Hardware: Independent Flip,3807.2043,NA,16.84850000000000,15.93800000000000,3.45930000000000,6.45490000000000,6.6881,NA,3794.0863,16.5773,13.1180,3.4593,14.0713,5.5016,5.0228,0.4788,0.7159,3794.0863,NA,NA
gamemd.exe,18720,0x43D4320,D3D9,0,0,1,Hardware: Independent Flip,3823.5149,NA,16.31060000000000,15.45510000000000,1.97360000000000,5.62730000000000,5.8326,NA,3810.6636,14.8249,12.8513,1.9736,13.6406,4.8380,4.3552,0.4828,1.1222,3810.6636,17.3432,NA
gamemd.exe,18720,0x43D4320,D3D9,0,0,1,Hardware: Independent Flip,3840.0669,NA,16.55200000000000,16.50340000000000,1.28950000000000,5.43290000000000,5.7840,NA,3825.4885,15.8679,14.5784,1.2895,15.1256,4.8857,4.8176,0.0681,-1.6785,3825.4885,17.8471,NA
gamemd.exe,18720,0x43D4320,D3D9,0,0,1,Hardware: Independent Flip,3856.7529,NA,16.68600000000000,17.16750000000000,1.21640000000000,5.06520000000000,6.2655,NA,3841.3564,16.6129,15.3965,1.2164,15.9331,4.5286,3.9813,0.5473,-1.2996,3841.3564,18.8341,NA
gamemd.exe,18720,0x43D4320,D3D9,0,0,1,Hardware: Independent Flip,3873.7214,NA,16.96850000000000,16.96910000000000,3.07000000000000,6.07220000000000,6.2661,NA,3857.9693,18.8221,15.7521,3.0700,16.5540,5.2703,4.7556,0.5147,-0.3562,3857.9693,11.9135,NA
gamemd.exe,18720,0x43D4320,D3D9,0,0,1,Hardware: Independent Flip,3890.7991,NA,17.07770000000000,17.45280000000000,2.75110000000000,6.47150000000000,6.6412,NA,3876.7914,16.7588,14.0077,2.7511,15.8290,4.6502,4.4523,0.1979,1.3693,3876.7914,13.4454,NA
gamemd.exe,18720,0x43D4320,D3D9,0,0,1,Hardware: Independent Flip,3907.2243,NA,16.42520000000000,16.41400000000000,2.96000000000000,6.43650000000000,6.6300,NA,3893.5502,16.6341,13.6741,2.9600,14.4689,5.6417,5.1196,0.5221,0.3448,3893.5502,21.3993,NA
gamemd.exe,18720,0x43D4320,D3D9,0,0,1,Hardware: Independent Flip,3924.2812,NA,17.05690000000000,16.56050000000000,1.54420000000000,5.95480000000000,6.1336,NA,3910.1843,15.6411,14.0969,1.5442,14.8688,5.1829,4.4220,0.7609,0.0736,3910.1843,22.4013,NA
gamemd.exe,18720,0x43D4320,D3D9,0,0,1,Hardware: Independent Flip,3940.8709,NA,16.58970000000000,16.97120000000000,2.52730000000000,6.33590000000000,6.5151,NA,3925.8254,17.5728,15.0455,2.5273,16.7594,4.6220,4.3822,0.2398,-1.3301,3925.8254,23.3468,NA
gamemd.exe,18720,0x43D4320,D3D9,0,0,1,Hardware: Independent Flip,3957.1119,NA,16.24100000000000,15.26950000000000,3.71920000000000,5.34440000000000,5.5436,NA,3943.3982,17.4329,13.7137,3.7192,14.3647,4.6934,4.5957,0.0977,2.3033,3943.3982,22.6361,NA
gamemd.exe,18720,0x43D4320,D3D9,0,0,1,Hardware: Independent Flip,3973.4732,NA,16.36130000000000,17.33510000000000,3.52210000000000,6.31600000000000,6.5174,NA,3960.8311,16.1642,12.6421,3.5221,14.0721,4.8860,4.4195,0.4665,0.0978,3960.8311,23.9933,NA
gamemd.exe,18720,0x43D4320,D3D9,0,0,1,Hardware: Independent Flip,3990.3018,NA,16.82860000000000,17.71750000000000,3.29320000000000,7.19540000000000,7.4063,NA,3976.9953,16.5997,13.3065,3.2932,15.5579,4.9440,4.2945,0.6495,-1.5533,3976.9953,17.6926,NA
gamemd.exe,18720,0x43D4320,D3D9,0,0,1,Hardware: Independent Flip,4008.2847,NA,17.98290000000000,16.92330000000000,1.96590000000000,6.09930000000000,6.3467,NA,3993.5950,16.6556,14.6897,1.9659,15.8485,4.9405,4.2145,0.7260,-0.3236,3993.5950,26.6313,NA
gamemd.exe,18720,0x43D4320,D3D9,0,0,1,Hardware: Independent Flip,4025.2065,NA,16.92180000000000,16.33570000000000,1.56230000000000,5.52430000000000,5.7606,NA,4010.2506,16.5182,14.9559,1.5623,15.6423,4.8379,4.1968,0.6411,0.3199,4010.2506,26.9655,NA
gamemd.exe,18720,0x43D4320,D3D9,0,0,1,Hardware: Independent Flip,4041.2610,NA,16.05450000000000,16.02000000000000,1.46590000000000,5.49720000000000,5.7261,NA,4026.7688,15.9581,14.4922,1.4659,15.1875,4.8019,4.2592,0.5427,0.4982,4026.7688,26.9665,NA
gamemd.exe,18720,0x43D4320,D3D9,0,0,1,Hardware: Independent Flip,4058.2686,NA,17.00760000000000,17.28190000000000,2.16020000000000,5.75690000000000,6.0004,NA,4042.7269,17.7019,15.5417,2.1602,16.5770,4.7216,4.1882,0.5334,-1.3238,4042.7269,28.2580,NA
gamemd.exe,18720,0x43D4320,D3D9,0,0,1,Hardware: Independent Flip,4074.4953,NA,16.22670000000000,17.09070000000000,2.63700000000000,6.65760000000000,6.8644,NA,4060.4288,16.7035,14.0665,2.6370,15.8718,4.8523,4.1937,0.6586,0.6112,4060.4288,29.3397,NA
gamemd.exe,18720,0x43D4320,D3D9,0,0,1,Hardware: Independent Flip,4090.8128,NA,16.31750000000000,15.80960000000000,2.68780000000000,6.12550000000000,6.3565,NA,4077.1323,16.3683,13.6805,2.6878,15.4357,4.3703,4.2364,0.1339,0.8939,4077.1323,21.1115,NA
gamemd.exe,18720,0x43D4320,D3D9,0,0,1,Hardware: Independent Flip,4106.9433,NA,16.13050000000000,15.83390000000000,1.26690000000000,4.93920000000000,6.0599,NA,4093.5006,14.7096,13.4427,1.2669,14.0452,4.3367,4.2488,0.0879,0.5344,4093.5006,12.9360,NA
gamemd.exe,18720,0x43D4320,D3D9,0,0,1,Hardware: Independent Flip,4123.7948,NA,16.85150000000000,16.24450000000000,4.29490000000000,5.22690000000000,5.4529,NA,4108.2102,19.8795,15.5846,4.2949,16.2810,4.5305,4.4056,0.1249,-1.5349,4108.2102,NA,NA
gamemd.exe,18720,0x43D4320,D3D9,0,0,1,Hardware: Independent Flip,4140.4269,NA,16.63210000000000,18.45670000000000,3.20430000000000,7.05570000000000,7.2775,NA,4128.0897,15.5415,12.3372,3.2043,14.2614,5.1315,4.4190,0.7125,1.4228,4128.0897,15.6153,NA
gamemd.exe,18720,0x43D4320,D3D9,0,0,1,Hardware: Independent Flip,4158.5507,NA,18.12380000000000,16.98080000000000,1.73350000000000,5.91240000000000,6.1345,NA,4143.6312,16.6530,14.9195,1.7335,15.6990,5.1329,4.5728,0.5601,-1.4393,4143.6312,NA,NA
gamemd.exe,18720,0x43D4320,D3D9,0,0,1,Hardware: Independent Flip,4173.8403,NA,15.28960000000000,15.76760000000000,2.36800000000000,6.40040000000000,6.6125,NA,4160.2842,15.9241,13.5561,2.3680,15.0496,4.9069,4.2179,0.6890,0.8854,4160.2842,16.3596,NA
gamemd.exe,18720,0x43D4320,D3D9,0,0,1,Hardware: Independent Flip,4192.1193,NA,18.27900000000000,17.56630000000000,1.90460000000000,5.68720000000000,5.8998,NA,4176.2083,17.8156,15.9110,1.9046,16.9919,4.6063,4.0883,0.5180,-1.6422,4176.2083,17.9085,NA
gamemd.exe,18720,0x43D4320,D3D9,0,0,1,Hardware: Independent Flip,4208.0532,NA,15.93390000000000,16.74340000000000,2.32470000000000,6.47610000000000,6.7093,NA,4194.0239,16.3540,14.0293,2.3247,15.5833,4.9221,4.1240,0.7981,1.0722,4194.0239,NA,NA
gamemd.exe,18720,0x43D4320,D3D9,0,0,1,Hardware: Independent Flip,4223.7324,NA,15.67920000000000,15.35570000000000,1.91090000000000,6.19970000000000,6.3858,NA,4210.3779,15.2654,13.3545,1.9109,14.1558,5.3984,4.6610,0.7374,0.9983,4210.3779,NA,NA
gamemd.exe,18720,0x43D4320,D3D9,0,0,1,Hardware: Independent Flip,4240.7250,NA,16.99260000000000,17.17860000000000,3.55970000000000,6.27350000000000,6.5718,NA,4225.6433,18.6414,15.0817,3.5597,15.7345,5.6207,5.1764,0.4443,-1.9132,4225.6433,18.8438,18.8438
gamemd.exe,18720,0x43D4320,D3D9,0,0,1,Hardware: Independent Flip,4257.5069,NA,16.78190000000000,17.07210000000000,3.67800000000000,6.64000000000000,6.8620,NA,4244.2847,16.9002,13.2222,3.6780,14.9965,4.8657,4.4190,0.4467,1.5693,4244.2847,NA,NA
gamemd.exe,18720,0x43D4320,D3D9,0,0,1,Hardware: Independent Flip,4273.9551,NA,16.44820000000000,15.92350000000000,1.69960000000000,6.13020000000000,6.3373,NA,4261.1849,14.4698,12.7702,1.6996,13.6835,5.2169,4.5025,0.7144,0.9767,4261.1849,NA,NA
gamemd.exe,18720,0x43D4320,D3D9,0,0,1,Hardware: Independent Flip,4291.3719,NA,17.41680000000000,17.64740000000000,2.47500000000000,6.34770000000000,6.5679,NA,4275.6547,18.1922,15.7172,2.4750,17.4162,4.6487,4.1440,0.5047,-3.1776,4275.6547,NA,NA
gamemd.exe,18720,0x43D4320,D3D9,0,0,1,Hardware: Independent Flip,4307.1891,NA,15.81720000000000,16.10640000000000,3.39790000000000,6.62990000000000,6.8571,NA,4293.8469,16.7401,13.3422,3.3979,14.9167,5.0554,4.4817,0.5737,2.0858,4293.8469,NA,NA
gamemd.exe,18720,0x43D4320,D3D9,0,0,1,Hardware: Independent Flip,4325.0136,NA,17.82450000000000,17.55560000000000,2.43460000000000,6.30790000000000,6.5882,NA,4310.5870,16.8612,14.4266,2.4346,16.0404,4.6941,4.0990,0.5951,-0.8155,4310.5870,NA,NA
gamemd.exe,18720,0x43D4320,D3D9,0,0,1,Hardware: Independent Flip,4341.9961,NA,16.98250000000000,16.23630000000000,1.88210000000000,5.65550000000000,5.8420,NA,4327.4482,16.4300,14.5479,1.8821,15.6059,4.5975,4.0446,0.5529,0.6249,4327.4482,31.7484,31.7484
gamemd.exe,18720,0x43D4320,D3D9,0,0,1,Hardware: Independent Flip,4357.1447,NA,15.14860000000000,15.96740000000000,2.30950000000000,6.45830000000000,6.6608,NA,4343.8782,15.5760,13.2665,2.3095,14.6886,5.0362,4.2434,0.7928,0.4626,4343.8782,NA,NA
gamemd.exe,18720,0x43D4320,D3D9,0,0,1,Hardware: Independent Flip,4373.8624,NA,16.71770000000000,18.05550000000000,3.40290000000000,7.78200000000000,7.9986,NA,4359.4542,17.8111,14.4082,3.4029,17.0862,5.1040,4.2411,0.8629,-2.4795,4359.4542,NA,NA
gamemd.exe,18720,0x43D4320,D3D9,0,0,1,Hardware: Independent Flip,4389.9456,NA,16.08320000000000,13.92270000000000,1.02590000000000,4.69610000000000,5.8381,NA,4377.2653,13.7062,12.6803,1.0259,13.1285,4.2479,3.8151,0.4328,3.8884,4377.2653,NA,NA
gamemd.exe,18720,0x43D4320,D3D9,0,0,1,Hardware: Independent Flip,4407.0906,NA,17.14500000000000,16.67110000000000,1.15510000000000,4.66320000000000,5.3642,NA,4390.9715,17.2742,16.1191,1.1551,16.6033,4.1790,4.0794,0.0996,-2.9649,4390.9715,NA,NA
gamemd.exe,18720,0x43D4320,D3D9,0,0,1,Hardware: Independent Flip,4424.7979,NA,17.70730000000000,18.29220000000000,1.69680000000000,5.75490000000000,5.9491,NA,4408.2457,18.2490,16.5522,1.6968,17.3439,4.9632,4.1213,0.8419,-1.0180,4408.2457,34.6920,34.6920
gamemd.exe,18720,0x43D4320,D3D9,0,0,1,Hardware: Independent Flip,4441.7477,NA,16.94980000000000,16.76580000000000,1.73090000000000,5.45000000000000,5.7651,NA,4426.4947,16.9839,15.2530,1.7309,15.9558,4.7472,4.3453,0.4019,1.4832,4426.4947,NA,NA
gamemd.exe,18720,0x43D4320,D3D9,0,0,1,Hardware: Independent Flip,4458.4413,NA,16.69360000000000,16.74120000000000,1.64230000000000,5.55140000000000,5.8127,NA,4443.4786,16.6050,14.9627,1.6423,15.6693,4.8448,4.3410,0.5038,0.2427,4443.4786,NA,NA
gamemd.exe,18720,0x43D4320,D3D9,0,0,1,Hardware: Independent Flip,4475.3085,NA,16.86720000000000,17.00990000000000,1.51190000000000,5.74170000000000,5.9554,NA,4460.0836,16.7368,15.2249,1.5119,15.9625,5.0041,4.3172,0.6869,-0.4049,4460.0836,NA,NA
gamemd.exe,18720,0x43D4320,D3D9,0,0,1,Hardware: Independent Flip,4490.2854,NA,14.97690000000000,16.48150000000000,3.33860000000000,7.25780000000000,7.4600,NA,4476.8204,16.8036,13.4650,3.3386,15.1391,5.5837,4.7723,0.8114,0.2553,4476.8204,NA,NA
gamemd.exe,18720,0x43D4320,D3D9,0,0,1,Hardware: Independent Flip,4507.3487,NA,17.06330000000000,15.97010000000000,3.85570000000000,6.12270000000000,6.3668,NA,4493.6240,17.5804,13.7247,3.8557,14.3977,5.4497,4.8477,0.6020,0.8335,4493.6240,13.7150,37.6898
gamemd.exe,18720,0x43D4320,D3D9,0,0,1,Hardware: Independent Flip,4523.7749,NA,16.42620000000000,15.50470000000000,3.72240000000000,5.23200000000000,5.4453,NA,4511.2044,16.2929,12.5705,3.7224,13.1322,4.6703,4.5595,0.1108,2.0757,4511.2044,13.1317,NA
gamemd.exe,18720,0x43D4320,D3D9,0,0,1,Hardware: Independent Flip,4540.5457,NA,16.77080000000000,18.11920000000000,2.08810000000000,6.61960000000000,6.7937,NA,4527.4973,15.1365,13.0484,2.0881,13.7374,5.9306,5.3312,0.5994,-1.8263,4527.4973,15.2608,NA
gamemd.exe,18720,0x43D4320,D3D9,0,0,1,Hardware: Independent Flip,4557.4997,NA,16.95400000000000,16.42170000000000,1.87660000000000,6.08840000000000,6.2614,NA,4542.6338,16.7425,14.8659,1.8766,15.9149,5.0394,4.8639,0.1755,-1.2852,4542.6338,15.7545,NA
gamemd.exe,18720,0x43D4320,D3D9,0,0,1,Hardware: Independent Flip,4574.2399,NA,16.74020000000000,18.03260000000000,2.66620000000000,7.35430000000000,7.5538,NA,4559.3763,17.5298,14.8636,2.6662,16.5526,5.6653,5.1122,0.5531,-1.2901,4559.3763,17.7653,NA
gamemd.exe,18720,0x43D4320,D3D9,0,0,1,Hardware: Independent Flip,4591.5343,NA,17.29440000000000,16.21530000000000,2.75120000000000,6.27300000000000,6.4747,NA,4576.9061,17.3794,14.6282,2.7512,15.3934,5.5078,4.8276,0.6802,1.3145,4576.9061,NA,NA
gamemd.exe,18720,0x43D4320,D3D9,0,0,1,Hardware: Independent Flip,4606.9410,NA,15.40670000000000,16.30310000000000,3.23200000000000,7.15310000000000,7.3711,NA,4594.2855,15.8875,12.6555,3.2320,14.9768,4.8318,4.2899,0.5419,1.0763,4594.2855,NA,NA
gamemd.exe,18720,0x43D4320,D3D9,0,0,1,Hardware: Independent Flip,4624.4615,NA,17.52050000000000,16.68890000000000,2.49740000000000,6.34970000000000,6.5395,NA,4610.1730,16.7859,14.2885,2.4974,15.9415,4.6967,4.0700,0.6267,-0.8014,4610.1730,27.0031,27.0031
gamemd.exe,18720,0x43D4320,D3D9,0,0,1,Hardware: Independent Flip,4641.7294,NA,17.26790000000000,16.64330000000000,1.66850000000000,5.72000000000000,5.9149,NA,4626.9589,16.4390,14.7705,1.6685,15.5617,4.9288,4.3088,0.6200,0.1426,4626.9589,NA,NA
gamemd.exe,18720,0x43D4320,D3D9,0,0,1,Hardware: Independent Flip,4656.9112,NA,15.18180000000000,16.39470000000000,3.23650000000000,6.89760000000000,7.1278,NA,4643.3979,16.7498,13.5133,3.2365,15.5045,4.9064,4.3150,0.5914,0.0443,4643.3979,NA,NA
gamemd.exe,18720,0x43D4320,D3D9,0,0,1,Hardware: Independent Flip,4674.5136,NA,17.60240000000000,17.08200000000000,2.33310000000000,6.38070000000000,6.6074,NA,4660.1477,16.6990,14.3659,2.3331,15.5311,5.2155,4.4022,0.8133,-0.3322,4660.1477,NA,NA
gamemd.exe,18720,0x43D4320,D3D9,0,0,1,Hardware: Independent Flip,4691.3878,NA,16.87420000000000,16.87770000000000,2.39260000000000,6.34490000000000,6.6109,NA,4676.8467,16.9337,14.5411,2.3926,16.1526,4.7334,4.0646,0.6688,-0.1787,4676.8467,NA,NA
gamemd.exe,18720,0x43D4320,D3D9,0,0,1,Hardware: Independent Flip,4708.6200,NA,17.23220000000000,16.75030000000000,1.70050000000000,5.86640000000000,6.1290,NA,4693.7804,16.5401,14.8396,1.7005,15.7356,4.9704,4.3179,0.6525,0.1834,4693.7804,NA,NA
gamemd.exe,18720,0x43D4320,D3D9,0,0,1,Hardware: Independent Flip,4724.9101,NA,16.29010000000000,16.23460000000000,2.65080000000000,5.87540000000000,6.0735,NA,4710.3205,17.2404,14.5896,2.6508,15.4927,4.9723,4.4296,0.5427,0.3055,4710.3205,22.6235,22.6235
gamemd.exe,18720,0x43D4320,D3D9,0,0,1,Hardware: Independent Flip,4740.3448,NA,15.43470000000000,15.02610000000000,2.71950000000000,5.48020000000000,5.6649,NA,4727.5609,15.5034,12.7839,2.7195,13.4436,4.8205,4.6970,0.1235,2.2143,4727.5609,NA,NA
gamemd.exe,18720,0x43D4320,D3D9,0,0,1,Hardware: Independent Flip,4757.1956,NA,16.85080000000000,17.58450000000000,3.39390000000000,6.18200000000000,6.3986,NA,4743.0643,17.5252,14.1313,3.3939,14.9942,5.3191,4.9245,0.3946,-2.0811,4743.0643,NA,NA
gamemd.exe,18720,0x43D4320,D3D9,0,0,1,Hardware: Independent Flip,4773.6436,NA,16.44800000000000,16.44050000000000,2.85170000000000,6.19640000000000,6.3911,NA,4760.5895,15.9058,13.0541,2.8517,13.8038,5.4467,5.2319,0.2148,1.0847,4760.5895,NA,NA
gamemd.exe,18720,0x43D4320,D3D9,0,0,1,Hardware: Independent Flip,4790.3809,NA,16.73730000000000,17.08280000000000,3.24500000000000,6.49230000000000,6.7366,NA,4776.4953,17.1306,13.8856,3.2450,15.4078,4.9701,4.5219,0.4482,-1.1770,4776.4953,NA,NA
gamemd.exe,18720,0x43D4320,D3D9,0,0,1,Hardware: Independent Flip,4808.5557,NA,18.17480000000000,17.17940000000000,1.56590000000000,5.51330000000000,5.7412,NA,4793.6259,16.4957,14.9298,1.5659,15.6634,4.7797,4.3961,0.3836,-0.0488,4793.6259,34.2834,34.2834
gamemd.exe,18720,0x43D4320,D3D9,0,0,1,Hardware: Independent Flip,4824.3606,NA,15.80490000000000,16.67720000000000,2.29580000000000,6.40380000000000,6.6135,NA,4810.1216,16.5348,14.2390,2.2958,15.6602,4.9826,4.2619,0.7207,-0.1815,4810.1216,NA,NA
gamemd.exe,18720,0x43D4320,D3D9,0,0,1,Hardware: Independent Flip,4841.4153,NA,17.05470000000000,17.43270000000000,2.47380000000000,6.71850000000000,6.9915,NA,4826.6564,17.2327,14.7589,2.4738,16.3507,5.1267,4.2795,0.8472,-0.8979,4826.6564,NA,NA
gamemd.exe,18720,0x43D4320,D3D9,0,0,1,Hardware: Independent Flip,4857.7380,NA,16.32270000000000,16.07050000000000,2.53990000000000,6.47230000000000,6.7393,NA,4843.8891,16.3888,13.8489,2.5399,15.4473,4.8739,4.3371,0.5368,1.1622,4843.8891,NA,NA
gamemd.exe,18720,0x43D4320,D3D9,0,0,1,Hardware: Independent Flip,4875.0765,NA,17.33850000000000,16.60420000000000,1.69180000000000,5.77180000000000,6.0050,NA,4860.2779,16.4904,14.7986,1.6918,15.6377,4.9327,4.4023,0.5304,-0.2154,4860.2779,NA,NA
gamemd.exe,18720,0x43D4320,D3D9,0,0,1,Hardware: Independent Flip,4891.5438,NA,16.46730000000000,16.36480000000000,1.70570000000000,5.64590000000000,5.9025,NA,4876.7683,16.4812,14.7755,1.7057,15.5618,4.8596,4.3596,0.5000,0.1256,4876.7683,NA,NA
gamemd.exe,18720,0x43D4320,D3D9,0,0,1,Hardware: Independent Flip,4907.4922,NA,15.94840000000000,15.76880000000000,3.04880000000000,5.51540000000000,5.7229,NA,4893.2495,17.2915,14.2427,3.0488,14.9286,4.8295,4.7267,0.1028,0.7124,4893.2495,NA,NA
gamemd.exe,18720,0x43D4320,D3D9,0,0,1,Hardware: Independent Flip,4924.9457,NA,17.45350000000000,18.40940000000000,2.55880000000000,6.45490000000000,6.6788,NA,4910.5410,16.9635,14.4047,2.5588,16.0986,4.7610,4.2500,0.5110,-1.1179,4910.5410,15.5248,15.5248
gamemd.exe,18720,0x43D4320,D3D9,0,0,1,Hardware: Independent Flip,4940.3816,NA,15.43590000000000,15.11080000000000,1.58980000000000,6.16990000000000,6.3537,NA,4927.5045,14.4669,12.8771,1.5898,13.7788,5.2682,4.7362,0.5320,1.8527,4927.5045,NA,NA
gamemd.exe,18720,0x43D4320,D3D9,0,0,1,Hardware: Independent Flip,4957.1094,NA,16.72780000000000,16.92220000000000,3.53730000000000,6.34020000000000,6.5481,NA,4941.9714,18.6753,15.1380,3.5373,16.6640,4.8142,4.3623,0.4519,-2.4553,4941.9714,23.5755,23.5755
gamemd.exe,18720,0x43D4320,D3D9,0,0,1,Hardware: Independent Flip,4973.8804,NA,16.77100000000000,16.96800000000000,2.46100000000000,6.52800000000000,6.7451,NA,4960.6467,15.6947,13.2337,2.4610,14.7198,5.0419,4.2139,0.8280,1.7073,4960.6467,NA,NA
gamemd.exe,18720,0x43D4320,D3D9,0,0,1,Hardware: Independent Flip,4991.6990,NA,17.81860000000000,16.83760000000000,1.56180000000000,5.53510000000000,5.7641,NA,4976.3414,16.9194,15.3576,1.5618,16.2075,4.6852,4.1638,0.5214,-1.1429,4976.3414,NA,NA
gamemd.exe,18720,0x43D4320,D3D9,0,0,1,Hardware: Independent Flip,5007.5125,NA,15.81350000000000,16.52260000000000,2.22140000000000,6.27450000000000,6.4732,NA,4993.2608,16.4731,14.2517,2.2214,15.6764,4.8498,4.0728,0.7770,0.3968,4993.2608,NA,NA
gamemd.exe,18720,0x43D4320,D3D9,0,0,1,Hardware: Independent Flip,5025.2515,NA,17.73900000000000,17.32080000000000,1.84100000000000,5.84570000000000,6.0550,NA,5009.7339,17.3586,15.5176,1.8410,16.5529,4.8104,4.1277,0.6827,-0.8477,5009.7339,NA,NA
gamemd.exe,18720,0x43D4320,D3D9,0,0,1,Hardware: Independent Flip,5041.0134,NA,15.76190000000000,16.25370000000000,2.46370000000000,6.35360000000000,6.5468,NA,5027.0925,16.3846,13.9209,2.4637,15.4643,4.8102,4.1487,0.6615,1.1049,5027.0925,NA,NA
gamemd.exe,18720,0x43D4320,D3D9,0,0,1,Hardware: Independent Flip,5058.4630,NA,17.44960000000000,16.67110000000000,1.77230000000000,5.50880000000000,5.7683,NA,5043.4771,16.7582,14.9859,1.7723,15.8012,4.6935,4.2265,0.4670,-0.2865,5043.4771,28.2022,28.2022
gamemd.exe,18720,0x43D4320,D3D9,0,0,1,Hardware: Independent Flip,5073.7222,NA,15.25920000000000,15.90840000000000,1.40510000000000,6.21690000000000,6.4175,NA,5060.2353,14.8920,13.4869,1.4051,14.0610,5.6428,4.5280,1.1148,0.8498,5060.2353,NA,NA
gamemd.exe,18720,0x43D4320,D3D9,0,0,1,Hardware: Independent Flip,5090.3228,NA,16.60060000000000,15.90080000000000,1.20160000000000,5.46990000000000,5.7177,NA,5075.1273,16.3971,15.1955,1.2016,15.7038,4.9616,4.2644,0.6972,-1.0088,5075.1273,19.9361,NA
gamemd.exe,18720,0x43D4320,D3D9,0,0,1,Hardware: Independent Flip,5107.2863,NA,16.96350000000000,17.62840000000000,1.78340000000000,6.21150000000000,6.3826,NA,5091.5244,17.5453,15.7619,1.7834,16.7008,5.2726,4.7615,0.5111,-1.2313,5091.5244,21.6050,NA
gamemd.exe,18720,0x43D4320,D3D9,0,0,1,Hardware: Independent Flip,5123.7252,NA,16.43890000000000,16.27720000000000,1.59450000000000,6.01160000000000,6.2209,NA,5109.0697,16.2500,14.6555,1.5945,15.2765,5.3906,4.5946,0.7960,1.2681,5109.0697,21.8893,NA
gamemd.exe,18720,0x43D4320,D3D9,0,0,1,Hardware: Independent Flip,5140.0795,NA,16.35430000000000,15.79250000000000,1.18750000000000,4.59350000000000,5.6591,NA,5125.3197,15.9473,14.7598,1.1875,15.3558,3.9975,3.9276,0.0699,0.4575,5125.3197,21.6716,NA
gamemd.exe,18720,0x43D4320,D3D9,0,0,1,Hardware: Independent Flip,5158.4312,NA,18.35170000000000,18.44960000000000,1.47960000000000,5.51060000000000,5.7570,NA,5141.2670,18.6438,17.1642,1.4796,17.8239,4.8509,4.3084,0.5425,-2.5023,5141.2670,24.1606,NA
gamemd.exe,18720,0x43D4320,D3D9,0,0,1,Hardware: Independent Flip,5173.6952,NA,15.26400000000000,14.90400000000000,1.03900000000000,4.39380000000000,5.3970,NA,5159.9108,14.8234,13.7844,1.0390,14.2702,3.9080,3.8351,0.0729,3.7398,5159.9108,22.2632,NA
gamemd.exe,18720,0x43D4320,D3D9,0,0,1,Hardware: Independent Flip,5191.1356,NA,17.44040000000000,17.59430000000000,1.56250000000000,5.33610000000000,5.5509,NA,5174.7342,17.9639,16.4014,1.5625,17.0842,4.6533,4.1282,0.5251,-2.7709,5174.7342,24.6866,NA
gamemd.exe,18720,0x43D4320,D3D9,0,0,1,Hardware: Independent Flip,5207.7923,NA,16.65670000000000,17.55120000000000,3.36170000000000,6.27360000000000,6.4454,NA,5192.6981,18.4559,15.0942,3.3617,16.7491,4.6187,4.4950,0.1237,0.4127,5192.6981,18.1779,NA
gamemd.exe,18720,0x43D4320,D3D9,0,0,1,Hardware: Independent Flip,5224.5694,NA,16.77710000000000,16.63490000000000,2.15260000000000,6.08550000000000,6.3032,NA,5211.1540,15.5680,13.4154,2.1526,14.7731,4.7278,4.2618,0.4660,1.8210,5211.1540,26.8784,NA
gamemd.exe,18720,0x43D4320,D3D9,0,0,1,Hardware: Independent Flip,5241.4118,NA,16.84240000000000,17.28100000000000,2.33190000000000,6.52320000000000,6.7418,NA,5226.7220,17.0217,14.6898,2.3319,16.1781,5.0349,4.2861,0.7488,-1.7130,5226.7220,28.1447,NA
gamemd.exe,18720,0x43D4320,D3D9,0,0,1,Hardware: Independent Flip,5257.1939,NA,15.78210000000000,15.75400000000000,2.35570000000000,6.49380000000000,6.7137,NA,5243.7437,15.8059,13.4502,2.3557,14.7749,5.1691,4.3846,0.7845,1.2677,5243.7437,19.8974,NA
gamemd.exe,18720,0x43D4320,D3D9,0,0,1,Hardware: Independent Flip,5275.0420,NA,17.84810000000000,17.36870000000000,1.66490000000000,5.99310000000000,6.2343,NA,5259.5496,17.1573,15.4924,1.6649,16.2677,5.2178,4.4738,0.7440,-1.5628,5259.5496,29.2435,NA
gamemd.exe,18720,0x43D4320,D3D9,0,0,1,Hardware: Independent Flip,5291.2941,NA,16.25210000000000,16.69400000000000,2.28170000000000,6.39410000000000,6.6762,NA,5276.7069,16.8689,14.5872,2.2817,15.9799,5.0014,4.2517,0.7497,0.4633,5276.7069,21.9633,NA
gamemd.exe,18720,0x43D4320,D3D9,0,0,1,Hardware: Independent Flip,5308.3685,NA,17.07440000000000,16.05450000000000,1.50420000000000,5.44700000000000,5.6563,NA,5293.5758,16.2969,14.7927,1.5042,15.4547,4.7850,4.3732,0.4118,0.8144,5293.5758,21.7675,NA
gamemd.exe,18720,0x43D4320,D3D9,0,0,1,Hardware: Independent Flip,5323.8443,NA,15.47580000000000,16.83090000000000,2.42450000000000,6.79330000000000,7.0114,NA,5309.8727,16.3961,13.9716,2.4245,15.6279,5.1370,4.1521,0.9849,-0.5340,5309.8727,14.8745,NA
gamemd.exe,18720,0x43D4320,D3D9,0,0,1,Hardware: Independent Flip,5341.7091,NA,17.86480000000000,16.23350000000000,2.34610000000000,5.19370000000000,5.3801,NA,5326.2688,17.7864,15.4403,2.3461,16.1118,4.5222,4.3956,0.1266,0.1626,5326.2688,15.0847,NA
gamemd.exe,18720,0x43D4320,D3D9,0,0,1,Hardware: Independent Flip,5357.4632,NA,15.75410000000000,16.03290000000000,3.88810000000000,5.46430000000000,5.6589,NA,5344.0552,17.2961,13.4080,3.8881,14.0386,4.8337,4.3806,0.4531,1.7535,5344.0552,15.1134,NA
gamemd.exe,18720,0x43D4320,D3D9,0,0,1,Hardware: Independent Flip,5373.5437,NA,16.08050000000000,17.80650000000000,3.67770000000000,7.16780000000000,7.3849,NA,5361.3513,15.8701,12.1924,3.6777,13.7886,5.5716,4.6644,0.9072,-0.5104,5361.3513,8.9179,NA
gamemd.exe,18720,0x43D4320,D3D9,0,0,1,Hardware: Independent Flip,5390.3687,NA,16.82500000000000,15.79320000000000,1.36750000000000,6.13710000000000,6.3531,NA,5377.2214,14.5148,13.1473,1.3675,13.7824,5.5020,4.7450,0.7570,0.0769,5377.2214,16.6182,NA
gamemd.exe,18720,0x43D4320,D3D9,0,0,1,Hardware: Independent Flip,5407.1091,NA,16.74040000000000,15.73640000000000,1.15560000000000,5.13380000000000,5.3491,NA,5391.7362,16.5285,15.3729,1.1556,15.8739,4.6328,4.1646,0.4682,-1.2216,5391.7362,16.3222,NA
gamemd.exe,18720,0x43D4320,D3D9,0,0,1,Hardware: Independent Flip,5424.1419,NA,17.03280000000000,17.30060000000000,4.54280000000000,5.43700000000000,5.6169,NA,5408.2647,20.4200,15.8772,4.5428,16.6528,4.6614,4.4029,0.2585,-0.7721,5408.2647,9.7538,NA
gamemd.exe,18720,0x43D4320,D3D9,0,0,1,Hardware: Independent Flip,5440.3512,NA,16.20930000000000,16.91030000000000,4.86610000000000,6.12120000000000,6.3179,NA,5428.6847,16.5326,11.6665,4.8661,12.4999,5.2878,4.5320,0.7558,3.5097,5428.6847,18.6753,NA
gamemd.exe,18720,0x43D4320,D3D9,0,0,1,Hardware: Independent Flip,5456.9611,NA,16.60990000000000,15.73180000000000,1.32380000000000,5.09430000000000,5.4398,NA,5445.2173,13.0676,11.7438,1.3238,12.3658,4.4723,4.3605,0.1118,0.8008,5445.2173,18.0434,NA
gamemd.exe,18720,0x43D4320,D3D9,0,0,1,Hardware: Independent Flip,5473.7961,NA,16.83500000000000,17.23530000000000,1.87600000000000,5.63420000000000,5.8401,NA,5458.2849,17.3872,15.5112,1.8760,16.1902,4.9552,4.4513,0.5039,-4.1677,5458.2849,19.5377,NA
gamemd.exe,18720,0x43D4320,D3D9,0,0,1,Hardware: Independent Flip,5490.7720,NA,16.97590000000000,17.93290000000000,2.64140000000000,6.59950000000000,6.7971,NA,5475.6721,17.7413,15.0999,2.6414,16.6002,5.0992,4.5341,0.5651,-0.5457,5475.6721,21.5072,NA
gamemd.exe,18720,0x43D4320,D3D9,0,0,1,Hardware: Independent Flip,5507.1711,NA,16.39910000000000,16.36230000000000,1.77480000000000,6.55310000000000,6.7603,NA,5493.4134,15.5325,13.7577,1.7748,14.3457,5.9651,4.5548,1.4103,1.3790,5493.4134,NA,NA
gamemd.exe,18720,0x43D4320,D3D9,0,0,1,Hardware: Independent Flip,5524.2406,NA,17.06950000000000,15.95060000000000,2.25250000000000,5.43410000000000,5.6414,NA,5508.9459,17.5472,15.2947,2.2525,15.9203,4.8085,4.6845,0.1240,-0.4181,5508.9459,21.8431,NA
gamemd.exe,18720,0x43D4320,D3D9,0,0,1,Hardware: Independent Flip,5541.8471,NA,17.60650000000000,17.69640000000000,1.66800000000000,5.53150000000000,5.7313,NA,5526.4931,17.0220,15.3540,1.6680,16.2427,4.6428,4.1711,0.4717,-0.1492,5526.4931,23.5551,NA
gamemd.exe,18720,0x43D4320,D3D9,0,0,1,Hardware: Independent Flip,5557.1095,NA,15.26240000000000,16.45280000000000,2.49940000000000,6.69830000000000,6.9217,NA,5543.5151,16.0938,13.5944,2.4994,15.3406,4.9521,4.3642,0.5879,0.5692,5543.5151,23.3463,NA
gamemd.exe,18720,0x43D4320,D3D9,0,0,1,Hardware: Independent Flip,5573.7947,NA,16.68520000000000,15.57560000000000,1.77910000000000,5.62040000000000,5.8121,NA,5559.6089,15.9649,14.1858,1.7791,14.8847,4.9215,4.7777,0.1438,0.5182,5559.6089,23.5679,NA
gamemd.exe,18720,0x43D4320,D3D9,0,0,1,Hardware: Independent Flip,5590.5742,NA,16.77950000000000,17.36060000000000,3.66570000000000,6.19810000000000,6.3932,NA,5575.5738,18.6661,15.0004,3.6657,16.7805,4.4180,4.3124,0.1056,-1.3957,5575.5738,32.9156,NA
gamemd.exe,18720,0x43D4320,D3D9,0,0,1,Hardware: Independent Flip,5608.2151,NA,17.64090000000000,17.87650000000000,2.36550000000000,6.38340000000000,6.6288,NA,5594.2399,16.3407,13.9752,2.3655,15.4867,4.8719,4.2712,0.6007,0.7896,5594.2399,26.8279,NA
gamemd.exe,18720,0x43D4320,D3D9,0,0,1,Hardware: Independent Flip,5625.1803,NA,16.96520000000000,16.00090000000000,1.63790000000000,5.44860000000000,5.6645,NA,5610.5806,16.2376,14.5997,1.6379,15.2994,4.7489,4.1565,0.5924,0.3398,5610.5806,26.8463,NA
gamemd.exe,18720,0x43D4320,D3D9,0,0,1,Hardware: Independent Flip,5640.2170,NA,15.03670000000000,15.44770000000000,3.39560000000000,5.90090000000000,6.0755,NA,5626.8182,16.7944,13.3988,3.3956,14.1605,5.1392,5.0481,0.0911,0.7899,5626.8182,26.2726,NA
gamemd.exe,18720,0x43D4320,D3D9,0,0,1,Hardware: Independent Flip,5657.0086,NA,16.79160000000000,16.72020000000000,2.26180000000000,5.80900000000000,6.0041,NA,5643.6126,15.6578,13.3960,2.2618,14.9409,4.2641,4.1792,0.0849,0.0742,5643.6126,19.0018,NA
gamemd.exe,18720,0x43D4320,D3D9,0,0,1,Hardware: Independent Flip,5675.6276,NA,18.61900000000000,18.97240000000000,1.49080000000000,6.05450000000000,6.3575,NA,5659.2704,17.8480,16.3572,1.4908,17.0400,5.3717,4.6249,0.7468,-3.3146,5659.2704,13.9830,NA
gamemd.exe,18720,0x43D4320,D3D9,0,0,1,Hardware: Independent Flip,5691.3542,NA,15.72660000000000,15.30820000000000,2.64560000000000,5.70450000000000,5.9391,NA,5677.1184,16.8814,14.2358,2.6456,15.0417,4.8986,4.5030,0.3956,2.5398,5677.1184,NA,NA
gamemd.exe,18720,0x43D4320,D3D9,0,0,1,Hardware: Independent Flip,5706.9847,NA,15.63050000000000,17.42960000000000,3.53100000000000,7.53440000000000,7.7382,NA,5693.9998,16.5159,12.9849,3.5310,15.4069,5.1124,4.4605,0.6519,-0.5482,5693.9998,22.6949,NA
gamemd.exe,18720,0x43D4320,D3D9,0,0,1,Hardware: Independent Flip,5724.3363,NA,17.35160000000000,16.34920000000000,3.29910000000000,6.49100000000000,6.7358,NA,5710.5157,17.1197,13.8206,3.2991,15.3570,4.9546,4.5177,0.4369,0.1667,5710.5157,15.0439,NA
gamemd.exe,18720,0x43D4320,D3D9,0,0,1,Hardware: Independent Flip,5740.9078,NA,16.57150000000000,16.97000000000000,2.55350000000000,6.93460000000000,7.1343,NA,5727.6354,15.8259,13.2724,2.5535,14.9687,5.2383,4.6819,0.5564,0.1497,5727.6354,16.0066,NA
gamemd.exe,18720,0x43D4320,D3D9,0,0,1,Hardware: Independent Flip,5758.9703,NA,18.06250000000000,16.87080000000000,1.79570000000000,5.71540000000000,5.9426,NA,5743.4613,17.3047,15.5090,1.7957,16.5104,4.7140,4.2433,0.4707,-1.0449,5743.4613,16.8444,NA
gamemd.exe,18720,0x43D4320,D3D9,0,0,1,Hardware: Independent Flip,5773.8603,NA,14.89000000000000,16.15440000000000,3.30470000000000,6.97960000000000,7.2070,NA,5760.7660,16.3990,13.0943,3.3047,14.4650,5.6089,4.7135,0.8954,1.1503,5760.7660,25.0558,25.0558
gamemd.exe,18720,0x43D4320,D3D9,0,0,1,Hardware: Independent Flip,5790.5735,NA,16.71320000000000,16.91970000000000,3.19240000000000,7.20680000000000,7.4135,NA,5777.1650,16.6009,13.4085,3.1924,14.8545,5.7608,4.7895,0.9713,-0.5207,5777.1650,25.9771,NA
gamemd.exe,18720,0x43D4320,D3D9,0,0,1,Hardware: Independent Flip,5808.6644,NA,18.09090000000000,16.41370000000000,1.62450000000000,5.48150000000000,5.7363,NA,5793.7659,16.5230,14.8985,1.6245,15.6144,4.7656,4.2809,0.4847,0.1872,5793.7659,NA,NA
gamemd.exe,18720,0x43D4320,D3D9,0,0,1,Hardware: Independent Flip,5823.9764,NA,15.31200000000000,15.78800000000000,1.77270000000000,6.01120000000000,6.2123,NA,5810.2889,15.4602,13.6875,1.7727,14.3974,5.3013,4.8073,0.4940,0.7350,5810.2889,NA,NA
gamemd.exe,18720,0x43D4320,D3D9,0,0,1,Hardware: Independent Flip,5840.4320,NA,16.45560000000000,16.72920000000000,1.26640000000000,6.28310000000000,6.4859,NA,5825.7491,15.9493,14.6829,1.2664,15.2066,5.7594,4.3590,1.4004,-1.2690,5825.7491,NA,NA
gamemd.exe,18720,0x43D4320,D3D9,0,0,1,Hardware: Independent Flip,5857.0547,NA,16.62270000000000,15.39640000000000,1.15650000000000,4.71140000000000,5.2596,NA,5841.6984,16.5128,15.3563,1.1565,15.8724,4.1953,4.1060,0.0893,0.5529,5841.6984,18.2682,18.2682
gamemd.exe,18720,0x43D4320,D3D9,0,0,1,Hardware: Independent Flip,5873.9439,NA,16.88920000000000,17.55050000000000,1.81060000000000,5.71950000000000,5.9209,NA,5858.2112,17.5433,15.7327,1.8106,16.7901,4.6621,4.2094,0.4527,-1.0377,5858.2112,NA,NA
gamemd.exe,18720,0x43D4320,D3D9,0,0,1,Hardware: Independent Flip,5890.1654,NA,16.22150000000000,15.81850000000000,1.17440000000000,4.49910000000000,5.5179,NA,5875.7545,15.5853,14.4109,1.1744,14.9083,4.0017,3.9231,0.0786,1.7248,5875.7545,NA,NA
gamemd.exe,18720,0x43D4320,D3D9,0,0,1,Hardware: Independent Flip,5907.1853,NA,17.01990000000000,16.64020000000000,1.32450000000000,4.55630000000000,5.1382,NA,5891.3398,17.1700,15.8455,1.3245,16.3631,4.0387,3.9437,0.0950,-1.0549,5891.3398,20.3059,NA
gamemd.exe,18720,0x43D4320,D3D9,0,0,1,Hardware: Independent Flip,5923.7816,NA,16.59630000000000,16.69360000000000,1.60930000000000,4.58250000000000,5.2355,NA,5908.5098,16.8811,15.2718,1.6093,15.9372,3.9171,3.8366,0.0805,0.4764,5908.5098,21.0290,NA
gamemd.exe,18720,0x43D4320,D3D9,0,0,1,Hardware: Independent Flip,5941.7892,NA,18.00760000000000,18.78280000000000,1.65060000000000,5.77820000000000,6.0107,NA,5925.3909,18.0489,16.3983,1.6506,17.2502,4.9263,4.2703,0.6560,-1.9017,5925.3909,23.7845,NA
gamemd.exe,18720,0x43D4320,D3D9,0,0,1,Hardware: Independent Flip,5956.6211,NA,14.83190000000000,14.52610000000000,1.13760000000000,4.58730000000000,5.7049,NA,5943.4398,14.3189,13.1813,1.1376,13.7190,4.0496,3.9640,0.0856,3.5228,5943.4398,21.7394,NA
gamemd.exe,18720,0x43D4320,D3D9,0,0,1,Hardware: Independent Flip,5973.9931,NA,17.37200000000000,19.67210000000000,3.53780000000000,7.77120000000000,8.0050,NA,5957.7587,19.7722,16.2344,3.5378,18.9032,5.1024,4.3666,0.7358,-5.3532,5957.7587,26.0166,NA
gamemd.exe,18720,0x43D4320,D3D9,0,0,1,Hardware: Independent Flip,5990.5026,NA,16.50950000000000,14.84360000000000,1.40240000000000,6.10070000000000,6.3391,NA,5977.5309,14.3741,12.9717,1.4024,13.5445,5.5279,4.6875,0.8404,4.9286,5977.5309,24.8141,NA
gamemd.exe,18720,0x43D4320,D3D9,0,0,1,Hardware: Independent Flip,6007.0648,NA,16.56220000000000,16.45740000000000,1.75490000000000,6.02540000000000,6.2343,NA,5991.9050,16.9147,15.1598,1.7549,15.8784,5.3068,4.9364,0.3704,-2.0833,5991.9050,17.2205,NA
gamemd.exe,18720,0x43D4320,D3D9,0,0,1,Hardware: Independent Flip,6023.8813,NA,16.81650000000000,16.70860000000000,3.91650000000000,5.90020000000000,6.1264,NA,6008.8197,18.9781,15.0616,3.9165,15.6818,5.2800,4.7492,0.5308,0.2061,6008.8197,18.0071,NA
gamemd.exe,18720,0x43D4320,D3D9,0,0,1,Hardware: Independent Flip,6040.4003,NA,16.51900000000000,18.02990000000000,3.36760000000000,7.35010000000000,7.6373,NA,6027.7978,15.9701,12.6025,3.3676,14.8904,5.0622,4.4969,0.5653,0.9482,6027.7978,19.9855,NA
gamemd.exe,18720,0x43D4320,D3D9,0,0,1,Hardware: Independent Flip,6057.0585,NA,16.65820000000000,14.54300000000000,1.63540000000000,5.32490000000000,5.5221,NA,6043.7679,14.9260,13.2906,1.6354,13.7681,4.8474,4.7007,0.1467,1.4271,6043.7679,26.5774,NA
gamemd.exe,18720,0x43D4320,D3D9,0,0,1,Hardware: Independent Flip,6073.6564,NA,16.59790000000000,17.37920000000000,1.63570000000000,6.07140000000000,6.3034,NA,6058.6939,16.5982,14.9625,1.6357,15.5956,5.4383,4.8860,0.5523,-2.4532,6058.6939,27.9666,NA
gamemd.exe,18720,0x43D4320,D3D9,0,0,1,Hardware: Independent Flip,6090.3430,NA,16.68660000000000,15.80400000000000,1.21780000000000,5.21100000000000,5.4208,NA,6075.2921,16.2687,15.0509,1.2178,15.5548,4.7071,4.1421,0.5650,0.7942,6075.2921,27.7511,NA
gamemd.exe,18720,0x43D4320,D3D9,0,0,1,Hardware: Independent Flip,6106.9575,NA,16.61450000000000,16.53510000000000,1.15760000000000,4.64740000000000,5.3414,NA,6091.5608,16.5543,15.3967,1.1576,15.9211,4.1230,4.0504,0.0726,-0.2664,6091.5608,28.2894,NA
gamemd.exe,18720,0x43D4320,D3D9,0,0,1,Hardware: Independent Flip,6123.8139,NA,16.85640000000000,17.00790000000000,2.07130000000000,5.29840000000000,5.4929,NA,6108.1151,17.7701,15.6988,2.0713,16.9989,3.9983,3.9091,0.0892,-0.4536,6108.1151,29.3075,NA
gamemd.exe,18720,0x43D4320,D3D9,0,0,1,Hardware: Independent Flip,6140.5887,NA,16.77480000000000,16.31050000000000,1.25200000000000,4.51930000000000,5.0286,NA,6125.8852,15.9555,14.7035,1.2520,15.2318,3.9910,3.9008,0.0902,1.4596,6125.8852,13.5910,NA
gamemd.exe,18720,0x43D4320,D3D9,0,0,1,Hardware: Independent Flip,6158.1811,NA,17.59240000000000,19.57770000000000,2.44770000000000,6.78420000000000,7.0139,NA,6141.8407,18.7881,16.3404,2.4477,17.9711,5.1535,4.2445,0.9090,-3.6222,6141.8407,17.1963,NA
gamemd.exe,18720,0x43D4320,D3D9,0,0,1,Hardware: Independent Flip,6173.5844,NA,15.40330000000000,15.18240000000000,3.94800000000000,6.56960000000000,6.7930,NA,6160.6288,16.9036,12.9556,3.9480,14.4503,5.0749,4.6782,0.3967,3.6057,6160.6288,16.3659,NA
gamemd.exe,18720,0x43D4320,D3D9,0,0,1,Hardware: Independent Flip,6190.1901,NA,16.60570000000000,15.21700000000000,1.23240000000000,5.14160000000000,5.4043,NA,6177.5324,13.8901,12.6577,1.2324,13.1495,4.6498,4.5254,0.1244,1.6866,6177.5324,15.3888,NA
gamemd.exe,18720,0x43D4320,D3D9,0,0,1,Hardware: Independent Flip,6206.9160,NA,16.72590000000000,18.90370000000000,3.30990000000000,7.27100000000000,7.5821,NA,6191.4225,18.8034,15.4935,3.3099,17.9180,4.8465,4.2357,0.6108,-5.0136,6191.4225,18.2678,NA
gamemd.exe,18720,0x43D4320,D3D9,0,0,1,Hardware: Independent Flip,6223.6530,NA,16.73700000000000,14.47190000000000,1.09150000000000,4.42850000000000,5.3170,NA,6210.2259,14.5186,13.4271,1.0915,13.8609,3.9947,3.9017,0.0930,4.3315,6210.2259,16.9374,NA
gamemd.exe,18720,0x43D4320,D3D9,0,0,1,Hardware: Independent Flip,6240.7920,NA,17.13900000000000,17.18140000000000,1.86970000000000,5.14620000000000,5.3594,NA,6224.7445,17.9172,16.0475,1.8697,17.0610,4.1327,4.0519,0.0808,-2.6628,6224.7445,9.8178,NA
gamemd.exe,18720,0x43D4320,D3D9,0,0,1,Hardware: Independent Flip,6256.8445,NA,16.05250000000000,16.14640000000000,1.24680000000000,5.21200000000000,5.4533,NA,6242.6617,15.4296,14.1828,1.2468,14.7464,4.6484,4.1866,0.4618,1.7708,6242.6617,NA,NA
gamemd.exe,18720,0x43D4320,D3D9,0,0,1,Hardware: Independent Flip,6273.4633,NA,16.61880000000000,16.66650000000000,1.23850000000000,4.67680000000000,5.5010,NA,6258.0913,16.6105,15.3720,1.2385,15.9076,4.1412,4.0308,0.1104,-1.2369,6258.0913,NA,NA
gamemd.exe,18720,0x43D4320,D3D9,0,0,1,Hardware: Independent Flip,6290.3328,NA,16.86950000000000,16.66280000000000,1.21840000000000,4.53510000000000,5.2943,NA,6274.7018,16.8494,15.6310,1.2184,16.1846,3.9815,3.8998,0.0817,-0.0523,6274.7018,NA,NA
gamemd.exe,18720,0x43D4320,D3D9,0,0,1,Hardware: Independent Flip,6307.3989,NA,17.06610000000000,17.46410000000000,2.17670000000000,5.44630000000000,5.6923,NA,6291.5512,18.0244,15.8477,2.1767,17.2501,4.0439,3.9575,0.0864,-0.6147,6291.5512,NA,NA
gamemd.exe,18720,0x43D4320,D3D9,0,0,1,Hardware: Independent Flip,6323.9709,NA,16.57200000000000,16.22320000000000,1.46760000000000,5.15690000000000,5.3435,NA,6309.5756,15.8629,14.3953,1.4676,15.0679,4.4843,4.3829,0.1014,1.8012,6309.5756,NA,NA
gamemd.exe,18720,0x43D4320,D3D9,0,0,1,Hardware: Independent Flip,6341.0085,NA,17.03760000000000,17.44290000000000,1.48920000000000,5.45020000000000,5.7488,NA,6325.4385,17.0592,15.5700,1.4892,16.1708,4.8494,4.3292,0.5202,-1.5800,6325.4385,22.7539,22.7539
gamemd.exe,18720,0x43D4320,D3D9,0,0,1,Hardware: Independent Flip,6357.6504,NA,16.64190000000000,16.43410000000000,1.58190000000000,5.23270000000000,5.5410,NA,6342.4977,16.7346,15.1527,1.5819,15.9421,4.4433,4.2983,0.1450,0.6251,6342.4977,22.8832,NA
gamemd.exe,18720,0x43D4320,D3D9,0,0,1,Hardware: Independent Flip,6373.6230,NA,15.97260000000000,17.45140000000000,2.35800000000000,6.75340000000000,7.0198,NA,6359.2323,16.7487,14.3907,2.3580,15.4378,5.7063,5.1873,0.5190,-0.7168,6359.2323,24.5768,NA
gamemd.exe,18720,0x43D4320,D3D9,0,0,1,Hardware: Independent Flip,6390.1774,NA,16.55440000000000,15.00350000000000,1.81050000000000,5.08590000000000,5.4689,NA,6375.9810,16.0069,14.1964,1.8105,14.8483,4.4340,4.3103,0.1237,1.7452,6375.9810,23.6175,NA
gamemd.exe,18720,0x43D4320,D3D9,0,0,1,Hardware: Independent Flip,6407.1245,NA,16.94710000000000,17.71430000000000,2.91340000000000,6.04380000000000,6.2361,NA,6391.9879,18.0500,15.1366,2.9134,16.1888,4.9916,4.8582,0.1334,-1.7074,6391.9879,25.3607,NA
gamemd.exe,18720,0x43D4320,D3D9,0,0,1,Hardware: Independent Flip,6424.0365,NA,16.91200000000000,16.36460000000000,4.12030000000000,5.45400000000000,5.6887,NA,6410.0379,18.1189,13.9986,4.1203,14.7458,4.7068,4.6315,0.0753,1.6854,6410.0379,25.7301,NA
gamemd.exe,18720,0x43D4320,D3D9,0,0,1,Hardware: Independent Flip,6440.2693,NA,16.23280000000000,16.87100000000000,1.64330000000000,6.03640000000000,6.3269,NA,6428.1568,13.7558,12.1125,1.6433,12.9390,5.2099,4.9025,0.3074,1.2479,6428.1568,26.6049,NA
gamemd.exe,18720,0x43D4320,D3D9,0,0,1,Hardware: Independent Flip,6457.4208,NA,17.15150000000000,16.35740000000000,3.91430000000000,5.34060000000000,5.5328,NA,6441.9126,19.4225,15.5082,3.9143,16.1110,4.7378,4.5615,0.1763,-2.6016,6441.9126,18.5841,NA
gamemd.exe,18720,0x43D4320,D3D9,0,0,1,Hardware: Independent Flip,6473.9933,NA,16.57250000000000,17.39190000000000,1.53340000000000,6.15030000000000,6.3522,NA,6461.3351,14.1916,12.6582,1.5334,13.4259,5.3826,5.2757,0.1069,2.0306,6461.3351,19.8019,NA
gamemd.exe,18720,0x43D4320,D3D9,0,0,1,Hardware: Independent Flip,6490.5019,NA,16.50860000000000,15.43580000000000,1.16340000000000,5.05240000000000,5.2794,NA,6475.5267,16.1386,14.9752,1.1634,15.4398,4.5878,4.1543,0.4335,-1.2442,6475.5267,11.7823,NA
gamemd.exe,18720,0x43D4320,D3D9,0,0,1,Hardware: Independent Flip,6507.1128,NA,16.61090000000000,17.81970000000000,1.58370000000000,6.27940000000000,6.4882,NA,6491.6653,17.0312,15.4475,1.5837,15.9918,5.7351,4.4588,1.2763,-1.6811,6491.6653,NA,NA
gamemd.exe,18720,0x43D4320,D3D9,0,0,1,Hardware: Independent Flip,6523.6775,NA,16.56470000000000,15.31310000000000,1.33680000000000,4.68380000000000,5.2366,NA,6508.6965,16.3178,14.9810,1.3368,15.5447,4.1201,4.0304,0.0897,1.7181,6508.6965,12.8979,NA
gamemd.exe,18720,0x43D4320,D3D9,0,0,1,Hardware: Independent Flip,6540.7453,NA,17.06780000000000,16.65730000000000,1.15310000000000,4.60860000000000,4.8261,NA,6525.0143,16.8841,15.7310,1.1531,16.2528,4.0868,3.9979,0.0889,-0.3395,6525.0143,13.5532,NA
gamemd.exe,18720,0x43D4320,D3D9,0,0,1,Hardware: Independent Flip,6557.2044,NA,16.45910000000000,16.91960000000000,2.14860000000000,5.04690000000000,5.2866,NA,6541.8984,17.4546,15.3060,2.1486,16.0995,4.2534,4.1595,0.0939,-0.0355,6541.8984,14.4903,NA
gamemd.exe,18720,0x43D4320,D3D9,0,0,1,Hardware: Independent Flip,6573.9774,NA,16.77300000000000,16.63290000000000,1.74150000000000,4.93970000000000,5.1465,NA,6559.3530,16.3659,14.6244,1.7415,15.5718,3.9923,3.9237,0.0686,0.8217,6559.3530,15.1077,NA
gamemd.exe,18720,0x43D4320,D3D9,0,0,1,Hardware: Independent Flip,6590.8923,NA,16.91490000000000,17.07170000000000,1.84960000000000,5.03790000000000,5.3033,NA,6575.7189,17.0230,15.1734,1.8496,16.2430,3.9683,3.7945,0.1738,-0.7058,6575.7189,16.2073,NA
gamemd.exe,18720,0x43D4320,D3D9,0,0,1,Hardware: Independent Flip,6607.0563,NA,16.16400000000000,16.51740000000000,1.22310000000000,4.99500000000000,5.6567,NA,6592.7419,15.5375,14.3144,1.2231,14.8820,4.4274,4.3056,0.1218,0.5056,6592.7419,16.7144,NA
gamemd.exe,18720,0x43D4320,D3D9,0,0,1,Hardware: Independent Flip,6623.7000,NA,16.64370000000000,17.39110000000000,1.61040000000000,6.16960000000000,6.4041,NA,6608.2794,17.0310,15.4206,1.6104,16.1251,5.4651,4.7535,0.7116,-1.8536,6608.2794,17.2628,NA
gamemd.exe,18720,0x43D4320,D3D9,0,0,1,Hardware: Independent Flip,6640.2432,NA,16.54320000000000,15.55130000000000,1.19340000000000,5.20910000000000,5.4122,NA,6625.3104,16.1262,14.9328,1.1934,15.4361,4.7058,4.1718,0.5340,1.4797,6625.3104,17.2700,NA
gamemd.exe,18720,0x43D4320,D3D9,0,0,1,Hardware: Independent Flip,6656.8666,NA,16.62340000000000,16.61130000000000,1.26200000000000,4.91420000000000,5.4001,NA,6641.4366,16.6920,15.4300,1.2620,15.9865,4.3577,3.9717,0.3860,-0.4851,6641.4366,18.2088,NA
gamemd.exe,18720,0x43D4320,D3D9,0,0,1,Hardware: Independent Flip,6673.5639,NA,16.69730000000000,16.66350000000000,1.14150000000000,4.55430000000000,5.3663,NA,6658.1286,16.5768,15.4353,1.1415,15.8952,4.0944,4.0116,0.0828,0.0285,6658.1286,18.9320,NA
gamemd.exe,18720,0x43D4320,D3D9,0,0,1,Hardware: Independent Flip,6690.3364,NA,16.77250000000000,16.63690000000000,1.15040000000000,4.41590000000000,5.2307,NA,6674.7054,16.7814,15.6310,1.1504,16.1255,3.9214,3.8154,0.1060,-0.0601,6674.7054,19.5686,19.5686
gamemd.exe,18720,0x43D4320,D3D9,0,0,1,Hardware: Independent Flip,6707.5295,NA,17.19310000000000,18.36630000000000,1.85990000000000,6.10590000000000,6.4039,NA,6691.4868,17.9026,16.0427,1.8599,17.1567,4.9919,4.1272,0.8647,-1.5849,6691.4868,NA,NA
gamemd.exe,18720,0x43D4320,D3D9,0,0,1,Hardware: Independent Flip,6723.5639,NA,16.03440000000000,14.97980000000000,1.28500000000000,5.12330000000000,5.3493,NA,6709.3894,15.4595,14.1745,1.2850,14.7286,4.5692,4.1045,0.4647,2.9228,6709.3894,20.6932,NA
gamemd.exe,18720,0x43D4320,D3D9,0,0,1,Hardware: Independent Flip,6740.2203,NA,16.65640000000000,16.65850000000000,1.24160000000000,4.63540000000000,5.3514,NA,6724.8489,16.6130,15.3714,1.2416,15.9403,4.0665,3.9843,0.0822,-1.1990,6724.8489,21.5285,NA
gamemd.exe,18720,0x43D4320,D3D9,0,0,1,Hardware: Independent Flip,6757.2123,NA,16.99200000000000,18.14350000000000,2.43570000000000,6.32520000000000,6.5029,NA,6741.4619,18.1861,15.7504,2.4357,17.3974,4.6782,4.4375,0.2407,-1.5305,6741.4619,23.6760,NA
gamemd.exe,18720,0x43D4320,D3D9,0,0,1,Hardware: Independent Flip,6773.4839,NA,16.27160000000000,15.78690000000000,1.66160000000000,5.81000000000000,6.0182,NA,6759.6480,15.4975,13.8359,1.6616,14.4340,5.2119,4.6903,0.5216,2.3992,6759.6480,15.4880,NA
gamemd.exe,18720,0x43D4320,D3D9,0,0,1,Hardware: Independent Flip,6790.1045,NA,16.62060000000000,16.13460000000000,1.18890000000000,4.41270000000000,5.5322,NA,6775.1455,16.1479,14.9590,1.1889,15.4649,3.9068,3.8158,0.0910,-0.6371,6775.1455,23.6485,NA
gamemd.exe,18720,0x43D4320,D3D9,0,0,1,Hardware: Independent Flip,6807.9022,NA,17.79770000000000,18.35450000000000,1.67460000000000,5.82480000000000,6.0890,NA,6791.2934,18.2834,16.6088,1.6746,17.3469,5.0867,4.3625,0.7242,-2.2066,6791.2934,26.0005,NA
gamemd.exe,18720,0x43D4320,D3D9,0,0,1,Hardware: Independent Flip,6823.5378,NA,15.63560000000000,14.92760000000000,1.10400000000000,4.46220000000000,5.3810,NA,6809.5768,15.0650,13.9610,1.1040,14.3819,4.0413,3.9267,0.1146,3.3558,6809.5768,24.8695,NA
gamemd.exe,18720,0x43D4320,D3D9,0,0,1,Hardware: Independent Flip,6840.3480,NA,16.81020000000000,16.86700000000000,1.22380000000000,5.23160000000000,5.4378,NA,6824.6418,16.9300,15.7062,1.2238,16.2222,4.7156,4.1772,0.5384,-1.8020,6824.6418,25.7959,NA
gamemd.exe,18720,0x43D4320,D3D9,0,0,1,Hardware: Independent Flip,6857.0783,NA,16.73030000000000,16.44020000000000,1.17630000000000,4.51210000000000,5.1477,NA,6841.5718,16.6828,15.5065,1.1763,15.9895,4.0291,3.9039,0.1252,0.4898,6841.5718,26.2209,NA
gamemd.exe,18720,0x43D4320,D3D9,0,0,1,Hardware: Independent Flip,6874.0016,NA,16.92330000000000,18.51580000000000,3.37670000000000,6.49180000000000,6.7402,NA,6858.2546,19.1237,15.7470,3.3767,16.5669,5.6719,5.2244,0.4475,-1.8330,6858.2546,28.7312,NA
gamemd.exe,18720,0x43D4320,D3D9,0,0,1,Hardware: Independent Flip,6892.0644,NA,18.06280000000000,17.43800000000000,2.14050000000000,5.87560000000000,6.1154,NA,6877.3783,16.8266,14.6861,2.1405,15.8941,4.6676,4.1047,0.5629,1.6857,6877.3783,NA,NA
gamemd.exe,18720,0x43D4320,D3D9,0,0,1,Hardware: Independent Flip,6907.3342,NA,15.26980000000000,15.55220000000000,3.52840000000000,6.22150000000000,6.3978,NA,6894.2049,16.6577,13.1293,3.5284,14.7730,4.5778,4.4854,0.0924,1.2744,6894.2049,NA,NA
gamemd.exe,18720,0x43D4320,D3D9,0,0,1,Hardware: Independent Flip,6923.9411,NA,16.60690000000000,17.10760000000000,3.51650000000000,6.68170000000000,6.8985,NA,6910.8626,16.5950,13.0785,3.5165,14.7108,5.0494,4.6135,0.4359,-0.4499,6910.8626,38.5748,NA
gamemd.exe,18720,0x43D4320,D3D9,0,0,1,Hardware: Independent Flip,6942.2588,NA,18.31770000000000,17.39500000000000,1.69710000000000,5.69030000000000,5.9758,NA,6927.4576,16.4983,14.8012,1.6971,15.5184,4.9731,4.5050,0.4681,-0.8000,6927.4576,NA,NA
gamemd.exe,18720,0x43D4320,D3D9,0,0,1,Hardware: Independent Flip,6956.7142,NA,14.45540000000000,14.66010000000000,1.95330000000000,5.97640000000000,6.1805,NA,6943.9559,14.7116,12.7583,1.9533,13.6228,5.1119,4.4841,0.6278,1.8382,6943.9559,NA,NA
gamemd.exe,18720,0x43D4320,D3D9,0,0,1,Hardware: Independent Flip,6973.8514,NA,17.13720000000000,18.54580000000000,3.43900000000000,7.38040000000000,7.5891,NA,6958.6675,18.6229,15.1839,3.4390,17.3509,5.2134,4.6644,0.5490,-3.8342,6958.6675,NA,NA
gamemd.exe,18720,0x43D4320,D3D9,0,0,1,Hardware: Independent Flip,6991.5589,NA,17.70750000000000,16.52860000000000,2.32400000000000,6.12670000000000,6.4102,NA,6977.2904,16.5925,14.2685,2.3240,15.2191,5.1761,4.5552,0.6209,2.0943,6977.2904,NA,NA
gamemd.exe,18720,0x43D4320,D3D9,0,0,1,Hardware: Independent Flip,7008.6423,NA,17.08340000000000,16.98240000000000,2.06850000000000,6.06920000000000,6.3092,NA,6993.8829,16.8279,14.7594,2.0685,15.9299,4.8987,4.2646,0.6341,-0.3899,6993.8829,NA,NA
gamemd.exe,18720,0x43D4320,D3D9,0,0,1,Hardware: Independent Flip,7025.1801,NA,16.53780000000000,16.27190000000000,2.08430000000000,5.79680000000000,6.0433,NA,7010.7108,16.5536,14.4693,2.0843,15.6303,4.6358,4.2170,0.4188,0.5560,7010.7108,NA,NA
gamemd.exe,18720,0x43D4320,D3D9,0,0,1,Hardware: Independent Flip,7039.9873,NA,14.80720000000000,14.33280000000000,1.15430000000000,4.73180000000000,5.5689,NA,7027.2644,13.8772,12.7229,1.1543,13.2382,4.2165,4.1409,0.0756,2.2208,7027.2644,NA,NA
gamemd.exe,18720,0x43D4320,D3D9,0,0,1,Hardware: Independent Flip,7056.9278,NA,16.94050000000000,16.89280000000000,1.31340000000000,5.31730000000000,5.5212,NA,7041.1416,17.0996,15.7862,1.3134,16.3761,4.7274,4.2720,0.4554,-3.0156,7041.1416,18.3509,NA
gamemd.exe,18720,0x43D4320,D3D9,0,0,1,Hardware: Independent Flip,7073.8379,NA,16.91010000000000,16.44620000000000,1.18190000000000,4.56720000000000,5.0573,NA,7058.2412,16.7786,15.5967,1.1819,16.1032,4.0607,3.9852,0.0755,0.6534,7058.2412,18.7956,NA
gamemd.exe,18720,0x43D4320,D3D9,0,0,1,Hardware: Independent Flip,7090.5105,NA,16.67260000000000,16.92850000000000,1.85360000000000,5.10970000000000,5.3132,NA,7075.0198,17.3443,15.4907,1.8536,16.1303,4.4701,4.3515,0.1186,-0.1499,7075.0198,19.8357,NA
gamemd.exe,18720,0x43D4320,D3D9,0,0,1,Hardware: Independent Flip,7107.0478,NA,16.53730000000000,16.76400000000000,2.12620000000000,5.33210000000000,5.5399,NA,7092.3641,16.8099,14.6837,2.1262,15.7897,4.2261,4.1389,0.0872,0.5803,7092.3641,NA,NA
gamemd.exe,18720,0x43D4320,D3D9,0,0,1,Hardware: Independent Flip,7123.9353,NA,16.88750000000000,16.26890000000000,1.52250000000000,4.68250000000000,4.9213,NA,7109.1740,16.2838,14.7613,1.5225,15.4398,4.0040,3.9179,0.0861,0.5410,7109.1740,NA,NA
gamemd.exe,18720,0x43D4320,D3D9,0,0,1,Hardware: Independent Flip,7140.4553,NA,16.52000000000000,16.70200000000000,1.17750000000000,4.78230000000000,5.1033,NA,7125.4578,16.1750,14.9975,1.1775,15.5159,4.2639,4.1620,0.1019,-0.4182,7125.4578,NA,NA
gamemd.exe,18720,0x43D4320,D3D9,0,0,1,Hardware: Independent Flip,7156.8176,NA,16.36230000000000,16.66010000000000,1.16210000000000,4.71050000000000,5.4011,NA,7141.6328,16.3469,15.1848,1.1621,15.7220,4.1733,4.0776,0.0957,-0.4851,7141.6328,13.9223,NA
gamemd.exe,18720,0x43D4320,D3D9,0,0,1,Hardware: Independent Flip,7173.8787,NA,17.06110000000000,18.15200000000000,1.51480000000000,6.26530000000000,6.4920,NA,7157.9797,17.4138,15.8990,1.5148,16.4986,5.6657,4.4328,1.2329,-1.8051,7157.9797,NA,NA
gamemd.exe,18720,0x43D4320,D3D9,0,0,1,Hardware: Independent Flip,7190.3220,NA,16.44330000000000,15.66260000000000,1.19170000000000,5.50030000000000,5.7113,NA,7175.3935,16.1202,14.9285,1.1917,15.4573,4.9715,4.2799,0.6916,1.7512,7175.3935,15.9200,NA
gamemd.exe,18720,0x43D4320,D3D9,0,0,1,Hardware: Independent Flip,7206.9520,NA,16.63000000000000,16.35800000000000,1.37540000000000,5.22310000000000,5.4393,NA,7191.5137,16.8137,15.4383,1.3754,15.9789,4.6825,4.2007,0.4818,-0.2378,7191.5137,24.3970,NA
gamemd.exe,18720,0x43D4320,D3D9,0,0,1,Hardware: Independent Flip,7223.6158,NA,16.66380000000000,17.44770000000000,1.53580000000000,6.01650000000000,6.2232,NA,7208.3274,16.8242,15.2884,1.5358,15.9164,5.3885,4.7374,0.6511,-0.6340,7208.3274,25.8618,NA
gamemd.exe,18720,0x43D4320,D3D9,0,0,1,Hardware: Independent Flip,7240.5493,NA,16.93350000000000,16.95100000000000,1.85220000000000,6.06790000000000,6.2407,NA,7225.1516,17.2499,15.3977,1.8522,16.1292,5.3364,4.8399,0.4965,-0.1268,7225.1516,26.7924,NA
gamemd.exe,18720,0x43D4320,D3D9,0,0,1,Hardware: Independent Flip,7257.1674,NA,16.61810000000000,16.60660000000000,1.70600000000000,6.01380000000000,6.2292,NA,7242.4015,16.4719,14.7659,1.7060,15.4446,5.3351,4.5455,0.7896,0.6433,7242.4015,19.1371,NA
gamemd.exe,18720,0x43D4320,D3D9,0,0,1,Hardware: Independent Flip,7273.9909,NA,16.82350000000000,17.33670000000000,1.89190000000000,6.51810000000000,6.7424,NA,7258.8734,17.0094,15.1175,1.8919,15.9397,5.6959,4.8645,0.8314,-0.8648,7258.8734,12.7365,NA
gamemd.exe,18720,0x43D4320,D3D9,0,0,1,Hardware: Independent Flip,7290.4615,NA,16.47060000000000,15.19700000000000,1.23270000000000,5.26240000000000,5.4688,NA,7275.8828,15.8114,14.5787,1.2327,15.0908,4.7503,4.2343,0.5160,1.8124,7275.8828,NA,NA
gamemd.exe,18720,0x43D4320,D3D9,0,0,1,Hardware: Independent Flip,7307.4076,NA,16.94610000000000,18.53820000000000,1.90260000000000,6.82560000000000,7.0609,NA,7291.6942,17.6160,15.7134,1.9026,16.5077,6.0313,4.6275,1.4038,-2.7268,7291.6942,30.4515,NA
gamemd.exe,18720,0x43D4320,D3D9,0,0,1,Hardware: Independent Flip,7323.9290,NA,16.52140000000000,15.50910000000000,1.74240000000000,5.82640000000000,6.0486,NA,7309.3102,16.3612,14.6188,1.7424,15.3024,5.1428,4.6250,0.5178,2.1069,7309.3102,NA,NA
gamemd.exe,18720,0x43D4320,D3D9,0,0,1,Hardware: Independent Flip,7340.5014,NA,16.57240000000000,17.05570000000000,1.48400000000000,6.30440000000000,6.5319,NA,7325.6714,16.3140,14.8300,1.4840,15.5445,5.5899,4.4469,1.1430,-0.6945,7325.6714,NA,NA
gamemd.exe,18720,0x43D4320,D3D9,0,0,1,Hardware: Independent Flip,7357.0966,NA,16.59520000000000,15.57290000000000,1.32220000000000,5.14800000000000,5.5096,NA,7341.9854,16.4334,15.1112,1.3222,15.6220,4.6372,4.2310,0.4062,0.7411,7341.9854,NA,NA
gamemd.exe,18720,0x43D4320,D3D9,0,0,1,Hardware: Independent Flip,7374.3635,NA,17.26690000000000,17.41110000000000,3.69580000000000,5.46000000000000,5.6538,NA,7358.4188,19.6405,15.9447,3.6958,16.5556,4.8491,4.7452,0.1039,-0.9777,7358.4188,24.0366,24.0366
gamemd.exe,18720,0x43D4320,D3D9,0,0,1,Hardware: Independent Flip,7391.3692,NA,17.00570000000000,18.20790000000000,2.48220000000000,6.56440000000000,6.8560,NA,7378.0593,15.7921,13.3099,2.4822,14.8922,4.9821,4.1526,0.8295,1.4326,7378.0593,NA,NA
gamemd.exe,18720,0x43D4320,D3D9,0,0,1,Hardware: Independent Flip,7407.2367,NA,15.86750000000000,16.42840000000000,3.40030000000000,7.20410000000000,7.4169,NA,7393.8514,16.7856,13.3853,3.4003,15.1991,5.3903,4.7888,0.6015,-0.6363,7393.8514,NA,NA
gamemd.exe,18720,0x43D4320,D3D9,0,0,1,Hardware: Independent Flip,7425.1118,NA,17.87510000000000,16.23780000000000,1.69530000000000,5.54110000000000,5.7796,NA,7410.6370,16.1701,14.4748,1.6953,15.3147,4.7012,4.2089,0.4923,0.5478,7410.6370,NA,NA
gamemd.exe,18720,0x43D4320,D3D9,0,0,1,Hardware: Independent Flip,7441.7610,NA,16.64920000000000,17.38500000000000,2.46930000000000,6.27420000000000,6.5154,NA,7426.8071,17.4232,14.9539,2.4693,16.5135,4.7146,4.2865,0.4281,-1.2149,7426.8071,NA,NA
gamemd.exe,18720,0x43D4320,D3D9,0,0,1,Hardware: Independent Flip,7458.3780,NA,16.61700000000000,16.05770000000000,2.52740000000000,5.66560000000000,5.9561,NA,7444.2303,16.6751,14.1477,2.5274,15.1805,4.6328,4.4498,0.1830,1.3655,7444.2303,NA,NA
gamemd.exe,18720,0x43D4320,D3D9,0,0,1,Hardware: Independent Flip,7473.3884,NA,15.01040000000000,14.49840000000000,1.12150000000000,4.62640000000000,5.4441,NA,7460.9054,13.6045,12.4830,1.1215,12.9776,4.1318,4.0419,0.0899,2.1767,7460.9054,18.8172,18.8172
gamemd.exe,18720,0x43D4320,D3D9,0,0,1,Hardware: Independent Flip,7490.4598,NA,17.07140000000000,18.32720000000000,2.26890000000000,6.28190000000000,6.6999,NA,7474.5099,18.2188,15.9499,2.2689,17.4370,4.7948,4.2434,0.5514,-4.7227,7474.5099,NA,NA
gamemd.exe,18720,0x43D4320,D3D9,0,0,1,Hardware: Independent Flip,7506.6777,NA,16.21790000000000,15.00400000000000,1.18780000000000,4.69920000000000,5.4860,NA,7492.7287,15.1368,13.9490,1.1878,14.4992,4.1490,4.0625,0.0865,3.2148,7492.7287,NA,NA
gamemd.exe,18720,0x43D4320,D3D9,0,0,1,Hardware: Independent Flip,7524.8171,NA,18.13940000000000,18.21970000000000,1.59500000000000,5.25820000000000,5.5663,NA,7507.8655,18.5466,16.9516,1.5950,17.6228,4.5870,4.1585,0.4285,-3.0829,7507.8655,NA,NA
gamemd.exe,18720,0x43D4320,D3D9,0,0,1,Hardware: Independent Flip,7540.1892,NA,15.37210000000000,15.10560000000000,1.07690000000000,4.54040000000000,5.2998,NA,7526.4121,14.8540,13.7771,1.0769,14.2512,4.0663,3.9577,0.1086,3.4410,7526.4121,NA,NA
gamemd.exe,18720,0x43D4320,D3D9,0,0,1,Hardware: Independent Flip,7558.5884,NA,18.39920000000000,18.80540000000000,1.57350000000000,5.45600000000000,5.7060,NA,7541.2661,18.8958,17.3223,1.5735,18.0224,4.7559,4.1968,0.5591,-3.9514,7541.2661,NA,NA
gamemd.exe,18720,0x43D4320,D3D9,0,0,1,Hardware: Independent Flip,7573.6657,NA,15.07730000000000,14.51630000000000,1.23330000000000,4.72200000000000,5.1450,NA,7560.1619,14.7371,13.5038,1.2333,14.0297,4.1961,4.1158,0.0803,4.3795,7560.1619,NA,NA
gamemd.exe,18720,0x43D4320,D3D9,0,0,1,Hardware: Independent Flip,7590.6631,NA,16.99740000000000,17.12300000000000,2.10260000000000,5.01840000000000,5.2706,NA,7574.8990,17.8667,15.7641,2.1026,16.5832,4.1993,4.1107,0.0886,-2.3859,7574.8990,NA,NA
gamemd.exe,18720,0x43D4320,D3D9,0,0,1,Hardware: Independent Flip,7608.8319,NA,18.16880000000000,19.00110000000000,1.67690000000000,5.87170000000000,6.1029,NA,7592.7657,17.7431,16.0662,1.6769,16.7795,5.1584,4.4747,0.6837,-1.1344,7592.7657,NA,NA
gamemd.exe,18720,0x43D4320,D3D9,0,0,1,Hardware: Independent Flip,7624.4341,NA,15.60220000000000,16.18930000000000,2.42450000000000,6.43970000000000,6.6900,NA,7610.5088,16.3498,13.9253,2.4245,15.4762,4.8888,4.2514,0.6374,1.5538,7610.5088,NA,NA
gamemd.exe,18720,0x43D4320,D3D9,0,0,1,Hardware: Independent Flip,7640.7802,NA,16.34610000000000,16.09230000000000,2.29780000000000,6.25080000000000,6.4362,NA,7626.8586,16.2194,13.9216,2.2978,15.3860,4.7864,4.1445,0.6419,0.2575,7626.8586,NA,NA
gamemd.exe,18720,0x43D4320,D3D9,0,0,1,Hardware: Independent Flip,7657.7608,NA,16.98060000000000,16.15210000000000,1.58510000000000,5.38510000000000,5.6077,NA,7643.0780,16.2679,14.6828,1.5851,15.4066,4.6613,4.0628,0.5985,0.0673,7643.0780,NA,NA
gamemd.exe,18720,0x43D4320,D3D9,0,0,1,Hardware: Independent Flip,7674.6850,NA,16.92420000000000,17.44600000000000,1.77390000000000,5.86840000000000,6.1295,NA,7659.3459,17.1130,15.3391,1.7739,16.2467,4.9608,4.6191,0.3417,-1.1781,7659.3459,NA,NA
gamemd.exe,18720,0x43D4320,D3D9,0,0,1,Hardware: Independent Flip,7691.7698,NA,17.08480000000000,16.74430000000000,1.73800000000000,5.62350000000000,5.7890,NA,7676.4589,17.0489,15.3109,1.7380,16.2291,4.7053,4.1680,0.5373,0.3687,7676.4589,NA,NA
gamemd.exe,18720,0x43D4320,D3D9,0,0,1,Hardware: Independent Flip,7707.3756,NA,15.60580000000000,14.78330000000000,1.70090000000000,4.85490000000000,4.9665,NA,7693.5078,15.5687,13.8678,1.7009,14.5720,4.1507,4.0587,0.0920,2.2656,7693.5078,NA,NA
gamemd.exe,18720,0x43D4320,D3D9,0,0,1,Hardware: Independent Flip,7724.0065,NA,16.63090000000000,16.69510000000000,2.50710000000000,4.91930000000000,5.0307,NA,7709.0765,17.4371,14.9300,2.5071,15.8329,4.0164,3.9510,0.0654,-1.1264,7709.0765,NA,NA
gamemd.exe,18720,0x43D4320,D3D9,0,0,1,Hardware: Independent Flip,7740.8837,NA,16.87720000000000,17.15100000000000,1.57100000000000,5.13930000000000,5.3045,NA,7726.5136,15.9411,14.3701,1.5710,14.9462,4.5632,4.4684,0.0948,0.2861,7726.5136,NA,NA
gamemd.exe,18720,0x43D4320,D3D9,0,0,1,Hardware: Independent Flip,7757.1631,NA,16.27940000000000,16.15180000000000,1.80860000000000,5.01650000000000,5.1769,NA,7742.4547,16.5170,14.7084,1.8086,15.3720,4.3529,4.2547,0.0982,-0.2107,7742.4547,NA,NA
gamemd.exe,18720,0x43D4320,D3D9,0,0,1,Hardware: Independent Flip,7773.9562,NA,16.79310000000000,16.92010000000000,1.63580000000000,5.16040000000000,5.3039,NA,7758.9717,16.6203,14.9845,1.6358,15.5528,4.5921,4.5062,0.0859,-0.4031,7758.9717,NA,NA
gamemd.exe,18720,0x43D4320,D3D9,0,0,1,Hardware: Independent Flip,7790.6759,NA,16.71970000000000,16.26140000000000,1.77640000000000,4.72370000000000,4.8456,NA,7775.5920,16.8603,15.0839,1.7764,15.7398,4.0678,3.9924,0.0754,0.3589,7775.5920,NA,NA
gamemd.exe,18720,0x43D4320,D3D9,0,0,1,Hardware: Independent Flip,7807.5591,NA,16.88320000000000,17.12690000000000,1.31700000000000,4.93830000000000,5.0893,NA,7792.4523,16.4238,15.1068,1.3170,15.6621,4.3830,3.9349,0.4481,-0.2666,7792.4523,NA,NA
gamemd.exe,18720,0x43D4320,D3D9,0,0,1,Hardware: Independent Flip,7823.6580,NA,16.09890000000000,16.19650000000000,1.23740000000000,5.05660000000000,5.1869,NA,7808.8761,16.0193,14.7819,1.2374,15.3334,4.5051,4.0924,0.4127,0.2273,7808.8761,NA,NA
gamemd.exe,18720,0x43D4320,D3D9,0,0,1,Hardware: Independent Flip,7840.8141,NA,17.15610000000000,17.22330000000000,1.43450000000000,5.12610000000000,5.2541,NA,7824.8954,17.3532,15.9187,1.4345,16.6278,4.4170,4.0204,0.3966,-1.2040,7824.8954,NA,NA
gamemd.exe,18720,0x43D4320,D3D9,0,0,1,Hardware: Independent Flip,7858.0601,NA,17.24600000000000,17.47810000000000,1.46510000000000,5.32900000000000,5.4862,NA,7842.2486,17.2766,15.8115,1.4651,16.4084,4.7321,4.1388,0.5933,-0.1249,7842.2486,NA,NA
gamemd.exe,18720,0x43D4320,D3D9,0,0,1,Hardware: Independent Flip,7875.2371,NA,17.17700000000000,17.19210000000000,1.45650000000000,5.31860000000000,5.5013,NA,7859.5252,17.1684,15.7119,1.4565,16.3622,4.6683,4.1313,0.5370,0.0845,7859.5252,NA,NA
gamemd.exe,18720,0x43D4320,D3D9,0,0,1,Hardware: Independent Flip,7891.3456,NA,16.10850000000000,15.34520000000000,1.27280000000000,4.61700000000000,4.7380,NA,7876.6936,15.9248,14.6520,1.2728,15.1984,4.0706,3.9483,0.1223,1.8232,7876.6936,NA,NA
gamemd.exe,18720,0x43D4320,D3D9,0,0,1,Hardware: Independent Flip,7907.1415,NA,15.79590000000000,16.00880000000000,1.46900000000000,4.66030000000000,4.9509,NA,7892.6184,15.9921,14.5231,1.4690,15.1604,4.0230,3.9504,0.0726,-0.0840,7892.6184,NA,NA
gamemd.exe,18720,0x43D4320,D3D9,0,0,1,Hardware: Independent Flip,7923.8014,NA,16.65990000000000,16.66570000000000,1.43870000000000,4.73510000000000,4.9567,NA,7908.6105,16.6296,15.1909,1.4387,15.7748,4.1512,4.0504,0.1008,-0.6736,7908.6105,NA,NA
gamemd.exe,18720,0x43D4320,D3D9,0,0,1,Hardware: Independent Flip,7940.1711,NA,16.36970000000000,16.70220000000000,1.47790000000000,4.62280000000000,5.2892,NA,7925.2401,16.4089,14.9310,1.4779,15.6472,3.9066,3.8180,0.0886,-0.0726,7925.2401,NA,NA
gamemd.exe,18720,0x43D4320,D3D9,0,0,1,Hardware: Independent Flip,7957.4271,NA,17.25600000000000,17.21830000000000,1.47160000000000,5.09220000000000,5.2515,NA,7941.6490,17.2497,15.7781,1.4716,16.3689,4.5014,4.2020,0.2994,-0.8094,7941.6490,NA,NA
gamemd.exe,18720,0x43D4320,D3D9,0,0,1,Hardware: Independent Flip,7973.5206,NA,16.09350000000000,16.08030000000000,1.56910000000000,4.82790000000000,5.2383,NA,7958.8987,16.1910,14.6219,1.5691,15.3787,4.0711,3.9959,0.0752,1.1694,7958.8987,NA,NA
gamemd.exe,18720,0x43D4320,D3D9,0,0,1,Hardware: Independent Flip,7990.3677,NA,16.84710000000000,16.68540000000000,1.26700000000000,4.58750000000000,5.0766,NA,7975.0897,16.5450,15.2780,1.2670,15.8050,4.0605,3.9829,0.0776,-0.4944,7975.0897,NA,NA
gamemd.exe,18720,0x43D4320,D3D9,0,0,1,Hardware: Independent Flip,8007.1063,NA,16.73860000000000,16.99400000000000,1.77960000000000,5.13630000000000,5.3320,NA,7991.6347,17.2512,15.4716,1.7796,16.2564,4.3515,4.1393,0.2122,-0.4490,7991.6347,NA,NA
gamemd.exe,18720,0x43D4320,D3D9,0,0,1,Hardware: Independent Flip,8024.1825,NA,17.07620000000000,17.33890000000000,1.52680000000000,5.40150000000000,5.5947,NA,8008.8859,16.8234,15.2966,1.5268,15.9137,4.7844,4.2609,0.5235,-0.0877,8008.8859,NA,NA
gamemd.exe,18720,0x43D4320,D3D9,0,0,1,Hardware: Independent Flip,8041.2690,NA,17.08650000000000,17.38930000000000,1.34210000000000,5.67830000000000,5.8975,NA,8025.7093,16.9018,15.5597,1.3421,16.1188,5.1192,4.5990,0.5202,-0.5659,8025.7093,NA,NA
gamemd.exe,18720,0x43D4320,D3D9,0,0,1,Hardware: Independent Flip,8056.9798,NA,15.71080000000000,16.49530000000000,2.72530000000000,6.47680000000000,6.6820,NA,8042.6111,17.0940,14.3687,2.7253,15.4986,5.3469,4.7091,0.6378,0.4065,8042.6111,NA,NA
gamemd.exe,18720,0x43D4320,D3D9,0,0,1,Hardware: Independent Flip,8074.5125,NA,17.53270000000000,17.57050000000000,2.28700000000000,6.47530000000000,6.7198,NA,8059.7051,17.0944,14.8074,2.2870,16.2889,4.9938,4.5719,0.4219,-0.4765,8059.7051,NA,NA
gamemd.exe,18720,0x43D4320,D3D9,0,0,1,Hardware: Independent Flip,8091.5489,NA,17.03640000000000,16.26780000000000,1.79820000000000,5.76990000000000,5.9512,NA,8076.7995,16.5476,14.7494,1.7982,15.6555,4.8638,4.3214,0.5424,0.8266,8076.7995,NA,NA
gamemd.exe,18720,0x43D4320,D3D9,0,0,1,Hardware: Independent Flip,8107.9576,NA,16.40870000000000,16.41360000000000,1.48000000000000,5.71190000000000,5.9561,NA,8093.3471,16.0905,14.6105,1.4800,15.2529,5.0695,4.3815,0.6880,0.1340,8093.3471,NA,NA
gamemd.exe,18720,0x43D4320,D3D9,0,0,1,Hardware: Independent Flip,8124.8382,NA,16.88060000000000,17.04210000000000,1.73710000000000,5.91060000000000,6.1176,NA,8109.4376,17.1377,15.4006,1.7371,16.2963,5.0149,4.3198,0.6951,-0.9516,8109.4376,NA,NA
gamemd.exe,18720,0x43D4320,D3D9,0,0,1,Hardware: Independent Flip,8140.6055,NA,15.76730000000000,17.62440000000000,3.42190000000000,7.73750000000000,7.9747,NA,8126.5753,17.4521,14.0302,3.4219,16.5066,5.2611,4.4846,0.7765,-0.4867,8126.5753,NA,NA
gamemd.exe,18720,0x43D4320,D3D9,0,0,1,Hardware: Independent Flip,8158.8901,NA,18.28460000000000,15.84080000000000,1.51800000000000,5.31240000000000,5.5309,NA,8144.0274,16.3807,14.8627,1.5180,15.5054,4.6697,4.1976,0.4721,1.6113,8144.0274,NA,NA
gamemd.exe,18720,0x43D4320,D3D9,0,0,1,Hardware: Independent Flip,8175.2084,NA,16.31830000000000,16.58630000000000,1.69870000000000,5.58450000000000,5.7989,NA,8160.4081,16.4990,14.8003,1.6987,15.5143,4.8705,4.3919,0.4786,-0.2056,8160.4081,NA,NA
gamemd.exe,18720,0x43D4320,D3D9,0,0,1,Hardware: Independent Flip,8190.3424,NA,15.13400000000000,15.73650000000000,2.24880000000000,6.23190000000000,6.4014,NA,8176.9071,15.6841,13.4353,2.2488,14.4386,5.2286,4.5995,0.6291,0.7625,8176.9071,NA,NA
gamemd.exe,18720,0x43D4320,D3D9,0,0,1,Hardware: Independent Flip,8206.9217,NA,16.57930000000000,16.99130000000000,2.29660000000000,6.57040000000000,6.8134,NA,8192.5912,16.6271,14.3305,2.2966,15.8527,5.0482,4.1335,0.9147,-1.3072,8192.5912,17.7091,NA
gamemd.exe,18720,0x43D4320,D3D9,0,0,1,Hardware: Independent Flip,8224.8571,NA,17.93540000000000,16.78900000000000,1.64190000000000,5.42900000000000,5.6670,NA,8209.2183,17.2807,15.6388,1.6419,16.3888,4.6790,4.2063,0.4727,-0.1619,8209.2183,18.4985,NA
gamemd.exe,18720,0x43D4320,D3D9,0,0,1,Hardware: Independent Flip,8240.3829,NA,15.52580000000000,17.53490000000000,3.37990000000000,7.47890000000000,7.6761,NA,8226.4990,17.2638,13.8839,3.3799,16.1395,5.2233,4.4872,0.7361,-0.2542,8226.4990,20.0250,NA
gamemd.exe,18720,0x43D4320,D3D9,0,0,1,Hardware: Independent Flip,8258.7927,NA,18.40980000000000,15.96490000000000,1.64430000000000,5.06190000000000,5.2312,NA,8243.7628,16.6742,15.0299,1.6443,15.7178,4.3740,3.9703,0.4037,1.2989,8243.7628,19.9292,NA
gamemd.exe,18720,0x43D4320,D3D9,0,0,1,Hardware: Independent Flip,8274.6533,NA,15.86060000000000,15.95410000000000,1.53620000000000,5.06650000000000,5.3247,NA,8260.4370,15.7525,14.2163,1.5362,14.8143,4.4685,4.1269,0.3416,0.7201,8260.4370,19.9915,NA
gamemd.exe,18720,0x43D4320,D3D9,0,0,1,Hardware: Independent Flip,8291.1448,NA,16.49150000000000,16.05240000000000,1.66670000000000,4.76990000000000,4.8856,NA,8276.1895,16.6220,14.9553,1.6667,15.5356,4.1896,4.1134,0.0762,-0.2999,8276.1895,20.0486,NA
gamemd.exe,18720,0x43D4320,D3D9,0,0,1,Hardware: Independent Flip,8307.5747,NA,16.42990000000000,16.58700000000000,1.65300000000000,4.91400000000000,5.0427,NA,8292.8115,16.4162,14.7632,1.6530,15.3649,4.3123,4.2165,0.0958,0.0350,8292.8115,20.5539,NA
gamemd.exe,18720,0x43D4320,D3D9,0,0,1,Hardware: Independent Flip,8323.7910,NA,16.21630000000000,16.29270000000000,2.61270000000000,5.00140000000000,5.1191,NA,8309.2277,17.1760,14.5633,2.6127,15.4311,4.1336,3.9963,0.1373,0.1235,8309.2277,20.8733,NA
gamemd.exe,18720,0x43D4320,D3D9,0,0,1,Hardware: Independent Flip,8340.3460,NA,16.55500000000000,16.61410000000000,1.73950000000000,5.01090000000000,5.1782,NA,8326.4037,15.6818,13.9423,1.7395,14.6906,4.2626,4.0970,0.1656,0.5619,8326.4037,21.5071,NA
gamemd.exe,18720,0x43D4320,D3D9,0,0,1,Hardware: Independent Flip,8357.3613,NA,17.01530000000000,16.52590000000000,1.23480000000000,4.44480000000000,4.6888,NA,8342.0855,16.5106,15.2758,1.2348,15.8135,3.9071,3.8025,0.1046,-0.8441,8342.0855,22.0351,NA
gamemd.exe,18720,0x43D4320,D3D9,0,0,1,Hardware: Independent Flip,8374.5161,NA,17.15480000000000,18.07120000000000,1.53170000000000,5.25370000000000,5.6052,NA,8358.5961,17.4517,15.9200,1.5317,16.5397,4.6340,4.2611,0.3729,-1.5606,8358.5961,23.9166,NA
gamemd.exe,18720,0x43D4320,D3D9,0,0,1,Hardware: Independent Flip,8391.3961,NA,16.88000000000000,16.52180000000000,1.65580000000000,5.01960000000000,5.2470,NA,8376.0478,17.0041,15.3483,1.6558,16.0453,4.3226,4.2323,0.0903,0.9299,8376.0478,24.2222,NA
gamemd.exe,18720,0x43D4320,D3D9,0,0,1,Hardware: Independent Flip,8406.8601,NA,15.46400000000000,15.66530000000000,1.70150000000000,4.88150000000000,5.4483,NA,8393.0519,15.5097,13.8082,1.7015,14.5372,4.1525,4.0771,0.0754,1.3388,8393.0519,24.2157,NA
gamemd.exe,18720,0x43D4320,D3D9,0,0,1,Hardware: Independent Flip,8423.6587,NA,16.79860000000000,16.44790000000000,1.63410000000000,4.91910000000000,5.0976,NA,8408.5616,16.7312,15.0971,1.6341,15.7376,4.2786,4.1758,0.1028,-0.9382,8408.5616,24.2405,NA
gamemd.exe,18720,0x43D4320,D3D9,0,0,1,Hardware: Independent Flip,8440.4471,NA,16.78840000000000,16.86090000000000,1.65370000000000,5.00510000000000,5.1701,NA,8425.2928,16.8080,15.1543,1.6537,15.7356,4.4238,4.3530,0.0708,-0.1297,8425.2928,25.6201,NA
gamemd.exe,18720,0x43D4320,D3D9,0,0,1,Hardware: Independent Flip,8456.7291,NA,16.28200000000000,16.49270000000000,1.70760000000000,4.92930000000000,5.3808,NA,8442.1008,16.3359,14.6283,1.7076,15.3259,4.2317,4.1480,0.0837,0.3153,8442.1008,26.0710,NA
gamemd.exe,18720,0x43D4320,D3D9,0,0,1,Hardware: Independent Flip,8474.7144,NA,17.98530000000000,18.41010000000000,1.49100000000000,5.64300000000000,5.8056,NA,8458.4367,17.7687,16.2777,1.4910,17.0495,4.8712,4.2678,0.6034,-2.0742,8458.4367,36.5316,NA
gamemd.exe,18720,0x43D4320,D3D9,0,0,1,Hardware: Independent Flip,8490.6716,NA,15.95720000000000,15.51770000000000,1.92820000000000,5.23800000000000,5.3661,NA,8476.2054,16.3944,14.4662,1.9282,15.3164,4.3878,4.2814,0.1064,2.2510,8476.2054,NA,NA
gamemd.exe,18720,0x43D4320,D3D9,0,0,1,Hardware: Independent Flip,8507.4627,NA,16.79110000000000,16.48320000000000,1.38710000000000,4.92300000000000,5.0582,NA,8492.5998,16.2500,14.8629,1.3871,15.4634,4.3225,4.2019,0.1206,-0.0888,8492.5998,NA,NA
gamemd.exe,18720,0x43D4320,D3D9,0,0,1,Hardware: Independent Flip,8523.8880,NA,16.42530000000000,16.19510000000000,1.70570000000000,4.71430000000000,4.8280,NA,8508.8498,16.7439,15.0382,1.7057,15.6595,4.0930,4.0124,0.0806,0.0549,8508.8498,NA,NA
gamemd.exe,18720,0x43D4320,D3D9,0,0,1,Hardware: Independent Flip,8540.4817,NA,16.59370000000000,16.75610000000000,1.61980000000000,4.85210000000000,4.9904,NA,8525.5937,16.5078,14.8880,1.6198,15.3820,4.3581,4.2552,0.1029,-0.0122,8525.5937,NA,NA
gamemd.exe,18720,0x43D4320,D3D9,0,0,1,Hardware: Independent Flip,8557.9157,NA,17.43400000000000,18.31060000000000,1.37810000000000,5.65180000000000,5.8670,NA,8542.1015,17.1923,15.8142,1.3781,16.4523,5.0137,4.3801,0.6336,-1.8028,8542.1015,NA,NA
gamemd.exe,18720,0x43D4320,D3D9,0,0,1,Hardware: Independent Flip,8574.3680,NA,16.45230000000000,17.33640000000000,2.33330000000000,6.57380000000000,6.7511,NA,8559.2938,17.4075,15.0742,2.3333,16.5568,5.0912,4.1558,0.9354,-0.1441,8559.2938,NA,NA
gamemd.exe,18720,0x43D4320,D3D9,0,0,1,Hardware: Independent Flip,8591.2074,NA,16.83940000000000,15.36220000000000,1.60310000000000,5.11980000000000,5.2739,NA,8576.7013,16.1092,14.5061,1.6031,15.2595,4.3664,3.9411,0.4253,2.0453,8576.7013,NA,NA
gamemd.exe,18720,0x43D4320,D3D9,0,0,1,Hardware: Independent Flip,8607.3965,NA,16.18910000000000,15.57370000000000,1.15370000000000,4.04500000000000,4.6585,NA,8592.8105,15.7397,14.5860,1.1537,14.8801,3.7509,3.2579,0.4930,0.5355,8592.8105,NA,NA
gamemd.exe,18720,0x43D4320,D3D9,0,0,1,Hardware: Independent Flip,8623.4825,NA,16.08600000000000,17.88320000000000,2.46030000000000,6.24600000000000,6.4557,NA,8608.5502,17.3926,14.9323,2.4603,16.5856,4.5927,4.1235,0.4692,-2.1435,8608.5502,NA,NA
gamemd.exe,18720,0x43D4320,D3D9,0,0,1,Hardware: Independent Flip,8640.0204,NA,16.53790000000000,15.51110000000000,1.12470000000000,4.68060000000000,5.4289,NA,8625.9428,15.2023,14.0776,1.1247,14.5649,4.1933,4.1304,0.0629,1.8815,8625.9428,17.3453,NA
gamemd.exe,18720,0x43D4320,D3D9,0,0,1,Hardware: Independent Flip,8656.9937,NA,16.97330000000000,17.83040000000000,1.22020000000000,6.03680000000000,6.2860,NA,8641.1451,17.0688,15.8486,1.2202,16.4074,5.4780,4.2857,1.1923,-2.6281,8641.1451,11.2380,NA
gamemd.exe,18720,0x43D4320,D3D9,0,0,1,Hardware: Independent Flip,8673.7515,NA,16.75780000000000,15.71240000000000,1.19080000000000,5.02780000000000,5.2406,NA,8658.2139,16.7284,15.5376,1.1908,16.1189,4.4465,4.0718,0.3747,1.3564,8658.2139,18.8920,NA
gamemd.exe,18720,0x43D4320,D3D9,0,0,1,Hardware: Independent Flip,8690.5530,NA,16.80150000000000,16.98060000000000,1.36440000000000,5.07630000000000,5.4197,NA,8674.9423,16.9751,15.6107,1.3644,16.2974,4.3896,4.2738,0.1158,-0.2522,8674.9423,19.9725,NA
gamemd.exe,18720,0x43D4320,D3D9,0,0,1,Hardware: Independent Flip,8706.8278,NA,16.27480000000000,16.92690000000000,1.61640000000000,5.87400000000000,6.0718,NA,8691.9174,16.5268,14.9104,1.6164,15.5361,5.2483,4.2320,1.0163,0.0482,8691.9174,20.8773,NA
gamemd.exe,18720,0x43D4320,D3D9,0,0,1,Hardware: Independent Flip,8723.4357,NA,16.60790000000000,16.84890000000000,1.68880000000000,6.09260000000000,6.3128,NA,8708.4442,16.6803,14.9915,1.6888,15.5655,5.5186,4.9964,0.5222,-0.3221,8708.4442,13.7430,NA
gamemd.exe,18720,0x43D4320,D3D9,0,0,1,Hardware: Independent Flip,8740.5524,NA,17.11670000000000,17.37040000000000,1.71030000000000,6.35670000000000,6.5665,NA,8725.1245,17.1382,15.4279,1.7103,16.0475,5.7371,4.6021,1.1350,-0.6901,8725.1245,23.1149,NA
gamemd.exe,18720,0x43D4320,D3D9,0,0,1,Hardware: Independent Flip,8758.3814,NA,17.82900000000000,18.01910000000000,2.21150000000000,6.48950000000000,6.7566,NA,8742.2627,18.3302,16.1187,2.2115,17.5710,5.0372,4.2748,0.7624,-0.8809,8742.2627,25.1050,NA
gamemd.exe,18720,0x43D4320,D3D9,0,0,1,Hardware: Independent Flip,8774.5270,NA,16.14560000000000,16.59770000000000,2.34670000000000,6.96500000000000,7.2087,NA,8760.5929,16.2808,13.9341,2.3467,15.4244,5.4747,4.5181,0.9566,1.7325,8760.5929,33.7372,NA
gamemd.exe,18720,0x43D4320,D3D9,0,0,1,Hardware: Independent Flip,8790.6093,NA,16.08230000000000,15.61790000000000,3.72270000000000,6.55320000000000,6.7443,NA,8776.8737,17.4583,13.7356,3.7227,15.1979,5.0909,4.6489,0.4420,0.6629,8776.8737,NA,NA
gamemd.exe,18720,0x43D4320,D3D9,0,0,1,Hardware: Independent Flip,8807.3305,NA,16.72120000000000,16.87980000000000,3.62650000000000,6.65700000000000,6.9029,NA,8794.3320,16.6250,12.9985,3.6265,13.6480,6.0075,5.6452,0.3623,0.5785,8794.3320,NA,NA
gamemd.exe,18720,0x43D4320,D3D9,0,0,1,Hardware: Independent Flip,8823.9421,NA,16.61160000000000,16.03950000000000,3.39440000000000,6.13940000000000,6.3308,NA,8810.9570,16.3795,12.9851,3.3944,13.9939,5.1306,4.4463,0.6843,0.5855,8810.9570,NA,NA
gamemd.exe,18720,0x43D4320,D3D9,0,0,1,Hardware: Independent Flip,8841.4762,NA,17.53410000000000,17.40290000000000,1.73720000000000,5.97510000000000,6.1996,NA,8827.3365,15.8769,14.1397,1.7372,14.9293,5.1855,4.4150,0.7705,-1.0234,8827.3365,NA,NA
gamemd.exe,18720,0x43D4320,D3D9,0,0,1,Hardware: Independent Flip,8856.5408,NA,15.06460000000000,14.34870000000000,0.80490000000000,4.11800000000000,5.4837,NA,8843.2134,14.1323,13.3274,0.8049,13.7025,3.7429,3.6888,0.0541,1.5282,8843.2134,NA,NA
gamemd.exe,18720,0x43D4320,D3D9,0,0,1,Hardware: Independent Flip,8874.0225,NA,17.48170000000000,17.69160000000000,1.55280000000000,5.50840000000000,5.6936,NA,8857.3457,18.2296,16.6768,1.5528,17.5170,4.6682,4.5776,0.0906,-3.5593,8857.3457,NA,NA
gamemd.exe,18720,0x43D4320,D3D9,0,0,1,Hardware: Independent Flip,8890.4228,NA,16.40030000000000,15.92070000000000,2.03960000000000,5.07610000000000,5.2140,NA,8875.5753,16.8871,14.8475,2.0396,15.8227,4.1009,4.0250,0.0759,2.3089,8875.5753,NA,NA
gamemd.exe,18720,0x43D4320,D3D9,0,0,1,Hardware: Independent Flip,8907.2790,NA,16.85620000000000,16.85210000000000,1.73400000000000,5.04830000000000,5.2099,NA,8892.4624,16.5506,14.8166,1.7340,15.5856,4.2793,4.1255,0.1538,0.0350,8892.4624,NA,NA
gamemd.exe,18720,0x43D4320,D3D9,0,0,1,Hardware: Independent Flip,8924.1271,NA,16.84810000000000,17.05170000000000,2.39090000000000,5.25610000000000,5.4135,NA,8909.0130,17.5050,15.1141,2.3909,16.3094,4.0608,3.9505,0.1103,-0.5011,8909.0130,NA,NA
gamemd.exe,18720,0x43D4320,D3D9,0,0,1,Hardware: Independent Flip,8940.5514,NA,16.42430000000000,16.26080000000000,1.68960000000000,5.06110000000000,5.2500,NA,8926.5180,15.7230,14.0334,1.6896,14.8121,4.2824,4.1784,0.1040,1.2442,8926.5180,21.8084,21.8084
gamemd.exe,18720,0x43D4320,D3D9,0,0,1,Hardware: Independent Flip,8957.1984,NA,16.64700000000000,17.59450000000000,3.05930000000000,5.98030000000000,6.1975,NA,8942.2410,18.0167,14.9574,3.0593,15.9909,4.9468,4.6242,0.3226,-1.8715,8942.2410,NA,NA
gamemd.exe,18720,0x43D4320,D3D9,0,0,1,Hardware: Independent Flip,8973.4643,NA,16.26590000000000,15.28260000000000,1.31390000000000,4.59800000000000,5.2142,NA,8960.2577,14.5205,13.2066,1.3139,13.8311,3.9735,3.8673,0.1062,2.7341,8960.2577,NA,NA
gamemd.exe,18720,0x43D4320,D3D9,0,0,1,Hardware: Independent Flip,8990.4153,NA,16.95100000000000,17.21230000000000,1.88850000000000,5.30560000000000,5.4755,NA,8974.7782,17.5256,15.6371,1.8885,16.1440,4.7987,4.3839,0.4148,-2.6918,8974.7782,NA,NA
gamemd.exe,18720,0x43D4320,D3D9,0,0,1,Hardware: Independent Flip,9008.1986,NA,17.78330000000000,17.89870000000000,1.43420000000000,5.38400000000000,5.5909,NA,8992.3038,17.3290,15.8948,1.4342,16.4186,4.8602,4.1818,0.6784,-0.3731,8992.3038,NA,NA
gamemd.exe,18720,0x43D4320,D3D9,0,0,1,Hardware: Independent Flip,9024.2200,NA,16.02140000000000,15.35090000000000,1.39350000000000,4.77590000000000,4.9204,NA,9009.6328,15.9807,14.5872,1.3935,15.0796,4.2835,3.8711,0.4124,1.9781,9009.6328,NA,NA
gamemd.exe,18720,0x43D4320,D3D9,0,0,1,Hardware: Independent Flip,9040.9425,NA,16.72250000000000,17.75460000000000,1.40820000000000,5.68130000000000,5.9525,NA,9025.6135,16.7372,15.3290,1.4082,15.9379,5.0724,4.3850,0.6874,-1.7739,9025.6135,18.8892,26.8999
gamemd.exe,18720,0x43D4320,D3D9,0,0,1,Hardware: Independent Flip,9058.6789,NA,17.73640000000000,17.15090000000000,1.50670000000000,5.21350000000000,5.3670,NA,9042.3507,17.8349,16.3282,1.5067,17.1195,4.4222,3.8663,0.5559,-0.4137,9042.3507,NA,NA
gamemd.exe,18720,0x43D4320,D3D9,0,0,1,Hardware: Independent Flip,9074.4548,NA,15.77590000000000,15.61130000000000,1.37980000000000,4.91950000000000,5.2024,NA,9060.1856,15.6490,14.2692,1.3798,14.8424,4.3463,3.9562,0.3901,2.2236,9060.1856,NA,NA
gamemd.exe,18720,0x43D4320,D3D9,0,0,1,Hardware: Independent Flip,9091.1840,NA,16.72920000000000,16.24900000000000,1.52190000000000,4.60680000000000,4.7222,NA,9075.8346,16.8713,15.3494,1.5219,15.9395,4.0167,3.9396,0.0771,-0.6000,9075.8346,NA,NA
gamemd.exe,18720,0x43D4320,D3D9,0,0,1,Hardware: Independent Flip,9107.3068,NA,16.12280000000000,17.70800000000000,2.21930000000000,6.13720000000000,6.3074,NA,9092.7059,16.8202,14.6009,2.2193,16.0747,4.6634,4.0999,0.5635,-0.8367,9092.7059,NA,NA
gamemd.exe,18720,0x43D4320,D3D9,0,0,1,Hardware: Independent Flip,9123.8889,NA,16.58210000000000,15.23520000000000,2.17730000000000,4.83070000000000,4.9605,NA,9109.5261,16.5401,14.3628,2.1773,15.2319,3.9616,3.8904,0.0712,1.5850,9109.5261,NA,NA
gamemd.exe,18720,0x43D4320,D3D9,0,0,1,Hardware: Independent Flip,9140.6055,NA,16.71660000000000,18.08060000000000,2.29890000000000,6.07390000000000,6.3245,NA,9126.0662,16.8382,14.5393,2.2989,16.0970,4.5162,4.0466,0.4696,-1.5405,9126.0662,NA,NA
gamemd.exe,18720,0x43D4320,D3D9,0,0,1,Hardware: Independent Flip,9157.1978,NA,16.59230000000000,15.04750000000000,1.61780000000000,4.57550000000000,4.7797,NA,9142.9044,15.9112,14.2934,1.6178,14.8950,3.9739,3.9038,0.0701,1.7907,9142.9044,21.9224,NA
gamemd.exe,18720,0x43D4320,D3D9,0,0,1,Hardware: Independent Flip,9173.7758,NA,16.57800000000000,16.95750000000000,1.50760000000000,4.94320000000000,5.1592,NA,9158.8156,16.4678,14.9602,1.5076,15.7011,4.2023,4.1082,0.0941,-1.0463,9158.8156,22.7441,NA
gamemd.exe,18720,0x43D4320,D3D9,0,0,1,Hardware: Independent Flip,9191.7343,NA,17.95850000000000,18.62010000000000,1.87770000000000,5.62100000000000,5.8208,NA,9175.2834,18.3286,16.4509,1.8777,17.3950,4.6769,4.2025,0.4744,-2.1523,9175.2834,25.2642,NA
gamemd.exe,18720,0x43D4320,D3D9,0,0,1,Hardware: Independent Flip,9207.9970,NA,16.26270000000000,17.12140000000000,2.40040000000000,6.46580000000000,6.6795,NA,9193.6120,16.7854,14.3850,2.4004,15.9731,4.8777,4.1493,0.7284,1.2072,9193.6120,26.6177,NA
gamemd.exe,18720,0x43D4320,D3D9,0,0,1,Hardware: Independent Flip,9223.9392,NA,15.94220000000000,14.56210000000000,1.75130000000000,5.08880000000000,5.2994,NA,9210.3974,15.2931,13.5418,1.7513,14.1579,4.4727,4.3652,0.1075,2.2233,9210.3974,25.2372,NA
gamemd.exe,18720,0x43D4320,D3D9,0,0,1,Hardware: Independent Flip,9241.2629,NA,17.32370000000000,17.78240000000000,1.35580000000000,5.59280000000000,5.7581,NA,9225.6905,16.9282,15.5724,1.3558,16.2240,4.9412,4.5601,0.3811,-2.4893,9225.6905,26.9959,NA
gamemd.exe,18720,0x43D4320,D3D9,0,0,1,Hardware: Independent Flip,9257.0056,NA,15.74270000000000,14.99320000000000,1.31200000000000,4.86720000000000,5.0086,NA,9242.6187,15.6989,14.3869,1.3120,14.9589,4.2952,4.1962,0.0990,1.9350,9242.6187,25.9979,NA
gamemd.exe,18720,0x43D4320,D3D9,0,0,1,Hardware: Independent Flip,9274.4603,NA,17.45470000000000,18.00770000000000,1.56660000000000,5.33350000000000,5.5616,NA,9258.3176,17.7093,16.1427,1.5666,16.6952,4.7810,4.3016,0.4794,-2.3088,9258.3176,28.0185,NA
gamemd.exe,18720,0x43D4320,D3D9,0,0,1,Hardware: Independent Flip,9291.0818,NA,16.62150000000000,16.92880000000000,1.86780000000000,5.70160000000000,5.8689,NA,9276.0269,16.9227,15.0549,1.8678,15.6787,5.0778,4.4433,0.6345,0.7805,9276.0269,12.9461,NA
gamemd.exe,18720,0x43D4320,D3D9,0,0,1,Hardware: Independent Flip,9308.6595,NA,17.57770000000000,17.25870000000000,1.29990000000000,5.20030000000000,5.5499,NA,9292.9496,17.0098,15.7099,1.2999,16.2924,4.6178,4.0690,0.5488,-0.3360,9292.9496,NA,NA
gamemd.exe,18720,0x43D4320,D3D9,0,0,1,Hardware: Independent Flip,9324.7400,NA,16.08050000000000,16.69630000000000,2.30350000000000,5.97190000000000,6.1657,NA,9309.9594,17.0841,14.7806,2.3035,16.1961,4.5564,4.1447,0.4117,0.3135,9309.9594,14.9200,NA
gamemd.exe,18720,0x43D4320,D3D9,0,0,1,Hardware: Independent Flip,9341.2543,NA,16.51430000000000,15.69330000000000,1.28720000000000,5.10760000000000,5.3447,NA,9327.0435,15.4980,14.2108,1.2872,14.8633,4.4551,4.3033,0.1518,1.3908,9327.0435,6.3553,NA
gamemd.exe,18720,0x43D4320,D3D9,0,0,1,Hardware: Independent Flip,9357.0415,NA,15.78720000000000,15.77470000000000,1.92610000000000,5.07930000000000,5.3322,NA,9342.5415,16.4261,14.5000,1.9261,15.3124,4.2669,4.1402,0.1267,-0.2767,9342.5415,6.0874,NA
gamemd.exe,18720,0x43D4320,D3D9,0,0,1,Hardware: Independent Flip,9373.9051,NA,16.86360000000000,16.80470000000000,1.94350000000000,5.14340000000000,5.2733,NA,9358.9676,16.8810,14.9375,1.9435,15.6421,4.4388,4.3526,0.0862,-0.3786,9358.9676,15.2058,NA
gamemd.exe,18720,0x43D4320,D3D9,0,0,1,Hardware: Independent Flip,9390.4331,NA,16.52800000000000,16.48340000000000,1.80530000000000,5.07660000000000,5.2287,NA,9375.8486,16.3898,14.5845,1.8053,15.3388,4.3223,4.2352,0.0871,0.3976,9375.8486,15.6095,NA
gamemd.exe,18720,0x43D4320,D3D9,0,0,1,Hardware: Independent Flip,9407.4189,NA,16.98580000000000,17.27380000000000,1.97350000000000,5.35510000000000,5.5167,NA,9392.2384,17.1540,15.1805,1.9735,16.1440,4.3916,4.2415,0.1501,-0.8840,9392.2384,8.4353,NA
gamemd.exe,18720,0x43D4320,D3D9,0,0,1,Hardware: Independent Flip,9425.0377,NA,17.61880000000000,17.36130000000000,1.45130000000000,5.07080000000000,5.2592,NA,9409.3924,17.0966,15.6453,1.4513,16.2656,4.4505,4.0085,0.4420,-0.2073,9409.3924,18.2598,NA
gamemd.exe,18720,0x43D4320,D3D9,0,0,1,Hardware: Independent Flip,9441.0373,NA,15.99960000000000,16.08130000000000,1.58530000000000,5.17230000000000,5.3409,NA,9426.4890,16.1336,14.5483,1.5853,15.1026,4.6180,4.1592,0.4588,1.0153,9426.4890,18.3510,NA
gamemd.exe,18720,0x43D4320,D3D9,0,0,1,Hardware: Independent Flip,9457.7867,NA,16.74940000000000,16.64560000000000,1.49670000000000,5.12350000000000,5.2371,NA,9442.6226,16.6608,15.1641,1.4967,15.8105,4.4771,4.0844,0.3927,-0.5120,9442.6226,19.0190,NA
gamemd.exe,18720,0x43D4320,D3D9,0,0,1,Hardware: Independent Flip,9474.4151,NA,16.62840000000000,16.83770000000000,1.53000000000000,5.27720000000000,5.4464,NA,9459.2834,16.6617,15.1317,1.5300,15.9269,4.4820,4.3631,0.1189,-0.1769,9459.2834,19.8348,NA
gamemd.exe,18720,0x43D4320,D3D9,0,0,1,Hardware: Independent Flip,9491.0798,NA,16.66470000000000,16.76230000000000,1.64180000000000,5.33830000000000,5.5440,NA,9475.9451,16.7765,15.1347,1.6418,15.8365,4.6365,4.0824,0.5541,-0.1006,9475.9451,20.6301,NA
gamemd.exe,18720,0x43D4320,D3D9,0,0,1,Hardware: Independent Flip,9508.9775,NA,17.89770000000000,17.83740000000000,1.70100000000000,5.30120000000000,5.4837,NA,9492.7216,17.9569,16.2559,1.7010,17.1292,4.4279,3.9162,0.5117,-1.0609,9492.7216,22.4619,NA
gamemd.exe,18720,0x43D4320,D3D9,0,0,1,Hardware: Independent Flip,9524.0505,NA,15.07300000000000,14.74460000000000,1.85670000000000,5.02120000000000,5.1553,NA,9510.6785,15.2287,13.3720,1.8567,14.3770,4.0162,3.9181,0.0981,3.2123,9510.6785,21.1482,NA
gamemd.exe,18720,0x43D4320,D3D9,0,0,1,Hardware: Independent Flip,9540.4577,NA,16.40720000000000,16.06750000000000,1.76010000000000,4.64070000000000,4.8156,NA,9525.9072,16.3106,14.5505,1.7601,15.2769,3.9143,3.8527,0.0616,-0.8388,9525.9072,21.2665,NA
gamemd.exe,18720,0x43D4320,D3D9,0,0,1,Hardware: Independent Flip,9557.1966,NA,16.73890000000000,16.71600000000000,1.69660000000000,4.56070000000000,4.7927,NA,9542.2178,16.6754,14.9788,1.6966,15.6492,3.8903,3.8266,0.0637,-0.4054,9542.2178,30.0130,NA
gamemd.exe,18720,0x43D4320,D3D9,0,0,1,Hardware: Independent Flip,9573.7773,NA,16.58070000000000,17.09910000000000,1.88280000000000,5.09980000000000,5.3111,NA,9558.8932,16.7669,14.8841,1.8828,15.6372,4.3467,4.2683,0.0784,-0.4237,9558.8932,23.0690,NA
gamemd.exe,18720,0x43D4320,D3D9,0,0,1,Hardware: Independent Flip,9590.8225,NA,17.04520000000000,19.19480000000000,1.62580000000000,7.25240000000000,7.4607,NA,9575.6601,16.7882,15.1624,1.6258,16.0451,6.3697,6.2421,0.1276,-2.4279,9575.6601,34.2734,NA
gamemd.exe,18720,0x43D4320,D3D9,0,0,1,Hardware: Independent Flip,9608.0609,NA,17.23840000000000,16.87990000000000,1.51720000000000,6.90040000000000,7.1022,NA,9592.4483,17.1298,15.6126,1.5172,16.0942,6.4188,6.2984,0.1204,-0.0917,9592.4483,NA,NA
gamemd.exe,18720,0x43D4320,D3D9,0,0,1,Hardware: Independent Flip,9624.1700,NA,16.10910000000000,16.56700000000000,1.56690000000000,7.35060000000000,7.5601,NA,9609.5781,16.1588,14.5919,1.5669,15.2994,6.6431,6.5419,0.1012,0.5628,9609.5781,NA,NA
gamemd.exe,18720,0x43D4320,D3D9,0,0,1,Hardware: Independent Flip,9641.3264,NA,17.15640000000000,16.78310000000000,1.58380000000000,7.07070000000000,7.1868,NA,9625.7369,17.1733,15.5895,1.5838,16.2249,6.4353,6.3534,0.0819,-0.6243,9625.7369,36.4927,NA
gamemd.exe,18720,0x43D4320,D3D9,0,0,1,Hardware: Independent Flip,9657.0378,NA,15.71140000000000,15.61630000000000,1.52750000000000,6.96840000000000,7.0917,NA,9642.9102,15.6551,14.1276,1.5275,14.7574,6.3386,6.2563,0.0823,1.5570,9642.9102,NA,NA
gamemd.exe,18720,0x43D4320,D3D9,0,0,1,Hardware: Independent Flip,9673.7028,NA,16.66500000000000,16.57790000000000,1.62150000000000,6.88730000000000,7.0046,NA,9658.5653,16.7590,15.1375,1.6215,15.7504,6.2744,6.1942,0.0802,-0.9228,9658.5653,NA,NA
gamemd.exe,18720,0x43D4320,D3D9,0,0,1,Hardware: Independent Flip,9690.2989,NA,16.59610000000000,17.17530000000000,1.82890000000000,7.43200000000000,7.5838,NA,9675.3243,16.8035,14.9746,1.8289,15.9192,6.4874,6.3340,0.1534,-0.4163,9675.3243,NA,NA
gamemd.exe,18720,0x43D4320,D3D9,0,0,1,Hardware: Independent Flip,9708.1933,NA,17.89440000000000,17.59180000000000,1.55040000000000,7.15940000000000,7.2812,NA,9692.1278,17.6159,16.0655,1.5504,16.7510,6.4739,6.3840,0.0899,-0.7883,9692.1278,NA,NA
gamemd.exe,18720,0x43D4320,D3D9,0,0,1,Hardware: Independent Flip,9723.8670,NA,15.67370000000000,15.66340000000000,2.33480000000000,7.13740000000000,7.2709,NA,9709.7437,16.4581,14.1233,2.3348,14.9856,6.2751,6.2058,0.0693,1.9525,9709.7437,NA,NA
gamemd.exe,18720,0x43D4320,D3D9,0,0,1,Hardware: Independent Flip,9741.1595,NA,17.29250000000000,16.90720000000000,1.49730000000000,6.75920000000000,6.8856,NA,9726.2018,16.4550,14.9577,1.4973,15.3952,6.3217,6.1994,0.1223,-0.4491,9726.2018,NA,NA
gamemd.exe,18720,0x43D4320,D3D9,0,0,1,Hardware: Independent Flip,9757.2327,NA,16.07320000000000,16.27520000000000,1.90610000000000,6.95640000000000,7.0876,NA,9742.6568,16.4820,14.5759,1.9061,15.2794,6.2529,6.1972,0.0557,0.1798,9742.6568,NA,NA
gamemd.exe,18720,0x43D4320,D3D9,0,0,1,Hardware: Independent Flip,9773.6975,NA,16.46480000000000,16.54340000000000,1.69900000000000,7.04960000000000,7.1662,NA,9759.1388,16.2577,14.5587,1.6990,15.2216,6.3867,6.3209,0.0658,-0.0614,9759.1388,NA,NA
gamemd.exe,18720,0x43D4320,D3D9,0,0,1,Hardware: Independent Flip,9790.4057,NA,16.70820000000000,16.92580000000000,1.45640000000000,7.22430000000000,7.3838,NA,9775.3965,16.4656,15.0092,1.4564,15.7373,6.4962,6.3945,0.1017,-0.6681,9775.3965,NA,NA
gamemd.exe,18720,0x43D4320,D3D9,0,0,1,Hardware: Independent Flip,9807.9561,NA,17.55040000000000,17.32820000000000,1.58580000000000,7.02320000000000,7.1616,NA,9791.8621,17.6798,16.0940,1.5858,16.7069,6.4103,6.3111,0.0992,-0.8626,9791.8621,NA,NA
gamemd.exe,18720,0x43D4320,D3D9,0,0,1,Hardware: Independent Flip,9824.4033,NA,16.44720000000000,16.33080000000000,1.44280000000000,6.92970000000000,7.0452,NA,9809.5419,16.3042,14.8614,1.4428,15.4289,6.3622,6.2876,0.0746,1.3490,9809.5419,19.4250,NA
gamemd.exe,18720,0x43D4320,D3D9,0,0,1,Hardware: Independent Flip,9840.4744,NA,16.07110000000000,16.34200000000000,1.52720000000000,7.20400000000000,7.3161,NA,9825.8461,16.1555,14.6283,1.5272,15.3929,6.4394,6.3437,0.0957,-0.0378,9825.8461,19.7759,NA
gamemd.exe,18720,0x43D4320,D3D9,0,0,1,Hardware: Independent Flip,9857.4324,NA,16.95800000000000,16.79350000000000,1.41460000000000,7.01950000000000,7.1516,NA,9842.0016,16.8454,15.4308,1.4146,16.0725,6.3778,6.3085,0.0693,-0.6380,9842.0016,20.5874,NA
gamemd.exe,18720,0x43D4320,D3D9,0,0,1,Hardware: Independent Flip,9873.9704,NA,16.53800000000000,16.69400000000000,2.53650000000000,7.18440000000000,7.3076,NA,9858.8470,17.6599,15.1234,2.5365,15.8968,6.4110,6.3287,0.0823,0.1514,9858.8470,21.1969,NA
gamemd.exe,18720,0x43D4320,D3D9,0,0,1,Hardware: Independent Flip,9890.9775,NA,17.00710000000000,16.96700000000000,1.41010000000000,7.11830000000000,7.2675,NA,9876.5069,15.8807,14.4706,1.4101,15.0361,6.5528,6.4297,0.1231,0.6929,9876.5069,22.2355,NA
gamemd.exe,18720,0x43D4320,D3D9,0,0,1,Hardware: Independent Flip,9906.9860,NA,16.00850000000000,16.86040000000000,2.27390000000000,7.96770000000000,8.1194,NA,9892.3876,16.8723,14.5984,2.2739,16.1071,6.4590,6.3657,0.0933,-0.9797,9892.3876,23.0764,NA
gamemd.exe,18720,0x43D4320,D3D9,0,0,1,Hardware: Independent Flip,9924.6846,NA,17.69860000000000,16.54130000000000,1.11030000000000,6.82150000000000,6.9621,NA,9909.2599,16.5350,15.4247,1.1103,15.8332,6.4130,6.2947,0.1183,0.3310,9909.2599,23.5867,NA
gamemd.exe,18720,0x43D4320,D3D9,0,0,1,Hardware: Independent Flip,9940.6282,NA,15.94360000000000,16.01850000000000,1.29340000000000,6.91440000000000,7.0370,NA,9925.7949,16.1267,14.8333,1.2934,15.3753,6.3724,6.2644,0.1080,0.5165,9925.7949,23.4661,NA
gamemd.exe,18720,0x43D4320,D3D9,0,0,1,Hardware: Independent Flip,9957.0058,NA,16.37760000000000,16.62670000000000,1.42960000000000,7.08290000000000,7.2861,NA,9941.9216,16.5138,15.0842,1.4296,15.7797,6.3874,6.2603,0.1271,-0.5000,9941.9216,24.2806,NA
gamemd.exe,18720,0x43D4320,D3D9,0,0,1,Hardware: Independent Flip,9974.2628,NA,17.25700000000000,17.11190000000000,1.48220000000000,7.01670000000000,7.1410,NA,9958.4354,17.3096,15.8274,1.4822,16.4135,6.4306,6.3526,0.0780,-0.5981,9958.4354,NA,NA
gamemd.exe,18720,0x43D4320,D3D9,0,0,1,Hardware: Independent Flip,9991.1667,NA,16.90390000000000,17.42160000000000,1.54820000000000,7.45130000000000,7.6587,NA,9975.7450,16.9699,15.4217,1.5482,16.1608,6.7122,6.5388,0.1734,-0.1120,9975.7450,NA,NA
gamemd.exe,18720,0x43D4320,D3D9,0,0,1,Hardware: Independent Flip,10007.3121,NA,16.14540000000000,16.33890000000000,1.90200000000000,7.67340000000000,7.8522,NA,9992.7149,16.4992,14.5972,1.9020,15.7919,6.4787,6.4070,0.0717,0.6310,9992.7149,NA,NA
gamemd.exe,18720,0x43D4320,D3D9,0,0,1,Hardware: Independent Flip,10023.7604,NA,16.44830000000000,15.89550000000000,1.70910000000000,7.15220000000000,7.2994,NA,10009.2141,16.2554,14.5463,1.7091,15.2170,6.4815,6.4136,0.0679,0.6037,10009.2141,NA,NA
gamemd.exe,18720,0x43D4320,D3D9,0,0,1,Hardware: Independent Flip,10040.4213,NA,16.66090000000000,16.41120000000000,1.54990000000000,6.91270000000000,7.0497,NA,10025.4695,16.5017,14.9518,1.5499,15.5554,6.3091,6.2438,0.0653,-0.1558,10025.4695,27.4111,NA
gamemd.exe,18720,0x43D4320,D3D9,0,0,1,Hardware: Independent Flip,10057.1231,NA,16.70180000000000,16.75300000000000,1.68820000000000,6.98800000000000,7.1009,NA,10041.9712,16.8401,15.1519,1.6882,15.8364,6.3035,6.2475,0.0560,-0.2513,10041.9712,28.1906,NA
gamemd.exe,18720,0x43D4320,D3D9,0,0,1,Hardware: Independent Flip,10073.8049,NA,16.68180000000000,16.74940000000000,1.78360000000000,7.00700000000000,7.1685,NA,10058.8113,16.7772,14.9936,1.7836,15.6883,6.3123,6.2207,0.0916,0.0907,10058.8113,28.9827,NA
gamemd.exe,18720,0x43D4320,D3D9,0,0,1,Hardware: Independent Flip,10090.6436,NA,16.83870000000000,16.89610000000000,1.44040000000000,7.10740000000000,7.2259,NA,10075.5885,16.4955,15.0551,1.4404,15.7008,6.4617,6.3664,0.0953,-0.1189,10075.5885,29.8796,NA
gamemd.exe,18720,0x43D4320,D3D9,0,0,1,Hardware: Independent Flip,10107.3443,NA,16.70070000000000,16.79060000000000,2.40700000000000,7.19850000000000,7.3158,NA,10092.0840,17.6673,15.2603,2.4070,16.1096,6.3492,6.2715,0.0777,-0.2951,10092.0840,14.6692,NA
gamemd.exe,18720,0x43D4320,D3D9,0,0,1,Hardware: Independent Flip,10124.0267,NA,16.68240000000000,17.12510000000000,2.66120000000000,7.64910000000000,7.7585,NA,10109.7513,16.9366,14.2754,2.6612,15.5159,6.4086,6.3413,0.0673,0.5422,10109.7513,15.8134,NA
gamemd.exe,18720,0x43D4320,D3D9,0,0,1,Hardware: Independent Flip,10140.7000,NA,16.67330000000000,16.35630000000000,2.49420000000000,7.29810000000000,7.4415,NA,10126.6879,16.5063,14.0121,2.4942,14.9020,6.4082,6.3500,0.0582,0.5803,10126.6879,8.1398,NA
gamemd.exe,18720,0x43D4320,D3D9,0,0,1,Hardware: Independent Flip,10157.0896,NA,16.38960000000000,16.34720000000000,2.15360000000000,7.25940000000000,7.3991,NA,10143.1942,16.0490,13.8954,2.1536,14.7262,6.4286,6.3580,0.0706,0.1591,10143.1942,8.4129,NA
gamemd.exe,18720,0x43D4320,D3D9,0,0,1,Hardware: Independent Flip,10173.5916,NA,16.50200000000000,16.28770000000000,1.32960000000000,7.02950000000000,7.1848,NA,10159.2432,15.6780,14.3484,1.3296,14.9446,6.4333,6.3154,0.1179,-0.2387,10159.2432,16.7707,NA
gamemd.exe,18720,0x43D4320,D3D9,0,0,1,Hardware: Independent Flip,10190.1607,NA,16.56910000000000,17.33830000000000,2.42820000000000,7.83770000000000,7.9540,NA,10174.9212,17.6677,15.2395,2.4282,16.5923,6.4849,6.3821,0.1028,-1.6603,10174.9212,18.0707,NA
gamemd.exe,18720,0x43D4320,D3D9,0,0,1,Hardware: Independent Flip,10207.5531,NA,17.39240000000000,16.83180000000000,1.32150000000000,7.24840000000000,7.3934,NA,10192.5889,16.2857,14.9642,1.3215,15.6799,6.5327,6.3687,0.1640,0.8359,10192.5889,18.9465,NA
gamemd.exe,18720,0x43D4320,D3D9,0,0,1,Hardware: Independent Flip,10224.3862,NA,16.83310000000000,16.62730000000000,1.34610000000000,7.07170000000000,7.1876,NA,10208.8746,16.8577,15.5116,1.3461,16.2506,6.3327,6.2583,0.0744,-0.3416,10208.8746,19.5374,NA
gamemd.exe,18720,0x43D4320,D3D9,0,0,1,Hardware: Independent Flip,10240.7125,NA,16.32630000000000,16.52950000000000,1.31430000000000,7.26400000000000,7.3908,NA,10225.7323,16.2945,14.9802,1.3143,15.6110,6.6332,6.5696,0.0636,0.3282,10225.7323,20.0378,28.0281
gamemd.exe,18720,0x43D4320,D3D9,0,0,1,Hardware: Independent Flip,10257.6376,NA,16.92510000000000,16.89020000000000,1.33940000000000,7.18990000000000,7.3559,NA,10242.0268,16.9502,15.6108,1.3394,16.1303,6.6704,6.5633,0.1071,-0.5957,10242.0268,NA,NA
gamemd.exe,18720,0x43D4320,D3D9,0,0,1,Hardware: Independent Flip,10274.5121,NA,16.87450000000000,16.84250000000000,1.47890000000000,7.19970000000000,7.3239,NA,10258.9770,17.0140,15.5351,1.4789,16.3696,6.3652,6.2941,0.0711,0.1077,10258.9770,NA,NA
gamemd.exe,18720,0x43D4320,D3D9,0,0,1,Hardware: Independent Flip,10290.9612,NA,16.44910000000000,16.38660000000000,1.35880000000000,7.12640000000000,7.2614,NA,10275.9910,16.3290,14.9702,1.3588,15.5211,6.5755,6.5069,0.0686,0.6274,10275.9910,NA,NA
gamemd.exe,18720,0x43D4320,D3D9,0,0,1,Hardware: Independent Flip,10307.0010,NA,16.03980000000000,15.70210000000000,1.30940000000000,6.78280000000000,6.9237,NA,10292.3200,15.9904,14.6810,1.3094,15.1586,6.3052,6.2369,0.0683,0.6269,10292.3200,NA,NA
gamemd.exe,18720,0x43D4320,D3D9,0,0,1,Hardware: Independent Flip,10323.9062,NA,16.90520000000000,17.14190000000000,1.68320000000000,7.02120000000000,7.1604,NA,10308.3104,17.2790,15.5958,1.6832,16.3548,6.2622,6.1605,0.1017,-1.1515,10308.3104,31.0724,31.0724
gamemd.exe,18720,0x43D4320,D3D9,0,0,1,Hardware: Independent Flip,10340.0510,NA,16.14480000000000,15.93240000000000,1.34070000000000,6.78860000000000,6.9480,NA,10325.5894,15.8023,14.4616,1.3407,14.9754,6.2748,6.1992,0.0756,1.3466,10325.5894,NA,NA
gamemd.exe,18720,0x43D4320,D3D9,0,0,1,Hardware: Independent Flip,10357.0447,NA,16.99370000000000,17.36390000000000,1.88310000000000,7.18050000000000,7.3182,NA,10341.3917,17.5361,15.6530,1.8831,16.4462,6.3873,6.2791,0.1082,-1.5616,10341.3917,NA,NA
gamemd.exe,18720,0x43D4320,D3D9,0,0,1,Hardware: Independent Flip,10373.8413,NA,16.79660000000000,16.85710000000000,2.02610000000000,7.19430000000000,7.3787,NA,10358.9278,16.9396,14.9135,2.0261,15.8335,6.2743,6.1954,0.0789,0.6790,10358.9278,NA,NA
gamemd.exe,18720,0x43D4320,D3D9,0,0,1,Hardware: Independent Flip,10390.6746,NA,16.83330000000000,16.53440000000000,1.31900000000000,6.96780000000000,7.0798,NA,10375.8674,16.1262,14.8072,1.3190,15.3485,6.4265,6.3142,0.1123,0.4052,10375.8674,NA,NA
gamemd.exe,18720,0x43D4320,D3D9,0,0,1,Hardware: Independent Flip,10407.2128,NA,16.53820000000000,16.61790000000000,1.61150000000000,7.04100000000000,7.1595,NA,10391.9936,16.8307,15.2192,1.6115,15.8870,6.3732,6.3087,0.0645,-0.4917,10391.9936,NA,NA
gamemd.exe,18720,0x43D4320,D3D9,0,0,1,Hardware: Independent Flip,10423.4976,NA,16.28480000000000,16.22210000000000,1.35940000000000,6.97800000000000,7.0968,NA,10408.8243,16.0327,14.6733,1.3594,15.3479,6.3034,6.2248,0.0786,0.6086,10408.8243,NA,NA
gamemd.exe,18720,0x43D4320,D3D9,0,0,1,Hardware: Independent Flip,10440.4262,NA,16.92860000000000,16.86710000000000,1.28730000000000,6.92570000000000,7.0353,NA,10424.8570,16.8565,15.5692,1.2873,16.1123,6.3826,6.3041,0.0785,-0.8344,10424.8570,NA,NA
gamemd.exe,18720,0x43D4320,D3D9,0,0,1,Hardware: Independent Flip,10457.2806,NA,16.85440000000000,16.97010000000000,1.20230000000000,7.02010000000000,7.1510,NA,10441.7135,16.7694,15.5671,1.2023,16.1583,6.4289,6.3571,0.0718,-0.1136,10441.7135,NA,NA
gamemd.exe,18720,0x43D4320,D3D9,0,0,1,Hardware: Independent Flip,10474.2847,NA,17.00410000000000,17.20950000000000,1.68730000000000,7.20170000000000,7.3564,NA,10458.4829,17.4891,15.8018,1.6873,16.6265,6.3770,6.2804,0.0966,-0.4401,10458.4829,NA,NA
gamemd.exe,18720,0x43D4320,D3D9,0,0,1,Hardware: Independent Flip,10491.1045,NA,16.81980000000000,16.66910000000000,1.44290000000000,7.06160000000000,7.2057,NA,10475.9720,16.5754,15.1325,1.4429,15.7037,6.4904,6.4070,0.0834,0.8200,10475.9720,14.3306,NA
gamemd.exe,18720,0x43D4320,D3D9,0,0,1,Hardware: Independent Flip,10507.1010,NA,15.99650000000000,16.43190000000000,2.16260000000000,7.52850000000000,7.6411,NA,10492.5474,16.7162,14.5536,2.1626,15.6744,6.4077,6.3566,0.0511,0.1435,10492.5474,14.7269,NA
gamemd.exe,18720,0x43D4320,D3D9,0,0,1,Hardware: Independent Flip,10523.4632,NA,16.36220000000000,16.32150000000000,2.60180000000000,7.46270000000000,7.6004,NA,10509.2636,16.8014,14.1996,2.6018,15.3438,6.3185,6.2646,0.0539,0.3947,10509.2636,15.0909,NA
gamemd.exe,18720,0x43D4320,D3D9,0,0,1,Hardware: Independent Flip,10540.3950,NA,16.93180000000000,16.50030000000000,1.84960000000000,7.05470000000000,7.1689,NA,10526.0650,16.1796,14.3300,1.8496,15.0981,6.2866,6.2248,0.0618,0.3011,10526.0650,15.5441,NA
gamemd.exe,18720,0x43D4320,D3D9,0,0,1,Hardware: Independent Flip,10557.3119,NA,16.91690000000000,16.81580000000000,1.73330000000000,6.91940000000000,7.0678,NA,10542.2446,16.8006,15.0673,1.7333,15.6970,6.2897,6.2227,0.0670,-0.6362,10542.2446,8.1784,NA
gamemd.exe,18720,0x43D4320,D3D9,0,0,1,Hardware: Independent Flip,10573.8408,NA,16.52890000000000,16.98360000000000,1.71980000000000,7.33690000000000,7.5225,NA,10559.0452,16.5154,14.7956,1.7198,15.4541,6.6784,6.5599,0.1185,-0.1830,10559.0452,17.2421,NA
gamemd.exe,18720,0x43D4320,D3D9,0,0,1,Hardware: Independent Flip,10591.4400,NA,17.59920000000000,17.41630000000000,1.65040000000000,7.21320000000000,7.3396,NA,10575.5606,17.5298,15.8794,1.6504,16.8182,6.2744,6.1942,0.0802,-0.9009,10575.5606,18.7754,NA
gamemd.exe,18720,0x43D4320,D3D9,0,0,1,Hardware: Independent Flip,10607.1550,NA,15.71500000000000,16.16110000000000,2.28990000000000,7.58850000000000,7.7857,NA,10593.0904,16.3545,14.0646,2.2899,15.1795,6.4736,6.4061,0.0675,1.3687,10593.0904,10.6489,NA
gamemd.exe,18720,0x43D4320,D3D9,0,0,1,Hardware: Independent Flip,10623.8175,NA,16.66250000000000,16.26810000000000,1.55380000000000,7.26590000000000,7.3913,NA,10609.4449,15.9264,14.3726,1.5538,15.0510,6.5875,6.4818,0.1057,0.0864,10609.4449,16.2483,NA
gamemd.exe,18720,0x43D4320,D3D9,0,0,1,Hardware: Independent Flip,10640.9229,NA,17.10540000000000,17.02700000000000,1.35220000000000,7.19300000000000,7.3129,NA,10625.3713,16.9038,15.5516,1.3522,16.2031,6.5415,6.4137,0.1278,-1.1006,10625.3713,NA,NA
gamemd.exe,18720,0x43D4320,D3D9,0,0,1,Hardware: Independent Flip,10657.8533,NA,16.93040000000000,16.83640000000000,1.45340000000000,7.03270000000000,7.2189,NA,10642.2751,17.0316,15.5782,1.4534,16.2712,6.3397,6.2631,0.0766,0.0674,10642.2751,21.0692,NA
gamemd.exe,18720,0x43D4320,D3D9,0,0,1,Hardware: Independent Flip,10674.3650,NA,16.51170000000000,16.65620000000000,1.48360000000000,7.16050000000000,7.3634,NA,10659.3067,16.5419,15.0583,1.4836,15.7001,6.5187,6.4109,0.1078,0.3754,10659.3067,21.7022,NA
gamemd.exe,18720,0x43D4320,D3D9,0,0,1,Hardware: Independent Flip,10691.9325,NA,17.56750000000000,18.77710000000000,1.50120000000000,7.21080000000000,8.5730,NA,10675.8486,17.5851,16.0839,1.5012,16.8392,6.4555,6.3359,0.1196,-2.2352,10675.8486,24.5090,NA
gamemd.exe,18720,0x43D4320,D3D9,0,0,1,Hardware: Independent Flip,10707.9802,NA,16.04770000000000,15.20730000000000,1.61280000000000,7.50570000000000,7.7326,NA,10693.4337,16.1593,14.5465,1.6128,15.4647,6.5875,6.4591,0.1284,2.3778,10693.4337,23.6643,NA
gamemd.exe,18720,0x43D4320,D3D9,0,0,1,Hardware: Independent Flip,10724.4167,NA,16.43650000000000,15.93410000000000,1.68990000000000,7.07740000000000,7.2302,NA,10709.5930,16.5136,14.8237,1.6899,15.5389,6.3622,6.2978,0.0644,0.2252,10709.5930,23.5967,NA
gamemd.exe,18720,0x43D4320,D3D9,0,0,1,Hardware: Independent Flip,10740.2430,NA,15.82630000000000,15.91230000000000,1.64550000000000,7.17230000000000,7.3162,NA,10726.1066,15.7819,14.1364,1.6455,14.9763,6.3324,6.2802,0.0522,0.6013,10726.1066,23.4458,NA
gamemd.exe,18720,0x43D4320,D3D9,0,0,1,Hardware: Independent Flip,10757.0783,NA,16.83530000000000,16.69370000000000,1.48620000000000,6.99000000000000,7.1746,NA,10741.8885,16.6760,15.1898,1.4862,15.8406,6.3392,6.2758,0.0634,-0.9118,10741.8885,24.1782,NA
gamemd.exe,18720,0x43D4320,D3D9,0,0,1,Hardware: Independent Flip,10774.2560,NA,17.17770000000000,17.52440000000000,1.83020000000000,7.36910000000000,7.5213,NA,10758.5645,17.5217,15.6915,1.8302,16.3854,6.6752,6.5924,0.0828,-0.8484,10758.5645,25.7123,NA
gamemd.exe,18720,0x43D4320,D3D9,0,0,1,Hardware: Independent Flip,10790.2830,NA,16.02700000000000,15.56700000000000,1.20120000000000,6.94230000000000,7.0613,NA,10776.0862,15.3980,14.1968,1.2012,14.7337,6.4054,6.3297,0.0757,1.9547,10776.0862,25.0996,NA
gamemd.exe,18720,0x43D4320,D3D9,0,0,1,Hardware: Independent Flip,10807.0832,NA,16.80020000000000,16.93140000000000,1.84260000000000,7.07080000000000,7.1925,NA,10791.4842,17.4416,15.5990,1.8426,16.3445,6.3253,6.2495,0.0758,-1.5334,10791.4842,26.2203,NA
gamemd.exe,18720,0x43D4320,D3D9,0,0,1,Hardware: Independent Flip,10823.3065,NA,16.22330000000000,15.95860000000000,2.02250000000000,6.80840000000000,6.9278,NA,10808.9258,16.4032,14.3807,2.0225,14.9128,6.2763,6.2084,0.0679,1.4830,10808.9258,34.2221,NA
gamemd.exe,18720,0x43D4320,D3D9,0,0,1,Hardware: Independent Flip,10840.0409,NA,16.73440000000000,17.05960000000000,1.45760000000000,7.13660000000000,7.2530,NA,10825.3290,16.1695,14.7119,1.4576,15.4803,6.3682,6.2922,0.0760,-0.6564,10825.3290,35.2866,NA
gamemd.exe,18720,0x43D4320,D3D9,0,0,1,Hardware: Independent Flip,10856.9574,NA,16.91650000000000,16.80900000000000,1.64730000000000,7.02570000000000,7.1455,NA,10841.4985,17.1062,15.4589,1.6473,16.0540,6.4306,6.3369,0.0937,-0.6395,10841.4985,28.0490,NA
gamemd.exe,18720,0x43D4320,D3D9,0,0,1,Hardware: Independent Flip,10873.6587,NA,16.70130000000000,16.91950000000000,2.50120000000000,7.21660000000000,7.3637,NA,10858.6047,17.5552,15.0540,2.5012,15.9299,6.3407,6.2632,0.0775,0.1867,10858.6047,28.9996,NA
gamemd.exe,18720,0x43D4320,D3D9,0,0,1,Hardware: Independent Flip,10891.3252,NA,17.66650000000000,17.58710000000000,1.59650000000000,7.17270000000000,7.2843,NA,10876.1599,16.7618,15.1653,1.5965,15.7648,6.5732,6.4706,0.1026,-0.0319,10876.1599,30.6248,NA
gamemd.exe,18720,0x43D4320,D3D9,0,0,1,Hardware: Independent Flip,10907.0723,NA,15.74710000000000,15.89630000000000,1.65500000000000,7.31670000000000,7.4335,NA,10892.9217,15.8056,14.1506,1.6550,14.9179,6.5494,6.4708,0.0786,0.8655,10892.9217,NA,NA
gamemd.exe,18720,0x43D4320,D3D9,0,0,1,Hardware: Independent Flip,10923.7245,NA,16.65220000000000,16.58070000000000,1.78860000000000,7.25140000000000,7.3620,NA,10908.7273,16.7858,14.9972,1.7886,15.8846,6.3640,6.3019,0.0621,-0.7751,10908.7273,NA,NA
gamemd.exe,18720,0x43D4320,D3D9,0,0,1,Hardware: Independent Flip,10940.5875,NA,16.86300000000000,16.66540000000000,1.59460000000000,7.05070000000000,7.1644,NA,10925.5131,16.6690,15.0744,1.5946,15.7415,6.3836,6.3264,0.0572,0.1204,10925.5131,NA,NA
gamemd.exe,18720,0x43D4320,D3D9,0,0,1,Hardware: Independent Flip,10957.1335,NA,16.54600000000000,16.37350000000000,1.54030000000000,6.86410000000000,6.9919,NA,10942.1821,16.4917,14.9514,1.5403,15.5221,6.2934,6.2228,0.0706,0.2955,10942.1821,NA,NA
gamemd.exe,18720,0x43D4320,D3D9,0,0,1,Hardware: Independent Flip,10974.1669,NA,17.03340000000000,17.55570000000000,1.50090000000000,7.33000000000000,7.5142,NA,10958.6738,16.9940,15.4931,1.5009,16.2069,6.6162,6.4845,0.1317,-1.0640,10958.6738,NA,NA
gamemd.exe,18720,0x43D4320,D3D9,0,0,1,Hardware: Independent Flip,10991.6861,NA,17.51920000000000,17.23050000000000,1.52630000000000,7.11400000000000,7.2255,NA,10975.6678,17.5446,16.0183,1.5263,16.8112,6.3211,6.2530,0.0681,-0.2365,10975.6678,NA,NA
gamemd.exe,18720,0x43D4320,D3D9,0,0,1,Hardware: Independent Flip,11007.3935,NA,15.70740000000000,15.69870000000000,1.79630000000000,7.10280000000000,7.2168,NA,10993.2124,15.9774,14.1811,1.7963,14.9555,6.3284,6.2707,0.0577,1.8459,10993.2124,NA,NA
gamemd.exe,18720,0x43D4320,D3D9,0,0,1,Hardware: Independent Flip,11023.9680,NA,16.57450000000000,16.69220000000000,2.32360000000000,7.19940000000000,7.3345,NA,11009.1898,17.1018,14.7782,2.3236,15.6847,6.2929,6.2366,0.0563,-0.7148,11009.1898,26.6203,26.6203
gamemd.exe,18720,0x43D4320,D3D9,0,0,1,Hardware: Independent Flip,11040.3235,NA,16.35550000000000,16.16290000000000,1.21880000000000,7.00160000000000,7.1419,NA,11026.2916,15.2507,14.0319,1.2188,14.5897,6.4438,6.3768,0.0670,0.9389,11026.2916,NA,NA
gamemd.exe,18720,0x43D4320,D3D9,0,0,1,Hardware: Independent Flip,11057.8617,NA,17.53820000000000,17.60040000000000,1.45970000000000,7.06500000000000,7.2041,NA,11041.5423,17.7791,16.3194,1.4597,17.0574,6.3270,6.2307,0.0963,-2.3497,11041.5423,NA,NA
gamemd.exe,18720,0x43D4320,D3D9,0,0,1,Hardware: Independent Flip,11073.9986,NA,16.13690000000000,16.57760000000000,1.63930000000000,7.44970000000000,7.6448,NA,11059.3214,16.3165,14.6772,1.6393,15.5297,6.5972,6.5052,0.0920,1.2015,11059.3214,NA,NA
gamemd.exe,18720,0x43D4320,D3D9,0,0,1,Hardware: Independent Flip,11091.9647,NA,17.96610000000000,18.81730000000000,1.39120000000000,7.11270000000000,8.4960,NA,11075.6379,17.7180,16.3268,1.3912,16.8561,6.5834,6.4583,0.1251,-2.5008,11075.6379,NA,NA
gamemd.exe,18720,0x43D4320,D3D9,0,0,1,Hardware: Independent Flip,11107.3859,NA,15.42120000000000,14.24410000000000,1.72670000000000,7.17910000000000,7.3189,NA,11093.3559,15.7567,14.0300,1.7267,14.6405,6.5686,6.4576,0.1110,3.4739,11093.3559,NA,NA
gamemd.exe,18720,0x43D4320,D3D9,0,0,1,Hardware: Independent Flip,11123.9708,NA,16.58490000000000,16.57760000000000,1.88370000000000,7.17330000000000,7.3116,NA,11109.1126,16.7419,14.8582,1.8837,15.6504,6.3811,6.3098,0.0713,-0.8209,11109.1126,23.2567,23.2567
gamemd.exe,18720,0x43D4320,D3D9,0,0,1,Hardware: Independent Flip,11140.6238,NA,16.65300000000000,16.54280000000000,1.55660000000000,7.05980000000000,7.2014,NA,11125.8545,16.3259,14.7693,1.5566,15.3944,6.4347,6.3312,0.1035,0.1991,11125.8545,NA,NA
gamemd.exe,18720,0x43D4320,D3D9,0,0,1,Hardware: Independent Flip,11156.9183,NA,16.29450000000000,16.29210000000000,1.59040000000000,7.05490000000000,7.1990,NA,11142.1804,16.3283,14.7379,1.5904,15.5148,6.2780,6.1696,0.1084,0.0338,11142.1804,NA,NA
gamemd.exe,18720,0x43D4320,D3D9,0,0,1,Hardware: Independent Flip,11173.6218,NA,16.70350000000000,17.18780000000000,1.83150000000000,7.40930000000000,7.6833,NA,11158.5087,16.9446,15.1131,1.8315,15.9183,6.6041,6.4774,0.1267,-0.8595,11158.5087,NA,NA
gamemd.exe,18720,0x43D4320,D3D9,0,0,1,Hardware: Independent Flip,11190.7639,NA,17.14210000000000,16.74720000000000,1.20200000000000,7.09190000000000,7.2884,NA,11175.4533,16.5126,15.3106,1.2020,15.8387,6.5638,6.3732,0.1906,0.1974,11175.4533,NA,NA
gamemd.exe,18720,0x43D4320,D3D9,0,0,1,Hardware: Independent Flip,11207.1313,NA,16.36740000000000,16.29090000000000,1.33800000000000,7.07850000000000,7.2119,NA,11191.9659,16.5034,15.1654,1.3380,15.7404,6.5035,6.3664,0.1371,0.2217,11191.9659,34.3425,34.3425
gamemd.exe,18720,0x43D4320,D3D9,0,0,1,Hardware: Independent Flip,11223.8360,NA,16.70470000000000,16.61240000000000,1.68950000000000,6.89070000000000,7.1196,NA,11208.4693,17.0562,15.3667,1.6895,15.9465,6.3109,6.2169,0.0940,-0.1090,11208.4693,NA,NA
gamemd.exe,18720,0x43D4320,D3D9,0,0,1,Hardware: Independent Flip,11240.4714,NA,16.63540000000000,16.65800000000000,1.28940000000000,6.98240000000000,7.1422,NA,11225.5255,16.2353,14.9459,1.2894,15.6349,6.2934,6.2341,0.0593,0.3982,11225.5255,NA,NA
gamemd.exe,18720,0x43D4320,D3D9,0,0,1,Hardware: Independent Flip,11256.9845,NA,16.51310000000000,16.34140000000000,1.26730000000000,6.86060000000000,6.9705,NA,11241.7608,16.4910,15.2237,1.2673,15.8413,6.2430,6.1879,0.0551,-0.1061,11241.7608,NA,NA
gamemd.exe,18720,0x43D4320,D3D9,0,0,1,Hardware: Independent Flip,11273.4912,NA,16.50670000000000,16.86160000000000,2.07400000000000,7.19360000000000,7.3254,NA,11258.2518,17.3134,15.2394,2.0740,16.0924,6.3406,6.2695,0.0711,-0.3706,11258.2518,36.8414,36.8414
gamemd.exe,18720,0x43D4320,D3D9,0,0,1,Hardware: Independent Flip,11290.8683,NA,17.37710000000000,17.38070000000000,2.01050000000000,7.18590000000000,7.3290,NA,11275.5652,17.3136,15.3031,2.0105,16.1001,6.3889,6.2966,0.0923,-0.0673,11275.5652,NA,NA
gamemd.exe,18720,0x43D4320,D3D9,0,0,1,Hardware: Independent Flip,11307.0436,NA,16.17530000000000,16.37290000000000,2.21860000000000,7.42020000000000,7.5266,NA,11292.8788,16.3834,14.1648,2.2186,15.2676,6.3174,6.2583,0.0591,0.9407,11292.8788,14.5771,NA
gamemd.exe,18720,0x43D4320,D3D9,0,0,1,Hardware: Independent Flip,11323.6475,NA,16.60390000000000,16.30610000000000,2.16940000000000,7.11050000000000,7.2288,NA,11309.2622,16.5547,14.3853,2.1694,15.1453,6.3505,6.2821,0.0684,0.0773,11309.2622,14.9000,NA
gamemd.exe,18720,0x43D4320,D3D9,0,0,1,Hardware: Independent Flip,11340.2237,NA,16.57620000000000,16.93900000000000,2.09940000000000,7.47640000000000,7.5916,NA,11325.8169,16.5062,14.4068,2.0994,15.5298,6.3534,6.2883,0.0651,-0.3843,11325.8169,15.7832,NA
gamemd.exe,18720,0x43D4320,D3D9,0,0,1,Hardware: Independent Flip,11357.2495,NA,17.02580000000000,16.69500000000000,1.68060000000000,7.08580000000000,7.2608,NA,11342.3231,16.6070,14.9264,1.6806,15.7133,6.2989,6.2072,0.0917,-0.1888,11342.3231,16.5435,NA
gamemd.exe,18720,0x43D4320,D3D9,0,0,1,Hardware: Independent Flip,11374.5153,NA,17.26580000000000,17.24490000000000,1.42950000000000,7.12750000000000,7.2399,NA,11358.9301,17.0147,15.5852,1.4295,16.2826,6.4301,6.3430,0.0871,-0.6379,11358.9301,17.7392,NA
gamemd.exe,18720,0x43D4320,D3D9,0,0,1,Hardware: Independent Flip,11390.4106,NA,15.89530000000000,16.07320000000000,1.76870000000000,7.29990000000000,7.4178,NA,11375.9448,16.2345,14.4658,1.7687,15.3301,6.4356,6.3575,0.0781,0.9415,11375.9448,9.4443,NA
gamemd.exe,18720,0x43D4320,D3D9,0,0,1,Hardware: Independent Flip,11407.2458,NA,16.83520000000000,16.81350000000000,1.68820000000000,7.26510000000000,7.3961,NA,11392.1793,16.7547,15.0665,1.6882,15.8459,6.4857,6.3937,0.0920,-0.5790,11392.1793,18.6066,NA
gamemd.exe,18720,0x43D4320,D3D9,0,0,1,Hardware: Independent Flip,11423.7609,NA,16.51510000000000,16.45530000000000,1.74040000000000,7.22730000000000,7.3363,NA,11408.9340,16.5673,14.8269,1.7404,15.4735,6.5807,6.5001,0.0806,0.2994,11408.9340,19.1055,NA
gamemd.exe,18720,0x43D4320,D3D9,0,0,1,Hardware: Independent Flip,11441.0320,NA,17.27110000000000,17.17990000000000,1.43440000000000,7.12490000000000,7.2451,NA,11425.5013,16.9651,15.5307,1.4344,16.2987,6.3569,6.2396,0.1173,-0.6126,11425.5013,20.3016,NA
gamemd.exe,18720,0x43D4320,D3D9,0,0,1,Hardware: Independent Flip,11457.8859,NA,16.85390000000000,16.80660000000000,1.41660000000000,7.05490000000000,7.1978,NA,11442.4664,16.8361,15.4195,1.4166,16.0481,6.4263,6.2723,0.1540,0.1585,11442.4664,20.9713,NA
gamemd.exe,18720,0x43D4320,D3D9,0,0,1,Hardware: Independent Flip,11474.2579,NA,16.37200000000000,17.31420000000000,2.40380000000000,7.93750000000000,8.1400,NA,11459.3025,17.3592,14.9554,2.4038,16.2106,6.6823,6.5529,0.1294,-0.4781,11459.3025,22.4058,NA
gamemd.exe,18720,0x43D4320,D3D9,0,0,1,Hardware: Independent Flip,11491.2640,NA,17.00610000000000,15.99690000000000,1.45470000000000,6.98300000000000,7.1308,NA,11476.6617,16.0570,14.6023,1.4547,15.2048,6.3805,6.3310,0.0495,1.3623,11476.6617,NA,NA
gamemd.exe,18720,0x43D4320,D3D9,0,0,1,Hardware: Independent Flip,11507.6378,NA,16.37380000000000,16.46710000000000,1.27560000000000,7.03490000000000,7.2241,NA,11492.7187,16.1947,14.9191,1.2756,15.4489,6.5051,6.4155,0.0896,-0.4101,11492.7187,NA,NA
gamemd.exe,18720,0x43D4320,D3D9,0,0,1,Hardware: Independent Flip,11523.4940,NA,15.85620000000000,15.93130000000000,1.58330000000000,7.16650000000000,7.2992,NA,11508.9134,16.1639,14.5806,1.5833,15.3505,6.3966,6.3486,0.0480,0.2634,11508.9134,NA,NA
gamemd.exe,18720,0x43D4320,D3D9,0,0,1,Hardware: Independent Flip,11540.2072,NA,16.71320000000000,16.56000000000000,1.21210000000000,6.99870000000000,7.1460,NA,11525.0773,16.3420,15.1299,1.2121,15.6465,6.4821,6.3616,0.1205,-0.3961,11525.0773,NA,NA
gamemd.exe,18720,0x43D4320,D3D9,0,0,1,Hardware: Independent Flip,11557.6588,NA,17.45160000000000,17.64110000000000,1.76020000000000,7.18100000000000,7.3355,NA,11541.4193,17.9997,16.2395,1.7602,16.8947,6.5258,6.4379,0.0879,-1.2991,11541.4193,NA,NA
gamemd.exe,18720,0x43D4320,D3D9,0,0,1,Hardware: Independent Flip,11573.6327,NA,15.97390000000000,16.12660000000000,2.13440000000000,7.36770000000000,7.4882,NA,11559.4190,16.3481,14.2137,2.1344,15.2412,6.3402,6.2689,0.0713,1.8731,11559.4190,NA,NA
gamemd.exe,18720,0x43D4320,D3D9,0,0,1,Hardware: Independent Flip,11590.5215,NA,16.88880000000000,16.55040000000000,1.41030000000000,7.03820000000000,7.1498,NA,11575.7671,16.1647,14.7544,1.4103,15.4615,6.3311,6.2416,0.0895,-0.2023,11575.7671,NA,NA
gamemd.exe,18720,0x43D4320,D3D9,0,0,1,Hardware: Independent Flip,11607.0228,NA,16.50130000000000,16.40240000000000,1.39010000000000,6.93540000000000,7.0509,NA,11591.9318,16.4811,15.0910,1.3901,15.7610,6.2654,6.2021,0.0633,-0.2377,11591.9318,NA,NA
gamemd.exe,18720,0x43D4320,D3D9,0,0,1,Hardware: Independent Flip,11623.7450,NA,16.72220000000000,16.71620000000000,1.73660000000000,6.87180000000000,7.0449,NA,11608.4129,17.0687,15.3321,1.7366,15.8895,6.3144,6.2405,0.0739,-0.2351,11608.4129,NA,NA
gamemd.exe,18720,0x43D4320,D3D9,0,0,1,Hardware: Independent Flip,11640.3721,NA,16.62710000000000,17.02570000000000,1.65270000000000,7.24730000000000,7.4435,NA,11625.4816,16.5432,14.8905,1.6527,15.5470,6.5908,6.4781,0.1127,0.0430,11625.4816,NA,NA
gamemd.exe,18720,0x43D4320,D3D9,0,0,1,Hardware: Independent Flip,11657.8300,NA,17.45790000000000,17.33280000000000,1.50860000000000,7.12030000000000,7.3184,NA,11642.0248,17.3138,15.8052,1.5086,16.4975,6.4280,6.3481,0.0799,-0.7896,11642.0248,29.1504,NA
gamemd.exe,18720,0x43D4320,D3D9,0,0,1,Hardware: Independent Flip,11673.9342,NA,16.10420000000000,16.11250000000000,1.75640000000000,7.16000000000000,7.3267,NA,11659.3386,16.3520,14.5956,1.7564,15.2430,6.5126,6.4411,0.0715,1.2013,11659.3386,13.2657,NA
gamemd.exe,18720,0x43D4320,D3D9,0,0,1,Hardware: Independent Flip,11690.5598,NA,16.62560000000000,16.50190000000000,2.14320000000000,7.02880000000000,7.2030,NA,11675.6906,17.0124,14.8692,2.1432,15.5160,6.3820,6.3112,0.0708,-0.1499,11675.6906,NA,NA
gamemd.exe,18720,0x43D4320,D3D9,0,0,1,Hardware: Independent Flip,11707.1354,NA,16.57560000000000,16.96390000000000,2.10690000000000,7.42610000000000,7.5913,NA,11692.7030,16.5393,14.4324,2.1069,15.2513,6.6072,6.5353,0.0719,0.0485,11692.7030,14.7450,NA
gamemd.exe,18720,0x43D4320,D3D9,0,0,1,Hardware: Independent Flip,11723.6103,NA,16.47490000000000,16.64870000000000,2.03870000000000,7.56550000000000,7.7651,NA,11709.2423,16.4067,14.3680,2.0387,15.4002,6.5333,6.4814,0.0519,-0.1094,11709.2423,15.3918,NA
gamemd.exe,18720,0x43D4320,D3D9,0,0,1,Hardware: Independent Flip,11740.6713,NA,17.06100000000000,16.35640000000000,1.40900000000000,6.93440000000000,7.0605,NA,11725.6490,16.4313,15.0223,1.4090,15.6281,6.3286,6.2529,0.0757,0.0503,11725.6490,15.7537,NA
gamemd.exe,18720,0x43D4320,D3D9,0,0,1,Hardware: Independent Flip,11757.1127,NA,16.44140000000000,16.62740000000000,1.62440000000000,7.08680000000000,7.2465,NA,11742.0803,16.6568,15.0324,1.6244,15.5919,6.5273,6.4564,0.0709,-0.1961,11742.0803,8.1680,NA
gamemd.exe,18720,0x43D4320,D3D9,0,0,1,Hardware: Independent Flip,11773.8806,NA,16.76790000000000,16.76390000000000,2.12730000000000,7.12200000000000,7.2425,NA,11758.7371,17.2708,15.1435,2.1273,15.9446,6.3209,6.2476,0.0733,-0.1071,11758.7371,8.7465,NA
gamemd.exe,18720,0x43D4320,D3D9,0,0,1,Hardware: Independent Flip,11790.4683,NA,16.58770000000000,16.37400000000000,1.51740000000000,6.91350000000000,7.0288,NA,11776.0079,15.9778,14.4604,1.5174,15.0642,6.3097,6.2422,0.0675,0.8968,11776.0079,17.5225,NA
gamemd.exe,18720,0x43D4320,D3D9,0,0,1,Hardware: Independent Flip,11807.0609,NA,16.59260000000000,16.64490000000000,1.33430000000000,6.97050000000000,7.0811,NA,11791.9857,16.4095,15.0752,1.3343,15.6202,6.4255,6.3479,0.0776,-0.6671,11791.9857,18.1514,NA
gamemd.exe,18720,0x43D4320,D3D9,0,0,1,Hardware: Independent Flip,11823.5115,NA,16.45060000000000,16.84930000000000,1.72410000000000,7.33880000000000,7.4798,NA,11808.3952,16.8404,15.1163,1.7241,15.8725,6.5826,6.4659,0.1167,-0.4398,11808.3952,18.9513,NA
gamemd.exe,18720,0x43D4320,D3D9,0,0,1,Hardware: Independent Flip,11841.4442,NA,17.93270000000000,17.71060000000000,1.52340000000000,7.14370000000000,7.2577,NA,11825.2356,17.7320,16.2086,1.5234,16.9271,6.4252,6.3410,0.0842,-0.8702,11825.2356,19.2022,NA
gamemd.exe,18720,0x43D4320,D3D9,0,0,1,Hardware: Independent Flip,11857.4184,NA,15.97420000000000,15.97570000000000,1.48810000000000,7.14480000000000,7.2592,NA,11842.9676,15.9389,14.4508,1.4881,15.1187,6.4769,6.3866,0.0903,1.7563,11842.9676,20.6154,NA
gamemd.exe,18720,0x43D4320,D3D9,0,0,1,Hardware: Independent Flip,11874.0845,NA,16.66610000000000,16.94980000000000,1.50060000000000,7.40530000000000,7.5429,NA,11858.9065,16.6786,15.1780,1.5006,15.9355,6.6478,6.5615,0.0863,-1.0109,11858.9065,21.6312,NA
gamemd.exe,18720,0x43D4320,D3D9,0,0,1,Hardware: Independent Flip,11891.0255,NA,16.94100000000000,16.66230000000000,1.42970000000000,7.13220000000000,7.2642,NA,11875.5851,16.8701,15.4404,1.4297,16.0591,6.5135,6.4347,0.0788,0.0163,11875.5851,22.2742,NA
gamemd.exe,18720,0x43D4320,D3D9,0,0,1,Hardware: Independent Flip,11907.5837,NA,16.55820000000000,16.88360000000000,1.81500000000000,7.42080000000000,7.5896,NA,11892.4552,16.9435,15.1285,1.8150,16.0983,6.4510,6.3913,0.0597,-0.0135,11892.4552,23.1716,NA
gamemd.exe,18720,0x43D4320,D3D9,0,0,1,Hardware: Independent Flip,11924.3209,NA,16.73720000000000,16.52280000000000,1.36930000000000,7.19710000000000,7.3752,NA,11909.3987,16.2915,14.9222,1.3693,15.5619,6.5574,6.4413,0.1161,0.4207,11909.3987,21.2296,NA
gamemd.exe,18720,0x43D4320,D3D9,0,0,1,Hardware: Independent Flip,11941.1652,NA,16.84430000000000,16.71460000000000,1.28140000000000,7.06690000000000,7.2455,NA,11925.6902,16.7564,15.4750,1.2814,16.0121,6.5298,6.4567,0.0731,-0.4231,11925.6902,24.3775,NA
gamemd.exe,18720,0x43D4320,D3D9,0,0,1,Hardware: Independent Flip,11956.7832,NA,15.61800000000000,15.21560000000000,1.32700000000000,6.70580000000000,6.8431,NA,11942.4466,15.6636,14.3366,1.3270,14.8478,6.1946,6.1388,0.0558,1.5408,11942.4466,23.3992,NA
gamemd.exe,18720,0x43D4320,D3D9,0,0,1,Hardware: Independent Flip,11973.7704,NA,16.98720000000000,17.29700000000000,1.58930000000000,7.02420000000000,7.1529,NA,11958.1102,17.2495,15.6602,1.5893,16.2431,6.4413,6.3849,0.0564,-1.6334,11958.1102,24.9168,NA
gamemd.exe,18720,0x43D4320,D3D9,0,0,1,Hardware: Independent Flip,11990.3302,NA,16.55980000000000,16.44640000000000,1.35890000000000,6.91690000000000,7.0395,NA,11975.3597,16.3294,14.9705,1.3589,15.6221,6.2653,6.1830,0.0823,0.8031,11975.3597,33.3881,NA
gamemd.exe,18720,0x43D4320,D3D9,0,0,1,Hardware: Independent Flip,12007.2148,NA,16.88460000000000,17.06400000000000,1.58440000000000,7.02780000000000,7.2189,NA,11991.6891,17.1101,15.5257,1.5844,16.1186,6.4349,6.3529,0.0820,-0.7346,11991.6891,NA,NA
gamemd.exe,18720,0x43D4320,D3D9,0,0,1,Hardware: Independent Flip,12024.2807,NA,17.06590000000000,17.08490000000000,1.53070000000000,7.10960000000000,7.2379,NA,12008.7992,17.0122,15.4815,1.5307,16.1518,6.4393,6.3058,0.1335,0.0252,12008.7992,27.2508,NA
gamemd.exe,18720,0x43D4320,D3D9,0,0,1,Hardware: Independent Flip,12040.8916,NA,16.61090000000000,16.73420000000000,2.03080000000000,7.24930000000000,7.3612,NA,12025.8114,17.1110,15.0802,2.0308,15.9056,6.4239,6.3319,0.0920,0.2780,12025.8114,28.2478,NA
gamemd.exe,18720,0x43D4320,D3D9,0,0,1,Hardware: Independent Flip,12056.7699,NA,15.87830000000000,15.38630000000000,1.42380000000000,6.75080000000000,6.8692,NA,12042.9224,15.2713,13.8475,1.4238,14.3367,6.2616,6.1850,0.0766,1.7247,12042.9224,27.6493,NA
gamemd.exe,18720,0x43D4320,D3D9,0,0,1,Hardware: Independent Flip,12073.4450,NA,16.67510000000000,17.31480000000000,2.20060000000000,7.38730000000000,7.5089,NA,12058.1937,17.4519,15.2513,2.2006,16.3094,6.3292,6.2437,0.0855,-2.0435,12058.1937,28.9317,NA
gamemd.exe,18720,0x43D4320,D3D9,0,0,1,Hardware: Independent Flip,12090.6368,NA,17.19180000000000,16.99520000000000,1.68070000000000,7.13290000000000,7.3123,NA,12075.6456,16.6719,14.9912,1.6807,15.6496,6.4745,6.3542,0.1203,0.4567,12075.6456,29.9360,NA
gamemd.exe,18720,0x43D4320,D3D9,0,0,1,Hardware: Independent Flip,12107.9626,NA,17.32580000000000,17.15780000000000,1.57370000000000,7.00660000000000,7.1443,NA,12092.3175,17.2188,15.6451,1.5737,16.2383,6.4134,6.3128,0.1006,-0.4859,12092.3175,39.0877,NA
gamemd.exe,18720,0x43D4320,D3D9,0,0,1,Hardware: Independent Flip,12123.8332,NA,15.87060000000000,15.98940000000000,1.57920000000000,7.13160000000000,7.2631,NA,12109.5363,15.8761,14.2969,1.5792,15.0258,6.4027,6.2937,0.1090,1.2294,12109.5363,15.1118,NA
gamemd.exe,18720,0x43D4320,D3D9,0,0,1,Hardware: Independent Flip,12141.1028,NA,17.26960000000000,17.11980000000000,1.58040000000000,6.96950000000000,7.1133,NA,12125.4124,17.2708,15.6904,1.5804,16.2209,6.4390,6.3441,0.0949,-1.2437,12125.4124,7.7504,NA
gamemd.exe,18720,0x43D4320,D3D9,0,0,1,Hardware: Independent Flip,12157.1298,NA,16.02700000000000,16.11700000000000,2.16360000000000,7.01580000000000,7.2033,NA,12142.6832,16.6102,14.4466,2.1636,15.2773,6.1851,6.1235,0.0616,1.1538,12142.6832,8.2923,NA
gamemd.exe,18720,0x43D4320,D3D9,0,0,1,Hardware: Independent Flip,12173.7168,NA,16.58700000000000,16.56120000000000,1.90820000000000,7.05680000000000,7.1775,NA,12159.2934,16.3316,14.4234,1.9082,15.1528,6.3274,6.2796,0.0478,0.0490,12159.2934,16.7751,NA
gamemd.exe,18720,0x43D4320,D3D9,0,0,1,Hardware: Independent Flip,12190.1070,NA,16.39020000000000,16.50170000000000,1.31750000000000,7.15450000000000,7.2890,NA,12175.6250,15.7995,14.4820,1.3175,15.0470,6.5895,6.5253,0.0642,-0.1701,12175.6250,9.3924,NA
gamemd.exe,18720,0x43D4320,D3D9,0,0,1,Hardware: Independent Flip,12206.7833,NA,16.67630000000000,16.84150000000000,1.92550000000000,7.22230000000000,7.4542,NA,12191.4245,17.2843,15.3588,1.9255,16.1842,6.3969,6.3220,0.0749,-1.0420,12191.4245,9.8317,NA
gamemd.exe,18720,0x43D4320,D3D9,0,0,1,Hardware: Independent Flip,12224.8913,NA,18.10800000000000,17.88820000000000,1.50270000000000,7.12190000000000,7.2344,NA,12208.7088,17.6852,16.1825,1.5027,16.9466,6.3578,6.2695,0.0883,-0.6039,12208.7088,20.1460,NA
gamemd.exe,18720,0x43D4320,D3D9,0,0,1,Hardware: Independent Flip,12240.7000,NA,15.80870000000000,15.71120000000000,1.47790000000000,7.02270000000000,7.1369,NA,12226.3940,15.7839,14.3060,1.4779,14.9327,6.3960,6.3281,0.0679,1.9740,12226.3940,19.8472,NA
gamemd.exe,18720,0x43D4320,D3D9,0,0,1,Hardware: Independent Flip,12257.3302,NA,16.63020000000000,16.54450000000000,1.26020000000000,6.91840000000000,7.0512,NA,12242.1779,16.4125,15.1523,1.2602,15.6813,6.3894,6.2836,0.1058,-0.7606,12242.1779,20.3380,NA
gamemd.exe,18720,0x43D4320,D3D9,0,0,1,Hardware: Independent Flip,12273.9152,NA,16.58500000000000,19.32630000000000,2.20250000000000,8.54420000000000,9.7925,NA,12258.5904,17.5273,15.3248,2.2025,16.0525,7.8165,7.7462,0.0703,-2.9138,12258.5904,23.6416,NA
gamemd.exe,18720,0x43D4320,D3D9,0,0,1,Hardware: Independent Flip,12290.8606,NA,16.94540000000000,20.00930000000000,1.78820000000000,11.32780000000000,12.8564,NA,12276.1177,16.5311,14.7429,1.7882,15.3284,10.7423,10.6775,0.0648,-2.4820,12276.1177,27.6856,NA
gamemd.exe,18720,0x43D4320,D3D9,0,0,1,Hardware: Independent Flip,12307.3995,NA,16.53890000000000,16.63840000000000,1.90780000000000,11.53800000000000,12.9559,NA,12292.6488,16.6585,14.7507,1.9078,15.5010,10.7877,10.6729,0.1148,-0.1073,12292.6488,28.3434,NA
gamemd.exe,18720,0x43D4320,D3D9,0,0,1,Hardware: Independent Flip,12323.7366,NA,16.33710000000000,17.39290000000000,2.56700000000000,12.57450000000000,14.0117,NA,12309.3073,16.9963,14.4293,2.5670,16.2364,10.7674,10.6487,0.1187,-0.7344,12309.3073,29.7039,NA
gamemd.exe,18720,0x43D4320,D3D9,0,0,1,Hardware: Independent Flip,12341.2752,NA,17.53860000000000,15.93050000000000,1.30100000000000,11.20420000000000,12.4036,NA,12326.3036,16.2726,14.9716,1.3010,15.5621,10.6137,10.5252,0.0885,1.0658,12326.3036,29.6716,NA
gamemd.exe,18720,0x43D4320,D3D9,0,0,1,Hardware: Independent Flip,12357.6079,NA,16.33270000000000,16.71610000000000,1.33470000000000,11.27180000000000,12.7870,NA,12342.5762,16.3664,15.0317,1.3347,15.6352,10.6683,10.6039,0.0644,-0.4435,12342.5762,30.0292,NA
gamemd.exe,18720,0x43D4320,D3D9,0,0,1,Hardware: Independent Flip,12373.9259,NA,16.31800000000000,15.93990000000000,1.71140000000000,11.49930000000000,12.4089,NA,12358.9426,16.6947,14.9833,1.7114,15.7473,10.7353,10.6688,0.0665,0.4265,12358.9426,30.0850,NA
gamemd.exe,18720,0x43D4320,D3D9,0,0,1,Hardware: Independent Flip,12390.3056,NA,16.37970000000000,16.68090000000000,1.22000000000000,11.22970000000000,12.7101,NA,12375.6373,15.8883,14.6683,1.2200,15.1477,10.7503,10.6530,0.0973,0.0138,12375.6373,30.9958,NA
gamemd.exe,18720,0x43D4320,D3D9,0,0,1,Hardware: Independent Flip,12407.9006,NA,17.59500000000000,17.35060000000000,1.45080000000000,11.29410000000000,12.4657,NA,12391.5256,17.8258,16.3750,1.4508,17.0047,10.6644,10.5787,0.0857,-1.4623,12391.5256,32.0372,NA
gamemd.exe,18720,0x43D4320,D3D9,0,0,1,Hardware: Independent Flip,12424.6616,NA,16.76100000000000,16.63980000000000,1.58090000000000,11.27390000000000,12.3445,NA,12409.3514,16.8911,15.3102,1.5809,16.0453,10.5388,10.4727,0.0661,1.1860,12409.3514,24.9683,NA
gamemd.exe,18720,0x43D4320,D3D9,0,0,1,Hardware: Independent Flip,12440.8194,NA,16.15780000000000,11.80670000000000,1.50860000000000,7.84780000000000,7.9934,NA,12426.2425,16.0855,14.5769,1.5086,15.0810,7.3437,7.2809,0.0628,5.0844,12426.2425,28.8254,NA
gamemd.exe,18720,0x43D4320,D3D9,0,0,1,Hardware: Independent Flip,12456.8554,NA,16.03600000000000,13.14800000000000,2.44950000000000,4.97690000000000,5.1054,NA,12442.3280,16.9769,14.5274,2.4495,15.2624,4.2419,4.1246,0.1173,2.9375,12442.3280,25.9422,NA
gamemd.exe,18720,0x43D4320,D3D9,0,0,1,Hardware: Independent Flip,12473.7768,NA,16.92140000000000,16.93300000000000,2.12930000000000,5.00240000000000,5.1170,NA,12459.3049,16.6012,14.4719,2.1293,15.3698,4.1045,4.0089,0.0956,0.0439,12459.3049,26.8287,NA
gamemd.exe,18720,0x43D4320,D3D9,0,0,1,Hardware: Independent Flip,12490.2541,NA,16.47730000000000,16.51240000000000,2.37260000000000,4.98790000000000,5.1521,NA,12475.9061,16.7206,14.3480,2.3726,15.1711,4.1648,4.0818,0.0830,0.0888,12475.9061,NA,NA
gamemd.exe,18720,0x43D4320,D3D9,0,0,1,Hardware: Independent Flip,12507.7041,NA,17.45000000000000,18.26070000000000,1.77530000000000,5.78820000000000,5.9628,NA,12492.6267,16.8527,15.0774,1.7753,16.1362,4.7294,4.1118,0.6176,-1.5401,12492.6267,29.6738,NA
gamemd.exe,18720,0x43D4320,D3D9,0,0,1,Hardware: Independent Flip,12524.0233,NA,16.31920000000000,15.69650000000000,1.49640000000000,5.13120000000000,5.3401,NA,12509.4794,16.0403,14.5439,1.4964,15.1358,4.5393,3.7431,0.7962,1.1562,12509.4794,21.2286,NA
gamemd.exe,18720,0x43D4320,D3D9,0,0,1,Hardware: Independent Flip,12540.4692,NA,16.44590000000000,16.44620000000000,1.41780000000000,5.16020000000000,5.3404,NA,12525.5197,16.3673,14.9495,1.4178,15.5239,4.5858,4.4902,0.0956,-0.4059,12525.5197,13.8373,NA
gamemd.exe,18720,0x43D4320,D3D9,0,0,1,Hardware: Independent Flip,12557.3557,NA,16.88650000000000,16.76570000000000,2.16810000000000,5.07200000000000,5.2196,NA,12541.8870,17.6368,15.4687,2.1681,16.3477,4.1930,4.1071,0.0859,-0.3984,12541.8870,6.5560,NA
gamemd.exe,18720,0x43D4320,D3D9,0,0,1,Hardware: Independent Flip,12573.7287,NA,16.37300000000000,16.27900000000000,2.15140000000000,5.00860000000000,5.1256,NA,12559.5238,16.3563,14.2049,2.1514,14.8909,4.3226,4.2083,0.1143,1.3578,12559.5238,6.6246,NA
gamemd.exe,18720,0x43D4320,D3D9,0,0,1,Hardware: Independent Flip,12590.3957,NA,16.66700000000000,16.59980000000000,1.36720000000000,4.87070000000000,5.0584,NA,12575.8801,15.8828,14.5156,1.3672,15.0530,4.3333,4.2128,0.1205,-0.2435,12575.8801,15.4887,NA
gamemd.exe,18720,0x43D4320,D3D9,0,0,1,Hardware: Independent Flip,12608.1053,NA,17.70960000000000,18.65700000000000,1.67540000000000,5.75600000000000,6.0058,NA,12591.7629,18.0178,16.3424,1.6754,17.2273,4.8711,4.2702,0.6009,-2.7742,12591.7629,18.1322,NA
gamemd.exe,18720,0x43D4320,D3D9,0,0,1,Hardware: Independent Flip,12624.4864,NA,16.38110000000000,15.81470000000000,1.44470000000000,5.23030000000000,5.4394,NA,12609.7807,16.1504,14.7057,1.4447,15.3646,4.5714,4.1280,0.4434,2.2031,12609.7807,25.8727,25.8727
gamemd.exe,18720,0x43D4320,D3D9,0,0,1,Hardware: Independent Flip,12640.7705,NA,16.28410000000000,16.01800000000000,1.61670000000000,5.04660000000000,5.1733,NA,12625.9311,16.4561,14.8394,1.6167,15.5955,4.2905,4.1609,0.1296,0.1324,12625.9311,NA,NA
gamemd.exe,18720,0x43D4320,D3D9,0,0,1,Hardware: Independent Flip,12657.1932,NA,16.42270000000000,15.83120000000000,1.61880000000000,4.47010000000000,4.5818,NA,12642.3872,16.4248,14.8060,1.6188,15.4650,3.8111,3.7361,0.0750,0.6249,12642.3872,NA,NA
gamemd.exe,18720,0x43D4320,D3D9,0,0,1,Hardware: Independent Flip,12673.7668,NA,16.57360000000000,16.75780000000000,1.51790000000000,4.63210000000000,4.7660,NA,12658.8120,16.4727,14.9548,1.5179,15.5676,4.0193,3.9340,0.0853,-0.3330,12658.8120,NA,NA
gamemd.exe,18720,0x43D4320,D3D9,0,0,1,Hardware: Independent Flip,12691.3758,NA,17.60900000000000,18.25800000000000,1.41340000000000,5.08300000000000,5.4150,NA,12675.2847,17.5045,16.0911,1.4134,16.7713,4.4028,4.0258,0.3770,-1.7853,12675.2847,NA,NA
gamemd.exe,18720,0x43D4320,D3D9,0,0,1,Hardware: Independent Flip,12706.9437,NA,15.56790000000000,14.92660000000000,1.69250000000000,4.59480000000000,4.7737,NA,12692.7892,15.8470,14.1545,1.6925,14.9710,3.7783,3.7176,0.0607,2.5779,12692.7892,NA,NA
gamemd.exe,18720,0x43D4320,D3D9,0,0,1,Hardware: Independent Flip,12723.5536,NA,16.60990000000000,16.58660000000000,1.33600000000000,4.40130000000000,4.7504,NA,12708.6362,16.2534,14.9174,1.3360,15.5731,3.7456,3.6788,0.0668,-0.7396,12708.6362,NA,NA
gamemd.exe,18720,0x43D4320,D3D9,0,0,1,Hardware: Independent Flip,12740.4632,NA,16.90960000000000,16.77370000000000,1.35810000000000,4.47630000000000,4.6145,NA,12724.8896,16.9317,15.5736,1.3581,16.2654,3.7845,3.7141,0.0704,-0.5203,12724.8896,29.0666,29.0666
gamemd.exe,18720,0x43D4320,D3D9,0,0,1,Hardware: Independent Flip,12757.2443,NA,16.78110000000000,17.27700000000000,1.91980000000000,4.93850000000000,5.1104,NA,12741.8213,17.3428,15.4230,1.9198,16.2457,4.1158,4.0246,0.0912,-0.3453,12741.8213,NA,NA
gamemd.exe,18720,0x43D4320,D3D9,0,0,1,Hardware: Independent Flip,12774.0147,NA,16.77040000000000,16.91790000000000,2.52280000000000,5.09580000000000,5.2579,NA,12759.1641,17.3734,14.8506,2.5228,15.8150,4.1314,4.0379,0.0935,0.4249,12759.1641,NA,NA
gamemd.exe,18720,0x43D4320,D3D9,0,0,1,Hardware: Independent Flip,12791.0034,NA,16.98870000000000,16.89110000000000,1.31230000000000,4.92610000000000,5.1603,NA,12776.5375,15.7782,14.4659,1.3123,15.1270,4.2650,3.8148,0.4502,0.4823,12776.5375,NA,NA
gamemd.exe,18720,0x43D4320,D3D9,0,0,1,Hardware: Independent Flip,12806.9090,NA,15.90560000000000,15.55870000000000,1.66490000000000,4.67150000000000,4.8134,NA,12792.3157,16.2582,14.5933,1.6649,15.3419,3.9229,3.8372,0.0857,0.2195,12792.3157,23.7278,NA
gamemd.exe,18720,0x43D4320,D3D9,0,0,1,Hardware: Independent Flip,12823.5605,NA,16.65150000000000,16.69740000000000,1.98880000000000,4.69580000000000,4.8593,NA,12808.5739,16.9754,14.9866,1.9888,15.7956,3.8868,3.7931,0.0937,-0.4392,12808.5739,23.7127,NA
gamemd.exe,18720,0x43D4320,D3D9,0,0,1,Hardware: Independent Flip,12840.2834,NA,16.72290000000000,17.21220000000000,1.92250000000000,5.16770000000000,5.3486,NA,12825.5493,16.6566,14.7341,1.9225,15.6638,4.2380,4.1275,0.1105,-0.2368,12825.5493,25.2357,NA
gamemd.exe,18720,0x43D4320,D3D9,0,0,1,Hardware: Independent Flip,12857.4420,NA,17.15860000000000,18.24100000000000,2.37630000000000,6.19710000000000,6.4310,NA,12842.2059,17.6124,15.2361,2.3763,16.7703,4.6629,4.0575,0.6054,-1.5844,12842.2059,27.8734,NA
gamemd.exe,18720,0x43D4320,D3D9,0,0,1,Hardware: Independent Flip,12874.5243,NA,17.08230000000000,16.71860000000000,1.72110000000000,5.65050000000000,6.0673,NA,12859.8183,16.4271,14.7060,1.7211,15.5591,4.7974,4.3869,0.4105,0.8938,12859.8183,28.6103,NA
gamemd.exe,18720,0x43D4320,D3D9,0,0,1,Hardware: Independent Flip,12891.0504,NA,16.52610000000000,16.23390000000000,1.63390000000000,5.53770000000000,5.7751,NA,12876.2454,16.4389,14.8050,1.6339,15.3754,4.9673,4.2988,0.6685,0.1932,12876.2454,12.8457,NA
gamemd.exe,18720,0x43D4320,D3D9,0,0,1,Hardware: Independent Flip,12907.9965,NA,16.94610000000000,16.74060000000000,1.43380000000000,5.35430000000000,5.5696,NA,12892.6843,16.7460,15.3122,1.4338,15.9226,4.7439,4.2749,0.4690,-0.3017,12892.6843,13.5883,NA
gamemd.exe,18720,0x43D4320,D3D9,0,0,1,Hardware: Independent Flip,12924.2148,NA,16.21830000000000,15.88070000000000,1.51650000000000,5.04650000000000,5.2320,NA,12909.4303,16.3010,14.7845,1.5165,15.3157,4.5153,4.0470,0.4683,0.8653,12909.4303,21.4569,NA
gamemd.exe,18720,0x43D4320,D3D9,0,0,1,Hardware: Independent Flip,12940.4504,NA,16.23560000000000,16.13090000000000,1.50600000000000,4.85990000000000,5.1273,NA,12925.7313,16.2251,14.7191,1.5060,15.2436,4.3354,4.2447,0.0907,0.1701,12925.7313,5.5298,NA
gamemd.exe,18720,0x43D4320,D3D9,0,0,1,Hardware: Independent Flip,12956.9549,NA,16.50450000000000,16.48710000000000,1.77060000000000,4.96860000000000,5.1099,NA,12941.9564,16.7691,14.9985,1.7706,15.7762,4.1909,4.0775,0.1134,-0.2620,12941.9564,6.0104,NA
gamemd.exe,18720,0x43D4320,D3D9,0,0,1,Hardware: Independent Flip,12974.5574,NA,17.60250000000000,18.19580000000000,1.55080000000000,5.42310000000000,5.7032,NA,12958.7255,17.3827,15.8319,1.5508,16.5133,4.7417,4.2886,0.4531,-1.4267,12958.7255,16.2413,NA
gamemd.exe,18720,0x43D4320,D3D9,0,0,1,Hardware: Independent Flip,12990.2800,NA,15.72260000000000,15.09020000000000,1.69580000000000,4.91770000000000,5.0708,NA,12976.1082,15.8676,14.1718,1.6958,14.9119,4.1776,4.0698,0.1078,2.2925,12976.1082,15.3130,NA
gamemd.exe,18720,0x43D4320,D3D9,0,0,1,Hardware: Independent Flip,13007.0132,NA,16.73320000000000,16.93520000000000,1.72240000000000,5.08610000000000,5.2728,NA,12991.9758,16.7598,15.0374,1.7224,16.0113,4.1122,4.0256,0.0866,-1.0676,12991.9758,16.3181,NA
gamemd.exe,18720,0x43D4320,D3D9,0,0,1,Hardware: Independent Flip,13023.7064,NA,16.69320000000000,16.47020000000000,1.80900000000000,4.93220000000000,5.0498,NA,13008.7356,16.7798,14.9708,1.8090,15.8147,4.0883,4.0067,0.0816,0.2896,13008.7356,16.6227,NA
gamemd.exe,18720,0x43D4320,D3D9,0,0,1,Hardware: Independent Flip,13040.4722,NA,16.76580000000000,16.71910000000000,1.31910000000000,4.87120000000000,5.0031,NA,13025.5154,16.2759,14.9568,1.3191,15.6253,4.2027,4.0581,0.1446,0.0607,13025.5154,17.4406,NA
gamemd.exe,18720,0x43D4320,D3D9,0,0,1,Hardware: Independent Flip,13057.1780,NA,16.70580000000000,16.83860000000000,1.36500000000000,4.94640000000000,5.1359,NA,13041.7913,16.7517,15.3867,1.3650,16.0792,4.2539,4.1361,0.1178,-0.5627,13041.7913,18.2343,NA
gamemd.exe,18720,0x43D4320,D3D9,0,0,1,Hardware: Independent Flip,13074.4502,NA,17.27220000000000,17.69980000000000,1.50220000000000,5.36240000000000,5.5635,NA,13058.5430,17.4094,15.9072,1.5022,16.5047,4.7649,4.1628,0.6021,-0.9481,13058.5430,20.0329,NA
gamemd.exe,18720,0x43D4320,D3D9,0,0,1,Hardware: Independent Flip,13090.4250,NA,15.97480000000000,15.57620000000000,1.42210000000000,5.03550000000000,5.1649,NA,13075.9524,15.8947,14.4726,1.4221,15.0898,4.4183,4.0344,0.3839,1.8332,13075.9524,19.6186,NA
gamemd.exe,18720,0x43D4320,D3D9,0,0,1,Hardware: Independent Flip,13107.2871,NA,16.86210000000000,16.30030000000000,1.46280000000000,4.46890000000000,4.6031,NA,13091.8471,16.9028,15.4400,1.4628,16.0168,3.8921,3.8131,0.0790,-0.4056,13091.8471,19.8680,NA
gamemd.exe,18720,0x43D4320,D3D9,0,0,1,Hardware: Independent Flip,13123.6057,NA,16.31860000000000,16.58640000000000,1.85080000000000,4.75740000000000,4.8709,NA,13108.7499,16.7066,14.8558,1.8508,15.6362,3.9770,3.8927,0.0843,0.3164,13108.7499,20.5067,NA
gamemd.exe,18720,0x43D4320,D3D9,0,0,1,Hardware: Independent Flip,13140.5686,NA,16.96290000000000,16.72080000000000,1.46530000000000,4.47780000000000,4.6288,NA,13125.4565,16.5774,15.1121,1.4653,15.7189,3.8710,3.7691,0.1019,-0.0142,13125.4565,21.2176,NA
gamemd.exe,18720,0x43D4320,D3D9,0,0,1,Hardware: Independent Flip,13157.2056,NA,16.63700000000000,17.01580000000000,1.37310000000000,4.82790000000000,5.0076,NA,13142.0339,16.5448,15.1717,1.3731,15.7350,4.2646,3.7880,0.4766,-0.4384,13142.0339,22.2323,NA
gamemd.exe,18720,0x43D4320,D3D9,0,0,1,Hardware: Independent Flip,13173.9393,NA,16.73370000000000,16.49090000000000,1.58040000000000,4.62500000000000,4.7648,NA,13158.5787,16.9410,15.3606,1.5804,15.9232,4.0624,3.9561,0.1063,0.0539,13158.5787,22.4359,NA
gamemd.exe,18720,0x43D4320,D3D9,0,0,1,Hardware: Independent Flip,13190.3249,NA,16.38560000000000,16.27960000000000,2.04750000000000,4.50930000000000,4.6588,NA,13175.5197,16.8527,14.8052,2.0475,15.5778,3.7367,3.6785,0.0582,0.6614,13175.5197,22.8669,NA
gamemd.exe,18720,0x43D4320,D3D9,0,0,1,Hardware: Independent Flip,13207.0077,NA,16.68280000000000,16.67620000000000,1.61890000000000,4.46280000000000,4.6522,NA,13192.3724,16.2542,14.6353,1.6189,15.2696,3.8285,3.7626,0.0659,0.1765,13192.3724,23.2993,NA
gamemd.exe,18720,0x43D4320,D3D9,0,0,1,Hardware: Independent Flip,13223.5060,NA,16.49830000000000,16.63560000000000,1.83900000000000,4.61890000000000,4.7895,NA,13208.6266,16.7184,14.8794,1.8390,15.5370,3.9613,3.8614,0.0999,-0.3814,13208.6266,23.9060,NA
gamemd.exe,18720,0x43D4320,D3D9,0,0,1,Hardware: Independent Flip,13240.0604,NA,16.55440000000000,16.67980000000000,1.51690000000000,4.77870000000000,4.9149,NA,13225.3450,16.2323,14.7154,1.5169,15.4234,4.0707,3.9684,0.1023,0.0386,13225.3450,24.9292,NA
gamemd.exe,18720,0x43D4320,D3D9,0,0,1,Hardware: Independent Flip,13256.8916,NA,16.83120000000000,16.85380000000000,1.87740000000000,4.71540000000000,4.9375,NA,13241.5773,17.1917,15.3143,1.8774,15.8926,4.1371,3.9726,0.1645,-0.6215,13241.5773,25.7529,25.7529
gamemd.exe,18720,0x43D4320,D3D9,0,0,1,Hardware: Independent Flip,13274.4708,NA,17.57920000000000,17.76050000000000,1.34480000000000,4.98970000000000,5.1188,NA,13258.7690,17.0466,15.7018,1.3448,16.2979,4.3936,4.2914,0.1022,-0.5688,13258.7690,NA,NA
gamemd.exe,18720,0x43D4320,D3D9,0,0,1,Hardware: Independent Flip,13290.3458,NA,15.87500000000000,15.67610000000000,2.16840000000000,4.78080000000000,4.9199,NA,13275.8156,16.6986,14.5302,2.1684,15.4850,3.8260,3.7584,0.0676,1.3705,13275.8156,NA,NA
gamemd.exe,18720,0x43D4320,D3D9,0,0,1,Hardware: Independent Flip,13306.8917,NA,16.54590000000000,16.93230000000000,1.94100000000000,5.15170000000000,5.3063,NA,13292.5142,16.3185,14.3775,1.9410,15.0396,4.4896,4.3536,0.1360,-0.2337,13292.5142,NA,NA
gamemd.exe,18720,0x43D4320,D3D9,0,0,1,Hardware: Independent Flip,13323.5007,NA,16.60900000000000,16.44330000000000,1.72720000000000,5.01970000000000,5.1406,NA,13308.8327,16.3952,14.6680,1.7272,15.5576,4.1301,4.0355,0.0946,-0.1248,13308.8327,12.6635,12.6635
gamemd.exe,18720,0x43D4320,D3D9,0,0,1,Hardware: Independent Flip,13340.1516,NA,16.65090000000000,16.71250000000000,1.46460000000000,5.03500000000000,5.2022,NA,13325.2279,16.3883,14.9237,1.4646,15.5369,4.4218,4.3210,0.1008,-0.3173,13325.2279,NA,NA
gamemd.exe,18720,0x43D4320,D3D9,0,0,1,Hardware: Independent Flip,13357.9084,NA,17.75680000000000,18.01260000000000,1.50840000000000,5.25550000000000,5.4580,NA,13341.6162,17.8006,16.2922,1.5084,16.8780,4.6697,4.1400,0.5297,-1.6243,13341.6162,NA,NA
gamemd.exe,18720,0x43D4320,D3D9,0,0,1,Hardware: Independent Flip,13373.8331,NA,15.92470000000000,15.68790000000000,1.52480000000000,5.10990000000000,5.2212,NA,13359.4168,15.9411,14.4163,1.5248,15.0983,4.4279,3.9477,0.4802,2.1127,13359.4168,NA,NA
gamemd.exe,18720,0x43D4320,D3D9,0,0,1,Hardware: Independent Flip,13390.4383,NA,16.60520000000000,16.47190000000000,2.27790000000000,4.96190000000000,5.0879,NA,13375.3579,17.3583,15.0804,2.2779,15.9268,4.1155,3.9641,0.1514,-0.5308,13375.3579,NA,NA
gamemd.exe,18720,0x43D4320,D3D9,0,0,1,Hardware: Independent Flip,13406.8900,NA,16.45170000000000,16.17030000000000,1.49190000000000,4.69530000000000,4.8065,NA,13392.7162,15.6657,14.1738,1.4919,14.7225,4.1466,4.0442,0.1024,1.1880,13392.7162,NA,NA
gamemd.exe,18720,0x43D4320,D3D9,0,0,1,Hardware: Independent Flip,13423.5247,NA,16.63470000000000,16.92580000000000,1.72220000000000,4.95980000000000,5.0976,NA,13408.3819,16.8650,15.1428,1.7222,15.7921,4.3105,4.2273,0.0832,-1.2601,13408.3819,16.6539,NA
gamemd.exe,18720,0x43D4320,D3D9,0,0,1,Hardware: Independent Flip,13441.7655,NA,18.24080000000000,18.56580000000000,1.48500000000000,5.21000000000000,5.4226,NA,13425.2469,18.0036,16.5186,1.4850,17.2022,4.5264,4.1029,0.4235,-1.7008,13425.2469,19.1201,NA
gamemd.exe,18720,0x43D4320,D3D9,0,0,1,Hardware: Independent Flip,13457.3389,NA,15.57340000000000,15.09500000000000,1.35690000000000,4.77230000000000,4.9442,NA,13443.2505,15.4453,14.0884,1.3569,14.6419,4.2188,3.7610,0.4578,2.9086,13443.2505,18.2836,NA
gamemd.exe,18720,0x43D4320,D3D9,0,0,1,Hardware: Independent Flip,13473.7486,NA,16.40970000000000,16.48910000000000,1.81340000000000,4.91080000000000,5.0236,NA,13458.6958,16.8662,15.0528,1.8134,15.7406,4.2230,4.1495,0.0735,-1.0438,13458.6958,18.7693,NA
gamemd.exe,18720,0x43D4320,D3D9,0,0,1,Hardware: Independent Flip,13490.6956,NA,16.94700000000000,16.68150000000000,1.50410000000000,4.62570000000000,4.7581,NA,13475.5620,16.6377,15.1336,1.5041,15.7001,4.0592,3.9711,0.0881,0.1847,13475.5620,19.4445,NA
gamemd.exe,18720,0x43D4320,D3D9,0,0,1,Hardware: Independent Flip,13507.3433,NA,16.64770000000000,16.73490000000000,1.64920000000000,4.73390000000000,4.8453,NA,13492.1997,16.7928,15.1436,1.6492,15.9883,3.8892,3.8006,0.0886,-0.0972,13492.1997,20.1581,NA
gamemd.exe,18720,0x43D4320,D3D9,0,0,1,Hardware: Independent Flip,13524.0190,NA,16.67570000000000,16.65900000000000,1.96630000000000,4.68980000000000,4.8286,NA,13508.9925,16.9928,15.0265,1.9663,15.7476,3.9687,3.8658,0.1029,0.1338,13508.9925,NA,NA
gamemd.exe,18720,0x43D4320,D3D9,0,0,1,Hardware: Independent Flip,13541.3400,NA,17.32100000000000,17.80580000000000,1.70730000000000,5.09900000000000,5.3134,NA,13525.9853,17.0620,15.3547,1.7073,16.0144,4.4393,4.3428,0.0965,-0.8130,13525.9853,NA,NA
gamemd.exe,18720,0x43D4320,D3D9,0,0,1,Hardware: Independent Flip,13557.0167,NA,15.67670000000000,15.25610000000000,1.49080000000000,4.77130000000000,4.8928,NA,13543.0473,15.4602,13.9694,1.4908,14.5827,4.1580,4.0403,0.1177,1.8059,13543.0473,NA,NA
gamemd.exe,18720,0x43D4320,D3D9,0,0,1,Hardware: Independent Flip,13573.4294,NA,16.41270000000000,16.31220000000000,1.84420000000000,4.58580000000000,4.7923,NA,13558.5075,16.7661,14.9219,1.8442,15.4205,4.0872,4.0120,0.0752,-0.8520,13558.5075,22.0584,NA
gamemd.exe,18720,0x43D4320,D3D9,0,0,1,Hardware: Independent Flip,13590.6179,NA,17.18850000000000,17.33160000000000,1.39360000000000,4.56950000000000,4.9354,NA,13575.2736,16.7379,15.3443,1.3936,15.9465,3.9673,3.8543,0.1130,-0.5655,13575.2736,23.2663,NA
gamemd.exe,18720,0x43D4320,D3D9,0,0,1,Hardware: Independent Flip,13607.0425,NA,16.42460000000000,16.18130000000000,1.58030000000000,4.55560000000000,4.6921,NA,13592.0115,16.6113,15.0310,1.5803,15.7255,3.8611,3.7416,0.1195,0.5566,13592.0115,23.7174,NA
gamemd.exe,18720,0x43D4320,D3D9,0,0,1,Hardware: Independent Flip,13623.9182,NA,16.87570000000000,17.38060000000000,1.80060000000000,5.02370000000000,5.1970,NA,13608.6228,17.0960,15.2954,1.8006,15.9414,4.3777,4.2585,0.1192,-0.7693,13608.6228,24.7485,NA
gamemd.exe,18720,0x43D4320,D3D9,0,0,1,Hardware: Independent Flip,13640.8681,NA,16.94990000000000,17.06760000000000,1.35520000000000,5.16620000000000,5.3147,NA,13625.7188,16.5045,15.1493,1.3552,15.7307,4.5848,4.3375,0.2473,0.0284,13625.7188,25.9165,NA
gamemd.exe,18720,0x43D4320,D3D9,0,0,1,Hardware: Independent Flip,13657.2288,NA,16.36070000000000,15.74410000000000,1.24000000000000,4.57160000000000,4.6981,NA,13642.2233,16.2455,15.0055,1.2400,15.5025,4.0746,3.9737,0.1009,0.7604,13642.2233,25.8599,NA
gamemd.exe,18720,0x43D4320,D3D9,0,0,1,Hardware: Independent Flip,13673.9690,NA,16.74020000000000,17.20100000000000,2.59300000000000,5.01240000000000,5.1589,NA,13658.4688,18.0932,15.5002,2.5930,16.3920,4.1206,4.0422,0.0784,-0.9555,13658.4688,27.0943,NA
gamemd.exe,18720,0x43D4320,D3D9,0,0,1,Hardware: Independent Flip,13690.1828,NA,16.21380000000000,16.23300000000000,2.62690000000000,5.05460000000000,5.1781,NA,13676.5620,16.2477,13.6208,2.6269,14.4359,4.2395,4.1718,0.0677,1.8602,13676.5620,27.3842,NA
gamemd.exe,18720,0x43D4320,D3D9,0,0,1,Hardware: Independent Flip,13707.3644,NA,17.18160000000000,16.87510000000000,2.12050000000000,4.72370000000000,4.8716,NA,13692.8097,16.6752,14.5547,2.1205,15.2980,3.9804,3.9094,0.0710,-0.6274,13692.8097,12.2485,NA
gamemd.exe,18720,0x43D4320,D3D9,0,0,1,Hardware: Independent Flip,13723.8292,NA,16.46480000000000,17.14570000000000,2.68860000000000,5.37100000000000,5.5525,NA,13709.4849,17.0329,14.3443,2.6886,15.5738,4.1415,4.0560,0.0855,-0.4705,13709.4849,13.3804,NA
gamemd.exe,18720,0x43D4320,D3D9,0,0,1,Hardware: Independent Flip,13740.7204,NA,16.89120000000000,16.33980000000000,2.42000000000000,4.86660000000000,5.0011,NA,13726.5178,16.6226,14.2026,2.4200,15.1200,3.9492,3.8661,0.0831,0.6931,13726.5178,13.7178,NA
gamemd.exe,18720,0x43D4320,D3D9,0,0,1,Hardware: Independent Flip,13757.0983,NA,16.37790000000000,16.38530000000000,2.40420000000000,4.88290000000000,5.0085,NA,13743.1404,16.3621,13.9579,2.4042,14.8764,3.9644,3.8720,0.0924,0.2373,13743.1404,14.0807,NA
gamemd.exe,18720,0x43D4320,D3D9,0,0,1,Hardware: Independent Flip,13773.6373,NA,16.53900000000000,16.58070000000000,1.77220000000000,4.92920000000000,5.0502,NA,13759.5025,15.9070,14.1348,1.7722,14.7475,4.3165,4.2025,0.1140,-0.2186,13759.5025,14.6502,NA
gamemd.exe,18720,0x43D4320,D3D9,0,0,1,Hardware: Independent Flip,13790.2153,NA,16.57800000000000,16.71430000000000,1.47090000000000,4.98750000000000,5.1865,NA,13775.4095,16.2767,14.8058,1.4709,15.4488,4.3445,4.2210,0.1235,-0.8073,13775.4095,15.4264,NA
gamemd.exe,18720,0x43D4320,D3D9,0,0,1,Hardware: Independent Flip,13807.7671,NA,17.55180000000000,17.91940000000000,1.46800000000000,5.41950000000000,5.5541,NA,13791.6862,17.5489,16.0809,1.4680,16.8000,4.7004,4.6061,0.0943,-1.6427,13791.6862,17.3233,NA
gamemd.exe,18720,0x43D4320,D3D9,0,0,1,Hardware: Independent Flip,13823.6094,NA,15.84230000000000,15.50220000000000,1.52160000000000,5.08200000000000,5.2140,NA,13809.2351,15.8959,14.3743,1.5216,15.0197,4.4366,3.9146,0.5220,2.0467,13809.2351,16.7811,NA
gamemd.exe,18720,0x43D4320,D3D9,0,0,1,Hardware: Independent Flip,13840.5414,NA,16.93200000000000,16.69860000000000,1.32200000000000,4.84530000000000,4.9806,NA,13825.1310,16.7324,15.4104,1.3220,16.0329,4.2228,4.0387,0.1841,-0.8027,13825.1310,17.5248,NA
gamemd.exe,18720,0x43D4320,D3D9,0,0,1,Hardware: Independent Flip,13857.3359,NA,16.79450000000000,16.36060000000000,1.26620000000000,4.42720000000000,4.5467,NA,13841.8634,16.7387,15.4725,1.2662,15.9660,3.9337,3.8403,0.0934,0.3718,13841.8634,17.7657,NA
gamemd.exe,18720,0x43D4320,D3D9,0,0,1,Hardware: Independent Flip,13874.2036,NA,16.86770000000000,18.00510000000000,1.38810000000000,5.47290000000000,5.6841,NA,13858.6021,16.9896,15.6015,1.3881,16.2001,4.8743,4.2717,0.6026,-1.2664,13858.6021,19.8823,NA
gamemd.exe,18720,0x43D4320,D3D9,0,0,1,Hardware: Independent Flip,13891.0971,NA,16.89350000000000,16.28610000000000,1.44450000000000,4.87110000000000,5.0767,NA,13875.5917,16.9499,15.5054,1.4445,16.1771,4.1994,3.7971,0.4023,0.7035,13875.5917,20.1429,NA
gamemd.exe,18720,0x43D4320,D3D9,0,0,1,Hardware: Independent Flip,13908.0909,NA,16.99380000000000,18.50900000000000,2.63780000000000,6.37080000000000,6.5919,NA,13892.5416,18.1871,15.5493,2.6378,17.3634,4.5567,4.0251,0.5316,-1.5591,13892.5416,22.6695,NA
gamemd.exe,18720,0x43D4320,D3D9,0,0,1,Hardware: Independent Flip,13924.9934,NA,16.90250000000000,15.56370000000000,1.31030000000000,5.02570000000000,5.2531,NA,13910.7287,15.5750,14.2647,1.3103,14.9177,4.3727,3.8304,0.5423,2.6234,13910.7287,22.1810,NA
gamemd.exe,18720,0x43D4320,D3D9,0,0,1,Hardware: Independent Flip,13940.2575,NA,15.26410000000000,14.79630000000000,1.51890000000000,4.61730000000000,4.7853,NA,13926.3037,15.4727,13.9538,1.5189,14.5987,3.9724,3.9073,0.0651,0.7787,13926.3037,20.6942,NA
gamemd.exe,18720,0x43D4320,D3D9,0,0,1,Hardware: Independent Flip,13957.0803,NA,16.82280000000000,16.46960000000000,1.51290000000000,4.23940000000000,4.4321,NA,13941.7764,16.8168,15.3039,1.5129,15.8356,3.7077,3.6592,0.0485,-0.9969,13941.7764,21.3647,NA
gamemd.exe,18720,0x43D4320,D3D9,0,0,1,Hardware: Independent Flip,13973.4965,NA,16.41620000000000,16.67320000000000,1.49690000000000,4.35100000000000,4.6891,NA,13958.5932,16.4002,14.9033,1.4969,15.4152,3.8391,3.7781,0.0610,0.1436,13958.5932,22.2070,NA
gamemd.exe,18720,0x43D4320,D3D9,0,0,1,Hardware: Independent Flip,13990.3294,NA,16.83290000000000,16.87930000000000,1.79450000000000,4.54610000000000,4.7355,NA,13974.9934,17.1305,15.3360,1.7945,15.8745,4.0076,3.9252,0.0824,-0.4791,13974.9934,23.0604,NA
gamemd.exe,18720,0x43D4320,D3D9,0,0,1,Hardware: Independent Flip,14007.7318,NA,17.40240000000000,18.21690000000000,1.49360000000000,5.35700000000000,5.5500,NA,13992.1239,17.1015,15.6079,1.4936,16.2981,4.6668,4.0227,0.6441,-1.0864,13992.1239,24.8609,NA
gamemd.exe,18720,0x43D4320,D3D9,0,0,1,Hardware: Independent Flip,14023.4571,NA,15.72530000000000,14.90780000000000,1.68230000000000,4.55280000000000,4.7325,NA,14009.2254,15.9140,14.2317,1.6823,14.9218,3.8627,3.7288,0.1339,2.1937,14009.2254,24.1402,NA
gamemd.exe,18720,0x43D4320,D3D9,0,0,1,Hardware: Independent Flip,14040.2943,NA,16.83720000000000,16.88140000000000,1.20300000000000,4.62110000000000,4.7767,NA,14025.1394,16.3579,15.1549,1.2030,15.6414,4.1346,4.0336,0.1010,-0.9674,14025.1394,24.6482,NA
gamemd.exe,18720,0x43D4320,D3D9,0,0,1,Hardware: Independent Flip,14056.8502,NA,16.55590000000000,16.45010000000000,1.40940000000000,4.52070000000000,4.6709,NA,14041.4973,16.7623,15.3529,1.4094,15.9481,3.9255,3.8258,0.0997,-0.0922,14041.4973,25.5297,NA
gamemd.exe,18720,0x43D4320,D3D9,0,0,1,Hardware: Independent Flip,14073.6354,NA,16.78520000000000,17.31410000000000,1.86020000000000,5.07120000000000,5.1998,NA,14058.2596,17.2360,15.3758,1.8602,16.1298,4.3172,4.2264,0.0908,-0.5518,14058.2596,10.8266,NA
gamemd.exe,18720,0x43D4320,D3D9,0,0,1,Hardware: Independent Flip,14090.4165,NA,16.78110000000000,16.83720000000000,1.45600000000000,5.04820000000000,5.2559,NA,14075.4956,16.3769,14.9209,1.4560,15.5066,4.4625,4.3714,0.0911,0.3988,14075.4956,NA,NA
gamemd.exe,18720,0x43D4320,D3D9,0,0,1,Hardware: Independent Flip,14107.6957,NA,17.27920000000000,17.76580000000000,1.61350000000000,5.57290000000000,5.7425,NA,14091.8725,17.4367,15.8232,1.6135,16.4463,4.9498,4.1859,0.7639,-1.3889,14091.8725,13.4646,NA
gamemd.exe,18720,0x43D4320,D3D9,0,0,1,Hardware: Independent Flip,14123.9659,NA,16.27020000000000,15.61220000000000,2.35070000000000,4.94490000000000,5.0845,NA,14109.3092,17.0074,14.6567,2.3507,15.4359,4.1657,4.0452,0.1205,1.8245,14109.3092,NA,NA
gamemd.exe,18720,0x43D4320,D3D9,0,0,1,Hardware: Independent Flip,14140.1969,NA,16.23100000000000,15.95970000000000,1.44780000000000,4.66690000000000,4.8132,NA,14126.3166,15.3281,13.8803,1.4478,14.4634,4.0838,3.9829,0.1009,1.0477,14126.3166,29.0337,NA
gamemd.exe,18720,0x43D4320,D3D9,0,0,1,Hardware: Independent Flip,14157.1958,NA,16.99890000000000,17.17250000000000,2.08180000000000,4.87470000000000,4.9868,NA,14141.6447,17.6329,15.5511,2.0818,16.3665,4.0593,3.9518,0.1075,-1.8444,14141.6447,NA,NA
gamemd.exe,18720,0x43D4320,D3D9,0,0,1,Hardware: Independent Flip,14173.8798,NA,16.68400000000000,16.83490000000000,2.02580000000000,4.97790000000000,5.1377,NA,14159.2776,16.6280,14.6022,2.0258,15.6005,3.9796,3.9204,0.0592,0.7980,14159.2776,6.9206,22.8600
gamemd.exe,18720,0x43D4320,D3D9,0,0,1,Hardware: Independent Flip,14192.2010,NA,18.32120000000000,19.16750000000000,1.61300000000000,5.74820000000000,5.9840,NA,14175.9056,17.9084,16.2954,1.6130,16.9971,5.0465,4.3248,0.7217,-2.5395,14175.9056,18.2074,NA
gamemd.exe,18720,0x43D4320,D3D9,0,0,1,Hardware: Independent Flip,14206.8560,NA,14.65500000000000,15.15810000000000,2.43410000000000,6.26470000000000,6.4871,NA,14193.8140,15.4761,13.0420,2.4341,14.6239,4.6828,4.1188,0.5640,2.7503,14193.8140,17.2400,NA
gamemd.exe,18720,0x43D4320,D3D9,0,0,1,Hardware: Independent Flip,14225.2310,NA,18.37500000000000,17.62730000000000,1.75830000000000,5.54890000000000,5.7394,NA,14209.2901,17.6992,15.9409,1.7583,16.7888,4.7010,4.2177,0.4833,-2.1512,14209.2901,18.9315,NA
gamemd.exe,18720,0x43D4320,D3D9,0,0,1,Hardware: Independent Flip,14241.5026,NA,16.27160000000000,16.12300000000000,1.49740000000000,5.39590000000000,5.5908,NA,14226.9893,16.0107,14.5133,1.4974,15.1431,4.7661,4.1326,0.6335,1.5762,14226.9893,19.0308,NA
gamemd.exe,18720,0x43D4320,D3D9,0,0,1,Hardware: Independent Flip,14257.6776,NA,16.17500000000000,15.66030000000000,1.44580000000000,4.93180000000000,5.0761,NA,14243.0000,16.1234,14.6776,1.4458,15.4175,4.1919,4.0711,0.1208,0.3504,14243.0000,18.7421,NA
gamemd.exe,18720,0x43D4320,D3D9,0,0,1,Hardware: Independent Flip,14274.8938,NA,17.21620000000000,17.82900000000000,1.52590000000000,5.41950000000000,5.6889,NA,14259.1234,17.2963,15.7704,1.5259,16.5008,4.6891,4.2771,0.4120,-1.7056,14259.1234,20.5544,NA
gamemd.exe,18720,0x43D4320,D3D9,0,0,1,Hardware: Independent Flip,14289.9924,NA,15.09860000000000,14.39170000000000,1.19840000000000,4.75600000000000,4.9820,NA,14276.4197,14.7711,13.5727,1.1984,14.1160,4.2127,3.8308,0.3819,2.9046,14276.4197,18.9960,NA
gamemd.exe,18720,0x43D4320,D3D9,0,0,1,Hardware: Independent Flip,14306.8498,NA,16.85740000000000,17.22240000000000,1.25510000000000,5.14310000000000,5.3470,NA,14291.1908,16.9141,15.6590,1.2551,16.2220,4.5801,4.1163,0.4638,-2.4513,14291.1908,20.1915,NA
gamemd.exe,18720,0x43D4320,D3D9,0,0,1,Hardware: Independent Flip,14323.5653,NA,16.71550000000000,17.50490000000000,1.51020000000000,5.93360000000000,6.1364,NA,14308.1049,16.9706,15.4604,1.5102,16.0433,5.3507,4.6407,0.7100,-0.5908,14308.1049,21.6942,NA
gamemd.exe,18720,0x43D4320,D3D9,0,0,1,Hardware: Independent Flip,14340.4486,NA,16.88330000000000,17.36640000000000,1.87540000000000,6.42790000000000,6.6195,NA,14325.0755,17.2485,15.3731,1.8754,16.1714,5.6296,4.9776,0.6520,-0.3958,14325.0755,23.0258,NA
gamemd.exe,18720,0x43D4320,D3D9,0,0,1,Hardware: Independent Flip,14357.2109,NA,16.76230000000000,16.60620000000000,3.34860000000000,6.25040000000000,6.4634,NA,14342.3240,18.2355,14.8869,3.3486,15.9752,5.1621,4.7417,0.4204,0.6423,14342.3240,23.6176,NA
gamemd.exe,18720,0x43D4320,D3D9,0,0,1,Hardware: Independent Flip,14375.2443,NA,18.03340000000000,18.09250000000000,2.14210000000000,6.30700000000000,6.5225,NA,14360.5595,16.8269,14.6848,2.1421,15.8956,5.0962,4.1735,0.9227,0.1430,14360.5595,25.7770,NA
gamemd.exe,18720,0x43D4320,D3D9,0,0,1,Hardware: Independent Flip,14390.3594,NA,15.11510000000000,13.16470000000000,1.16130000000000,4.37660000000000,4.5721,NA,14377.3864,14.1343,12.9730,1.1613,13.5053,3.8443,3.7636,0.0807,3.6622,14377.3864,22.7733,NA
gamemd.exe,18720,0x43D4320,D3D9,0,0,1,Hardware: Independent Flip,14407.1192,NA,16.75980000000000,17.53710000000000,1.90930000000000,5.13830000000000,5.3494,NA,14391.5207,17.5078,15.5985,1.9093,16.2405,4.4963,4.3937,0.1026,-3.4028,14391.5207,24.4912,NA
gamemd.exe,18720,0x43D4320,D3D9,0,0,1,Hardware: Independent Flip,14424.2690,NA,17.14980000000000,16.56060000000000,1.44880000000000,4.53560000000000,4.7602,NA,14409.0285,16.6893,15.2405,1.4488,15.8943,3.8818,3.7979,0.0839,0.9472,14409.0285,32.9956,NA
gamemd.exe,18720,0x43D4320,D3D9,0,0,1,Hardware: Independent Flip,14441.3422,NA,17.07320000000000,17.95620000000000,1.37140000000000,5.31030000000000,5.6432,NA,14425.7178,16.9958,15.6244,1.3714,16.2076,4.7271,4.2207,0.5064,-1.2669,14425.7178,NA,NA
gamemd.exe,18720,0x43D4320,D3D9,0,0,1,Hardware: Independent Flip,14457.8958,NA,16.55360000000000,17.15320000000000,1.96090000000000,5.97300000000000,6.2428,NA,14442.7136,17.1431,15.1822,1.9609,16.2141,4.9411,4.2960,0.6451,-0.1574,14442.7136,NA,NA
gamemd.exe,18720,0x43D4320,D3D9,0,0,1,Hardware: Independent Flip,14474.2100,NA,16.31420000000000,15.72840000000000,1.51420000000000,5.46380000000000,5.6570,NA,14459.8567,15.8675,14.3533,1.5142,14.9639,4.8532,4.3311,0.5221,1.4147,14459.8567,NA,NA
gamemd.exe,18720,0x43D4320,D3D9,0,0,1,Hardware: Independent Flip,14490.3500,NA,16.14000000000000,16.40180000000000,2.21220000000000,5.27440000000000,5.9188,NA,14475.7242,16.8380,14.6258,2.2122,15.4552,4.4450,4.3494,0.0956,-0.5343,14475.7242,12.2800,NA
gamemd.exe,18720,0x43D4320,D3D9,0,0,1,Hardware: Independent Flip,14507.7946,NA,17.44460000000000,18.12690000000000,2.05310000000000,6.37480000000000,6.6011,NA,14492.5622,17.2855,15.2324,2.0531,16.5243,5.0829,4.4645,0.6184,-1.2889,14492.5622,14.3959,NA
gamemd.exe,18720,0x43D4320,D3D9,0,0,1,Hardware: Independent Flip,14524.8722,NA,17.07760000000000,16.17250000000000,1.41450000000000,5.42630000000000,5.6960,NA,14509.8477,16.4390,15.0245,1.4145,15.5996,4.8512,4.3225,0.5287,1.1130,14509.8477,14.5760,NA
gamemd.exe,18720,0x43D4320,D3D9,0,0,1,Hardware: Independent Flip,14541.2333,NA,16.36110000000000,16.45200000000000,1.50870000000000,5.55920000000000,5.7869,NA,14526.2867,16.4553,14.9466,1.5087,15.6099,4.8959,4.2744,0.6215,-0.0130,14526.2867,14.9983,NA
gamemd.exe,18720,0x43D4320,D3D9,0,0,1,Hardware: Independent Flip,14557.0085,NA,15.77520000000000,15.35420000000000,1.84810000000000,5.22180000000000,5.3659,NA,14542.7420,16.1146,14.2665,1.8481,15.1097,4.3786,4.2556,0.1230,1.1011,14542.7420,14.3692,NA
gamemd.exe,18720,0x43D4320,D3D9,0,0,1,Hardware: Independent Flip,14573.8604,NA,16.85190000000000,16.31840000000000,1.76350000000000,4.68420000000000,4.8324,NA,14558.8566,16.7673,15.0038,1.7635,15.6888,3.9992,3.8836,0.1156,-0.2038,14558.8566,14.7281,NA
gamemd.exe,18720,0x43D4320,D3D9,0,0,1,Hardware: Independent Flip,14590.4814,NA,16.62100000000000,16.79710000000000,1.54690000000000,4.88490000000000,5.0085,NA,14575.6239,16.4044,14.8575,1.5469,15.6111,4.1313,3.9902,0.1411,-0.0298,14575.6239,15.5276,NA
gamemd.exe,18720,0x43D4320,D3D9,0,0,1,Hardware: Independent Flip,14607.6565,NA,17.17510000000000,17.06540000000000,1.26870000000000,4.72660000000000,4.8988,NA,14592.0283,16.8969,15.6282,1.2687,16.1779,4.1769,4.0370,0.1399,-0.6610,14592.0283,NA,NA
gamemd.exe,18720,0x43D4320,D3D9,0,0,1,Hardware: Independent Flip,14624.6824,NA,17.02590000000000,17.97510000000000,1.62900000000000,5.56990000000000,5.8480,NA,14608.9252,17.3862,15.7572,1.6290,16.5263,4.8008,4.0080,0.7928,-1.0782,14608.9252,26.4449,NA
gamemd.exe,18720,0x43D4320,D3D9,0,0,1,Hardware: Independent Flip,14641.3685,NA,16.68610000000000,16.03000000000000,1.43790000000000,5.00200000000000,5.1919,NA,14626.3114,16.4950,15.0571,1.4379,15.7679,4.2912,3.8643,0.4269,1.3562,14626.3114,NA,NA
gamemd.exe,18720,0x43D4320,D3D9,0,0,1,Hardware: Independent Flip,14657.0418,NA,15.67330000000000,15.38250000000000,1.44160000000000,4.71010000000000,4.9011,NA,14642.8064,15.6770,14.2354,1.4416,14.9581,3.9874,3.9075,0.0799,1.1125,14642.8064,25.9460,25.9460
gamemd.exe,18720,0x43D4320,D3D9,0,0,1,Hardware: Independent Flip,14673.6788,NA,16.63700000000000,16.64770000000000,1.80940000000000,4.76450000000000,4.9118,NA,14658.4834,17.0048,15.1954,1.8094,15.8986,4.0613,3.9829,0.0784,-0.9707,14658.4834,18.5815,NA
gamemd.exe,18720,0x43D4320,D3D9,0,0,1,Hardware: Independent Flip,14690.7864,NA,17.10760000000000,17.63660000000000,1.26620000000000,5.20700000000000,5.4408,NA,14675.4882,16.5644,15.2982,1.2662,15.9149,4.5903,4.1181,0.4722,-0.6318,14675.4882,20.2273,NA
gamemd.exe,18720,0x43D4320,D3D9,0,0,1,Hardware: Independent Flip,14706.9772,NA,16.19080000000000,15.88290000000000,2.64540000000000,4.93270000000000,5.1329,NA,14692.0526,17.5700,14.9246,2.6454,15.6806,4.1767,4.0687,0.1080,0.6815,14692.0526,20.1408,NA
gamemd.exe,18720,0x43D4320,D3D9,0,0,1,Hardware: Independent Flip,14724.1752,NA,17.19800000000000,17.37770000000000,1.48260000000000,5.11550000000000,5.3126,NA,14709.6226,16.0352,14.5526,1.4826,15.2698,4.3983,3.8827,0.5156,0.1923,14709.6226,21.4905,NA
gamemd.exe,18720,0x43D4320,D3D9,0,0,1,Hardware: Independent Flip,14740.5266,NA,16.35140000000000,16.13140000000000,1.34890000000000,4.96220000000000,5.0926,NA,14725.6578,16.2177,14.8688,1.3489,15.5121,4.3189,3.8115,0.5074,-0.0962,14725.6578,21.5910,NA
gamemd.exe,18720,0x43D4320,D3D9,0,0,1,Hardware: Independent Flip,14756.9606,NA,16.43400000000000,16.04720000000000,1.71250000000000,4.57670000000000,4.7058,NA,14741.8755,16.7976,15.0851,1.7125,15.8869,3.7749,3.6699,0.1050,0.1705,14741.8755,21.6410,NA
gamemd.exe,18720,0x43D4320,D3D9,0,0,1,Hardware: Independent Flip,14773.7958,NA,16.83520000000000,16.88150000000000,1.79990000000000,4.61460000000000,4.7521,NA,14758.6731,16.9226,15.1227,1.7999,15.8373,3.9000,3.8348,0.0652,-0.0839,14758.6731,22.4965,NA
gamemd.exe,18720,0x43D4320,D3D9,0,0,1,Hardware: Independent Flip,14790.6604,NA,16.86460000000000,17.24210000000000,1.25240000000000,4.96050000000000,5.1296,NA,14775.5957,16.3171,15.0647,1.2524,15.6354,4.3898,3.8302,0.5596,-0.3195,14775.5957,23.7829,NA
gamemd.exe,18720,0x43D4320,D3D9,0,0,1,Hardware: Independent Flip,14807.0351,NA,16.37470000000000,16.49410000000000,1.71330000000000,5.03870000000000,5.2490,NA,14791.9128,16.8356,15.1223,1.7133,15.7923,4.3687,4.2820,0.0867,-0.1770,14791.9128,24.1758,NA
gamemd.exe,18720,0x43D4320,D3D9,0,0,1,Hardware: Independent Flip,14825.0869,NA,18.05180000000000,18.63610000000000,1.57600000000000,5.59870000000000,5.8333,NA,14808.7484,17.9145,16.3385,1.5760,17.1018,4.8354,4.2867,0.5487,-1.8005,14808.7484,26.6645,NA
gamemd.exe,18720,0x43D4320,D3D9,0,0,1,Hardware: Independent Flip,14840.4521,NA,15.36520000000000,14.53670000000000,1.69280000000000,4.84430000000000,5.0048,NA,14826.6629,15.4820,13.7892,1.6928,14.4957,4.1378,4.0308,0.1070,3.3778,14826.6629,25.4502,NA
gamemd.exe,18720,0x43D4320,D3D9,0,0,1,Hardware: Independent Flip,14856.6454,NA,16.19330000000000,16.14550000000000,2.27090000000000,4.81410000000000,4.9570,NA,14842.1449,16.7714,14.5005,2.2709,15.2356,4.0790,3.9693,0.1097,-0.6635,14842.1449,25.5704,NA
gamemd.exe,18720,0x43D4320,D3D9,0,0,1,Hardware: Independent Flip,14874.0174,NA,17.37200000000000,17.48690000000000,2.18830000000000,4.95860000000000,5.0719,NA,14858.9163,17.2894,15.1011,2.1883,16.0831,3.9766,3.9008,0.0758,-0.7155,14858.9163,11.0875,19.0777
gamemd.exe,18720,0x43D4320,D3D9,0,0,1,Hardware: Independent Flip,14890.4834,NA,16.46600000000000,16.13470000000000,1.79820000000000,4.60320000000000,4.7406,NA,14876.2057,16.0759,14.2777,1.7982,15.1831,3.6978,3.6184,0.0794,1.1547,14876.2057,NA,NA
gamemd.exe,18720,0x43D4320,D3D9,0,0,1,Hardware: Independent Flip,14907.4352,NA,16.95180000000000,18.16240000000000,1.61030000000000,5.78250000000000,5.9512,NA,14892.2816,16.7639,15.1536,1.6103,16.0340,4.9021,4.3179,0.5842,-2.0865,14892.2816,NA,NA
gamemd.exe,18720,0x43D4320,D3D9,0,0,1,Hardware: Independent Flip,14924.6180,NA,17.18280000000000,16.92670000000000,1.62500000000000,5.47060000000000,5.6951,NA,14909.0455,17.1975,15.5725,1.6250,16.2255,4.8176,4.2312,0.5864,-0.1628,14909.0455,NA,NA
gamemd.exe,18720,0x43D4320,D3D9,0,0,1,Hardware: Independent Flip,14941.2841,NA,16.66610000000000,16.59610000000000,1.68540000000000,5.33770000000000,5.6251,NA,14926.2430,16.7265,15.0411,1.6854,15.8533,4.5255,4.1315,0.3940,0.6014,14926.2430,NA,NA
gamemd.exe,18720,0x43D4320,D3D9,0,0,1,Hardware: Independent Flip,14957.2706,NA,15.98650000000000,15.87370000000000,1.47110000000000,5.31930000000000,5.5123,NA,14942.9695,15.7722,14.3011,1.4711,14.9693,4.6511,4.2821,0.3690,0.8528,14942.9695,14.8042,14.8042
gamemd.exe,18720,0x43D4320,D3D9,0,0,1,Hardware: Independent Flip,14974.7361,NA,17.46550000000000,17.55330000000000,1.54500000000000,5.34030000000000,5.6001,NA,14958.7417,17.5394,15.9944,1.5450,16.7258,4.6089,4.1373,0.4716,-1.7811,14958.7417,NA,NA
gamemd.exe,18720,0x43D4320,D3D9,0,0,1,Hardware: Independent Flip,14991.0603,NA,16.32420000000000,16.34750000000000,1.64590000000000,5.41140000000000,5.6234,NA,14976.2811,16.4251,14.7792,1.6459,15.5553,4.6353,4.1946,0.4407,1.1919,14976.2811,NA,NA
gamemd.exe,18720,0x43D4320,D3D9,0,0,1,Hardware: Independent Flip,15007.9992,NA,16.93890000000000,16.87470000000000,1.39790000000000,5.34240000000000,5.5592,NA,14992.7062,16.6909,15.2930,1.3979,15.9359,4.6995,4.2988,0.4007,-0.4496,14992.7062,NA,NA
gamemd.exe,18720,0x43D4320,D3D9,0,0,1,Hardware: Independent Flip,15025.1659,NA,17.16670000000000,17.17850000000000,1.93270000000000,5.36960000000000,5.5710,NA,15009.3971,17.7015,15.7688,1.9327,16.7244,4.4140,3.9475,0.4665,-0.4876,15009.3971,NA,NA
gamemd.exe,18720,0x43D4320,D3D9,0,0,1,Hardware: Independent Flip,15041.2586,NA,16.09270000000000,15.67800000000000,1.48600000000000,4.99570000000000,5.1563,NA,15027.0986,15.6460,14.1600,1.4860,14.8351,4.3206,3.8419,0.4787,2.0235,15027.0986,NA,NA
gamemd.exe,18720,0x43D4320,D3D9,0,0,1,Hardware: Independent Flip,15057.7832,NA,16.52460000000000,16.35840000000000,1.45500000000000,4.87200000000000,4.9901,NA,15042.7446,16.4936,15.0386,1.4550,15.7403,4.1703,3.8241,0.3462,-0.7124,15042.7446,NA,NA
gamemd.exe,18720,0x43D4320,D3D9,0,0,1,Hardware: Independent Flip,15073.5018,NA,15.71860000000000,15.94620000000000,1.34690000000000,5.05470000000000,5.2177,NA,15059.2382,15.6105,14.2636,1.3469,14.9165,4.4018,3.8323,0.5695,0.5474,15059.2382,NA,NA
gamemd.exe,18720,0x43D4320,D3D9,0,0,1,Hardware: Independent Flip,15090.9164,NA,17.41460000000000,17.66860000000000,1.44940000000000,5.25770000000000,5.4717,NA,15074.8487,17.5171,16.0677,1.4494,16.6456,4.6798,4.0276,0.6522,-2.0581,15074.8487,NA,NA
gamemd.exe,18720,0x43D4320,D3D9,0,0,1,Hardware: Independent Flip,15107.9859,NA,17.06950000000000,16.38360000000000,1.53960000000000,4.67380000000000,4.7858,NA,15092.3658,17.1597,15.6201,1.5396,16.2864,4.0075,3.9311,0.0764,1.1335,15092.3658,NA,NA
gamemd.exe,18720,0x43D4320,D3D9,0,0,1,Hardware: Independent Flip,15123.8143,NA,15.82840000000000,17.00110000000000,2.24550000000000,5.75450000000000,5.9585,NA,15109.5255,16.5343,14.2888,2.2455,15.7660,4.2773,3.8530,0.4243,0.1586,15109.5255,29.7989,29.7989
gamemd.exe,18720,0x43D4320,D3D9,0,0,1,Hardware: Independent Flip,15140.4065,NA,16.59220000000000,15.34340000000000,1.88440000000000,4.56750000000000,4.7097,NA,15126.0598,16.2311,14.3467,1.8844,15.1427,3.7715,3.6701,0.1014,1.1909,15126.0598,NA,NA
gamemd.exe,18720,0x43D4320,D3D9,0,0,1,Hardware: Independent Flip,15157.2086,NA,16.80210000000000,16.79810000000000,1.67630000000000,4.58820000000000,4.7057,NA,15142.2909,16.5940,14.9177,1.6763,15.6179,3.8880,3.8351,0.0529,-0.5670,15142.2909,NA,NA
gamemd.exe,18720,0x43D4320,D3D9,0,0,1,Hardware: Independent Flip,15173.6902,NA,16.48160000000000,16.32750000000000,1.54990000000000,4.36910000000000,4.5516,NA,15158.8849,16.3552,14.8053,1.5499,15.3732,3.8012,3.7518,0.0494,0.2665,15158.8849,NA,NA
gamemd.exe,18720,0x43D4320,D3D9,0,0,1,Hardware: Independent Flip,15190.2063,NA,16.51610000000000,16.49880000000000,1.54930000000000,4.38280000000000,4.5343,NA,15175.2401,16.5155,14.9662,1.5493,15.4786,3.8704,3.8185,0.0519,-0.1436,15175.2401,NA,NA
gamemd.exe,18720,0x43D4320,D3D9,0,0,1,Hardware: Independent Flip,15206.7446,NA,16.53830000000000,16.95060000000000,1.41030000000000,4.73380000000000,4.9466,NA,15191.7556,16.3993,14.9890,1.4103,15.4671,4.2557,4.1898,0.0659,-0.4351,15191.7556,31.7268,31.7268
gamemd.exe,18720,0x43D4320,D3D9,0,0,1,Hardware: Independent Flip,15224.1219,NA,17.37730000000000,18.12530000000000,1.58080000000000,5.52640000000000,5.6946,NA,15208.1549,17.5478,15.9670,1.5808,16.7991,4.6943,4.4434,0.2509,-1.7260,15208.1549,25.3235,NA
gamemd.exe,18720,0x43D4320,D3D9,0,0,1,Hardware: Independent Flip,15240.5713,NA,16.44940000000000,15.77430000000000,1.80250000000000,4.86160000000000,5.0195,NA,15225.7027,16.6711,14.8686,1.8025,15.6370,4.0932,3.9532,0.1400,1.7735,15225.7027,25.5337,NA
gamemd.exe,18720,0x43D4320,D3D9,0,0,1,Hardware: Independent Flip,15256.9623,NA,16.39100000000000,16.25450000000000,1.70520000000000,4.75210000000000,4.8830,NA,15242.3738,16.2937,14.5885,1.7052,15.4403,3.9003,3.8010,0.0993,0.4166,15242.3738,25.7969,NA
gamemd.exe,18720,0x43D4320,D3D9,0,0,1,Hardware: Independent Flip,15273.4444,NA,16.48210000000000,16.58870000000000,2.12440000000000,4.85820000000000,4.9896,NA,15258.6675,16.9013,14.7769,2.1244,15.6267,4.0084,3.9181,0.0903,-0.2950,15258.6675,26.3895,NA
gamemd.exe,18720,0x43D4320,D3D9,0,0,1,Hardware: Independent Flip,15289.9613,NA,16.51690000000000,16.56200000000000,1.64910000000000,4.90070000000000,5.0347,NA,15275.5688,16.0416,14.3925,1.6491,14.9137,4.3795,4.2707,0.1088,0.3393,15275.5688,26.9904,NA
gamemd.exe,18720,0x43D4320,D3D9,0,0,1,Hardware: Independent Flip,15306.6649,NA,16.70360000000000,17.07410000000000,1.76960000000000,5.21930000000000,5.4052,NA,15291.6104,16.8241,15.0545,1.7696,15.6544,4.6194,4.4905,0.1289,-1.0325,15291.6104,12.0844,NA
gamemd.exe,18720,0x43D4320,D3D9,0,0,1,Hardware: Independent Flip,15324.3610,NA,17.69610000000000,17.82540000000000,1.46520000000000,5.34570000000000,5.5345,NA,15308.4345,17.3917,15.9265,1.4652,16.5890,4.6832,4.2381,0.4451,-1.0013,15308.4345,13.8869,NA
gamemd.exe,18720,0x43D4320,D3D9,0,0,1,Hardware: Independent Flip,15340.5700,NA,16.20900000000000,15.88590000000000,1.69810000000000,5.04630000000000,5.2114,NA,15325.8262,16.4419,14.7438,1.6981,15.4088,4.3813,4.2825,0.0988,1.5058,15325.8262,13.7782,NA
gamemd.exe,18720,0x43D4320,D3D9,0,0,1,Hardware: Independent Flip,15357.3089,NA,16.73890000000000,16.35550000000000,2.34960000000000,4.71010000000000,4.8280,NA,15342.2681,17.3904,15.0408,2.3496,15.7484,4.0025,3.9310,0.0715,0.0864,15342.2681,6.1454,NA
gamemd.exe,18720,0x43D4320,D3D9,0,0,1,Hardware: Independent Flip,15373.5588,NA,16.24990000000000,16.45660000000000,1.94080000000000,4.90900000000000,5.0347,NA,15359.6585,15.8411,13.9003,1.9408,14.7492,4.0601,3.9778,0.0823,0.9338,15359.6585,6.2045,NA
gamemd.exe,18720,0x43D4320,D3D9,0,0,1,Hardware: Independent Flip,15390.0998,NA,16.54100000000000,16.43610000000000,1.79600000000000,4.76940000000000,4.9298,NA,15375.4996,16.3962,14.6002,1.7960,15.2369,4.1327,4.0430,0.0897,-0.5950,15375.4996,NA,NA
gamemd.exe,18720,0x43D4320,D3D9,0,0,1,Hardware: Independent Flip,15407.6682,NA,17.56840000000000,18.19750000000000,1.54110000000000,5.36070000000000,5.5589,NA,15391.8958,17.3135,15.7724,1.5411,16.3906,4.7425,4.0911,0.6514,-1.8013,15391.8958,17.2615,NA
gamemd.exe,18720,0x43D4320,D3D9,0,0,1,Hardware: Independent Flip,15423.7020,NA,16.03380000000000,15.21780000000000,1.42990000000000,4.54600000000000,4.7429,NA,15409.2093,15.9226,14.4927,1.4299,15.1748,3.8639,3.7847,0.0792,2.0957,15409.2093,16.4224,NA
gamemd.exe,18720,0x43D4320,D3D9,0,0,1,Hardware: Independent Flip,15441.1045,NA,17.40250000000000,17.50950000000000,1.38260000000000,4.72390000000000,4.8499,NA,15425.1319,17.3552,15.9726,1.3826,16.4580,4.2385,4.1372,0.1013,-1.5869,15425.1319,17.8858,25.3559
gamemd.exe,18720,0x43D4320,D3D9,0,0,1,Hardware: Independent Flip,15457.4135,NA,16.30900000000000,16.54700000000000,2.18830000000000,4.87640000000000,5.0879,NA,15442.4871,17.1147,14.9264,2.1883,15.7333,4.0695,4.0001,0.0694,0.8082,15442.4871,18.5134,NA
gamemd.exe,18720,0x43D4320,D3D9,0,0,1,Hardware: Independent Flip,15475.1711,NA,17.75760000000000,18.01700000000000,1.31940000000000,5.18770000000000,5.3473,NA,15459.6018,16.8887,15.5693,1.3194,16.0496,4.7074,3.8584,0.8490,-0.9023,15459.6018,20.4985,NA
gamemd.exe,18720,0x43D4320,D3D9,0,0,1,Hardware: Independent Flip,15491.4033,NA,16.23220000000000,16.18230000000000,1.51250000000000,5.12530000000000,5.2974,NA,15476.4905,16.4253,14.9128,1.5125,15.5560,4.4821,3.9394,0.5427,0.7064,15476.4905,20.7419,NA
gamemd.exe,18720,0x43D4320,D3D9,0,0,1,Hardware: Independent Flip,15508.1094,NA,16.70610000000000,16.66350000000000,1.59080000000000,5.11810000000000,5.2548,NA,15492.9158,16.7844,15.1936,1.5908,16.0378,4.2739,4.1282,0.1457,-0.2382,15492.9158,21.3222,NA
gamemd.exe,18720,0x43D4320,D3D9,0,0,1,Hardware: Independent Flip,15523.7193,NA,15.60990000000000,15.31480000000000,2.31750000000000,4.84500000000000,4.9597,NA,15509.7002,16.3366,14.0191,2.3175,14.9574,3.9067,3.8214,0.0853,1.4696,15509.7002,20.6587,NA
gamemd.exe,18720,0x43D4320,D3D9,0,0,1,Hardware: Independent Flip,15540.2321,NA,16.51280000000000,16.40370000000000,1.63270000000000,4.66910000000000,4.8506,NA,15526.0368,15.8280,14.1953,1.6327,14.9586,3.9058,3.8213,0.0845,-0.0671,15526.0368,21.0423,NA
gamemd.exe,18720,0x43D4320,D3D9,0,0,1,Hardware: Independent Flip,15557.0981,NA,16.86600000000000,16.73930000000000,2.05110000000000,4.56470000000000,4.7239,NA,15541.8648,17.2844,15.2333,2.0511,15.9744,3.8236,3.7427,0.0809,-0.9113,15541.8648,21.8089,NA
gamemd.exe,18720,0x43D4320,D3D9,0,0,1,Hardware: Independent Flip,15573.8354,NA,16.73730000000000,17.16550000000000,1.38750000000000,4.97870000000000,5.1521,NA,15559.1492,16.0737,14.6862,1.3875,15.2439,4.4210,4.3260,0.0950,0.1189,15559.1492,23.0152,NA
gamemd.exe,18720,0x43D4320,D3D9,0,0,1,Hardware: Independent Flip,15590.5826,NA,16.74720000000000,16.52140000000000,1.75870000000000,4.77560000000000,4.9263,NA,15575.2229,17.1184,15.3597,1.7587,16.1052,4.0301,3.9553,0.0748,-0.4477,15575.2229,23.2553,31.5218
gamemd.exe,18720,0x43D4320,D3D9,0,0,1,Hardware: Independent Flip,15606.8136,NA,16.23100000000000,17.10410000000000,1.35860000000000,5.55080000000000,5.7994,NA,15592.3413,15.8309,14.4723,1.3586,15.0563,4.9668,4.2637,0.7031,0.0143,15592.3413,32.6455,NA
gamemd.exe,18720,0x43D4320,D3D9,0,0,1,Hardware: Independent Flip,15624.5935,NA,17.77990000000000,17.52040000000000,1.42390000000000,5.20870000000000,5.5399,NA,15608.1722,17.8452,16.4213,1.4239,17.0328,4.5972,4.1347,0.4625,-1.6895,15608.1722,18.0890,NA
gamemd.exe,18720,0x43D4320,D3D9,0,0,1,Hardware: Independent Flip,15640.3212,NA,15.72770000000000,15.49180000000000,1.34470000000000,5.14550000000000,5.3040,NA,15626.0174,15.6485,14.3038,1.3447,14.9501,4.4992,4.3749,0.1243,2.3534,15626.0174,25.6289,NA
gamemd.exe,18720,0x43D4320,D3D9,0,0,1,Hardware: Independent Flip,15657.1982,NA,16.87700000000000,16.11500000000000,1.65710000000000,4.37800000000000,4.5420,NA,15641.6659,17.1894,15.5323,1.6571,16.0513,3.8590,3.7919,0.0671,-0.4665,15641.6659,25.7473,NA
gamemd.exe,18720,0x43D4320,D3D9,0,0,1,Hardware: Independent Flip,15673.7760,NA,16.57780000000000,16.78310000000000,1.84800000000000,4.58040000000000,4.7473,NA,15658.8553,16.7687,14.9207,1.8480,15.4148,4.0863,3.9976,0.0887,0.4063,15658.8553,26.5242,NA
gamemd.exe,18720,0x43D4320,D3D9,0,0,1,Hardware: Independent Flip,15690.2400,NA,16.46400000000000,17.02150000000000,1.79540000000000,5.12370000000000,5.3048,NA,15675.6240,16.4114,14.6160,1.7954,15.3955,4.3442,4.2658,0.0784,-0.2528,15675.6240,11.5695,NA
gamemd.exe,18720,0x43D4320,D3D9,0,0,1,Hardware: Independent Flip,15707.9030,NA,17.66300000000000,18.50400000000000,1.53400000000000,5.90220000000000,6.1458,NA,15692.0354,17.4016,15.8676,1.5340,16.7089,5.0609,4.5452,0.5157,-2.0926,15692.0354,14.0690,NA
gamemd.exe,18720,0x43D4320,D3D9,0,0,1,Hardware: Independent Flip,15723.6788,NA,15.77580000000000,14.84060000000000,2.13600000000000,5.03910000000000,5.2106,NA,15709.4370,16.3778,14.2418,2.1360,14.8954,4.3855,4.2882,0.0973,2.5610,15709.4370,12.9058,NA
gamemd.exe,18720,0x43D4320,D3D9,0,0,1,Hardware: Independent Flip,15740.2879,NA,16.60910000000000,16.61120000000000,2.35270000000000,5.07450000000000,5.2127,NA,15725.8148,16.8258,14.4731,2.3527,15.5646,3.9830,3.9065,0.0765,-0.2334,15725.8148,13.5342,NA
gamemd.exe,18720,0x43D4320,D3D9,0,0,1,Hardware: Independent Flip,15757.4157,NA,17.12780000000000,16.79030000000000,1.79230000000000,4.75830000000000,4.8752,NA,15742.6406,16.5674,14.7751,1.7923,15.7501,3.7833,3.7128,0.0705,0.0355,15742.6406,14.2591,NA
gamemd.exe,18720,0x43D4320,D3D9,0,0,1,Hardware: Independent Flip,15773.7204,NA,16.30470000000000,16.96700000000000,2.40900000000000,5.40490000000000,5.5375,NA,15759.2080,16.9214,14.5124,2.4090,16.1577,3.7596,3.6902,0.0694,-0.3996,15759.2080,7.0728,NA
gamemd.exe,18720,0x43D4320,D3D9,0,0,1,Hardware: Independent Flip,15790.6500,NA,16.92960000000000,17.17390000000000,1.58150000000000,5.52760000000000,5.7818,NA,15776.1294,16.1021,14.5206,1.5815,15.2223,4.8259,4.2332,0.5927,-0.2525,15776.1294,16.4589,NA
gamemd.exe,18720,0x43D4320,D3D9,0,0,1,Hardware: Independent Flip,15808.6897,NA,18.03970000000000,17.86490000000000,1.48580000000000,5.39890000000000,5.6070,NA,15792.2315,17.9440,16.4582,1.4858,17.0879,4.7692,4.1657,0.6035,-1.7628,15792.2315,18.1447,NA
gamemd.exe,18720,0x43D4320,D3D9,0,0,1,Hardware: Independent Flip,15824.6035,NA,15.91380000000000,15.34900000000000,1.56790000000000,4.91850000000000,5.0422,NA,15810.1755,15.9959,14.4280,1.5679,15.1591,4.1874,3.7193,0.4681,2.5950,15810.1755,17.6430,NA
gamemd.exe,18720,0x43D4320,D3D9,0,0,1,Hardware: Independent Flip,15840.6638,NA,16.06030000000000,15.88230000000000,1.37960000000000,4.72030000000000,4.8642,NA,15826.1714,15.8720,14.4924,1.3796,15.1694,4.0433,3.9426,0.1007,0.1136,15826.1714,17.5299,NA
gamemd.exe,18720,0x43D4320,D3D9,0,0,1,Hardware: Independent Flip,15856.8545,NA,16.19070000000000,15.85100000000000,1.39920000000000,4.40620000000000,4.5245,NA,15842.0434,16.2103,14.8111,1.3992,15.3204,3.8969,3.8258,0.0711,0.0210,15842.0434,NA,NA
gamemd.exe,18720,0x43D4320,D3D9,0,0,1,Hardware: Independent Flip,15874.2521,NA,17.39760000000000,17.94660000000000,2.00890000000000,4.93850000000000,5.0735,NA,15858.2537,18.0073,15.9984,2.0089,16.9925,3.9444,3.8365,0.1079,-1.7363,15858.2537,NA,NA
gamemd.exe,18720,0x43D4320,D3D9,0,0,1,Hardware: Independent Flip,15890.5657,NA,16.31360000000000,16.08860000000000,1.31440000000000,4.71200000000000,4.8485,NA,15876.2610,15.6191,14.3047,1.3144,14.8380,4.1787,3.8380,0.3407,1.9187,15876.2610,NA,NA
gamemd.exe,18720,0x43D4320,D3D9,0,0,1,Hardware: Independent Flip,15907.0035,NA,16.43780000000000,16.14510000000000,1.35390000000000,4.44600000000000,4.5558,NA,15891.8801,16.4773,15.1234,1.3539,15.7020,3.8674,3.8033,0.0641,-0.5260,15891.8801,NA,NA
gamemd.exe,18720,0x43D4320,D3D9,0,0,1,Hardware: Independent Flip,15924.3060,NA,17.30250000000000,18.01940000000000,1.35370000000000,5.03040000000000,5.2727,NA,15908.3574,17.3023,15.9486,1.3537,16.5266,4.4524,3.9597,0.4927,-1.5421,15908.3574,NA,NA
gamemd.exe,18720,0x43D4320,D3D9,0,0,1,Hardware: Independent Flip,15940.1277,NA,15.82170000000000,15.14170000000000,1.25520000000000,4.40370000000000,4.5927,NA,15925.6597,15.7232,14.4680,1.2552,14.9918,3.8799,3.7946,0.0853,2.1606,15925.6597,NA,NA
gamemd.exe,18720,0x43D4320,D3D9,0,0,1,Hardware: Independent Flip,15956.9527,NA,16.82500000000000,16.75210000000000,1.55610000000000,4.37270000000000,4.5198,NA,15941.3829,17.1259,15.5698,1.5561,16.1977,3.7448,3.6925,0.0523,-1.0289,15941.3829,21.4682,NA
gamemd.exe,18720,0x43D4320,D3D9,0,0,1,Hardware: Independent Flip,15973.6090,NA,16.65630000000000,16.63290000000000,1.69180000000000,4.37900000000000,4.4964,NA,15958.5088,16.7920,15.1002,1.6918,15.6173,3.8619,3.8027,0.0592,0.4930,15958.5088,22.1091,NA
gamemd.exe,18720,0x43D4320,D3D9,0,0,1,Hardware: Independent Flip,15989.9701,NA,16.36110000000000,16.75720000000000,2.29940000000000,4.72850000000000,4.8925,NA,15975.3008,16.9687,14.6693,2.2994,15.4430,3.9548,3.8431,0.1117,0.0348,15975.3008,22.7453,NA
gamemd.exe,18720,0x43D4320,D3D9,0,0,1,Hardware: Independent Flip,16007.3168,NA,17.34670000000000,17.28180000000000,1.68140000000000,4.60560000000000,4.8276,NA,15992.2695,16.7287,15.0473,1.6814,15.6201,4.0328,3.9574,0.0754,-0.3131,15992.2695,24.1520,NA
gamemd.exe,18720,0x43D4320,D3D9,0,0,1,Hardware: Independent Flip,16023.5109,NA,16.19410000000000,16.57780000000000,1.87350000000000,5.05400000000000,5.2113,NA,16008.9982,16.3862,14.5127,1.8735,15.1637,4.4030,4.3007,0.1023,0.1509,16008.9982,24.7208,NA
gamemd.exe,18720,0x43D4320,D3D9,0,0,1,Hardware: Independent Flip,16040.4851,NA,16.97420000000000,16.63820000000000,2.19720000000000,4.72450000000000,4.8753,NA,16025.3844,17.2979,15.1007,2.1972,15.9242,3.9010,3.8122,0.0888,-0.2520,16025.3844,25.3047,NA
gamemd.exe,18720,0x43D4320,D3D9,0,0,1,Hardware: Independent Flip,16057.3225,NA,16.83740000000000,17.27810000000000,2.45860000000000,5.11830000000000,5.3160,NA,16042.6823,17.0988,14.6402,2.4586,15.5594,4.1991,4.1001,0.0990,0.0198,16042.6823,26.6129,NA
gamemd.exe,18720,0x43D4320,D3D9,0,0,1,Hardware: Independent Flip,16074.0323,NA,16.70980000000000,16.84180000000000,1.47750000000000,5.24560000000000,5.4480,NA,16059.7811,15.7287,14.2512,1.4775,14.8398,4.6570,4.1450,0.5120,0.2570,16059.7811,27.4666,NA
gamemd.exe,18720,0x43D4320,D3D9,0,0,1,Hardware: Independent Flip,16090.3572,NA,16.32490000000000,15.79780000000000,1.46360000000000,4.74280000000000,4.9209,NA,16075.5098,16.3110,14.8474,1.4636,15.3810,4.2092,4.1155,0.0937,-0.0691,16075.5098,27.2963,NA
gamemd.exe,18720,0x43D4320,D3D9,0,0,1,Hardware: Independent Flip,16107.0802,NA,16.72300000000000,17.17660000000000,1.69670000000000,5.17450000000000,5.3745,NA,16091.8208,16.9561,15.2594,1.6967,15.9685,4.4654,4.3636,0.1018,-0.8656,16091.8208,36.4536,NA
gamemd.exe,18720,0x43D4320,D3D9,0,0,1,Hardware: Independent Flip,16124.0729,NA,16.99270000000000,17.42690000000000,1.55760000000000,5.60040000000000,5.8087,NA,16108.7769,16.8536,15.2960,1.5576,15.9252,4.9712,4.4510,0.5202,-0.4708,16108.7769,NA,NA
gamemd.exe,18720,0x43D4320,D3D9,0,0,1,Hardware: Independent Flip,16140.4972,NA,16.42430000000000,15.48450000000000,1.60930000000000,4.74720000000000,4.8689,NA,16125.6305,16.4760,14.8667,1.6093,15.4690,4.1449,4.0544,0.0905,1.3691,16125.6305,NA,NA
gamemd.exe,18720,0x43D4320,D3D9,0,0,1,Hardware: Independent Flip,16157.0101,NA,16.51290000000000,16.56060000000000,1.90400000000000,4.80460000000000,4.9166,NA,16142.1065,16.8076,14.9036,1.9040,15.5261,4.1821,4.0952,0.0869,-0.0846,16142.1065,NA,NA
gamemd.exe,18720,0x43D4320,D3D9,0,0,1,Hardware: Independent Flip,16173.9538,NA,16.94370000000000,17.08000000000000,2.47860000000000,4.91330000000000,5.0529,NA,16158.9141,17.5183,15.0397,2.4786,15.9088,4.0442,3.9743,0.0699,-0.2724,16158.9141,15.0465,NA
gamemd.exe,18720,0x43D4320,D3D9,0,0,1,Hardware: Independent Flip,16190.5903,NA,16.63650000000000,16.63460000000000,2.14750000000000,4.88060000000000,5.0510,NA,16176.4324,16.3054,14.1579,2.1475,15.1293,3.9092,3.8495,0.0597,0.8837,16176.4324,7.3841,NA
gamemd.exe,18720,0x43D4320,D3D9,0,0,1,Hardware: Independent Flip,16207.2178,NA,16.62750000000000,16.88650000000000,1.42790000000000,5.12340000000000,5.3100,NA,16192.7378,15.9079,14.4800,1.4279,15.0604,4.5430,3.8730,0.6700,-0.5811,16192.7378,16.5458,NA
gamemd.exe,18720,0x43D4320,D3D9,0,0,1,Hardware: Independent Flip,16223.6538,NA,16.43600000000000,15.98070000000000,1.76540000000000,4.71370000000000,4.8547,NA,16208.6457,16.7735,15.0081,1.7654,15.5646,4.1572,4.0624,0.0948,-0.0728,16208.6457,16.4595,NA
gamemd.exe,18720,0x43D4320,D3D9,0,0,1,Hardware: Independent Flip,16240.5319,NA,16.87810000000000,17.12050000000000,1.28150000000000,4.96310000000000,5.0971,NA,16225.4192,16.3942,15.1127,1.2815,15.8036,4.2722,3.9472,0.3250,-0.3470,16225.4192,17.5303,NA
gamemd.exe,18720,0x43D4320,D3D9,0,0,1,Hardware: Independent Flip,16257.1478,NA,16.61590000000000,16.36410000000000,1.59600000000000,4.71940000000000,4.8453,NA,16241.8134,16.9304,15.3344,1.5960,16.0530,4.0008,3.9127,0.0881,0.0301,16241.8134,17.8113,NA
gamemd.exe,18720,0x43D4320,D3D9,0,0,1,Hardware: Independent Flip,16273.6681,NA,16.52030000000000,16.59410000000000,1.69550000000000,4.78220000000000,4.9191,NA,16258.7438,16.6198,14.9243,1.6955,15.5783,4.1282,4.0519,0.0763,0.3363,16258.7438,18.5887,NA
gamemd.exe,18720,0x43D4320,D3D9,0,0,1,Hardware: Independent Flip,16290.7370,NA,17.06890000000000,16.88080000000000,1.21450000000000,4.61110000000000,4.7310,NA,16275.3636,16.5879,15.3734,1.2145,15.9194,4.0651,3.9290,0.1361,-0.2610,16275.3636,NA,NA
gamemd.exe,18720,0x43D4320,D3D9,0,0,1,Hardware: Independent Flip,16306.8607,NA,16.12370000000000,16.40680000000000,1.54810000000000,4.88160000000000,5.0141,NA,16291.9515,16.4573,14.9092,1.5481,15.4775,4.3133,4.2130,0.1003,0.1811,16291.9515,27.8700,27.8700
gamemd.exe,18720,0x43D4320,D3D9,0,0,1,Hardware: Independent Flip,16325.0329,NA,18.17220000000000,18.53690000000000,1.57340000000000,5.17880000000000,5.3788,NA,16308.4088,18.1975,16.6241,1.5734,17.3429,4.4600,3.8511,0.6089,-2.0796,16308.4088,NA,NA
gamemd.exe,18720,0x43D4320,D3D9,0,0,1,Hardware: Independent Flip,16340.4307,NA,15.39780000000000,14.62760000000000,1.62950000000000,4.45520000000000,4.6086,NA,16326.6063,15.4539,13.8244,1.6295,14.5247,3.7549,3.6751,0.0798,3.5699,16326.6063,NA,NA
gamemd.exe,18720,0x43D4320,D3D9,0,0,1,Hardware: Independent Flip,16357.3013,NA,16.87060000000000,16.92030000000000,1.90700000000000,4.50870000000000,4.6583,NA,16342.0602,17.1481,15.2411,1.9070,15.9302,3.8196,3.7370,0.0826,-1.4664,16342.0602,NA,NA
gamemd.exe,18720,0x43D4320,D3D9,0,0,1,Hardware: Independent Flip,16373.6622,NA,16.36090000000000,16.49210000000000,1.66510000000000,4.64090000000000,4.7895,NA,16359.2083,16.1190,14.4539,1.6651,15.0897,4.0051,3.9294,0.0757,0.6560,16359.2083,NA,NA
gamemd.exe,18720,0x43D4320,D3D9,0,0,1,Hardware: Independent Flip,16390.2834,NA,16.62120000000000,16.40980000000000,1.76380000000000,4.43850000000000,4.5781,NA,16375.3273,16.7199,14.9561,1.7638,15.6382,3.7564,3.6473,0.1091,-0.2908,16375.3273,22.6058,22.6058
gamemd.exe,18720,0x43D4320,D3D9,0,0,1,Hardware: Independent Flip,16408.1350,NA,17.85160000000000,18.62120000000000,1.54000000000000,5.15440000000000,5.3477,NA,16392.0472,17.6278,16.0878,1.5400,16.7448,4.4974,4.3684,0.1290,-1.9013,16392.0472,NA,NA
gamemd.exe,18720,0x43D4320,D3D9,0,0,1,Hardware: Independent Flip,16423.8793,NA,15.74430000000000,15.18990000000000,1.95760000000000,4.65950000000000,4.7933,NA,16409.6750,16.1619,14.2043,1.9576,14.9283,3.9355,3.8689,0.0666,2.4379,16409.6750,NA,NA
gamemd.exe,18720,0x43D4320,D3D9,0,0,1,Hardware: Independent Flip,16440.5317,NA,16.65240000000000,16.50200000000000,1.62570000000000,4.51020000000000,4.6429,NA,16425.8369,16.3205,14.6948,1.6257,15.2728,3.9322,3.8509,0.0813,-0.3401,16425.8369,33.1943,33.1943
gamemd.exe,18720,0x43D4320,D3D9,0,0,1,Hardware: Independent Flip,16456.8043,NA,16.27260000000000,16.10000000000000,1.39850000000000,4.29620000000000,4.4703,NA,16442.1574,16.0454,14.6469,1.3985,15.1600,3.7831,3.7009,0.0822,0.2205,16442.1574,NA,NA
gamemd.exe,18720,0x43D4320,D3D9,0,0,1,Hardware: Independent Flip,16473.5309,NA,16.72660000000000,17.12870000000000,1.88240000000000,4.75700000000000,4.8724,NA,16458.2028,17.2105,15.3281,1.8824,16.1090,3.9761,3.9106,0.0655,-1.0833,16458.2028,NA,NA
gamemd.exe,18720,0x43D4320,D3D9,0,0,1,Hardware: Independent Flip,16490.3464,NA,16.81550000000000,17.18740000000000,1.95700000000000,5.10350000000000,5.2443,NA,16475.4133,16.8901,14.9331,1.9570,15.9273,4.1093,4.0201,0.0892,0.0231,16475.4133,19.6333,19.6333
gamemd.exe,18720,0x43D4320,D3D9,0,0,1,Hardware: Independent Flip,16507.0456,NA,16.69920000000000,17.06420000000000,2.65810000000000,5.40880000000000,5.6093,NA,16492.3034,17.4003,14.7422,2.6581,15.7083,4.4427,4.3480,0.0947,-0.1741,16492.3034,NA,NA
gamemd.exe,18720,0x43D4320,D3D9,0,0,1,Hardware: Independent Flip,16523.6956,NA,16.65000000000000,16.37660000000000,2.01540000000000,5.18000000000000,5.3359,NA,16509.7037,16.0073,13.9919,2.0154,14.8123,4.3596,4.2579,0.1017,1.0237,16509.7037,NA,NA
gamemd.exe,18720,0x43D4320,D3D9,0,0,1,Hardware: Independent Flip,16540.4611,NA,16.76550000000000,16.43890000000000,2.08290000000000,4.88400000000000,5.0093,NA,16525.7110,16.8330,14.7501,2.0829,15.6490,3.9851,3.9327,0.0524,-0.4316,16525.7110,NA,NA
gamemd.exe,18720,0x43D4320,D3D9,0,0,1,Hardware: Independent Flip,16557.5644,NA,17.10330000000000,17.04130000000000,2.08360000000000,4.83670000000000,4.9473,NA,16542.5440,17.1040,15.0204,2.0836,15.9350,3.9221,3.8370,0.0851,-0.2083,16542.5440,6.5374,NA
gamemd.exe,18720,0x43D4320,D3D9,0,0,1,Hardware: Independent Flip,16573.7130,NA,16.14860000000000,16.01470000000000,1.65700000000000,4.68720000000000,4.8134,NA,16559.6480,15.7220,14.0650,1.6570,14.7477,4.0045,3.9171,0.0874,1.0893,16559.6480,14.4914,NA
gamemd.exe,18720,0x43D4320,D3D9,0,0,1,Hardware: Independent Flip,16590.4104,NA,16.69740000000000,16.88830000000000,2.18140000000000,4.88170000000000,5.0043,NA,16575.3700,17.2218,15.0404,2.1814,15.7267,4.1954,4.1041,0.0913,-1.1663,16575.3700,15.3772,NA
gamemd.exe,18720,0x43D4320,D3D9,0,0,1,Hardware: Independent Flip,16607.7534,NA,17.34300000000000,17.98940000000000,1.38410000000000,5.48020000000000,5.6507,NA,16592.5918,16.5457,15.1616,1.3841,15.8431,4.7987,4.2927,0.5060,-0.7676,16592.5918,17.3785,NA
gamemd.exe,18720,0x43D4320,D3D9,0,0,1,Hardware: Independent Flip,16624.5333,NA,16.77990000000000,15.96190000000000,1.44720000000000,4.69890000000000,4.8327,NA,16609.1375,16.8430,15.3958,1.4472,15.9920,4.1027,3.6525,0.4502,0.5838,16609.1375,17.2935,NA
gamemd.exe,18720,0x43D4320,D3D9,0,0,1,Hardware: Independent Flip,16640.2826,NA,15.74930000000000,15.80770000000000,1.64410000000000,4.68410000000000,4.8911,NA,16625.9805,15.9462,14.3021,1.6441,14.9293,4.0569,3.9809,0.0760,1.0353,16625.9805,17.1677,NA
gamemd.exe,18720,0x43D4320,D3D9,0,0,1,Hardware: Independent Flip,16657.0787,NA,16.79610000000000,16.47380000000000,1.45380000000000,4.44160000000000,4.5688,NA,16641.9267,16.6058,15.1520,1.4538,15.7252,3.8684,3.8031,0.0653,-0.5276,16641.9267,17.6831,NA
gamemd.exe,18720,0x43D4320,D3D9,0,0,1,Hardware: Independent Flip,16673.3421,NA,16.26340000000000,16.48370000000000,1.72010000000000,4.66800000000000,4.7891,NA,16658.5325,16.5297,14.8096,1.7201,15.5941,3.8835,3.8176,0.0659,0.1221,16658.5325,18.1553,NA
gamemd.exe,18720,0x43D4320,D3D9,0,0,1,Hardware: Independent Flip,16690.3831,NA,17.04100000000000,17.23290000000000,1.07840000000000,4.78190000000000,4.9810,NA,16675.0622,16.3993,15.3209,1.0784,15.8455,4.2573,4.1874,0.0699,-0.7032,16675.0622,19.4013,NA
gamemd.exe,18720,0x43D4320,D3D9,0,0,1,Hardware: Independent Flip,16707.5300,NA,17.14690000000000,18.15570000000000,2.61470000000000,5.81870000000000,5.9898,NA,16691.4615,18.6832,16.0685,2.6147,16.7128,5.1744,4.2834,0.8910,-1.7564,16691.4615,21.4293,NA
gamemd.exe,18720,0x43D4320,D3D9,0,0,1,Hardware: Independent Flip,16724.2937,NA,16.76370000000000,15.68700000000000,1.91270000000000,4.79800000000000,4.9131,NA,16710.1447,16.0617,14.1490,1.9127,14.8913,4.0557,3.9601,0.0956,2.9962,16710.1447,21.2051,NA
gamemd.exe,18720,0x43D4320,D3D9,0,0,1,Hardware: Independent Flip,16740.6390,NA,16.34530000000000,16.01670000000000,1.73490000000000,4.45200000000000,4.5845,NA,16726.2064,16.1675,14.4326,1.7349,15.1090,3.7756,3.7236,0.0520,0.0450,16726.2064,21.0768,NA
gamemd.exe,18720,0x43D4320,D3D9,0,0,1,Hardware: Independent Flip,16756.9727,NA,16.33370000000000,16.23310000000000,1.67040000000000,4.36700000000000,4.4839,NA,16742.3739,16.2692,14.5988,1.6704,15.1623,3.8035,3.7394,0.0641,-0.0656,16742.3739,21.4180,NA
gamemd.exe,18720,0x43D4320,D3D9,0,0,1,Hardware: Independent Flip,16773.4999,NA,16.52720000000000,16.47400000000000,1.50790000000000,4.30300000000000,4.4307,NA,16758.6431,16.3647,14.8568,1.5079,15.3967,3.7631,3.7093,0.0538,-0.2048,16758.6431,21.9537,NA
gamemd.exe,18720,0x43D4320,D3D9,0,0,1,Hardware: Independent Flip,16790.5271,NA,17.02720000000000,17.55730000000000,2.21580000000000,4.78600000000000,4.9608,NA,16775.0078,17.7351,15.5193,2.2158,16.5019,3.8034,3.7153,0.0881,-1.1926,16775.0078,23.5012,NA
gamemd.exe,18720,0x43D4320,D3D9,0,0,1,Hardware: Independent Flip,16807.2621,NA,16.73500000000000,17.05110000000000,1.47530000000000,5.14510000000000,5.2769,NA,16792.7429,15.9945,14.5192,1.4753,15.1080,4.5563,4.0779,0.4784,0.6840,16792.7429,24.3079,NA
gamemd.exe,18720,0x43D4320,D3D9,0,0,1,Hardware: Independent Flip,16823.4149,NA,16.15280000000000,15.74270000000000,1.54870000000000,4.66970000000000,4.8668,NA,16808.7374,16.2262,14.6775,1.5487,15.2104,4.1368,4.0527,0.0841,0.2518,16808.7374,NA,NA
gamemd.exe,18720,0x43D4320,D3D9,0,0,1,Hardware: Independent Flip,16840.6039,NA,17.18900000000000,17.00990000000000,1.69350000000000,4.54050000000000,4.6877,NA,16824.9636,17.3338,15.6403,1.6935,16.3009,3.8799,3.8088,0.0711,-0.7837,16824.9636,NA,NA
gamemd.exe,18720,0x43D4320,D3D9,0,0,1,Hardware: Independent Flip,16856.8919,NA,16.28800000000000,16.17660000000000,1.46740000000000,4.43090000000000,4.5763,NA,16842.2974,16.0619,14.5945,1.4674,15.3283,3.6971,3.6267,0.0704,1.1572,16842.2974,33.3925,NA
gamemd.exe,18720,0x43D4320,D3D9,0,0,1,Hardware: Independent Flip,16873.6953,NA,16.80340000000000,16.96560000000000,1.81750000000000,4.61890000000000,4.7385,NA,16858.3593,17.1535,15.3360,1.8175,16.0408,3.9141,3.8247,0.0894,-0.9037,16858.3593,26.3899,NA
gamemd.exe,18720,0x43D4320,D3D9,0,0,1,Hardware: Independent Flip,16890.2810,NA,16.58570000000000,17.26770000000000,1.42000000000000,5.19150000000000,5.4205,NA,16875.5128,16.1882,14.7682,1.4200,15.4063,4.5534,4.3732,0.1802,-0.1142,16875.5128,27.7123,NA
gamemd.exe,18720,0x43D4320,D3D9,0,0,1,Hardware: Independent Flip,16906.9587,NA,16.67770000000000,16.47210000000000,2.27080000000000,5.05320000000000,5.2149,NA,16891.7010,17.5285,15.2577,2.2708,16.1614,4.1495,3.9885,0.1610,-0.2839,16891.7010,36.1887,NA
gamemd.exe,18720,0x43D4320,D3D9,0,0,1,Hardware: Independent Flip,16923.7111,NA,16.75240000000000,16.38620000000000,1.91090000000000,4.72190000000000,4.8487,NA,16909.2295,16.3925,14.4816,1.9109,15.0981,4.1054,4.0212,0.0842,1.1423,16909.2295,20.5660,20.5660
gamemd.exe,18720,0x43D4320,D3D9,0,0,1,Hardware: Independent Flip,16940.4021,NA,16.69100000000000,16.81280000000000,2.18610000000000,4.82330000000000,4.9705,NA,16925.6220,16.9662,14.7801,2.1861,15.6416,3.9618,3.8645,0.0973,-0.4203,16925.6220,NA,NA
gamemd.exe,18720,0x43D4320,D3D9,0,0,1,Hardware: Independent Flip,16957.2656,NA,16.86350000000000,16.78050000000000,2.27250000000000,4.77480000000000,4.8875,NA,16942.5882,16.9499,14.6774,2.2725,15.4977,3.9545,3.8854,0.0691,0.1857,16942.5882,NA,NA
gamemd.exe,18720,0x43D4320,D3D9,0,0,1,Hardware: Independent Flip,16973.8854,NA,16.61980000000000,17.07550000000000,2.27890000000000,5.17970000000000,5.3432,NA,16959.5381,16.6262,14.3473,2.2789,15.4368,4.0902,3.9677,0.1225,-0.1256,16959.5381,NA,NA
gamemd.exe,18720,0x43D4320,D3D9,0,0,1,Hardware: Independent Flip,16991.2469,NA,17.36150000000000,17.12270000000000,1.45500000000000,4.94960000000000,5.1044,NA,16976.1643,16.5376,15.0826,1.4550,15.6254,4.4068,3.9306,0.4762,-0.4965,16976.1643,24.2576,24.2576
gamemd.exe,18720,0x43D4320,D3D9,0,0,1,Hardware: Independent Flip,17006.7243,NA,15.47740000000000,15.50790000000000,1.63470000000000,5.01140000000000,5.1349,NA,16992.7019,15.6571,14.0224,1.6347,14.6655,4.3683,4.2750,0.0933,1.0297,16992.7019,NA,NA
gamemd.exe,18720,0x43D4320,D3D9,0,0,1,Hardware: Independent Flip,17023.5554,NA,16.83110000000000,16.44640000000000,1.57630000000000,4.60290000000000,4.7502,NA,17008.3590,16.7727,15.1964,1.5763,15.8344,3.9649,3.8842,0.0807,-0.7893,17008.3590,NA,NA
gamemd.exe,18720,0x43D4320,D3D9,0,0,1,Hardware: Independent Flip,17040.2795,NA,16.72410000000000,16.72360000000000,1.49690000000000,4.59920000000000,4.7497,NA,17025.1317,16.6447,15.1478,1.4969,15.6891,4.0579,3.9757,0.0822,0.0491,17025.1317,NA,NA
gamemd.exe,18720,0x43D4320,D3D9,0,0,1,Hardware: Independent Flip,17057.0474,NA,16.76790000000000,16.79510000000000,1.54260000000000,4.66070000000000,4.7769,NA,17041.7764,16.8136,15.2710,1.5426,15.8466,4.0851,3.9760,0.1091,-0.1504,17041.7764,17.8267,NA
gamemd.exe,18720,0x43D4320,D3D9,0,0,1,Hardware: Independent Flip,17074.3970,NA,17.34960000000000,18.31590000000000,1.44640000000000,5.50710000000000,5.7432,NA,17058.5900,17.2534,15.8070,1.4464,16.3826,4.9315,4.2659,0.6656,-1.5023,17058.5900,20.0470,NA
gamemd.exe,18720,0x43D4320,D3D9,0,0,1,Hardware: Independent Flip,17091.2506,NA,16.85360000000000,16.43360000000000,1.44410000000000,5.16810000000000,5.3232,NA,17075.8434,16.8513,15.4072,1.4441,16.0389,4.5364,3.9007,0.6357,0.8198,17075.8434,20.5927,NA
gamemd.exe,18720,0x43D4320,D3D9,0,0,1,Hardware: Independent Flip,17106.8017,NA,15.55110000000000,15.21480000000000,1.88660000000000,4.84230000000000,4.9869,NA,17092.6947,15.9936,14.1070,1.8866,14.7701,4.1792,3.7705,0.4087,1.6365,17092.6947,19.8080,NA
gamemd.exe,18720,0x43D4320,D3D9,0,0,1,Hardware: Independent Flip,17123.4189,NA,16.61720000000000,16.82170000000000,2.03620000000000,5.05700000000000,5.1914,NA,17108.6883,16.7668,14.7306,2.0362,15.7214,4.0662,3.9906,0.0756,-0.8281,17108.6883,20.6380,NA
gamemd.exe,18720,0x43D4320,D3D9,0,0,1,Hardware: Independent Flip,17140.6843,NA,17.26540000000000,16.84350000000000,1.83960000000000,4.59400000000000,4.7695,NA,17125.4551,17.0688,15.2292,1.8396,15.9352,3.8880,3.8320,0.0560,-0.0767,17125.4551,21.4388,NA
gamemd.exe,18720,0x43D4320,D3D9,0,0,1,Hardware: Independent Flip,17157.2739,NA,16.58960000000000,16.40660000000000,1.53640000000000,4.41620000000000,4.5865,NA,17142.5239,16.2864,14.7500,1.5364,15.3140,3.8522,3.7792,0.0730,0.6622,17142.5239,21.8697,NA
gamemd.exe,18720,0x43D4320,D3D9,0,0,1,Hardware: Independent Flip,17173.7773,NA,16.50340000000000,17.17770000000000,1.78700000000000,5.10290000000000,5.2608,NA,17158.8103,16.7540,14.9670,1.7870,15.6208,4.4491,4.1006,0.3485,-0.8913,17158.8103,23.0340,NA
gamemd.exe,18720,0x43D4320,D3D9,0,0,1,Hardware: Independent Flip,17190.8164,NA,17.03910000000000,16.37570000000000,1.64850000000000,4.40890000000000,4.5974,NA,17175.5643,16.9006,15.2521,1.6485,15.9232,3.7378,3.6552,0.0826,0.3783,17175.5643,23.1486,NA
gamemd.exe,18720,0x43D4320,D3D9,0,0,1,Hardware: Independent Flip,17207.0630,NA,16.24660000000000,16.21010000000000,1.48140000000000,4.43950000000000,4.5609,NA,17192.4649,16.0795,14.5981,1.4814,15.1694,3.8682,3.7915,0.0767,0.6905,17192.4649,23.2948,NA
gamemd.exe,18720,0x43D4320,D3D9,0,0,1,Hardware: Independent Flip,17223.5020,NA,16.43900000000000,16.76410000000000,1.64190000000000,4.70260000000000,4.8860,NA,17208.5444,16.5995,14.9576,1.6419,15.7418,3.9184,3.7751,0.1433,-0.6846,17208.5444,24.3937,NA
gamemd.exe,18720,0x43D4320,D3D9,0,0,1,Hardware: Independent Flip,17240.1821,NA,16.68010000000000,16.54880000000000,1.71990000000000,4.54530000000000,4.7547,NA,17225.1439,16.7581,15.0382,1.7199,15.6986,3.8849,3.7943,0.0906,0.0507,17225.1439,24.2587,NA
gamemd.exe,18720,0x43D4320,D3D9,0,0,1,Hardware: Independent Flip,17256.8592,NA,16.67710000000000,17.01020000000000,2.42180000000000,4.94370000000000,5.0878,NA,17241.9020,17.3790,14.9572,2.4218,15.8635,4.0374,3.9425,0.0949,-0.2521,17241.9020,25.8910,NA
gamemd.exe,18720,0x43D4320,D3D9,0,0,1,Hardware: Independent Flip,17273.9895,NA,17.13030000000000,17.50760000000000,1.56270000000000,5.19800000000000,5.4651,NA,17259.2810,16.2712,14.7085,1.5627,15.3881,4.5184,4.3816,0.1368,-0.1286,17259.2810,27.4839,NA
gamemd.exe,18720,0x43D4320,D3D9,0,0,1,Hardware: Independent Flip,17290.2449,NA,16.25540000000000,15.95050000000000,2.05070000000000,5.02200000000000,5.1602,NA,17275.5522,16.7434,14.6927,2.0507,15.5799,4.1348,4.0063,0.1285,0.3207,17275.5522,27.3967,NA
gamemd.exe,18720,0x43D4320,D3D9,0,0,1,Hardware: Independent Flip,17307.1658,NA,16.92090000000000,16.85990000000000,2.09090000000000,4.92810000000000,5.0992,NA,17292.2956,16.9611,14.8702,2.0909,15.5037,4.2946,4.1995,0.0951,-0.1165,17292.2956,28.2862,NA
gamemd.exe,18720,0x43D4320,D3D9,0,0,1,Hardware: Independent Flip,17323.6474,NA,16.48160000000000,16.53920000000000,2.69150000000000,5.03790000000000,5.1568,NA,17309.2567,17.0822,14.3907,2.6915,15.4638,3.9648,3.8856,0.0792,0.4219,17309.2567,12.8317,NA
gamemd.exe,18720,0x43D4320,D3D9,0,0,1,Hardware: Independent Flip,17340.7841,NA,17.13670000000000,16.82340000000000,1.89610000000000,4.71490000000000,4.8435,NA,17326.3389,16.3413,14.4452,1.8961,15.2896,3.8705,3.8100,0.0605,0.2588,17326.3389,13.6696,NA
gamemd.exe,18720,0x43D4320,D3D9,0,0,1,Hardware: Independent Flip,17357.6187,NA,16.83460000000000,17.47180000000000,1.47320000000000,5.29930000000000,5.4807,NA,17342.6802,16.4117,14.9385,1.4732,15.5863,4.6515,4.3939,0.2576,-1.1305,17342.6802,6.8537,NA
gamemd.exe,18720,0x43D4320,D3D9,0,0,1,Hardware: Independent Flip,17373.8668,NA,16.24810000000000,15.82600000000000,1.95820000000000,4.91910000000000,5.0586,NA,17359.0919,16.7331,14.7749,1.9582,15.4254,4.2686,4.1935,0.0751,0.5857,17359.0919,6.6880,NA
gamemd.exe,18720,0x43D4320,D3D9,0,0,1,Hardware: Independent Flip,17390.0688,NA,16.20200000000000,16.11170000000000,1.32440000000000,4.82430000000000,4.9683,NA,17375.8250,15.5682,14.2438,1.3244,14.9144,4.1537,4.0618,0.0919,0.6214,17375.8250,6.9938,NA
gamemd.exe,18720,0x43D4320,D3D9,0,0,1,Hardware: Independent Flip,17406.7067,NA,16.63790000000000,16.43680000000000,1.60770000000000,4.65170000000000,4.7672,NA,17391.3932,16.9212,15.3135,1.6077,15.8437,4.1215,4.0560,0.0655,-0.8686,17391.3932,15.4539,NA
gamemd.exe,18720,0x43D4320,D3D9,0,0,1,Hardware: Independent Flip,17423.5798,NA,16.87310000000000,16.99390000000000,2.24920000000000,4.74300000000000,4.8880,NA,17408.3144,17.5146,15.2654,2.2492,16.0713,3.9371,3.8745,0.0626,-0.0727,17408.3144,8.1083,NA
gamemd.exe,18720,0x43D4320,D3D9,0,0,1,Hardware: Independent Flip,17440.3620,NA,16.78220000000000,16.74960000000000,1.52710000000000,4.70010000000000,4.8554,NA,17425.8290,16.0601,14.5330,1.5271,15.2151,4.0180,3.9090,0.1090,0.7650,17425.8290,17.2035,NA
gamemd.exe,18720,0x43D4320,D3D9,0,0,1,Hardware: Independent Flip,17456.8497,NA,16.48770000000000,16.69940000000000,1.71300000000000,4.86430000000000,5.0671,NA,17441.8891,16.6736,14.9606,1.7130,15.5728,4.2521,4.1429,0.1092,-0.6393,17441.8891,17.9591,NA
gamemd.exe,18720,0x43D4320,D3D9,0,0,1,Hardware: Independent Flip,17474.2450,NA,17.39530000000000,17.89960000000000,1.49330000000000,5.34900000000000,5.5714,NA,17458.5627,17.1756,15.6823,1.4933,16.2860,4.7453,4.2524,0.4929,-1.2260,17458.5627,19.8144,NA
gamemd.exe,18720,0x43D4320,D3D9,0,0,1,Hardware: Independent Flip,17491.1504,NA,16.90540000000000,15.91600000000000,1.47170000000000,4.37400000000000,4.5820,NA,17475.7383,16.8838,15.4121,1.4717,15.9120,3.8741,3.7849,0.0892,1.2596,17475.7383,19.7308,NA
gamemd.exe,18720,0x43D4320,D3D9,0,0,1,Hardware: Independent Flip,17507.4276,NA,16.27720000000000,16.24580000000000,1.31590000000000,4.43580000000000,4.5506,NA,17492.6221,16.1214,14.8055,1.3159,15.2912,3.9501,3.8844,0.0657,0.6380,17492.6221,NA,NA
gamemd.exe,18720,0x43D4320,D3D9,0,0,1,Hardware: Independent Flip,17523.6681,NA,16.24050000000000,16.25940000000000,1.54000000000000,4.44850000000000,4.5695,NA,17508.7435,16.4646,14.9246,1.5400,15.4704,3.9027,3.8250,0.0777,-0.1380,17508.7435,NA,NA
gamemd.exe,18720,0x43D4320,D3D9,0,0,1,Hardware: Independent Flip,17540.6745,NA,17.00640000000000,17.64030000000000,1.48070000000000,4.98280000000000,5.2034,NA,17525.2081,16.9471,15.4664,1.4807,16.0222,4.4270,3.9870,0.4400,-1.1757,17525.2081,NA,NA
gamemd.exe,18720,0x43D4320,D3D9,0,0,1,Hardware: Independent Flip,17557.0892,NA,16.41470000000000,15.98390000000000,1.54210000000000,4.63160000000000,4.7726,NA,17542.1552,16.4761,14.9340,1.5421,15.6474,3.9182,3.8216,0.0966,0.9632,17542.1552,NA,NA
gamemd.exe,18720,0x43D4320,D3D9,0,0,1,Hardware: Independent Flip,17573.6454,NA,16.55620000000000,16.31600000000000,1.55160000000000,4.42200000000000,4.5324,NA,17558.6313,16.5657,15.0141,1.5516,15.5969,3.8392,3.7878,0.0514,0.1601,17558.6313,NA,NA
gamemd.exe,18720,0x43D4320,D3D9,0,0,1,Hardware: Independent Flip,17590.2537,NA,16.60830000000000,16.56360000000000,1.37680000000000,4.31930000000000,4.4877,NA,17575.1970,16.4335,15.0567,1.3768,15.5587,3.8173,3.7659,0.0514,0.0021,17575.1970,NA,NA
gamemd.exe,18720,0x43D4320,D3D9,0,0,1,Hardware: Independent Flip,17607.0099,NA,16.75620000000000,16.86840000000000,1.36750000000000,4.44850000000000,4.5999,NA,17591.6305,16.7469,15.3794,1.3675,15.9379,3.8900,3.8342,0.0558,-0.4349,17591.6305,NA,NA
gamemd.exe,18720,0x43D4320,D3D9,0,0,1,Hardware: Independent Flip,17623.7052,NA,16.69530000000000,16.62280000000000,1.52900000000000,4.41240000000000,4.5274,NA,17608.3774,16.8568,15.3278,1.5290,15.8573,3.8829,3.8037,0.0792,0.1241,17608.3774,NA,NA
gamemd.exe,18720,0x43D4320,D3D9,0,0,1,Hardware: Independent Flip,17640.5715,NA,16.86630000000000,16.80250000000000,1.39180000000000,4.32310000000000,4.4636,NA,17625.2342,16.7291,15.3373,1.3918,15.8429,3.8175,3.6963,0.1212,0.0543,17625.2342,NA,NA
gamemd.exe,18720,0x43D4320,D3D9,0,0,1,Hardware: Independent Flip,17657.4203,NA,16.84880000000000,17.50560000000000,1.85700000000000,4.93360000000000,5.1204,NA,17641.9633,17.3140,15.4570,1.8570,16.2186,4.1720,4.0521,0.1199,-0.7765,17641.9633,NA,NA
gamemd.exe,18720,0x43D4320,D3D9,0,0,1,Hardware: Independent Flip,17673.5225,NA,16.10220000000000,15.96480000000000,1.59490000000000,4.86020000000000,4.9830,NA,17659.2773,15.8401,14.2452,1.5949,14.9607,4.1447,4.0455,0.0992,1.3492,17659.2773,NA,NA
gamemd.exe,18720,0x43D4320,D3D9,0,0,1,Hardware: Independent Flip,17690.1387,NA,16.61620000000000,16.75980000000000,2.70830000000000,4.98000000000000,5.1266,NA,17675.1174,17.7296,15.0213,2.7083,15.8937,4.1076,4.0341,0.0735,-0.9197,17675.1174,NA,NA
gamemd.exe,18720,0x43D4320,D3D9,0,0,1,Hardware: Independent Flip,17706.9033,NA,16.76460000000000,16.73820000000000,2.45170000000000,4.99140000000000,5.1002,NA,17692.8470,16.5080,14.0563,2.4517,14.9783,4.0694,3.8806,0.1888,0.9914,17692.8470,NA,NA
gamemd.exe,18720,0x43D4320,D3D9,0,0,1,Hardware: Independent Flip,17723.8003,NA,16.89700000000000,16.78250000000000,2.46630000000000,4.87510000000000,4.9857,NA,17709.3550,16.9116,14.4453,2.4663,15.4138,3.9066,3.8331,0.0735,-0.2745,17709.3550,NA,NA
gamemd.exe,18720,0x43D4320,D3D9,0,0,1,Hardware: Independent Flip,17740.3638,NA,16.56350000000000,16.39730000000000,2.06560000000000,4.68090000000000,4.8195,NA,17726.2666,16.1628,14.0972,2.0656,14.8832,3.8949,3.8372,0.0577,0.5143,17726.2666,NA,NA
gamemd.exe,18720,0x43D4320,D3D9,0,0,1,Hardware: Independent Flip,17757.1921,NA,16.82830000000000,17.43210000000000,1.50950000000000,5.28330000000000,5.4233,NA,17742.4294,16.2722,14.7627,1.5095,15.4299,4.6161,4.0789,0.5372,-1.2693,17742.4294,NA,NA
gamemd.exe,18720,0x43D4320,D3D9,0,0,1,Hardware: Independent Flip,17773.8823,NA,16.69020000000000,16.23990000000000,2.16070000000000,4.79900000000000,4.9730,NA,17758.7016,17.3414,15.1807,2.1607,16.1055,3.8742,3.8001,0.0741,0.0323,17758.7016,NA,NA
gamemd.exe,18720,0x43D4320,D3D9,0,0,1,Hardware: Independent Flip,17790.3057,NA,16.42340000000000,16.50010000000000,2.17590000000000,4.85590000000000,5.0497,NA,17776.0430,16.4386,14.2627,2.1759,15.3491,3.7695,3.6983,0.0712,0.8413,17776.0430,NA,NA
gamemd.exe,18720,0x43D4320,D3D9,0,0,1,Hardware: Independent Flip,17807.1770,NA,16.87130000000000,16.75800000000000,1.90110000000000,4.75790000000000,4.9364,NA,17792.4816,16.5965,14.6954,1.9011,15.4353,4.0180,3.9664,0.0516,-0.3194,17792.4816,NA,NA
gamemd.exe,18720,0x43D4320,D3D9,0,0,1,Hardware: Independent Flip,17823.8678,NA,16.69080000000000,16.48110000000000,1.48130000000000,4.56280000000000,4.7267,NA,17809.0781,16.2710,14.7897,1.4813,15.2494,4.1031,4.0278,0.0753,0.1154,17809.0781,NA,NA
gamemd.exe,18720,0x43D4320,D3D9,0,0,1,Hardware: Independent Flip,17840.1648,NA,16.29700000000000,16.20510000000000,1.17600000000000,4.41040000000000,4.6348,NA,17825.3491,15.9917,14.8157,1.1760,15.2682,3.9579,3.8766,0.0813,0.0659,17825.3491,NA,NA
gamemd.exe,18720,0x43D4320,D3D9,0,0,1,Hardware: Independent Flip,17857.0083,NA,16.84350000000000,17.36820000000000,1.70460000000000,4.97390000000000,5.1595,NA,17841.3408,17.3721,15.6675,1.7046,16.3496,4.2918,4.1983,0.0935,-1.3765,17841.3408,NA,NA
gamemd.exe,18720,0x43D4320,D3D9,0,0,1,Hardware: Independent Flip,17874.1406,NA,17.13230000000000,16.90270000000000,1.45210000000000,4.81500000000000,4.9299,NA,17858.7129,16.8798,15.4277,1.4521,16.1245,4.1182,3.9627,0.1555,0.4694,17858.7129,NA,NA
gamemd.exe,18720,0x43D4320,D3D9,0,0,1,Hardware: Independent Flip,17890.4468,NA,16.30620000000000,15.92440000000000,1.80460000000000,4.41680000000000,4.5481,NA,17875.5927,16.6587,14.8541,1.8046,15.5539,3.7170,3.6488,0.0682,0.9554,17875.5927,NA,NA
gamemd.exe,18720,0x43D4320,D3D9,0,0,1,Hardware: Independent Flip,17906.7478,NA,16.30100000000000,16.40060000000000,1.36300000000000,4.53240000000000,4.6477,NA,17892.2514,15.8594,14.4964,1.3630,15.1175,3.9113,3.8158,0.0955,0.2581,17892.2514,NA,NA
gamemd.exe,18720,0x43D4320,D3D9,0,0,1,Hardware: Independent Flip,17924.0114,NA,17.26360000000000,17.24220000000000,1.79330000000000,4.51140000000000,4.6263,NA,17908.1108,17.6939,15.9006,1.7933,16.5734,3.8386,3.7748,0.0638,-1.3828,17908.1108,NA,NA
gamemd.exe,18720,0x43D4320,D3D9,0,0,1,Hardware: Independent Flip,17940.4117,NA,16.40030000000000,16.27880000000000,1.50470000000000,4.36020000000000,4.5048,NA,17925.8047,16.1117,14.6070,1.5047,15.1455,3.8217,3.7534,0.0683,1.4151,17925.8047,NA,NA
gamemd.exe,18720,0x43D4320,D3D9,0,0,1,Hardware: Independent Flip,17957.1640,NA,16.75230000000000,17.33600000000000,2.08520000000000,4.95710000000000,5.0885,NA,17941.9164,17.3328,15.2476,2.0852,16.1424,4.0623,3.9181,0.1442,-1.2243,17941.9164,NA,NA
gamemd.exe,18720,0x43D4320,D3D9,0,0,1,Hardware: Independent Flip,17973.6270,NA,16.46300000000000,16.31510000000000,2.26890000000000,4.79290000000000,4.9406,NA,17959.2492,16.6467,14.3778,2.2689,15.1501,4.0206,3.9450,0.0756,1.0177,17959.2492,NA,NA
gamemd.exe,18720,0x43D4320,D3D9,0,0,1,Hardware: Independent Flip,17990.6055,NA,16.97850000000000,16.59150000000000,1.58060000000000,4.41800000000000,4.5536,NA,17975.8959,16.2902,14.7096,1.5806,15.3243,3.8033,3.7493,0.0540,0.0552,17975.8959,NA,NA
gamemd.exe,18720,0x43D4320,D3D9,0,0,1,Hardware: Independent Flip,18006.7898,NA,16.18430000000000,16.13560000000000,1.26190000000000,4.34550000000000,4.5049,NA,17992.1861,15.8656,14.6037,1.2619,15.1429,3.8063,3.7349,0.0714,0.1546,17992.1861,NA,NA
gamemd.exe,18720,0x43D4320,D3D9,0,0,1,Hardware: Independent Flip,18023.6317,NA,16.84190000000000,16.97950000000000,1.66930000000000,4.48710000000000,4.6425,NA,18008.0517,17.2493,15.5800,1.6693,16.1493,3.9178,3.8340,0.0838,-1.1139,18008.0517,NA,NA
gamemd.exe,18720,0x43D4320,D3D9,0,0,1,Hardware: Independent Flip,18040.1073,NA,16.47560000000000,16.44000000000000,1.51050000000000,4.44670000000000,4.6069,NA,18025.3010,16.3168,14.8063,1.5105,15.3323,3.9207,3.8349,0.0858,0.8093,18025.3010,NA,NA
gamemd.exe,18720,0x43D4320,D3D9,0,0,1,Hardware: Independent Flip,18057.2226,NA,17.11530000000000,17.99250000000000,1.41350000000000,5.27560000000000,5.4841,NA,18041.6178,17.0183,15.6048,1.4135,16.2696,4.6108,4.4918,0.1190,-1.6757,18041.6178,NA,NA
gamemd.exe,18720,0x43D4320,D3D9,0,0,1,Hardware: Independent Flip,18073.5796,NA,16.35700000000000,15.75110000000000,2.15520000000000,4.75770000000000,4.8782,NA,18058.6361,17.0987,14.9435,2.1552,15.7495,3.9517,3.8923,0.0594,1.2672,18058.6361,NA,NA
gamemd.exe,18720,0x43D4320,D3D9,0,0,1,Hardware: Independent Flip,18090.1106,NA,16.53100000000000,16.45850000000000,1.46150000000000,4.65120000000000,4.8057,NA,18075.7348,15.8373,14.3758,1.4615,15.1476,3.8794,3.7987,0.0807,0.6402,18075.7348,NA,NA
gamemd.exe,18720,0x43D4320,D3D9,0,0,1,Hardware: Independent Flip,18107.1876,NA,17.07700000000000,17.64230000000000,2.12810000000000,5.19780000000000,5.3710,NA,18091.5721,17.7436,15.6155,2.1281,16.6475,4.1658,4.0674,0.0984,-1.8050,18091.5721,NA,NA
gamemd.exe,18720,0x43D4320,D3D9,0,0,1,Hardware: Independent Flip,18123.6952,NA,16.50760000000000,18.01530000000000,2.44500000000000,6.61850000000000,6.8787,NA,18109.3157,16.8245,14.3795,2.4450,15.9220,5.0760,4.1089,0.9671,-0.2717,18109.3157,NA,NA
gamemd.exe,18720,0x43D4320,D3D9,0,0,1,Hardware: Independent Flip,18140.9631,NA,17.26790000000000,17.31110000000000,2.45900000000000,6.69700000000000,6.9219,NA,18126.1402,17.2819,14.8229,2.4590,16.2277,5.2922,4.3399,0.9523,-0.4866,18126.1402,NA,NA
gamemd.exe,18720,0x43D4320,D3D9,0,0,1,Hardware: Independent Flip,18157.4190,NA,16.45590000000000,16.09890000000000,2.61840000000000,6.38670000000000,6.5649,NA,18143.4221,16.6153,13.9969,2.6184,15.6984,4.6852,4.4268,0.2584,1.1830,18143.4221,NA,NA
gamemd.exe,18720,0x43D4320,D3D9,0,0,1,Hardware: Independent Flip,18175.1098,NA,17.69080000000000,16.89610000000000,2.41540000000000,5.55350000000000,5.7702,NA,18160.0374,17.4878,15.0724,2.4154,15.7756,4.8503,4.3896,0.4607,-0.2808,18160.0374,24.8415,24.8415
gamemd.exe,18720,0x43D4320,D3D9,0,0,1,Hardware: Independent Flip,18190.3762,NA,15.26640000000000,15.28950000000000,3.22300000000000,5.60050000000000,5.7933,NA,18177.5252,16.0740,12.8510,3.2230,13.6292,4.8223,4.7246,0.0977,2.1983,18177.5252,NA,NA
gamemd.exe,18720,0x43D4320,D3D9,0,0,1,Hardware: Independent Flip,18208.0144,NA,17.63820000000000,18.15540000000000,2.26340000000000,6.07760000000000,6.3105,NA,18193.5992,16.6786,14.4152,2.2634,15.0997,5.3931,4.6073,0.7858,-2.0814,18193.5992,NA,NA
gamemd.exe,18720,0x43D4320,D3D9,0,0,1,Hardware: Independent Flip,18223.5599,NA,15.54550000000000,14.84390000000000,1.21920000000000,5.35230000000000,5.6089,NA,18210.2778,14.5013,13.2821,1.2192,13.8188,4.8156,4.1347,0.6809,1.8347,18210.2778,NA,NA
gamemd.exe,18720,0x43D4320,D3D9,0,0,1,Hardware: Independent Flip,18240.2174,NA,16.65750000000000,17.25550000000000,1.33020000000000,5.99150000000000,6.2069,NA,18224.7791,16.7685,15.4383,1.3302,15.9443,5.4855,4.8126,0.6729,-2.7542,18224.7791,NA,NA
gamemd.exe,18720,0x43D4320,D3D9,0,0,1,Hardware: Independent Flip,18256.9694,NA,16.75200000000000,15.93040000000000,1.21650000000000,5.15770000000000,5.3853,NA,18241.5476,16.6383,15.4218,1.2165,15.9535,4.6260,4.1375,0.4885,0.8381,18241.5476,NA,NA
gamemd.exe,18720,0x43D4320,D3D9,0,0,1,Hardware: Independent Flip,18273.7423,NA,16.77290000000000,16.66090000000000,1.31630000000000,5.07210000000000,5.2733,NA,18258.1859,16.8727,15.5564,1.3163,16.0936,4.5349,4.0201,0.5148,-0.0226,18258.1859,19.0290,19.0290
gamemd.exe,18720,0x43D4320,D3D9,0,0,1,Hardware: Independent Flip,18290.4555,NA,16.71320000000000,17.55200000000000,1.18730000000000,5.91930000000000,6.1121,NA,18275.0586,16.5842,15.3969,1.1873,15.9337,5.3825,4.0650,1.3175,-0.6793,18275.0586,NA,NA
gamemd.exe,18720,0x43D4320,D3D9,0,0,1,Hardware: Independent Flip,18307.0188,NA,16.56330000000000,15.28310000000000,1.15380000000000,4.62970000000000,4.8319,NA,18291.6428,16.5298,15.3760,1.1538,15.9159,4.0898,4.0134,0.0764,1.3011,18291.6428,NA,NA
gamemd.exe,18720,0x43D4320,D3D9,0,0,1,Hardware: Independent Flip,18323.3387,NA,16.31990000000000,16.13830000000000,1.19920000000000,4.45780000000000,4.6503,NA,18308.1726,16.3653,15.1661,1.1992,15.6996,3.9243,3.8581,0.0662,0.3915,18308.1726,NA,NA
gamemd.exe,18720,0x43D4320,D3D9,0,0,1,Hardware: Independent Flip,18340.4075,NA,17.06880000000000,17.89430000000000,1.45640000000000,5.26520000000000,5.4758,NA,18324.5379,17.3260,15.8696,1.4564,16.5045,4.6303,4.4203,0.2100,-1.5290,18324.5379,NA,NA
gamemd.exe,18720,0x43D4320,D3D9,0,0,1,Hardware: Independent Flip,18357.1266,NA,16.71910000000000,17.35350000000000,2.43960000000000,5.86880000000000,6.1102,NA,18341.8639,17.7023,15.2627,2.4396,16.0318,5.0997,4.5380,0.5617,-0.0275,18341.8639,NA,NA
gamemd.exe,18720,0x43D4320,D3D9,0,0,1,Hardware: Independent Flip,18374.9304,NA,17.80380000000000,18.38700000000000,2.65770000000000,6.46950000000000,6.6934,NA,18359.5662,18.0219,15.3642,2.6577,16.2873,5.5464,4.7157,0.8307,-0.6847,18359.5662,NA,NA
gamemd.exe,18720,0x43D4320,D3D9,0,0,1,Hardware: Independent Flip,18390.2719,NA,15.34150000000000,13.31310000000000,1.17960000000000,4.42460000000000,4.6650,NA,18377.5881,13.8634,12.6838,1.1796,13.2022,3.9062,3.8157,0.0905,4.7088,18377.5881,NA,NA
gamemd.exe,18720,0x43D4320,D3D9,0,0,1,Hardware: Independent Flip,18407.1048,NA,16.83290000000000,16.96600000000000,1.25950000000000,4.55590000000000,4.7981,NA,18391.4515,16.9128,15.6533,1.2595,16.1944,4.0148,3.9093,0.1055,-3.1026,18391.4515,NA,NA
gamemd.exe,18720,0x43D4320,D3D9,0,0,1,Hardware: Independent Flip,18424.3627,NA,17.25790000000000,18.33900000000000,1.40510000000000,5.60230000000000,5.8792,NA,18408.3643,17.4035,15.9984,1.4051,16.6716,4.9291,4.3253,0.6038,-1.4262,18408.3643,NA,NA
gamemd.exe,18720,0x43D4320,D3D9,0,0,1,Hardware: Independent Flip,18439.9031,NA,15.54040000000000,14.34420000000000,1.13260000000000,4.46600000000000,4.6830,NA,18425.7678,15.2679,14.1353,1.1326,14.6281,3.9732,3.8781,0.0951,3.0593,18425.7678,NA,NA
gamemd.exe,18720,0x43D4320,D3D9,0,0,1,Hardware: Independent Flip,18457.0844,NA,17.18130000000000,17.32530000000000,1.36410000000000,4.59090000000000,4.8270,NA,18441.0357,17.4128,16.0487,1.3641,16.7067,3.9329,3.8537,0.0792,-2.0574,18441.0357,NA,NA
gamemd.exe,18720,0x43D4320,D3D9,0,0,1,Hardware: Independent Flip,18473.7624,NA,16.67800000000000,18.07300000000000,1.39840000000000,5.98280000000000,6.2220,NA,18458.4485,16.7123,15.3139,1.3984,15.8736,5.4231,4.4943,0.9288,-0.6602,18458.4485,NA,NA
gamemd.exe,18720,0x43D4320,D3D9,0,0,1,Hardware: Independent Flip,18490.3732,NA,16.61080000000000,15.25830000000000,1.27250000000000,4.66250000000000,4.8695,NA,18475.1608,16.4849,15.2124,1.2725,15.8816,3.9933,3.8948,0.0985,1.4540,18475.1608,NA,NA
gamemd.exe,18720,0x43D4320,D3D9,0,0,1,Hardware: Independent Flip,18507.1013,NA,16.72810000000000,16.54630000000000,1.20730000000000,4.50620000000000,4.6877,NA,18491.6457,16.6629,15.4556,1.2073,15.9944,3.9674,3.8709,0.0965,-0.0614,18491.6457,NA,NA
gamemd.exe,18720,0x43D4320,D3D9,0,0,1,Hardware: Independent Flip,18524.1584,NA,17.05710000000000,17.34750000000000,1.51360000000000,4.76590000000000,4.9781,NA,18508.3086,17.3634,15.8498,1.5136,16.6200,3.9957,3.8409,0.1548,-0.6846,18508.3086,NA,NA
gamemd.exe,18720,0x43D4320,D3D9,0,0,1,Hardware: Independent Flip,18540.4989,NA,16.34050000000000,16.51710000000000,1.65310000000000,4.95860000000000,5.1547,NA,18525.6720,16.4800,14.8269,1.6531,15.4128,4.3727,4.2629,0.1098,0.8463,18525.6720,NA,NA
gamemd.exe,18720,0x43D4320,D3D9,0,0,1,Hardware: Independent Flip,18557.1136,NA,16.61470000000000,16.61090000000000,1.74950000000000,4.95170000000000,5.1509,NA,18542.1520,16.7111,14.9616,1.7495,15.5368,4.3765,4.2567,0.1198,-0.1309,18542.1520,NA,NA
gamemd.exe,18720,0x43D4320,D3D9,0,0,1,Hardware: Independent Flip,18573.6791,NA,16.56550000000000,16.52910000000000,1.29290000000000,4.80110000000000,5.1145,NA,18558.8631,16.1089,14.8160,1.2929,15.3708,4.2463,4.0614,0.1849,0.1820,18558.8631,NA,NA
gamemd.exe,18720,0x43D4320,D3D9,0,0,1,Hardware: Independent Flip,18590.4042,NA,16.72510000000000,16.31700000000000,1.21580000000000,4.48570000000000,4.7064,NA,18574.9720,16.6480,15.4322,1.2158,15.9733,3.9446,3.8514,0.0932,-0.2081,18574.9720,NA,NA
gamemd.exe,18720,0x43D4320,D3D9,0,0,1,Hardware: Independent Flip,18607.0682,NA,16.66400000000000,16.49310000000000,1.17350000000000,4.33550000000000,4.5355,NA,18591.6200,16.6217,15.4482,1.1735,15.9323,3.8514,3.7679,0.0835,0.1549,18591.6200,NA,NA
gamemd.exe,18720,0x43D4320,D3D9,0,0,1,Hardware: Independent Flip,18623.9581,NA,16.88990000000000,17.49220000000000,2.26370000000000,4.95980000000000,5.1378,NA,18608.2417,17.9801,15.7164,2.2637,16.5770,4.0992,3.9904,0.1088,-0.8705,18608.2417,NA,NA
gamemd.exe,18720,0x43D4320,D3D9,0,0,1,Hardware: Independent Flip,18640.4198,NA,16.46170000000000,16.70690000000000,2.38680000000000,5.17140000000000,5.3830,NA,18626.2218,16.5848,14.1980,2.3868,15.0763,4.2931,4.1753,0.1178,1.2732,18626.2218,NA,NA
gamemd.exe,18720,0x43D4320,D3D9,0,0,1,Hardware: Independent Flip,18657.2315,NA,16.81170000000000,16.51380000000000,1.46810000000000,4.88520000000000,5.0851,NA,18642.8066,15.8930,14.4249,1.4681,14.9571,4.3530,4.2336,0.1194,0.0710,18642.8066,NA,NA
gamemd.exe,18720,0x43D4320,D3D9,0,0,1,Hardware: Independent Flip,18673.9251,NA,16.69360000000000,16.86700000000000,2.35610000000000,5.03750000000000,5.2585,NA,18658.6996,17.5816,15.2255,2.3561,16.0858,4.1772,4.0881,0.0891,-0.9740,18658.6996,NA,NA
gamemd.exe,18720,0x43D4320,D3D9,0,0,1,Hardware: Independent Flip,18690.7519,NA,16.82680000000000,17.28190000000000,1.69210000000000,5.50260000000000,5.7136,NA,18676.2812,16.1628,14.4707,1.6921,15.3426,4.6307,4.0218,0.6089,0.2997,18676.2812,NA,NA
gamemd.exe,18720,0x43D4320,D3D9,0,0,1,Hardware: Independent Flip,18706.7951,NA,16.04320000000000,15.44420000000000,1.65840000000000,4.91570000000000,5.1146,NA,18692.4440,16.0095,14.3511,1.6584,14.9600,4.3068,4.2073,0.0995,0.7186,18692.4440,NA,NA
gamemd.exe,18720,0x43D4320,D3D9,0,0,1,Hardware: Independent Flip,18723.5577,NA,16.76260000000000,16.97010000000000,1.43650000000000,5.12690000000000,5.3221,NA,18708.4535,16.5407,15.1042,1.4365,15.7586,4.4725,4.3345,0.1380,-0.9606,18708.4535,NA,NA
gamemd.exe,18720,0x43D4320,D3D9,0,0,1,Hardware: Independent Flip,18740.2362,NA,16.67850000000000,16.51680000000000,1.95820000000000,4.95120000000000,5.1604,NA,18724.9942,17.2002,15.2420,1.9582,16.0448,4.1484,4.0638,0.0846,0.0239,18724.9942,NA,NA
gamemd.exe,18720,0x43D4320,D3D9,0,0,1,Hardware: Independent Flip,18757.2500,NA,17.01380000000000,16.85340000000000,2.02420000000000,4.79120000000000,5.0000,NA,18742.1944,17.0798,15.0556,2.0242,15.8769,3.9699,3.8949,0.0750,0.3468,18742.1944,NA,NA
gamemd.exe,18720,0x43D4320,D3D9,0,0,1,Hardware: Independent Flip,18773.6662,NA,16.41620000000000,16.47800000000000,1.88970000000000,4.86490000000000,5.0618,NA,18759.2742,16.2817,14.3920,1.8897,15.3223,3.9346,3.8533,0.0813,0.6018,18759.2742,NA,NA
gamemd.exe,18720,0x43D4320,D3D9,0,0,1,Hardware: Independent Flip,18790.5669,NA,16.90070000000000,17.40280000000000,1.38330000000000,5.35330000000000,5.5639,NA,18775.5559,16.3943,15.0110,1.3833,15.6605,4.7038,4.4788,0.2250,-1.1211,18775.5559,NA,NA
gamemd.exe,18720,0x43D4320,D3D9,0,0,1,Hardware: Independent Flip,18807.9414,NA,17.37450000000000,17.81870000000000,1.53450000000000,5.74810000000000,6.0081,NA,18791.9502,17.5257,15.9912,1.5345,16.7354,5.0039,4.1939,0.8100,-1.4244,18791.9502,NA,NA
gamemd.exe,18720,0x43D4320,D3D9,0,0,1,Hardware: Independent Flip,18823.9703,NA,16.02890000000000,16.49440000000000,2.37990000000000,6.23340000000000,6.4736,NA,18809.4759,16.8743,14.4944,2.3799,16.0129,4.7149,4.0899,0.6250,1.0313,18809.4759,NA,NA
gamemd.exe,18720,0x43D4320,D3D9,0,0,1,Hardware: Independent Flip,18841.0893,NA,17.11900000000000,17.01100000000000,2.43200000000000,6.15500000000000,6.3656,NA,18826.3502,17.1711,14.7391,2.4320,16.3007,4.5934,4.0591,0.5343,-0.1367,18826.3502,NA,NA
gamemd.exe,18720,0x43D4320,D3D9,0,0,1,Hardware: Independent Flip,18856.8163,NA,15.72700000000000,15.93100000000000,2.26260000000000,6.33950000000000,6.5696,NA,18843.5213,15.5576,13.2950,2.2626,14.4238,5.2107,4.5095,0.7012,1.2401,18843.5213,NA,NA
gamemd.exe,18720,0x43D4320,D3D9,0,0,1,Hardware: Independent Flip,18874.3587,NA,17.54240000000000,16.76940000000000,1.66930000000000,5.56790000000000,5.7966,NA,18859.0789,16.9491,15.2798,1.6693,16.1149,4.7328,4.2151,0.5177,-1.2118,18859.0789,NA,NA
gamemd.exe,18720,0x43D4320,D3D9,0,0,1,Hardware: Independent Flip,18890.1037,NA,15.74500000000000,15.02660000000000,1.21320000000000,4.72020000000000,5.0782,NA,18876.0280,15.2889,14.0757,1.2132,14.5849,4.2110,4.0765,0.1345,1.9225,18876.0280,NA,NA
gamemd.exe,18720,0x43D4320,D3D9,0,0,1,Hardware: Independent Flip,18906.7637,NA,16.66000000000000,16.38740000000000,1.14050000000000,4.59120000000000,4.8056,NA,18891.3169,16.5873,15.4468,1.1405,15.9727,4.0653,3.9517,0.1136,-1.0985,18891.3169,27.6033,27.6033
gamemd.exe,18720,0x43D4320,D3D9,0,0,1,Hardware: Independent Flip,18923.5888,NA,16.82510000000000,16.66700000000000,1.23020000000000,4.45530000000000,4.6475,NA,18907.9042,16.9148,15.6846,1.2302,16.2155,3.9244,3.8439,0.0805,-0.0797,18907.9042,NA,NA
gamemd.exe,18720,0x43D4320,D3D9,0,0,1,Hardware: Independent Flip,18940.1902,NA,16.60140000000000,17.55150000000000,1.33410000000000,5.41790000000000,5.5976,NA,18924.8190,16.7053,15.3712,1.3341,15.9767,4.8124,4.6174,0.1950,-0.6367,18924.8190,NA,NA
gamemd.exe,18720,0x43D4320,D3D9,0,0,1,Hardware: Independent Flip,18956.6116,NA,16.42140000000000,15.52220000000000,1.21990000000000,4.50570000000000,4.6984,NA,18941.5243,16.3072,15.0873,1.2199,15.6187,3.9743,3.8849,0.0894,1.1831,18941.5243,NA,NA
gamemd.exe,18720,0x43D4320,D3D9,0,0,1,Hardware: Independent Flip,18974.1002,NA,17.48860000000000,17.20640000000000,1.13000000000000,4.22710000000000,4.4162,NA,18957.8315,17.3987,16.2687,1.1300,16.7715,3.7243,3.6487,0.0756,-0.8992,18957.8315,NA,NA
gamemd.exe,18720,0x43D4320,D3D9,0,0,1,Hardware: Independent Flip,18990.2058,NA,16.10560000000000,16.74150000000000,1.53460000000000,4.84470000000000,5.0521,NA,18975.2302,16.5102,14.9756,1.5346,15.5634,4.2569,4.1437,0.1132,0.6572,18975.2302,15.2895,15.2895
gamemd.exe,18720,0x43D4320,D3D9,0,0,1,Hardware: Independent Flip,19008.1795,NA,17.97370000000000,18.93450000000000,2.14540000000000,5.73670000000000,6.0129,NA,18991.7404,18.5845,16.4391,2.1454,17.6129,4.5629,4.0866,0.4763,-2.4243,18991.7404,NA,NA
gamemd.exe,18720,0x43D4320,D3D9,0,0,1,Hardware: Independent Flip,19023.9430,NA,15.76350000000000,16.21160000000000,3.67520000000000,6.27600000000000,6.4610,NA,19010.3249,17.2933,13.6181,3.6752,15.5434,4.3507,4.2521,0.0986,2.3729,19010.3249,NA,NA
gamemd.exe,18720,0x43D4320,D3D9,0,0,1,Hardware: Independent Flip,19041.2627,NA,17.31970000000000,17.43600000000000,2.27660000000000,6.37500000000000,6.5773,NA,19027.6182,15.9211,13.6445,2.2766,15.2094,4.8101,3.9883,0.8218,-0.1427,19027.6182,NA,NA
gamemd.exe,18720,0x43D4320,D3D9,0,0,1,Hardware: Independent Flip,19057.1003,NA,15.83760000000000,14.00740000000000,1.10060000000000,4.52160000000000,4.7471,NA,19043.5393,14.6616,13.5610,1.1006,14.0650,4.0176,3.9261,0.0915,1.9137,19043.5393,NA,NA
gamemd.exe,18720,0x43D4320,D3D9,0,0,1,Hardware: Independent Flip,19073.6247,NA,16.52440000000000,16.48000000000000,1.22570000000000,4.48000000000000,4.7027,NA,19058.2009,16.6495,15.4238,1.2257,15.9682,3.9356,3.8482,0.0874,-1.8184,19058.2009,NA,NA
gamemd.exe,18720,0x43D4320,D3D9,0,0,1,Hardware: Independent Flip,19092.1703,NA,18.54560000000000,19.54000000000000,1.76230000000000,5.48180000000000,5.6971,NA,19074.8504,19.0822,17.3199,1.7623,18.2121,4.5896,4.1145,0.4751,-2.8905,19074.8504,29.8899,NA
gamemd.exe,18720,0x43D4320,D3D9,0,0,1,Hardware: Independent Flip,19106.8097,NA,14.63940000000000,13.43620000000000,1.07790000000000,4.35350000000000,4.4939,NA,19093.9326,13.9550,12.8771,1.0779,13.3501,3.8805,3.8013,0.0792,5.6460,19093.9326,NA,NA
gamemd.exe,18720,0x43D4320,D3D9,0,0,1,Hardware: Independent Flip,19124.6642,NA,17.85450000000000,19.32610000000000,2.56630000000000,5.74810000000000,5.9655,NA,19107.8876,19.3429,16.7766,2.5663,17.6639,4.8608,4.3115,0.5493,-5.3711,19107.8876,22.6673,NA
gamemd.exe,18720,0x43D4320,D3D9,0,0,1,Hardware: Independent Flip,19140.2847,NA,15.62050000000000,14.61800000000000,1.21510000000000,4.74790000000000,4.9630,NA,19127.2305,14.2693,13.0542,1.2151,13.5610,4.2411,3.8779,0.3632,4.7249,19127.2305,20.6356,NA
gamemd.exe,18720,0x43D4320,D3D9,0,0,1,Hardware: Independent Flip,19156.9166,NA,16.63190000000000,16.39440000000000,1.08850000000000,4.50830000000000,4.7255,NA,19141.4998,16.5053,15.4168,1.0885,15.9097,4.0154,3.9327,0.0827,-2.1251,19141.4998,13.2161,NA
gamemd.exe,18720,0x43D4320,D3D9,0,0,1,Hardware: Independent Flip,19173.6983,NA,16.78170000000000,17.12850000000000,1.48100000000000,4.76220000000000,5.0723,NA,19158.0051,17.1742,15.6932,1.4810,16.2694,4.1860,4.0997,0.0863,-0.6232,19158.0051,22.7993,NA
gamemd.exe,18720,0x43D4320,D3D9,0,0,1,Hardware: Independent Flip,19190.4109,NA,16.71260000000000,17.75730000000000,1.22700000000000,5.91860000000000,6.1170,NA,19175.1793,16.4586,15.2316,1.2270,15.7703,5.3799,4.2708,1.1091,-0.5831,19175.1793,24.5140,NA
gamemd.exe,18720,0x43D4320,D3D9,0,0,1,Hardware: Independent Flip,19206.6974,NA,16.28650000000000,16.71670000000000,1.91710000000000,6.32360000000000,6.5472,NA,19191.6379,16.9766,15.0595,1.9171,15.8999,5.4832,4.7243,0.7589,-0.2581,19191.6379,17.1753,NA
gamemd.exe,18720,0x43D4320,D3D9,0,0,1,Hardware: Independent Flip,19224.0579,NA,17.36050000000000,17.24060000000000,2.45710000000000,6.24510000000000,6.4273,NA,19208.6145,17.9005,15.4434,2.4571,17.1009,4.5876,4.4020,0.1856,-0.2640,19208.6145,18.5071,NA
gamemd.exe,18720,0x43D4320,D3D9,0,0,1,Hardware: Independent Flip,19241.6979,NA,17.64000000000000,16.85870000000000,2.70800000000000,5.44030000000000,5.6460,NA,19226.5150,17.8909,15.1829,2.7080,15.8104,4.8128,4.3808,0.4320,1.0418,19226.5150,27.3252,NA
gamemd.exe,18720,0x43D4320,D3D9,0,0,1,Hardware: Independent Flip,19257.4044,NA,15.70650000000000,15.31650000000000,3.64470000000000,5.05950000000000,5.2560,NA,19244.4059,16.6432,12.9985,3.6447,13.8013,4.2567,4.1810,0.0757,2.5744,19244.4059,18.6887,NA
gamemd.exe,18720,0x43D4320,D3D9,0,0,1,Hardware: Independent Flip,19274.3662,NA,16.96180000000000,18.35590000000000,2.37610000000000,6.43960000000000,6.6501,NA,19261.0491,15.6932,13.3171,2.3761,14.7038,5.0529,4.1862,0.8667,-1.7127,19261.0491,20.2777,NA
gamemd.exe,18720,0x43D4320,D3D9,0,0,1,Hardware: Independent Flip,19292.3317,NA,17.96550000000000,16.91210000000000,1.38590000000000,5.39700000000000,5.5967,NA,19276.7423,16.9753,15.5894,1.3859,16.2578,4.7286,4.0338,0.6948,-1.2189,19276.7423,13.9705,NA
gamemd.exe,18720,0x43D4320,D3D9,0,0,1,Hardware: Independent Flip,19306.8871,NA,14.55540000000000,15.41010000000000,2.64430000000000,6.24650000000000,6.4514,NA,19293.7176,15.8138,13.1695,2.6443,14.5383,4.8777,4.1257,0.7520,1.5652,19293.7176,21.1653,NA
gamemd.exe,18720,0x43D4320,D3D9,0,0,1,Hardware: Independent Flip,19323.8987,NA,17.01160000000000,17.54520000000000,3.60400000000000,6.77310000000000,6.9850,NA,19309.5314,17.9713,14.3673,3.6040,16.1618,4.9786,4.5788,0.3998,-1.7314,19309.5314,14.8845,NA
gamemd.exe,18720,0x43D4320,D3D9,0,0,1,Hardware: Independent Flip,19341.3380,NA,17.43930000000000,15.87420000000000,1.63940000000000,5.26750000000000,5.4199,NA,19327.5027,15.4747,13.8353,1.6394,14.7114,4.3914,3.9487,0.4427,2.0971,19327.5027,14.7748,NA
gamemd.exe,18720,0x43D4320,D3D9,0,0,1,Hardware: Independent Flip,19357.2540,NA,15.91600000000000,15.45220000000000,2.39270000000000,4.83130000000000,4.9561,NA,19342.9774,16.6693,14.2766,2.3927,15.1956,3.9123,3.8329,0.0794,0.0225,19342.9774,6.2406,NA
gamemd.exe,18720,0x43D4320,D3D9,0,0,1,Hardware: Independent Flip,19373.6142,NA,16.36020000000000,16.32690000000000,1.78890000000000,4.79350000000000,4.9228,NA,19359.6467,15.7564,13.9675,1.7889,14.6573,4.1037,4.0029,0.1008,0.3424,19359.6467,6.4715,NA
gamemd.exe,18720,0x43D4320,D3D9,0,0,1,Hardware: Independent Flip,19390.4111,NA,16.79690000000000,16.81370000000000,1.88550000000000,4.80280000000000,4.9396,NA,19375.4031,16.8935,15.0080,1.8855,15.7969,4.0139,3.8886,0.1253,-1.0573,19375.4031,15.3167,NA
gamemd.exe,18720,0x43D4320,D3D9,0,0,1,Hardware: Independent Flip,19406.9543,NA,16.54320000000000,16.83260000000000,2.61320000000000,5.06200000000000,5.2290,NA,19392.2966,17.2709,14.6577,2.6132,15.6004,4.1193,3.9635,0.1558,0.0609,19392.2966,16.1770,NA
gamemd.exe,18720,0x43D4320,D3D9,0,0,1,Hardware: Independent Flip,19424.1981,NA,17.24380000000000,17.18390000000000,1.59760000000000,5.00100000000000,5.1691,NA,19409.5675,16.2282,14.6306,1.5976,15.2855,4.3461,3.9466,0.3995,0.0870,19409.5675,17.3552,NA
gamemd.exe,18720,0x43D4320,D3D9,0,0,1,Hardware: Independent Flip,19440.5567,NA,16.35860000000000,15.94890000000000,1.51800000000000,4.61010000000000,4.7594,NA,19425.7957,16.2790,14.7610,1.5180,15.3011,4.0700,3.9807,0.0893,0.2793,19425.7957,17.3185,NA
gamemd.exe,18720,0x43D4320,D3D9,0,0,1,Hardware: Independent Flip,19456.8353,NA,16.27860000000000,15.94000000000000,1.21050000000000,4.27180000000000,4.4208,NA,19442.0747,15.9711,14.7606,1.2105,15.2760,3.7564,3.6765,0.0799,0.3390,19442.0747,17.2924,NA
gamemd.exe,18720,0x43D4320,D3D9,0,0,1,Hardware: Independent Flip,19473.4301,NA,16.59480000000000,16.86630000000000,1.24890000000000,4.55980000000000,4.6923,NA,19458.0458,16.6332,15.3843,1.2489,15.9777,3.9664,3.8828,0.0836,-0.8952,19458.0458,18.1258,NA
gamemd.exe,18720,0x43D4320,D3D9,0,0,1,Hardware: Independent Flip,19490.0832,NA,16.65310000000000,16.73300000000000,1.43590000000000,4.57310000000000,4.7722,NA,19474.6790,16.8401,15.4042,1.4359,15.9918,3.9855,3.9137,0.0718,-0.0998,19474.6790,18.8155,NA
gamemd.exe,18720,0x43D4320,D3D9,0,0,1,Hardware: Independent Flip,19507.3632,NA,17.28000000000000,17.58470000000000,1.99190000000000,4.92440000000000,5.0769,NA,19491.5191,17.8360,15.8441,1.9919,16.4208,4.3477,4.2655,0.0822,-0.7446,19491.5191,20.4603,NA
gamemd.exe,18720,0x43D4320,D3D9,0,0,1,Hardware: Independent Flip,19524.8237,NA,17.46050000000000,17.41260000000000,1.25120000000000,4.84510000000000,5.0290,NA,19509.3551,16.7198,15.4686,1.2512,16.0463,4.2674,3.7405,0.5269,0.4234,19509.3551,21.8233,NA
gamemd.exe,18720,0x43D4320,D3D9,0,0,1,Hardware: Independent Flip,19540.5068,NA,15.68310000000000,15.76560000000000,1.77810000000000,4.96130000000000,5.1115,NA,19526.0749,16.2100,14.4319,1.7781,15.3077,4.0855,4.0035,0.0820,0.9542,19526.0749,21.4128,NA
gamemd.exe,18720,0x43D4320,D3D9,0,0,1,Hardware: Independent Flip,19557.3933,NA,16.88650000000000,16.55050000000000,1.82740000000000,4.58750000000000,4.7755,NA,19542.2849,16.9358,15.1084,1.8274,15.9345,3.7614,3.6669,0.0945,-0.3405,19542.2849,22.1545,NA
gamemd.exe,18720,0x43D4320,D3D9,0,0,1,Hardware: Independent Flip,19573.9841,NA,16.59080000000000,16.71850000000000,1.87210000000000,4.72720000000000,4.9032,NA,19559.2207,16.6355,14.7634,1.8721,15.6402,3.8504,3.7972,0.0532,0.2173,19559.2207,22.9209,NA
gamemd.exe,18720,0x43D4320,D3D9,0,0,1,Hardware: Independent Flip,19590.5144,NA,16.53030000000000,16.13250000000000,1.59240000000000,4.36950000000000,4.5054,NA,19575.8562,16.2506,14.6582,1.5924,15.1610,3.8667,3.8068,0.0599,0.5030,19575.8562,22.9933,NA
gamemd.exe,18720,0x43D4320,D3D9,0,0,1,Hardware: Independent Flip,19606.7423,NA,16.22790000000000,17.09430000000000,1.58310000000000,5.11960000000000,5.3718,NA,19592.1068,16.2186,14.6355,1.5831,15.4047,4.3504,4.2529,0.0975,-0.8437,19592.1068,23.9050,NA
gamemd.exe,18720,0x43D4320,D3D9,0,0,1,Hardware: Independent Flip,19624.0053,NA,17.26300000000000,17.16580000000000,1.50700000000000,5.06490000000000,5.2746,NA,19608.3254,17.1869,15.6799,1.5070,16.2321,4.5127,3.9619,0.5508,-0.9472,19608.3254,25.1280,NA
gamemd.exe,18720,0x43D4320,D3D9,0,0,1,Hardware: Independent Flip,19640.1832,NA,16.17790000000000,15.70460000000000,1.83850000000000,4.64470000000000,4.8013,NA,19625.5123,16.5094,14.6709,1.8385,15.3511,3.9645,3.8699,0.0946,1.4823,19625.5123,24.9568,NA
gamemd.exe,18720,0x43D4320,D3D9,0,0,1,Hardware: Independent Flip,19656.6938,NA,16.51060000000000,16.34200000000000,1.80440000000000,4.49110000000000,4.6327,NA,19642.0217,16.4765,14.6721,1.8044,15.2259,3.9373,3.8709,0.0664,0.1674,19642.0217,25.3328,NA
gamemd.exe,18720,0x43D4320,D3D9,0,0,1,Hardware: Independent Flip,19673.6854,NA,16.99160000000000,17.13890000000000,1.68930000000000,4.61020000000000,4.7800,NA,19658.4982,16.8765,15.1872,1.6893,15.7151,4.0823,3.9970,0.0853,-0.6624,19658.4982,26.4988,NA
gamemd.exe,18720,0x43D4320,D3D9,0,0,1,Hardware: Independent Flip,19690.6551,NA,16.96970000000000,17.05300000000000,1.76510000000000,4.65960000000000,4.8633,NA,19675.3747,17.0455,15.2804,1.7651,15.9632,3.9768,3.8995,0.0773,-0.1765,19675.3747,11.5554,NA
gamemd.exe,18720,0x43D4320,D3D9,0,0,1,Hardware: Independent Flip,19707.6821,NA,17.02700000000000,17.75850000000000,1.50330000000000,5.47230000000000,5.5948,NA,19692.4202,16.7652,15.2619,1.5033,15.9651,4.7691,4.3580,0.4111,-0.7130,19692.4202,NA,NA
gamemd.exe,18720,0x43D4320,D3D9,0,0,1,Hardware: Independent Flip,19723.7550,NA,16.07290000000000,15.29060000000000,1.85230000000000,4.67800000000000,4.8125,NA,19709.1854,16.4219,14.5696,1.8523,15.6187,3.6289,3.5394,0.0895,1.4746,19709.1854,NA,NA
gamemd.exe,18720,0x43D4320,D3D9,0,0,1,Hardware: Independent Flip,19740.6706,NA,16.91560000000000,16.97930000000000,2.03510000000000,4.75130000000000,4.8762,NA,19725.6073,17.0984,15.0633,2.0351,15.9871,3.8275,3.7480,0.0795,-0.5574,19725.6073,13.5725,NA
gamemd.exe,18720,0x43D4320,D3D9,0,0,1,Hardware: Independent Flip,19757.3383,NA,16.66770000000000,16.74700000000000,1.85060000000000,4.83650000000000,4.9555,NA,19742.7057,16.4832,14.6326,1.8506,15.8323,3.6368,3.5751,0.0617,0.3514,19742.7057,14.2596,NA
gamemd.exe,18720,0x43D4320,D3D9,0,0,1,Hardware: Independent Flip,19773.7475,NA,16.40920000000000,16.58920000000000,1.91220000000000,5.02530000000000,5.1355,NA,19759.1889,16.4708,14.5586,1.9122,15.4330,4.1509,4.0694,0.0815,-0.1060,19759.1889,14.8704,NA
gamemd.exe,18720,0x43D4320,D3D9,0,0,1,Hardware: Independent Flip,19790.2422,NA,16.49470000000000,16.52980000000000,2.04070000000000,5.00680000000000,5.1706,NA,19775.6597,16.6232,14.5825,2.0407,15.4051,4.1842,4.0232,0.1610,-0.0590,19775.6597,15.3805,NA
gamemd.exe,18720,0x43D4320,D3D9,0,0,1,Hardware: Independent Flip,19807.5068,NA,17.26460000000000,17.86510000000000,1.57140000000000,5.55580000000000,5.7711,NA,19792.2829,16.7953,15.2239,1.5714,16.0583,4.7214,4.1000,0.6214,-1.2419,19792.2829,17.3172,NA
gamemd.exe,18720,0x43D4320,D3D9,0,0,1,Hardware: Independent Flip,19823.5506,NA,16.04380000000000,15.42080000000000,2.31490000000000,5.00980000000000,5.1481,NA,19809.0782,16.7873,14.4724,2.3149,15.4220,4.0602,3.9548,0.1054,1.3745,19809.0782,8.4411,NA
gamemd.exe,18720,0x43D4320,D3D9,0,0,1,Hardware: Independent Flip,19840.4346,NA,16.88400000000000,16.52720000000000,1.49360000000000,4.64370000000000,4.7913,NA,19825.8655,16.0627,14.5691,1.4936,15.1573,4.0555,3.9472,0.1083,0.2601,19825.8655,17.1524,NA
gamemd.exe,18720,0x43D4320,D3D9,0,0,1,Hardware: Independent Flip,19856.6592,NA,16.22460000000000,16.18300000000000,1.85630000000000,4.63610000000000,4.7497,NA,19841.9282,16.5873,14.7310,1.8563,15.4678,3.8993,3.8212,0.0781,-0.1203,19841.9282,17.3886,NA
gamemd.exe,18720,0x43D4320,D3D9,0,0,1,Hardware: Independent Flip,19873.4187,NA,16.75950000000000,16.80040000000000,1.59190000000000,4.67270000000000,4.7906,NA,19858.5155,16.4951,14.9032,1.5919,15.6725,3.9034,3.8289,0.0745,-0.2131,19858.5155,18.1880,NA
gamemd.exe,18720,0x43D4320,D3D9,0,0,1,Hardware: Independent Flip,19891.4079,NA,17.98920000000000,18.58210000000000,1.54670000000000,5.17270000000000,5.3835,NA,19875.0106,17.9440,16.3973,1.5467,17.1627,4.4073,3.9141,0.4932,-2.0870,19875.0106,NA,NA
gamemd.exe,18720,0x43D4320,D3D9,0,0,1,Hardware: Independent Flip,19907.4356,NA,16.02770000000000,15.39490000000000,1.33740000000000,4.60820000000000,4.7507,NA,19892.9546,15.8184,14.4810,1.3374,15.0241,4.0651,4.0000,0.0651,2.5491,19892.9546,28.1929,NA
gamemd.exe,18720,0x43D4320,D3D9,0,0,1,Hardware: Independent Flip,19923.5853,NA,16.14970000000000,15.87190000000000,1.61980000000000,4.33590000000000,4.4729,NA,19908.7730,16.4321,14.8123,1.6198,15.3925,3.7557,3.7111,0.0446,-0.0535,19908.7730,NA,NA
gamemd.exe,18720,0x43D4320,D3D9,0,0,1,Hardware: Independent Flip,19940.3675,NA,16.78220000000000,16.65450000000000,1.38760000000000,4.21190000000000,4.3452,NA,19925.2051,16.5500,15.1624,1.3876,15.6851,3.6892,3.6329,0.0563,-0.2224,19925.2051,NA,NA
gamemd.exe,18720,0x43D4320,D3D9,0,0,1,Hardware: Independent Flip,19956.8197,NA,16.45220000000000,16.37040000000000,1.16920000000000,4.15100000000000,4.2634,NA,19941.7551,16.2338,15.0646,1.1692,15.5541,3.6615,3.6114,0.0501,0.1796,19941.7551,NA,NA
gamemd.exe,18720,0x43D4320,D3D9,0,0,1,Hardware: Independent Flip,19973.4722,NA,16.65250000000000,16.87210000000000,1.46790000000000,4.37210000000000,4.4830,NA,19957.9889,16.9512,15.4833,1.4679,15.9971,3.8583,3.7891,0.0692,-0.6383,19957.9889,NA,NA
gamemd.exe,18720,0x43D4320,D3D9,0,0,1,Hardware: Independent Flip,19990.3068,NA,16.83460000000000,17.01530000000000,1.60550000000000,4.48940000000000,4.6637,NA,19974.9401,16.9722,15.3667,1.6055,15.9080,3.9481,3.8788,0.0693,-0.0641,19974.9401,NA,NA
gamemd.exe,18720,0x43D4320,D3D9,0,0,1,Hardware: Independent Flip,20007.4766,NA,17.16980000000000,17.51690000000000,1.83570000000000,4.86190000000000,5.0108,NA,19991.9123,17.4000,15.5643,1.8357,16.1756,4.2506,4.1250,0.1256,-0.5447,19991.9123,NA,NA
gamemd.exe,18720,0x43D4320,D3D9,0,0,1,Hardware: Independent Flip,20023.7199,NA,16.24330000000000,16.11130000000000,2.16390000000000,4.72620000000000,4.8788,NA,20009.3123,16.5715,14.4076,2.1639,15.2072,3.9266,3.8468,0.0798,1.2887,20009.3123,NA,NA
gamemd.exe,18720,0x43D4320,D3D9,0,0,1,Hardware: Independent Flip,20040.2412,NA,16.52130000000000,16.92340000000000,1.56770000000000,5.06900000000000,5.2809,NA,20025.8838,15.9251,14.3574,1.5677,14.9688,4.4576,4.3385,0.1191,-0.3519,20025.8838,NA,NA
gamemd.exe,18720,0x43D4320,D3D9,0,0,1,Hardware: Independent Flip,20056.7972,NA,16.55600000000000,16.55760000000000,1.48590000000000,5.06430000000000,5.2825,NA,20041.8089,16.4742,14.9883,1.4859,15.6540,4.3986,4.2770,0.1216,-0.6325,20041.8089,NA,NA
gamemd.exe,18720,0x43D4320,D3D9,0,0,1,Hardware: Independent Flip,20074.0859,NA,17.28870000000000,17.89600000000000,1.59230000000000,5.66130000000000,5.8898,NA,20058.2831,17.3951,15.8028,1.5923,16.5759,4.8882,4.1870,0.7012,-1.4218,20058.2831,NA,NA
gamemd.exe,18720,0x43D4320,D3D9,0,0,1,Hardware: Independent Flip,20090.4360,NA,16.35010000000000,15.75700000000000,1.91900000000000,5.12880000000000,5.2967,NA,20075.6782,16.6768,14.7578,1.9190,15.5513,4.3353,4.2422,0.0931,1.6381,20075.6782,NA,NA
gamemd.exe,18720,0x43D4320,D3D9,0,0,1,Hardware: Independent Flip,20107.1014,NA,16.66540000000000,16.71250000000000,2.17000000000000,5.13260000000000,5.3438,NA,20092.3550,16.9164,14.7464,2.1700,15.3366,4.5424,4.4146,0.1278,-0.0357,20092.3550,NA,NA
gamemd.exe,18720,0x43D4320,D3D9,0,0,1,Hardware: Independent Flip,20123.5449,NA,16.44350000000000,16.41390000000000,2.90530000000000,5.16160000000000,5.3142,NA,20109.2714,17.1788,14.2735,2.9053,15.2481,4.1870,4.0779,0.1091,0.5025,20109.2714,12.8852,NA
gamemd.exe,18720,0x43D4320,D3D9,0,0,1,Hardware: Independent Flip,20140.3609,NA,16.81600000000000,16.47580000000000,1.76490000000000,4.83670000000000,4.9740,NA,20126.4502,15.6756,13.9107,1.7649,14.5996,4.1478,4.0576,0.0902,0.7030,20126.4502,13.3743,NA
gamemd.exe,18720,0x43D4320,D3D9,0,0,1,Hardware: Independent Flip,20157.1964,NA,16.83550000000000,16.55180000000000,1.54880000000000,4.54730000000000,4.6903,NA,20142.1258,16.6194,15.0706,1.5488,15.9339,3.6840,3.6362,0.0478,-0.8762,20142.1258,13.9355,NA
gamemd.exe,18720,0x43D4320,D3D9,0,0,1,Hardware: Independent Flip,20173.8342,NA,16.63780000000000,16.66750000000000,1.91240000000000,4.60960000000000,4.7200,NA,20158.7452,17.0014,15.0890,1.9124,15.8491,3.8495,3.7923,0.0572,-0.0481,20158.7452,14.5807,NA
gamemd.exe,18720,0x43D4320,D3D9,0,0,1,Hardware: Independent Flip,20190.7208,NA,16.88660000000000,16.96650000000000,1.73380000000000,4.59760000000000,4.7999,NA,20175.7466,16.7080,14.9742,1.7338,15.8732,3.6986,3.6292,0.0694,0.0349,20175.7466,15.4983,NA
gamemd.exe,18720,0x43D4320,D3D9,0,0,1,Hardware: Independent Flip,20206.8582,NA,16.13740000000000,16.73240000000000,1.73490000000000,5.21330000000000,5.3949,NA,20192.4546,16.1385,14.4036,1.7349,15.2006,4.4163,4.2785,0.1378,-0.0244,20192.4546,NA,NA
gamemd.exe,18720,0x43D4320,D3D9,0,0,1,Hardware: Independent Flip,20223.8157,NA,16.95750000000000,16.34810000000000,1.66240000000000,4.67390000000000,4.7855,NA,20208.5931,16.8850,15.2226,1.6624,15.9236,3.9729,3.8939,0.0790,-0.2096,20208.5931,NA,NA
gamemd.exe,18720,0x43D4320,D3D9,0,0,1,Hardware: Independent Flip,20240.1574,NA,16.34170000000000,16.17220000000000,1.25340000000000,4.48610000000000,4.6160,NA,20225.4781,15.9327,14.6793,1.2534,15.2411,3.9243,3.8476,0.0767,0.7128,20225.4781,NA,NA
gamemd.exe,18720,0x43D4320,D3D9,0,0,1,Hardware: Independent Flip,20256.6420,NA,16.48460000000000,16.34820000000000,1.37670000000000,4.36520000000000,4.4796,NA,20241.4108,16.6079,15.2312,1.3767,15.7499,3.8465,3.7741,0.0724,-0.4155,20241.4108,NA,NA
gamemd.exe,18720,0x43D4320,D3D9,0,0,1,Hardware: Independent Flip,20273.5440,NA,16.90200000000000,17.01410000000000,1.48580000000000,4.45860000000000,4.5917,NA,20258.0187,17.0111,15.5253,1.4858,16.3077,3.6762,3.6124,0.0638,-0.4062,20258.0187,NA,NA
gamemd.exe,18720,0x43D4320,D3D9,0,0,1,Hardware: Independent Flip,20290.2223,NA,16.67830000000000,17.20220000000000,1.84600000000000,4.93300000000000,5.1156,NA,20275.0298,17.0385,15.1925,1.8460,15.9856,4.1399,4.0343,0.1056,-0.1911,20275.0298,NA,NA
gamemd.exe,18720,0x43D4320,D3D9,0,0,1,Hardware: Independent Flip,20307.3051,NA,17.08280000000000,17.50490000000000,1.47140000000000,5.37110000000000,5.5377,NA,20292.0683,16.7082,15.2368,1.4714,15.9564,4.6515,4.2585,0.3930,-0.4664,20292.0683,20.8609,20.8609
gamemd.exe,18720,0x43D4320,D3D9,0,0,1,Hardware: Independent Flip,20323.7535,NA,16.44840000000000,15.76520000000000,1.57520000000000,4.73300000000000,4.8545,NA,20308.7765,16.5522,14.9770,1.5752,15.6763,4.0337,3.8527,0.1810,0.9430,20308.7765,NA,NA
gamemd.exe,18720,0x43D4320,D3D9,0,0,1,Hardware: Independent Flip,20340.4393,NA,16.68580000000000,16.30910000000000,1.58640000000000,4.33960000000000,4.4778,NA,20325.3287,16.6970,15.1106,1.5864,15.6730,3.7772,3.7205,0.0567,0.2431,20325.3287,NA,NA
gamemd.exe,18720,0x43D4320,D3D9,0,0,1,Hardware: Independent Flip,20356.9948,NA,16.55550000000000,16.52530000000000,1.23930000000000,4.33070000000000,4.4476,NA,20342.0257,16.2084,14.9691,1.2393,15.6880,3.6118,3.5445,0.0673,0.1717,20342.0257,NA,NA
gamemd.exe,18720,0x43D4320,D3D9,0,0,1,Hardware: Independent Flip,20373.7513,NA,16.75650000000000,17.07500000000000,1.38500000000000,4.58510000000000,4.7661,NA,20358.2341,16.9022,15.5172,1.3850,16.3249,3.7774,3.7146,0.0628,-0.8666,20358.2341,NA,NA
gamemd.exe,18720,0x43D4320,D3D9,0,0,1,Hardware: Independent Flip,20390.7409,NA,16.98960000000000,17.45060000000000,1.31070000000000,4.98570000000000,5.2271,NA,20375.1363,16.9153,15.6046,1.3107,16.1453,4.4450,3.9477,0.4973,-0.5484,20375.1363,NA,NA
gamemd.exe,18720,0x43D4320,D3D9,0,0,1,Hardware: Independent Flip,20406.7921,NA,16.05120000000000,15.67930000000000,2.24460000000000,4.72000000000000,4.8552,NA,20392.0516,16.9851,14.7405,2.2446,15.6642,3.7963,3.7064,0.0899,1.2360,20392.0516,23.0406,23.0406
gamemd.exe,18720,0x43D4320,D3D9,0,0,1,Hardware: Independent Flip,20424.1349,NA,17.34280000000000,17.29070000000000,2.06210000000000,4.66230000000000,4.8031,NA,20409.0367,17.1603,15.0982,2.0621,16.0230,3.7375,3.6521,0.0854,-0.3056,20409.0367,NA,NA
gamemd.exe,18720,0x43D4320,D3D9,0,0,1,Hardware: Independent Flip,20440.2366,NA,16.10170000000000,16.17230000000000,1.57730000000000,4.69600000000000,4.8737,NA,20426.1970,15.6169,14.0396,1.5773,14.7319,4.0037,3.8826,0.1211,0.9880,20426.1970,NA,NA
gamemd.exe,18720,0x43D4320,D3D9,0,0,1,Hardware: Independent Flip,20456.8263,NA,16.58970000000000,16.35130000000000,1.52260000000000,4.48070000000000,4.6353,NA,20441.8139,16.5350,15.0124,1.5226,15.6879,3.8052,3.7257,0.0795,-0.7344,20441.8139,NA,NA
gamemd.exe,18720,0x43D4320,D3D9,0,0,1,Hardware: Independent Flip,20473.3785,NA,16.55220000000000,17.19480000000000,2.58900000000000,5.14110000000000,5.2779,NA,20458.3489,17.6186,15.0296,2.5890,15.9527,4.2180,4.0790,0.1390,-0.6598,20458.3489,26.6011,NA
gamemd.exe,18720,0x43D4320,D3D9,0,0,1,Hardware: Independent Flip,20490.3816,NA,17.00310000000000,16.90020000000000,1.47330000000000,4.96750000000000,5.1750,NA,20475.9675,15.8874,14.4141,1.4733,14.9750,4.4066,4.2956,0.1110,0.7184,20475.9675,27.5564,NA
gamemd.exe,18720,0x43D4320,D3D9,0,0,1,Hardware: Independent Flip,20507.0570,NA,16.67540000000000,16.72300000000000,2.21320000000000,5.05290000000000,5.2226,NA,20491.8549,17.4153,15.2021,2.2132,15.7132,4.5418,4.4488,0.0930,-0.8356,20491.8549,12.3058,NA
gamemd.exe,18720,0x43D4320,D3D9,0,0,1,Hardware: Independent Flip,20523.7135,NA,16.65650000000000,16.52480000000000,2.10760000000000,4.97110000000000,5.0909,NA,20509.2702,16.5509,14.4433,2.1076,15.4098,4.0046,3.9077,0.0969,0.8905,20509.2702,12.6933,NA
gamemd.exe,18720,0x43D4320,D3D9,0,0,1,Hardware: Independent Flip,20540.6854,NA,16.97190000000000,16.77470000000000,1.82770000000000,4.75770000000000,4.8937,NA,20525.8211,16.6920,14.8643,1.8277,15.7567,3.8653,3.8029,0.0624,-0.2238,20525.8211,13.6168,NA
gamemd.exe,18720,0x43D4320,D3D9,0,0,1,Hardware: Independent Flip,20556.8258,NA,16.14040000000000,16.24600000000000,2.25740000000000,4.88890000000000,4.9993,NA,20542.5131,16.5701,14.3127,2.2574,15.2743,3.9273,3.8276,0.0997,0.4460,20542.5131,13.8743,NA
gamemd.exe,18720,0x43D4320,D3D9,0,0,1,Hardware: Independent Flip,20573.4524,NA,16.62660000000000,17.19610000000000,1.68880000000000,5.26460000000000,5.5688,NA,20559.0832,16.0580,14.3692,1.6888,14.9794,4.6544,4.1109,0.5435,-0.6260,20559.0832,15.0352,NA
gamemd.exe,18720,0x43D4320,D3D9,0,0,1,Hardware: Independent Flip,20591.0171,NA,17.56470000000000,17.62970000000000,1.63170000000000,5.40910000000000,5.6338,NA,20575.1412,17.5076,15.8759,1.6317,16.7183,4.5667,4.0410,0.5257,-1.5717,20575.1412,16.6920,NA
gamemd.exe,18720,0x43D4320,D3D9,0,0,1,Hardware: Independent Flip,20607.4388,NA,16.42170000000000,16.57190000000000,1.65510000000000,5.61710000000000,5.7840,NA,20592.6488,16.4451,14.7900,1.6551,15.5387,4.8684,4.4238,0.4446,0.9357,20592.6488,17.2001,NA
gamemd.exe,18720,0x43D4320,D3D9,0,0,1,Hardware: Independent Flip,20623.7650,NA,16.32620000000000,15.49210000000000,1.98780000000000,4.83400000000000,4.9499,NA,20609.0939,16.6589,14.6711,1.9878,15.4297,4.0754,3.9819,0.0935,0.9530,20609.0939,16.7203,NA
gamemd.exe,18720,0x43D4320,D3D9,0,0,1,Hardware: Independent Flip,20640.5054,NA,16.74040000000000,16.64370000000000,1.70330000000000,4.71480000000000,4.8532,NA,20625.7528,16.4559,14.7526,1.7033,15.4212,4.0462,3.9729,0.0733,0.0152,20625.7528,17.3480,NA
gamemd.exe,18720,0x43D4320,D3D9,0,0,1,Hardware: Independent Flip,20657.2634,NA,16.75800000000000,16.39510000000000,1.50740000000000,4.37480000000000,4.4903,NA,20642.2087,16.5621,15.0547,1.5074,15.6523,3.7772,3.6956,0.0816,0.0608,20642.2087,17.7978,NA
gamemd.exe,18720,0x43D4320,D3D9,0,0,1,Hardware: Independent Flip,20673.4083,NA,16.14490000000000,16.77690000000000,1.54940000000000,4.96830000000000,5.1223,NA,20658.7708,16.1869,14.6375,1.5494,15.2932,4.3126,4.2086,0.1040,-0.2148,20658.7708,18.5005,NA
gamemd.exe,18720,0x43D4320,D3D9,0,0,1,Hardware: Independent Flip,20691.0907,NA,17.68240000000000,17.99030000000000,1.59950000000000,5.21580000000000,5.4302,NA,20674.9577,17.7325,16.1330,1.5995,16.7659,4.5829,4.0541,0.5288,-1.8034,20674.9577,20.5343,NA
gamemd.exe,18720,0x43D4320,D3D9,0,0,1,Hardware: Independent Flip,20706.9213,NA,15.83060000000000,15.04300000000000,1.74120000000000,4.51890000000000,4.6426,NA,20692.6902,15.9723,14.2311,1.7412,14.7489,4.0011,3.9200,0.0811,2.6895,20692.6902,19.5487,NA
gamemd.exe,18720,0x43D4320,D3D9,0,0,1,Hardware: Independent Flip,20723.6826,NA,16.76130000000000,16.98940000000000,2.01890000000000,4.75900000000000,4.8707,NA,20708.6625,17.0390,15.0201,2.0189,15.9176,3.8615,3.7800,0.0815,-1.0171,20708.6625,20.5816,NA
gamemd.exe,18720,0x43D4320,D3D9,0,0,1,Hardware: Independent Flip,20740.7364,NA,17.05380000000000,16.72620000000000,1.69060000000000,4.40350000000000,4.5431,NA,20725.7015,16.7255,15.0349,1.6906,15.6324,3.8060,3.7448,0.0612,0.3128,20725.7015,21.3088,NA
gamemd.exe,18720,0x43D4320,D3D9,0,0,1,Hardware: Independent Flip,20757.2436,NA,16.50720000000000,16.47600000000000,1.71080000000000,4.38240000000000,4.5119,NA,20742.4270,16.5274,14.8166,1.7108,15.4061,3.7929,3.7292,0.0637,0.2495,20742.4270,21.6280,NA
gamemd.exe,18720,0x43D4320,D3D9,0,0,1,Hardware: Independent Flip,20774.0949,NA,16.85130000000000,17.57270000000000,1.52940000000000,5.02660000000000,5.2333,NA,20758.9544,16.6699,15.1405,1.5294,15.7644,4.4027,3.9774,0.4253,-1.0453,20758.9544,23.3487,NA
gamemd.exe,18720,0x43D4320,D3D9,0,0,1,Hardware: Independent Flip,20790.3526,NA,16.25770000000000,15.67940000000000,1.29610000000000,4.49530000000000,4.6550,NA,20775.6243,16.0244,14.7283,1.2961,15.2635,3.9601,3.8689,0.0912,0.9905,20775.6243,22.7564,NA
gamemd.exe,18720,0x43D4320,D3D9,0,0,1,Hardware: Independent Flip,20806.6897,NA,16.33710000000000,16.59850000000000,1.47220000000000,4.69440000000000,4.9164,NA,20791.6487,16.5132,15.0410,1.4722,15.6297,4.1057,4.0351,0.0706,-0.5741,20791.6487,23.3197,NA
gamemd.exe,18720,0x43D4320,D3D9,0,0,1,Hardware: Independent Flip,20823.8395,NA,17.14980000000000,16.87350000000000,1.50430000000000,4.38990000000000,4.6401,NA,20808.1619,17.1819,15.6776,1.5043,16.4898,3.5777,3.5195,0.0582,-0.3603,20808.1619,24.2435,NA
gamemd.exe,18720,0x43D4320,D3D9,0,0,1,Hardware: Independent Flip,20840.2760,NA,16.43650000000000,16.36990000000000,1.49280000000000,4.40320000000000,4.5735,NA,20825.3438,16.4250,14.9322,1.4928,15.4627,3.8727,3.7834,0.0893,0.8120,20825.3438,24.5240,NA
gamemd.exe,18720,0x43D4320,D3D9,0,0,1,Hardware: Independent Flip,20856.9409,NA,16.66490000000000,16.88780000000000,1.50800000000000,4.61410000000000,4.7964,NA,20841.7688,16.6801,15.1721,1.5080,15.7000,4.0862,3.9701,0.1161,-0.4628,20841.7688,25.6654,NA
gamemd.exe,18720,0x43D4320,D3D9,0,0,1,Hardware: Independent Flip,20874.1542,NA,17.21330000000000,18.23020000000000,1.55150000000000,5.68720000000000,5.8133,NA,20858.4489,17.2568,15.7053,1.5515,16.2956,5.0969,4.6493,0.4476,-1.5501,20858.4489,27.9949,NA
gamemd.exe,18720,0x43D4320,D3D9,0,0,1,Hardware: Independent Flip,20890.4328,NA,16.27860000000000,15.39520000000000,2.36600000000000,4.73450000000000,4.9299,NA,20875.7057,17.0931,14.7271,2.3660,15.5076,3.9540,3.8900,0.0640,1.8616,20875.7057,27.3583,NA
gamemd.exe,18720,0x43D4320,D3D9,0,0,1,Hardware: Independent Flip,20907.0605,NA,16.62770000000000,16.49590000000000,1.93380000000000,4.67470000000000,4.7981,NA,20892.7988,16.1955,14.2617,1.9338,15.0553,3.8811,3.7965,0.0846,0.5972,20892.7988,11.8898,NA
gamemd.exe,18720,0x43D4320,D3D9,0,0,1,Hardware: Independent Flip,20923.7070,NA,16.64650000000000,16.64070000000000,1.91900000000000,4.68080000000000,4.7923,NA,20908.9943,16.6317,14.7127,1.9190,15.5208,3.8727,3.7969,0.0758,-0.4452,20908.9943,12.5396,NA
gamemd.exe,18720,0x43D4320,D3D9,0,0,1,Hardware: Independent Flip,20940.3889,NA,16.68190000000000,16.78080000000000,2.04770000000000,4.74960000000000,4.8912,NA,20925.6260,16.8106,14.7629,2.0477,15.5432,3.9693,3.8991,0.0702,-0.1491,20925.6260,13.3057,NA
gamemd.exe,18720,0x43D4320,D3D9,0,0,1,Hardware: Independent Flip,20957.3755,NA,16.98660000000000,17.41250000000000,2.30800000000000,5.15940000000000,5.3171,NA,20942.4366,17.2469,14.9389,2.3080,16.1377,3.9606,3.8696,0.0910,-0.6019,20942.4366,14.6807,NA
gamemd.exe,18720,0x43D4320,D3D9,0,0,1,Hardware: Independent Flip,20973.7587,NA,16.38320000000000,16.52400000000000,2.06000000000000,5.27030000000000,5.4579,NA,20959.6835,16.1352,14.0752,2.0600,14.7098,4.6357,4.5265,0.1092,0.7229,20959.6835,7.0171,NA
gamemd.exe,18720,0x43D4320,D3D9,0,0,1,Hardware: Independent Flip,20990.4253,NA,16.66660000000000,16.23610000000000,1.84930000000000,4.88080000000000,5.0274,NA,20975.8187,16.4559,14.6066,1.8493,15.3370,4.1504,4.0719,0.0785,-0.1009,20975.8187,7.2163,NA
gamemd.exe,18720,0x43D4320,D3D9,0,0,1,Hardware: Independent Flip,21007.0128,NA,16.58750000000000,16.16860000000000,1.43830000000000,4.48700000000000,4.6085,NA,20992.2746,16.1765,14.7382,1.4383,15.4115,3.8137,3.7265,0.0872,0.2873,20992.2746,15.5873,NA
gamemd.exe,18720,0x43D4320,D3D9,0,0,1,Hardware: Independent Flip,21023.6371,NA,16.62430000000000,17.08140000000000,2.16950000000000,4.93300000000000,5.0656,NA,21008.4511,17.3555,15.1860,2.1695,16.0104,4.1086,4.0184,0.0902,-0.9049,21008.4511,16.7531,NA
gamemd.exe,18720,0x43D4320,D3D9,0,0,1,Hardware: Independent Flip,21040.4091,NA,16.77200000000000,17.05060000000000,2.13520000000000,5.18690000000000,5.3442,NA,21025.8066,16.7377,14.6025,2.1352,15.9656,3.8238,3.7592,0.0646,0.3049,21025.8066,17.6957,NA
gamemd.exe,18720,0x43D4320,D3D9,0,0,1,Hardware: Independent Flip,21057.1331,NA,16.72400000000000,15.98900000000000,1.47130000000000,4.45630000000000,4.6092,NA,21042.5443,16.0601,14.5888,1.4713,15.2419,3.8032,3.7083,0.0949,0.7487,21042.5443,17.7223,NA
gamemd.exe,18720,0x43D4320,D3D9,0,0,1,Hardware: Independent Flip,21074.4525,NA,17.31940000000000,17.94900000000000,1.33170000000000,5.08060000000000,5.2388,NA,21058.6044,17.1798,15.8481,1.3317,16.4721,4.4566,4.3371,0.1195,-1.8889,21058.6044,19.7383,NA
gamemd.exe,18720,0x43D4320,D3D9,0,0,1,Hardware: Independent Flip,21090.7954,NA,16.34290000000000,16.51260000000000,1.52610000000000,5.26050000000000,5.4085,NA,21075.7842,16.5373,15.0112,1.5261,15.6535,4.6182,4.0812,0.5370,0.6672,21075.7842,20.2031,NA
gamemd.exe,18720,0x43D4320,D3D9,0,0,1,Hardware: Independent Flip,21106.8244,NA,16.02900000000000,15.82620000000000,2.58030000000000,5.08980000000000,5.2057,NA,21092.3215,17.0832,14.5029,2.5803,15.4881,4.1046,4.0262,0.0784,0.7111,21092.3215,20.0712,NA
gamemd.exe,18720,0x43D4320,D3D9,0,0,1,Hardware: Independent Flip,21123.9662,NA,17.14180000000000,16.47510000000000,1.80980000000000,4.40390000000000,4.5390,NA,21109.4047,16.3713,14.5615,1.8098,15.2288,3.7366,3.6744,0.0622,0.6081,21109.4047,NA,NA
gamemd.exe,18720,0x43D4320,D3D9,0,0,1,Hardware: Independent Flip,21140.6342,NA,16.66800000000000,16.68270000000000,1.45410000000000,4.41010000000000,4.5537,NA,21125.7760,16.3123,14.8582,1.4541,15.6178,3.6505,3.6012,0.0493,-0.3114,21125.7760,NA,NA
gamemd.exe,18720,0x43D4320,D3D9,0,0,1,Hardware: Independent Flip,21157.0007,NA,16.36650000000000,16.84260000000000,2.01470000000000,4.86660000000000,5.0298,NA,21142.0883,16.9271,14.9124,2.0147,16.2067,3.5723,3.4951,0.0772,-0.5303,21142.0883,22.0192,NA
gamemd.exe,18720,0x43D4320,D3D9,0,0,1,Hardware: Independent Flip,21173.7799,NA,16.77920000000000,16.78080000000000,2.12330000000000,4.88430000000000,5.0314,NA,21159.0154,16.8878,14.7645,2.1233,15.4769,4.1719,4.0782,0.0937,0.1463,21159.0154,NA,NA
gamemd.exe,18720,0x43D4320,D3D9,0,0,1,Hardware: Independent Flip,21190.1472,NA,16.36730000000000,16.16960000000000,2.25620000000000,4.68570000000000,4.8337,NA,21175.9032,16.5002,14.2440,2.2562,15.0156,3.9141,3.8108,0.1033,0.7182,21175.9032,NA,NA
gamemd.exe,18720,0x43D4320,D3D9,0,0,1,Hardware: Independent Flip,21206.5279,NA,16.38070000000000,16.20700000000000,1.32140000000000,4.52050000000000,4.6600,NA,21192.4034,15.4459,14.1245,1.3214,14.6215,4.0235,3.9274,0.0961,0.2932,21192.4034,NA,NA
gamemd.exe,18720,0x43D4320,D3D9,0,0,1,Hardware: Independent Flip,21223.6624,NA,17.13450000000000,17.23350000000000,1.65580000000000,4.62190000000000,4.7590,NA,21207.8493,17.4689,15.8131,1.6558,16.4981,3.9369,3.8016,0.1353,-1.7876,21207.8493,24.3187,24.3187
gamemd.exe,18720,0x43D4320,D3D9,0,0,1,Hardware: Independent Flip,21240.4714,NA,16.80900000000000,16.61590000000000,1.31430000000000,4.40540000000000,4.5659,NA,21225.3182,16.4675,15.1532,1.3143,15.7115,3.8471,3.7552,0.0919,0.8530,21225.3182,NA,NA
gamemd.exe,18720,0x43D4320,D3D9,0,0,1,Hardware: Independent Flip,21257.1832,NA,16.71180000000000,16.88820000000000,1.75570000000000,4.63010000000000,4.7423,NA,21241.7857,17.1532,15.3975,1.7557,16.2878,3.7398,3.6833,0.0565,-0.4207,21241.7857,NA,NA
gamemd.exe,18720,0x43D4320,D3D9,0,0,1,Hardware: Independent Flip,21273.7170,NA,16.53380000000000,17.65450000000000,1.60240000000000,5.66710000000000,5.8630,NA,21258.9389,16.3805,14.7781,1.6024,15.6618,4.7834,4.1283,0.6551,-0.5013,21258.9389,19.6317,19.6317
gamemd.exe,18720,0x43D4320,D3D9,0,0,1,Hardware: Independent Flip,21290.2088,NA,16.49180000000000,15.60220000000000,2.40460000000000,4.81920000000000,4.9734,NA,21275.3194,17.2940,14.8894,2.4046,15.7068,4.0018,3.8910,0.1108,0.7783,21275.3194,NA,NA
gamemd.exe,18720,0x43D4320,D3D9,0,0,1,Hardware: Independent Flip,21306.8318,NA,16.62300000000000,17.08710000000000,2.61070000000000,5.28250000000000,5.4375,NA,21292.6134,16.8291,14.2184,2.6107,15.0904,4.4105,4.2826,0.1279,0.2069,21292.6134,20.1896,NA
gamemd.exe,18720,0x43D4320,D3D9,0,0,1,Hardware: Independent Flip,21324.1467,NA,17.31490000000000,16.69850000000000,1.79700000000000,4.70830000000000,4.8211,NA,21309.4425,16.5012,14.7042,1.7970,15.7325,3.6800,3.6225,0.0575,0.1306,21309.4425,12.9748,NA
gamemd.exe,18720,0x43D4320,D3D9,0,0,1,Hardware: Independent Flip,21340.4573,NA,16.31060000000000,16.57280000000000,2.03010000000000,4.95170000000000,5.0833,NA,21325.9437,16.5437,14.5136,2.0301,15.4796,3.9857,3.9104,0.0753,-0.0716,21325.9437,13.5571,NA
gamemd.exe,18720,0x43D4320,D3D9,0,0,1,Hardware: Independent Flip,21357.3779,NA,16.92060000000000,16.72830000000000,1.95750000000000,4.72910000000000,4.8910,NA,21342.4874,16.8480,14.8905,1.9575,15.7305,3.8891,3.7864,0.1027,-0.1846,21342.4874,6.3037,NA
gamemd.exe,18720,0x43D4320,D3D9,0,0,1,Hardware: Independent Flip,21373.9771,NA,16.59920000000000,17.30230000000000,1.95240000000000,5.46650000000000,5.5941,NA,21359.3354,16.5941,14.6417,1.9524,15.2677,4.8405,4.4188,0.4217,-0.4543,21359.3354,7.5615,NA
gamemd.exe,18720,0x43D4320,D3D9,0,0,1,Hardware: Independent Flip,21390.4143,NA,16.43720000000000,15.48100000000000,1.72480000000000,4.49390000000000,4.6379,NA,21375.9295,16.2096,14.4848,1.7248,15.4259,3.5528,3.4933,0.0595,1.1131,21375.9295,6.9800,NA
gamemd.exe,18720,0x43D4320,D3D9,0,0,1,Hardware: Independent Flip,21406.6133,NA,16.19900000000000,16.44450000000000,2.17920000000000,4.77290000000000,4.8834,NA,21392.1391,16.6534,14.4742,2.1792,15.0458,4.2013,4.1210,0.0803,-0.2349,21392.1391,15.4853,NA
gamemd.exe,18720,0x43D4320,D3D9,0,0,1,Hardware: Independent Flip,21423.5086,NA,16.89530000000000,17.04660000000000,2.00130000000000,4.88680000000000,5.0347,NA,21408.7925,16.7174,14.7161,2.0013,15.6030,3.9999,3.8708,0.1291,-0.3932,21408.7925,16.5397,NA
gamemd.exe,18720,0x43D4320,D3D9,0,0,1,Hardware: Independent Flip,21440.2006,NA,16.69200000000000,16.63340000000000,1.52640000000000,4.82240000000000,4.9761,NA,21425.5099,16.2171,14.6907,1.5264,15.4000,4.1131,3.9247,0.1884,0.0840,21425.5099,17.1176,NA
gamemd.exe,18720,0x43D4320,D3D9,0,0,1,Hardware: Independent Flip,21457.0945,NA,16.89390000000000,16.81430000000000,1.51850000000000,4.72310000000000,4.8965,NA,21441.7270,16.8860,15.3675,1.5185,15.8919,4.1987,4.0870,0.1117,-0.5972,21441.7270,17.9729,NA
gamemd.exe,18720,0x43D4320,D3D9,0,0,1,Hardware: Independent Flip,21474.0379,NA,16.94340000000000,17.59840000000000,1.52420000000000,5.35150000000000,5.5515,NA,21458.6130,16.9491,15.4249,1.5242,16.1677,4.6087,4.0182,0.5905,-0.7124,21458.6130,19.3947,NA
gamemd.exe,18720,0x43D4320,D3D9,0,0,1,Hardware: Independent Flip,21490.0755,NA,16.03760000000000,15.08200000000000,1.42080000000000,4.46480000000000,4.5959,NA,21475.5621,15.9342,14.5134,1.4208,15.1316,3.8466,3.7789,0.0677,1.8671,21475.5621,18.7071,NA
gamemd.exe,18720,0x43D4320,D3D9,0,0,1,Hardware: Independent Flip,21506.7830,NA,16.70750000000000,16.93450000000000,1.40620000000000,4.70580000000000,4.8229,NA,21491.4963,16.6929,15.2867,1.4062,15.9116,4.0809,3.9912,0.0897,-1.0003,21491.4963,27.6201,NA
gamemd.exe,18720,0x43D4320,D3D9,0,0,1,Hardware: Independent Flip,21523.6340,NA,16.85100000000000,16.59630000000000,1.77400000000000,4.45430000000000,4.5682,NA,21508.1892,17.2188,15.4448,1.7740,16.1601,3.7390,3.6834,0.0556,0.0966,21508.1892,NA,NA
gamemd.exe,18720,0x43D4320,D3D9,0,0,1,Hardware: Independent Flip,21540.4881,NA,16.85410000000000,16.69710000000000,1.45080000000000,4.28370000000000,4.4112,NA,21525.4080,16.5309,15.0801,1.4508,15.5812,3.7826,3.7229,0.0597,0.5217,21525.4080,NA,NA
gamemd.exe,18720,0x43D4320,D3D9,0,0,1,Hardware: Independent Flip,21556.7167,NA,16.22860000000000,16.68790000000000,1.45030000000000,4.68250000000000,4.8705,NA,21541.9389,16.2281,14.7778,1.4503,15.4094,4.0509,3.9593,0.0916,-0.1570,21541.9389,NA,NA
gamemd.exe,18720,0x43D4320,D3D9,0,0,1,Hardware: Independent Flip,21573.6573,NA,16.94060000000000,16.53190000000000,1.55220000000000,4.32640000000000,4.4618,NA,21558.1670,17.0425,15.4903,1.5522,16.1188,3.6979,3.6473,0.0506,-0.3038,21558.1670,30.1027,30.1027
gamemd.exe,18720,0x43D4320,D3D9,0,0,1,Hardware: Independent Flip,21590.0332,NA,16.37590000000000,16.29750000000000,1.35730000000000,4.25750000000000,4.3834,NA,21575.2095,16.1810,14.8237,1.3573,15.3930,3.6882,3.6382,0.0500,0.7450,21575.2095,22.4200,NA
gamemd.exe,18720,0x43D4320,D3D9,0,0,1,Hardware: Independent Flip,21606.8994,NA,16.86620000000000,17.19630000000000,1.43930000000000,4.53930000000000,4.7135,NA,21591.3905,16.9482,15.5089,1.4393,16.3677,3.6805,3.6327,0.0478,-1.0153,21591.3905,23.5700,NA
gamemd.exe,18720,0x43D4320,D3D9,0,0,1,Hardware: Independent Flip,21623.9593,NA,17.05990000000000,17.51240000000000,1.86230000000000,4.97550000000000,5.1660,NA,21608.3387,17.4829,15.6206,1.8623,16.8142,3.7819,3.6723,0.1096,-0.5642,21608.3387,24.9243,NA
gamemd.exe,18720,0x43D4320,D3D9,0,0,1,Hardware: Independent Flip,21640.4194,NA,16.46010000000000,16.62760000000000,1.59070000000000,5.19090000000000,5.3335,NA,21625.8216,16.1885,14.5978,1.5907,15.2474,4.5413,4.4489,0.0924,0.8553,21625.8216,25.1632,NA
gamemd.exe,18720,0x43D4320,D3D9,0,0,1,Hardware: Independent Flip,21656.9339,NA,16.51450000000000,15.98290000000000,1.72440000000000,4.66850000000000,4.8019,NA,21642.0101,16.6482,14.9238,1.7244,15.7327,3.8596,3.7826,0.0770,0.2056,21642.0101,25.6965,NA
gamemd.exe,18720,0x43D4320,D3D9,0,0,1,Hardware: Independent Flip,21673.9064,NA,16.97250000000000,16.94420000000000,1.82580000000000,4.66050000000000,4.7736,NA,21658.6583,17.0739,15.2481,1.8258,15.8887,4.0199,3.9504,0.0695,-0.2960,21658.6583,10.7039,NA
gamemd.exe,18720,0x43D4320,D3D9,0,0,1,Hardware: Independent Flip,21690.2998,NA,16.39340000000000,16.22400000000000,1.96090000000000,4.45440000000000,4.6042,NA,21675.7322,16.5285,14.5676,1.9609,15.1788,3.8432,3.7771,0.0661,0.8499,21675.7322,10.9087,NA
gamemd.exe,18720,0x43D4320,D3D9,0,0,1,Hardware: Independent Flip,21707.0318,NA,16.73200000000000,17.00080000000000,2.07440000000000,4.74500000000000,4.8730,NA,21692.2607,16.8455,14.7711,2.0744,15.5190,3.9971,3.9382,0.0589,-0.4723,21692.2607,11.9262,NA
gamemd.exe,18720,0x43D4320,D3D9,0,0,1,Hardware: Independent Flip,21723.5445,NA,16.51270000000000,16.44390000000000,1.98340000000000,4.64220000000000,4.8042,NA,21709.1062,16.4217,14.4383,1.9834,15.2115,3.8690,3.8097,0.0593,0.4016,21709.1062,12.3851,20.3589
gamemd.exe,18720,0x43D4320,D3D9,0,0,1,Hardware: Independent Flip,21740.5941,NA,17.04960000000000,17.09630000000000,2.30120000000000,4.72110000000000,4.8509,NA,21725.5279,17.3674,15.0662,2.3012,15.9353,3.8520,3.7955,0.0565,-0.6746,21725.5279,13.4863,NA
gamemd.exe,18720,0x43D4320,D3D9,0,0,1,Hardware: Independent Flip,21757.8531,NA,17.25900000000000,17.66880000000000,1.41840000000000,5.06050000000000,5.2607,NA,21742.8953,16.3762,14.9578,1.4184,15.5184,4.4999,3.9121,0.5878,-0.3014,21742.8953,23.0671,NA
gamemd.exe,18720,0x43D4320,D3D9,0,0,1,Hardware: Independent Flip,21773.6475,NA,15.79440000000000,15.62450000000000,2.06740000000000,4.97240000000000,5.0908,NA,21759.2715,16.4434,14.3760,2.0674,15.0671,4.2813,4.2056,0.0757,0.7517,21759.2715,14.7729,NA
gamemd.exe,18720,0x43D4320,D3D9,0,0,1,Hardware: Independent Flip,21790.8520,NA,17.20450000000000,16.62440000000000,1.36390000000000,4.37140000000000,4.5107,NA,21775.7149,16.5010,15.1371,1.3639,15.9092,3.5993,3.5442,0.0551,-0.1810,21775.7149,7.3229,NA
gamemd.exe,18720,0x43D4320,D3D9,0,0,1,Hardware: Independent Flip,21807.2337,NA,16.38170000000000,16.87460000000000,2.36300000000000,4.86430000000000,5.0036,NA,21792.2159,17.3808,15.0178,2.3630,15.9965,3.8856,3.8295,0.0561,-0.3736,21792.2159,16.2925,NA
gamemd.exe,18720,0x43D4320,D3D9,0,0,1,Hardware: Independent Flip,21823.6931,NA,16.45940000000000,16.27830000000000,1.56820000000000,4.67720000000000,4.8225,NA,21809.5967,15.6646,14.0964,1.5682,14.8107,3.9629,3.8769,0.0860,1.1025,21809.5967,16.4305,NA
gamemd.exe,18720,0x43D4320,D3D9,0,0,1,Hardware: Independent Flip,21840.4070,NA,16.71390000000000,17.05700000000000,1.63280000000000,4.95780000000000,5.1656,NA,21825.2613,16.7785,15.1457,1.6328,15.7521,4.3514,4.2446,0.1068,-1.3924,21825.2613,17.5155,NA
gamemd.exe,18720,0x43D4320,D3D9,0,0,1,Hardware: Independent Flip,21857.3419,NA,16.93490000000000,16.91740000000000,1.44550000000000,4.97050000000000,5.1481,NA,21842.0398,16.7476,15.3021,1.4455,15.9701,4.3025,4.1287,0.1738,-0.1389,21842.0398,18.5370,NA
gamemd.exe,18720,0x43D4320,D3D9,0,0,1,Hardware: Independent Flip,21873.4367,NA,16.09480000000000,16.21220000000000,1.44040000000000,5.15540000000000,5.2655,NA,21858.7874,16.0897,14.6493,1.4404,15.2633,4.5414,4.0002,0.5412,0.5354,21858.7874,18.7121,NA
gamemd.exe,18720,0x43D4320,D3D9,0,0,1,Hardware: Independent Flip,21890.6346,NA,17.19790000000000,16.67020000000000,2.10940000000000,4.59390000000000,4.7378,NA,21874.8771,17.8669,15.7575,2.1094,16.5827,3.7687,3.7002,0.0685,-0.5805,21874.8771,19.4049,NA
gamemd.exe,18720,0x43D4320,D3D9,0,0,1,Hardware: Independent Flip,21907.0680,NA,16.43340000000000,16.45360000000000,1.80340000000000,4.62490000000000,4.7580,NA,21892.7440,16.1274,14.3240,1.8034,14.8878,4.0611,3.9847,0.0764,1.4133,21892.7440,19.8351,NA
gamemd.exe,18720,0x43D4320,D3D9,0,0,1,Hardware: Independent Flip,21923.5909,NA,16.52290000000000,16.44920000000000,1.57660000000000,4.57110000000000,4.6843,NA,21908.8714,16.2961,14.7195,1.5766,15.4030,3.8876,3.8054,0.0822,-0.3218,21908.8714,20.2786,NA
gamemd.exe,18720,0x43D4320,D3D9,0,0,1,Hardware: Independent Flip,21940.6229,NA,17.03200000000000,16.78890000000000,1.54380000000000,4.29550000000000,4.4412,NA,21925.1675,16.9992,15.4554,1.5438,16.0726,3.6783,3.6170,0.0613,-0.4928,21925.1675,21.0730,NA
gamemd.exe,18720,0x43D4320,D3D9,0,0,1,Hardware: Independent Flip,21957.1141,NA,16.49120000000000,17.09900000000000,1.59050000000000,4.84090000000000,5.0490,NA,21942.1667,16.5379,14.9474,1.5905,15.6002,4.1881,4.0766,0.1115,-0.0998,21942.1667,22.0974,NA
gamemd.exe,18720,0x43D4320,D3D9,0,0,1,Hardware: Independent Flip,21974.1900,NA,17.07590000000000,17.44540000000000,1.70070000000000,5.21240000000000,5.4185,NA,21958.7046,17.1861,15.4854,1.7007,16.3114,4.3864,4.0048,0.3816,-0.9075,21958.7046,23.6382,NA
gamemd.exe,18720,0x43D4320,D3D9,0,0,1,Hardware: Independent Flip,21990.2829,NA,16.09290000000000,15.27490000000000,1.57440000000000,4.38670000000000,4.6005,NA,21975.8907,15.9666,14.3922,1.5744,15.0098,3.7691,3.6784,0.0907,1.9112,21975.8907,NA,NA
gamemd.exe,18720,0x43D4320,D3D9,0,0,1,Hardware: Independent Flip,22006.9086,NA,16.62570000000000,16.64970000000000,1.37790000000000,4.47220000000000,4.6245,NA,21991.8573,16.4292,15.0513,1.3779,15.6212,3.9023,3.8354,0.0669,-0.6831,21991.8573,23.2653,31.4379
gamemd.exe,18720,0x43D4320,D3D9,0,0,1,Hardware: Independent Flip,22023.6331,NA,16.72450000000000,16.70920000000000,1.28290000000000,4.44400000000000,4.6092,NA,22008.2865,16.6295,15.3466,1.2829,16.0876,3.7030,3.6211,0.0819,-0.2800,22008.2865,NA,NA
gamemd.exe,18720,0x43D4320,D3D9,0,0,1,Hardware: Independent Flip,22040.3069,NA,16.67380000000000,16.79120000000000,1.23800000000000,4.52590000000000,4.7266,NA,22024.9160,16.6289,15.3909,1.2380,16.1301,3.7867,3.7243,0.0624,-0.1617,22024.9160,NA,NA
gamemd.exe,18720,0x43D4320,D3D9,0,0,1,Hardware: Independent Flip,22057.8136,NA,17.50670000000000,18.47400000000000,1.55400000000000,5.49320000000000,5.6939,NA,22041.5449,17.8227,16.2687,1.5540,16.8911,4.8708,4.3108,0.5600,-1.8451,22041.5449,NA,NA
gamemd.exe,18720,0x43D4320,D3D9,0,0,1,Hardware: Independent Flip,22073.9869,NA,16.17330000000000,15.83810000000000,1.83540000000000,5.06890000000000,5.3587,NA,22059.3676,16.4547,14.6193,1.8354,15.1704,4.5178,4.4021,0.1157,1.9846,22059.3676,11.3645,11.3645
gamemd.exe,18720,0x43D4320,D3D9,0,0,1,Hardware: Independent Flip,22090.4362,NA,16.44930000000000,16.19760000000000,2.62190000000000,4.96080000000000,5.1070,NA,22075.8223,17.2358,14.6139,2.6219,15.4713,4.1034,4.0183,0.0851,0.2571,22075.8223,NA,NA
gamemd.exe,18720,0x43D4320,D3D9,0,0,1,Hardware: Independent Flip,22107.3831,NA,16.94690000000000,16.64740000000000,1.67430000000000,4.69600000000000,4.8075,NA,22093.0581,15.9993,14.3250,1.6743,15.3117,3.7093,3.6340,0.0753,0.5884,22093.0581,NA,NA
gamemd.exe,18720,0x43D4320,D3D9,0,0,1,Hardware: Independent Flip,22123.7583,NA,16.37520000000000,16.61960000000000,2.15200000000000,4.88750000000000,5.0519,NA,22109.0574,16.8529,14.7009,2.1520,15.5307,4.0577,3.9841,0.0736,-0.6203,22109.0574,NA,NA
gamemd.exe,18720,0x43D4320,D3D9,0,0,1,Hardware: Independent Flip,22140.2805,NA,16.52220000000000,16.29220000000000,1.31770000000000,4.67220000000000,4.8219,NA,22125.9103,15.6879,14.3702,1.3177,14.9847,4.0577,3.9313,0.1264,0.5607,22125.9103,NA,NA
gamemd.exe,18720,0x43D4320,D3D9,0,0,1,Hardware: Independent Flip,22156.9456,NA,16.66510000000000,16.89010000000000,1.92150000000000,4.87330000000000,5.0469,NA,22141.5982,17.2689,15.3474,1.9215,16.3187,3.9020,3.7940,0.1080,-1.2022,22141.5982,NA,NA
gamemd.exe,18720,0x43D4320,D3D9,0,0,1,Hardware: Independent Flip,22173.5932,NA,16.64760000000000,16.48260000000000,1.53130000000000,4.75840000000000,4.8819,NA,22158.8671,16.2574,14.7261,1.5313,15.3378,4.1467,4.0454,0.1013,0.7863,22158.8671,NA,NA
gamemd.exe,18720,0x43D4320,D3D9,0,0,1,Hardware: Independent Flip,22190.2228,NA,16.62960000000000,16.38210000000000,1.42830000000000,4.49780000000000,4.6344,NA,22175.1245,16.5266,15.0983,1.4283,15.7517,3.8444,3.7578,0.0866,-0.1247,22175.1245,NA,NA
gamemd.exe,18720,0x43D4320,D3D9,0,0,1,Hardware: Independent Flip,22207.1268,NA,16.90400000000000,17.21740000000000,1.87210000000000,4.83590000000000,4.9478,NA,22191.6511,17.3478,15.4757,1.8721,16.4626,3.8490,3.7691,0.0799,-0.6908,22191.6511,NA,NA
gamemd.exe,18720,0x43D4320,D3D9,0,0,1,Hardware: Independent Flip,22223.8398,NA,16.71300000000000,16.23830000000000,1.58590000000000,4.36390000000000,4.4731,NA,22208.9989,16.4268,14.8409,1.5859,15.4748,3.7300,3.6727,0.0573,1.1095,22208.9989,NA,NA
gamemd.exe,18720,0x43D4320,D3D9,0,0,1,Hardware: Independent Flip,22240.5408,NA,16.70100000000000,16.66910000000000,1.55910000000000,4.29970000000000,4.4412,NA,22225.4257,16.6742,15.1151,1.5591,15.6513,3.7635,3.7083,0.0552,-0.2423,22225.4257,NA,NA
gamemd.exe,18720,0x43D4320,D3D9,0,0,1,Hardware: Independent Flip,22256.8006,NA,16.25980000000000,17.10360000000000,1.46750000000000,5.04940000000000,5.2850,NA,22242.0999,16.1682,14.7007,1.4675,15.3777,4.3724,3.8691,0.5033,-0.4294,22242.0999,NA,NA
gamemd.exe,18720,0x43D4320,D3D9,0,0,1,Hardware: Independent Flip,22273.5002,NA,16.69960000000000,16.11370000000000,1.36450000000000,4.55650000000000,4.6991,NA,22258.2681,16.5966,15.2321,1.3645,15.7529,4.0357,3.9368,0.0989,0.0545,22258.2681,NA,NA
gamemd.exe,18720,0x43D4320,D3D9,0,0,1,Hardware: Independent Flip,22290.3568,NA,16.85660000000000,16.80630000000000,2.12480000000000,4.52630000000000,4.6488,NA,22274.8647,17.6169,15.4921,2.1248,16.1423,3.8761,3.7746,0.1015,-0.2097,22274.8647,27.0204,NA
gamemd.exe,18720,0x43D4320,D3D9,0,0,1,Hardware: Independent Flip,22307.4495,NA,17.09270000000000,17.38780000000000,1.87150000000000,4.82140000000000,4.9439,NA,22292.4816,16.8394,14.9679,1.8715,16.0511,3.7382,3.6593,0.0789,0.2291,22292.4816,20.1439,NA
gamemd.exe,18720,0x43D4320,D3D9,0,0,1,Hardware: Independent Flip,22323.6161,NA,16.16660000000000,16.28730000000000,2.47320000000000,4.95440000000000,5.0646,NA,22309.3210,16.7683,14.2951,2.4732,15.1620,4.0875,3.9584,0.1291,0.5521,22309.3210,20.6285,NA
gamemd.exe,18720,0x43D4320,D3D9,0,0,1,Hardware: Independent Flip,22340.1443,NA,16.52820000000000,16.27410000000000,1.79010000000000,4.66270000000000,4.8105,NA,22326.0893,15.8451,14.0550,1.7901,14.8364,3.8813,3.7865,0.0948,0.4942,22326.0893,20.9548,NA
gamemd.exe,18720,0x43D4320,D3D9,0,0,1,Hardware: Independent Flip,22357.0112,NA,16.86690000000000,16.89140000000000,1.85500000000000,4.66650000000000,4.8350,NA,22341.9344,16.9318,15.0768,1.8550,16.0794,3.6639,3.5840,0.0799,-1.0463,22341.9344,21.8554,NA
gamemd.exe,18720,0x43D4320,D3D9,0,0,1,Hardware: Independent Flip,22373.5762,NA,16.56500000000000,16.90780000000000,2.18280000000000,5.01950000000000,5.1778,NA,22358.8662,16.8928,14.7100,2.1828,15.6284,4.1011,4.0064,0.0947,0.0240,22358.8662,22.7647,NA
gamemd.exe,18720,0x43D4320,D3D9,0,0,1,Hardware: Independent Flip,22390.5544,NA,16.97820000000000,16.29700000000000,1.45430000000000,4.35120000000000,4.4966,NA,22375.7590,16.2497,14.7954,1.4543,15.3858,3.7608,3.7026,0.0582,0.5958,22375.7590,22.9260,NA
gamemd.exe,18720,0x43D4320,D3D9,0,0,1,Hardware: Independent Flip,22406.6029,NA,16.04850000000000,16.38190000000000,1.64150000000000,4.67570000000000,4.8300,NA,22392.0087,16.2357,14.5942,1.6415,15.3108,3.9591,3.8794,0.0797,-0.1322,22392.0087,23.2942,NA
gamemd.exe,18720,0x43D4320,D3D9,0,0,1,Hardware: Independent Flip,22423.8576,NA,17.25470000000000,17.10120000000000,1.61830000000000,4.51710000000000,4.6765,NA,22408.2444,17.2315,15.6132,1.6183,16.1811,3.9492,3.8747,0.0745,-0.8655,22408.2444,24.5285,24.5285
gamemd.exe,18720,0x43D4320,D3D9,0,0,1,Hardware: Independent Flip,22440.3856,NA,16.52800000000000,16.49370000000000,1.31930000000000,4.49050000000000,4.6422,NA,22425.4759,16.2290,14.9097,1.3193,15.6538,3.7464,3.6829,0.0635,0.7378,22425.4759,24.9989,NA
gamemd.exe,18720,0x43D4320,D3D9,0,0,1,Hardware: Independent Flip,22457.1077,NA,16.72210000000000,17.65990000000000,1.69120000000000,5.36820000000000,5.5800,NA,22441.7049,17.0940,15.4028,1.6912,16.1728,4.5982,4.4093,0.1889,-1.4309,22441.7049,26.5597,NA
gamemd.exe,18720,0x43D4320,D3D9,0,0,1,Hardware: Independent Flip,22473.6887,NA,16.58100000000000,16.11720000000000,1.73150000000000,4.98980000000000,5.1162,NA,22458.7989,16.6213,14.8898,1.7315,15.5891,4.2905,4.2033,0.0872,0.9768,22458.7989,26.8036,NA
gamemd.exe,18720,0x43D4320,D3D9,0,0,1,Hardware: Independent Flip,22490.2627,NA,16.57400000000000,16.15450000000000,1.58300000000000,4.50330000000000,4.6967,NA,22475.4202,16.4255,14.8425,1.5830,15.3908,3.9550,3.8890,0.0660,0.4668,22475.4202,26.9854,NA
gamemd.exe,18720,0x43D4320,D3D9,0,0,1,Hardware: Independent Flip,22507.0384,NA,16.77570000000000,17.25670000000000,2.12740000000000,4.99240000000000,5.1777,NA,22491.8457,17.3201,15.1927,2.1274,16.0111,4.1740,4.0781,0.0959,-0.8312,22491.8457,12.2411,NA
gamemd.exe,18720,0x43D4320,D3D9,0,0,1,Hardware: Independent Flip,22523.7130,NA,16.67460000000000,16.48990000000000,1.87430000000000,4.85080000000000,4.9930,NA,22509.1658,16.4215,14.5472,1.8743,15.7264,3.6716,3.6054,0.0662,0.8302,22509.1658,12.7295,NA
gamemd.exe,18720,0x43D4320,D3D9,0,0,1,Hardware: Independent Flip,22540.5078,NA,16.79480000000000,16.62370000000000,1.65340000000000,4.66930000000000,4.8219,NA,22525.5873,16.5739,14.9205,1.6534,15.8684,3.7214,3.6522,0.0692,-0.2022,22525.5873,13.3610,NA
gamemd.exe,18720,0x43D4320,D3D9,0,0,1,Hardware: Independent Flip,22556.8989,NA,16.39110000000000,16.66980000000000,1.80800000000000,4.91230000000000,5.1006,NA,22542.1612,16.5457,14.7377,1.8080,15.4978,4.1522,4.0504,0.1018,-0.0959,22542.1612,14.0495,NA
gamemd.exe,18720,0x43D4320,D3D9,0,0,1,Hardware: Independent Flip,22573.7425,NA,16.84360000000000,17.33910000000000,1.72640000000000,5.41490000000000,5.5961,NA,22558.7069,16.7620,15.0356,1.7264,15.8915,4.5590,4.4223,0.1367,-0.7934,22558.7069,15.3727,NA
gamemd.exe,18720,0x43D4320,D3D9,0,0,1,Hardware: Independent Flip,22590.5964,NA,16.85390000000000,16.13440000000000,1.79310000000000,4.73260000000000,4.8766,NA,22575.4689,16.9206,15.1275,1.7931,15.8933,3.9668,3.8745,0.0923,0.6276,22575.4689,7.4895,15.4918
gamemd.exe,18720,0x43D4320,D3D9,0,0,1,Hardware: Independent Flip,22607.0595,NA,16.46310000000000,16.62190000000000,2.22740000000000,4.92960000000000,5.0354,NA,22592.3895,16.8974,14.6700,2.2274,15.4738,4.1258,4.0499,0.0759,0.2987,22592.3895,NA,NA
gamemd.exe,18720,0x43D4320,D3D9,0,0,1,Hardware: Independent Flip,22623.9139,NA,16.85440000000000,16.58400000000000,2.22010000000000,4.65050000000000,4.7650,NA,22609.2869,16.8471,14.6270,2.2201,15.4326,3.8449,3.7816,0.0633,0.3134,22609.2869,NA,NA
gamemd.exe,18720,0x43D4320,D3D9,0,0,1,Hardware: Independent Flip,22640.3455,NA,16.43160000000000,16.35580000000000,1.52630000000000,4.55430000000000,4.6892,NA,22626.1340,15.7378,14.2115,1.5263,14.7849,3.9809,3.9022,0.0787,0.4913,22626.1340,NA,NA
gamemd.exe,18720,0x43D4320,D3D9,0,0,1,Hardware: Independent Flip,22656.7919,NA,16.44640000000000,16.78100000000000,1.27620000000000,4.83860000000000,5.0238,NA,22641.8718,16.1963,14.9201,1.2762,15.4835,4.2752,4.1773,0.0979,-1.0432,22641.8718,17.8316,NA
gamemd.exe,18720,0x43D4320,D3D9,0,0,1,Hardware: Independent Flip,22674.5776,NA,17.78570000000000,18.06460000000000,1.83430000000000,5.13820000000000,5.3027,NA,22658.0681,18.3438,16.5095,1.8343,17.2594,4.3883,3.9193,0.4690,-1.8683,22658.0681,19.8853,NA
gamemd.exe,18720,0x43D4320,D3D9,0,0,1,Hardware: Independent Flip,22690.4194,NA,15.84180000000000,15.57920000000000,1.49980000000000,4.89110000000000,5.0401,NA,22676.4119,15.5073,14.0075,1.4998,14.6572,4.2414,4.0861,0.1553,2.7646,22676.4119,19.4973,NA
gamemd.exe,18720,0x43D4320,D3D9,0,0,1,Hardware: Independent Flip,22707.2184,NA,16.79900000000000,16.53250000000000,1.74520000000000,4.64820000000000,4.7736,NA,22691.9192,17.0444,15.2992,1.7452,16.0380,3.9094,3.7949,0.1145,-1.0252,22691.9192,20.0134,NA
gamemd.exe,18720,0x43D4320,D3D9,0,0,1,Hardware: Independent Flip,22723.3383,NA,16.11990000000000,15.83420000000000,1.90250000000000,4.36770000000000,4.4879,NA,22708.9636,16.2772,14.3747,1.9025,14.9375,3.8049,3.7457,0.0592,1.2102,22708.9636,19.8240,NA
gamemd.exe,18720,0x43D4320,D3D9,0,0,1,Hardware: Independent Flip,22740.4806,NA,17.14230000000000,17.25480000000000,1.45600000000000,4.42900000000000,4.6004,NA,22725.2408,16.6958,15.2398,1.4560,15.8262,3.8426,3.7898,0.0528,-0.9776,22725.2408,21.1043,NA
gamemd.exe,18720,0x43D4320,D3D9,0,0,1,Hardware: Independent Flip,22757.1954,NA,16.71480000000000,17.08080000000000,1.78580000000000,4.80780000000000,4.9664,NA,22741.9366,17.0446,15.2588,1.7858,15.9939,4.0727,3.9910,0.0817,-0.3850,22741.9366,22.0684,NA
gamemd.exe,18720,0x43D4320,D3D9,0,0,1,Hardware: Independent Flip,22773.6715,NA,16.47610000000000,16.09130000000000,2.01820000000000,4.45170000000000,4.5816,NA,22758.9812,16.7085,14.6903,2.0182,15.3094,3.8326,3.7523,0.0803,0.9533,22758.9812,22.0154,NA
gamemd.exe,18720,0x43D4320,D3D9,0,0,1,Hardware: Independent Flip,22790.4635,NA,16.79200000000000,16.81030000000000,1.40420000000000,4.44290000000000,4.5999,NA,22775.6897,16.1780,14.7738,1.4042,15.7046,3.5121,3.4603,0.0518,-0.1018,22775.6897,23.0168,NA
gamemd.exe,18720,0x43D4320,D3D9,0,0,1,Hardware: Independent Flip,22807.6118,NA,17.14830000000000,16.91660000000000,0.97190000000000,4.21060000000000,4.3682,NA,22791.8677,16.7160,15.7441,0.9719,16.2567,3.6980,3.6512,0.0468,-0.7386,22791.8677,23.9930,NA
gamemd.exe,18720,0x43D4320,D3D9,0,0,1,Hardware: Independent Flip,22823.5774,NA,15.96560000000000,16.12060000000000,1.42810000000000,4.36400000000000,4.5232,NA,22808.5837,16.4218,14.9937,1.4281,15.5842,3.7735,3.6861,0.0874,0.5954,22808.5837,23.8147,NA
gamemd.exe,18720,0x43D4320,D3D9,0,0,1,Hardware: Independent Flip,22840.5310,NA,16.95360000000000,17.64320000000000,2.04170000000000,5.00580000000000,5.2128,NA,22825.0055,17.5672,15.5255,2.0417,16.3837,4.1476,4.0373,0.1103,-1.2214,22825.0055,25.5845,NA
gamemd.exe,18720,0x43D4320,D3D9,0,0,1,Hardware: Independent Flip,22856.9765,NA,16.44550000000000,16.95240000000000,1.50150000000000,5.55430000000000,5.7197,NA,22842.5727,15.9053,14.4038,1.5015,15.1252,4.8329,4.2230,0.6099,0.6148,22842.5727,26.7363,NA
gamemd.exe,18720,0x43D4320,D3D9,0,0,1,Hardware: Independent Flip,22873.5301,NA,16.55360000000000,15.72520000000000,2.08960000000000,4.75580000000000,4.8913,NA,22858.4780,17.1417,15.0521,2.0896,15.7692,4.0387,3.9343,0.1044,0.1801,22858.4780,26.4274,NA
gamemd.exe,18720,0x43D4320,D3D9,0,0,1,Hardware: Independent Flip,22890.6793,NA,17.14920000000000,17.32560000000000,2.16340000000000,4.95350000000000,5.0677,NA,22875.6197,17.2230,15.0596,2.1634,16.2162,3.7969,3.7278,0.0691,-0.1839,22875.6197,11.7582,NA
gamemd.exe,18720,0x43D4320,D3D9,0,0,1,Hardware: Independent Flip,22906.9960,NA,16.31670000000000,15.99210000000000,2.03880000000000,4.62760000000000,4.7431,NA,22892.8427,16.1921,14.1533,2.0388,14.8507,3.9302,3.8542,0.0760,1.2309,22892.8427,NA,NA
gamemd.exe,18720,0x43D4320,D3D9,0,0,1,Hardware: Independent Flip,22923.7565,NA,16.76050000000000,16.89620000000000,2.04410000000000,4.76890000000000,4.8788,NA,22909.0348,16.7658,14.7217,2.0441,15.6067,3.8839,3.8203,0.0636,-0.7041,22909.0348,12.6645,NA
gamemd.exe,18720,0x43D4320,D3D9,0,0,1,Hardware: Independent Flip,22940.3653,NA,16.60880000000000,16.87100000000000,1.69150000000000,4.96380000000000,5.1410,NA,22925.8006,16.2562,14.5647,1.6915,15.2145,4.3140,4.2219,0.0921,-0.1052,22925.8006,13.5482,NA
gamemd.exe,18720,0x43D4320,D3D9,0,0,1,Hardware: Independent Flip,22956.8030,NA,16.43770000000000,16.53580000000000,1.61910000000000,5.07790000000000,5.2391,NA,22942.0568,16.3653,14.7462,1.6191,15.3258,4.4983,4.0375,0.4608,-0.2796,22942.0568,5.9850,NA
gamemd.exe,18720,0x43D4320,D3D9,0,0,1,Hardware: Independent Flip,22973.6014,NA,16.79840000000000,16.58920000000000,2.09510000000000,4.89590000000000,5.0299,NA,22958.4221,17.2744,15.1793,2.0951,15.8210,4.2542,4.1478,0.1064,-0.2239,22958.4221,6.3795,NA
gamemd.exe,18720,0x43D4320,D3D9,0,0,1,Hardware: Independent Flip,22990.7789,NA,17.17750000000000,17.20720000000000,1.94580000000000,4.94480000000000,5.0596,NA,22975.6965,17.0282,15.0824,1.9458,16.3778,3.6494,3.5824,0.0670,0.0672,22975.6965,7.6398,NA
gamemd.exe,18720,0x43D4320,D3D9,0,0,1,Hardware: Independent Flip,23007.5940,NA,16.81510000000000,16.58560000000000,2.13530000000000,4.69750000000000,4.8301,NA,22992.7247,17.0046,14.8693,2.1353,15.6388,3.9280,3.8649,0.0631,0.4426,22992.7247,8.4385,NA
gamemd.exe,18720,0x43D4320,D3D9,0,0,1,Hardware: Independent Flip,23023.7252,NA,16.13120000000000,16.16300000000000,2.40680000000000,4.65650000000000,4.8619,NA,23009.7293,16.4027,13.9959,2.4068,14.7607,3.8917,3.8039,0.0878,0.8416,23009.7293,16.6020,NA
gamemd.exe,18720,0x43D4320,D3D9,0,0,1,Hardware: Independent Flip,23040.2659,NA,16.54070000000000,16.87140000000000,1.49010000000000,5.03660000000000,5.1926,NA,23026.1320,15.6240,14.1339,1.4901,14.9268,4.2437,4.1467,0.0970,-0.4687,23026.1320,17.4469,NA
gamemd.exe,18720,0x43D4320,D3D9,0,0,1,Hardware: Independent Flip,23056.9856,NA,16.71970000000000,16.45640000000000,1.79810000000000,4.81500000000000,4.9293,NA,23041.7560,17.0277,15.2296,1.7981,16.0906,3.9540,3.8823,0.0717,-0.8324,23041.7560,17.8235,NA
gamemd.exe,18720,0x43D4320,D3D9,0,0,1,Hardware: Independent Flip,23073.7665,NA,16.78090000000000,16.51830000000000,1.26890000000000,4.55530000000000,4.6667,NA,23058.7837,16.2517,14.9828,1.2689,15.4959,4.0422,3.9481,0.0941,0.5094,23058.7837,18.3722,NA
gamemd.exe,18720,0x43D4320,D3D9,0,0,1,Hardware: Independent Flip,23090.0273,NA,16.26080000000000,16.31920000000000,1.58400000000000,4.59180000000000,4.7251,NA,23075.0354,16.5759,14.9919,1.5840,15.6054,3.9783,3.8942,0.0841,-0.0675,23075.0354,18.7833,NA
gamemd.exe,18720,0x43D4320,D3D9,0,0,1,Hardware: Independent Flip,23106.6543,NA,16.62700000000000,16.69140000000000,1.63080000000000,4.50420000000000,4.7895,NA,23091.6113,16.6738,15.0430,1.6308,15.5859,3.9613,3.8837,0.0776,-0.1155,23091.6113,19.4280,NA
gamemd.exe,18720,0x43D4320,D3D9,0,0,1,Hardware: Independent Flip,23123.5934,NA,16.93910000000000,17.31200000000000,2.08800000000000,4.98660000000000,5.1624,NA,23108.2851,17.3963,15.3083,2.0880,16.1508,4.1441,4.0207,0.1234,-0.6382,23108.2851,20.7859,NA
gamemd.exe,18720,0x43D4320,D3D9,0,0,1,Hardware: Independent Flip,23141.4225,NA,17.82910000000000,18.07100000000000,1.39580000000000,5.18230000000000,5.4043,NA,23125.6814,17.1369,15.7411,1.3958,16.3434,4.5800,4.1069,0.4731,-0.6747,23125.6814,22.8506,NA
gamemd.exe,18720,0x43D4320,D3D9,0,0,1,Hardware: Independent Flip,23156.9447,NA,15.52220000000000,14.63330000000000,1.53500000000000,4.39090000000000,4.5154,NA,23142.8183,15.6614,14.1264,1.5350,14.7635,3.7538,3.6601,0.0937,2.5036,23142.8183,20.9991,NA
gamemd.exe,18720,0x43D4320,D3D9,0,0,1,Hardware: Independent Flip,23173.3537,NA,16.40900000000000,16.64060000000000,1.95050000000000,4.63350000000000,4.7470,NA,23158.4797,16.8245,14.8740,1.9505,15.5839,3.9236,3.8511,0.0725,-0.9792,23158.4797,22.0812,NA
gamemd.exe,18720,0x43D4320,D3D9,0,0,1,Hardware: Independent Flip,23190.3075,NA,16.95380000000000,16.75390000000000,1.55390000000000,4.33620000000000,4.5471,NA,23175.3042,16.5572,15.0033,1.5539,15.6479,3.6916,3.6020,0.0896,0.0706,23175.3042,22.8668,NA
gamemd.exe,18720,0x43D4320,D3D9,0,0,1,Hardware: Independent Flip,23207.0339,NA,16.72640000000000,16.67350000000000,1.53800000000000,4.33040000000000,4.4942,NA,23191.8614,16.7105,15.1725,1.5380,15.6980,3.8049,3.7464,0.0585,-0.1163,23191.8614,23.3696,NA
gamemd.exe,18720,0x43D4320,D3D9,0,0,1,Hardware: Independent Flip,23223.8339,NA,16.80000000000000,17.49550000000000,1.38940000000000,4.94400000000000,5.1897,NA,23208.5719,16.6514,15.2620,1.3894,15.8734,4.3326,3.9110,0.4216,-0.7850,23208.5719,NA,NA
gamemd.exe,18720,0x43D4320,D3D9,0,0,1,Hardware: Independent Flip,23240.3008,NA,16.46690000000000,16.16360000000000,1.41660000000000,4.71660000000000,4.8864,NA,23225.2233,16.4941,15.0775,1.4166,15.6931,4.1010,3.9997,0.1013,0.4878,23225.2233,17.2166,17.2166
gamemd.exe,18720,0x43D4320,D3D9,0,0,1,Hardware: Independent Flip,23257.1352,NA,16.83440000000000,16.43460000000000,1.32030000000000,4.36810000000000,4.4866,NA,23241.7174,16.7381,15.4178,1.3203,16.2001,3.5858,3.5300,0.0558,0.0595,23241.7174,NA,NA
gamemd.exe,18720,0x43D4320,D3D9,0,0,1,Hardware: Independent Flip,23273.5865,NA,16.45130000000000,16.77760000000000,1.72630000000000,4.68100000000000,4.8129,NA,23258.4555,16.8573,15.1310,1.7263,16.1580,3.6540,3.5889,0.0651,-0.0395,23258.4555,NA,NA
gamemd.exe,18720,0x43D4320,D3D9,0,0,1,Hardware: Independent Flip,23290.3742,NA,16.78770000000000,16.58170000000000,1.51440000000000,4.43350000000000,4.6069,NA,23275.3128,16.5758,15.0614,1.5144,15.9314,3.5635,3.4885,0.0750,0.2756,23275.3128,10.9626,10.9626
gamemd.exe,18720,0x43D4320,D3D9,0,0,1,Hardware: Independent Flip,23307.3686,NA,16.99440000000000,17.52870000000000,1.80180000000000,4.97970000000000,5.1412,NA,23291.8886,17.2818,15.4800,1.8018,16.6003,3.8594,3.7575,0.1019,-0.9529,23291.8886,NA,NA
gamemd.exe,18720,0x43D4320,D3D9,0,0,1,Hardware: Independent Flip,23323.7596,NA,16.39100000000000,16.43360000000000,2.16310000000000,5.05220000000000,5.1838,NA,23309.1704,16.7523,14.5892,2.1631,15.8531,3.7883,3.7011,0.0872,0.8482,23309.1704,12.9149,NA
gamemd.exe,18720,0x43D4320,D3D9,0,0,1,Hardware: Independent Flip,23340.4299,NA,16.67030000000000,16.86740000000000,1.73260000000000,5.20900000000000,5.3809,NA,23325.9227,16.2398,14.5072,1.7326,15.1403,4.5759,4.4697,0.1062,-0.1151,23325.9227,13.8374,NA
gamemd.exe,18720,0x43D4320,D3D9,0,0,1,Hardware: Independent Flip,23357.3230,NA,16.89310000000000,16.25750000000000,1.71040000000000,4.61810000000000,4.7453,NA,23342.1625,16.8709,15.1605,1.7104,16.0648,3.7138,3.6302,0.0836,-0.0177,23342.1625,6.1038,NA
gamemd.exe,18720,0x43D4320,D3D9,0,0,1,Hardware: Independent Flip,23374.1203,NA,16.79730000000000,17.10160000000000,2.24890000000000,4.92690000000000,5.0496,NA,23359.0334,17.3358,15.0869,2.2489,16.1004,3.9134,3.8432,0.0702,-0.2307,23359.0334,7.1878,NA
gamemd.exe,18720,0x43D4320,D3D9,0,0,1,Hardware: Independent Flip,23390.2735,NA,16.15320000000000,16.08710000000000,2.13220000000000,4.83850000000000,4.9835,NA,23376.3692,16.0365,13.9043,2.1322,14.9658,3.7770,3.7081,0.0689,1.2487,23376.3692,7.1558,NA
gamemd.exe,18720,0x43D4320,D3D9,0,0,1,Hardware: Independent Flip,23407.0818,NA,16.80830000000000,16.78380000000000,2.34690000000000,4.82740000000000,4.9590,NA,23392.4057,17.0230,14.6761,2.3469,15.5996,3.9039,3.8190,0.0849,-0.7473,23392.4057,16.0352,NA
gamemd.exe,18720,0x43D4320,D3D9,0,0,1,Hardware: Independent Flip,23423.7459,NA,16.66410000000000,16.81650000000000,1.59970000000000,4.94190000000000,5.1114,NA,23409.4287,15.9169,14.3172,1.5997,14.8779,4.3812,4.2777,0.1035,0.2065,23409.4287,16.8720,NA
gamemd.exe,18720,0x43D4320,D3D9,0,0,1,Hardware: Independent Flip,23440.6254,NA,16.87950000000000,16.85770000000000,1.40430000000000,4.92930000000000,5.0896,NA,23425.3456,16.6841,15.2798,1.4043,15.8562,4.3529,3.8784,0.4745,-0.9408,23425.3456,17.6587,NA
gamemd.exe,18720,0x43D4320,D3D9,0,0,1,Hardware: Independent Flip,23456.7469,NA,16.12150000000000,15.53600000000000,1.44670000000000,4.39170000000000,4.5041,NA,23442.0297,16.1639,14.7172,1.4467,15.2630,3.8459,3.7712,0.0747,1.1481,23442.0297,NA,NA
gamemd.exe,18720,0x43D4320,D3D9,0,0,1,Hardware: Independent Flip,23473.5411,NA,16.79420000000000,17.05350000000000,1.52280000000000,4.65200000000000,4.7634,NA,23458.1936,16.8703,15.3475,1.5228,16.1041,3.8954,3.7905,0.1049,-0.8896,23458.1936,NA,NA
gamemd.exe,18720,0x43D4320,D3D9,0,0,1,Hardware: Independent Flip,23489.9586,NA,16.41750000000000,16.08720000000000,1.38000000000000,4.29390000000000,4.4331,NA,23475.0639,16.2747,14.8947,1.3800,15.4413,3.7473,3.6602,0.0871,0.7831,23475.0639,18.4455,NA
gamemd.exe,18720,0x43D4320,D3D9,0,0,1,Hardware: Independent Flip,23507.1296,NA,17.17100000000000,17.56040000000000,2.04520000000000,4.67820000000000,4.8225,NA,23491.3386,17.8362,15.7910,2.0452,16.5535,3.9157,3.8000,0.1157,-1.2857,23491.3386,19.9533,NA
gamemd.exe,18720,0x43D4320,D3D9,0,0,1,Hardware: Independent Flip,23523.7429,NA,16.61330000000000,16.47860000000000,1.74690000000000,4.50470000000000,4.6878,NA,23509.1748,16.3150,14.5681,1.7469,15.2480,3.8248,3.7642,0.0606,1.3576,23509.1748,20.4356,NA
gamemd.exe,18720,0x43D4320,D3D9,0,0,1,Hardware: Independent Flip,23540.3562,NA,16.61330000000000,16.81990000000000,1.43410000000000,4.75050000000000,4.8944,NA,23525.4898,16.3005,14.8664,1.4341,15.4058,4.2111,4.1214,0.0897,-0.5049,23525.4898,21.2431,NA
gamemd.exe,18720,0x43D4320,D3D9,0,0,1,Hardware: Independent Flip,23557.1816,NA,16.82540000000000,16.57740000000000,1.91160000000000,4.51570000000000,4.6464,NA,23541.7903,17.3029,15.3913,1.9116,16.1663,3.7407,3.6710,0.0697,-0.2769,23541.7903,21.8262,NA
gamemd.exe,18720,0x43D4320,D3D9,0,0,1,Hardware: Independent Flip,23573.9625,NA,16.78090000000000,16.83070000000000,1.61200000000000,4.52430000000000,4.6962,NA,23559.0932,16.4813,14.8693,1.6120,15.7600,3.6336,3.5824,0.0512,0.4722,23559.0932,22.6649,NA
gamemd.exe,18720,0x43D4320,D3D9,0,0,1,Hardware: Independent Flip,23590.4513,NA,16.48880000000000,16.52670000000000,1.55620000000000,4.58430000000000,4.7341,NA,23575.5745,16.4330,14.8768,1.5562,15.5787,3.8824,3.8136,0.0688,-0.0454,23575.5745,23.1526,NA
gamemd.exe,18720,0x43D4320,D3D9,0,0,1,Hardware: Independent Flip,23607.1941,NA,16.74280000000000,16.73400000000000,1.94010000000000,4.55750000000000,4.7253,NA,23592.0075,17.1267,15.1866,1.9401,15.8139,3.9302,3.8354,0.0948,-0.3010,23592.0075,23.8751,NA
gamemd.exe,18720,0x43D4320,D3D9,0,0,1,Hardware: Independent Flip,23623.8051,NA,16.61100000000000,17.03310000000000,2.06130000000000,4.98700000000000,5.1474,NA,23609.1342,16.7322,14.6709,2.0613,15.7997,3.8582,3.7577,0.1005,0.0936,23609.1342,24.6676,NA
gamemd.exe,18720,0x43D4320,D3D9,0,0,1,Hardware: Independent Flip,23640.3812,NA,16.57610000000000,16.20160000000000,1.33860000000000,4.62520000000000,4.7729,NA,23625.8664,15.8534,14.5148,1.3386,15.0085,4.1315,4.0356,0.0959,0.5306,23625.8664,NA,NA
gamemd.exe,18720,0x43D4320,D3D9,0,0,1,Hardware: Independent Flip,23656.8523,NA,16.47110000000000,16.46200000000000,1.86630000000000,4.64260000000000,4.7638,NA,23641.7198,16.9988,15.1325,1.8663,15.8364,3.9387,3.8736,0.0651,-0.6086,23641.7198,25.6506,NA
gamemd.exe,18720,0x43D4320,D3D9,0,0,1,Hardware: Independent Flip,23673.5149,NA,16.66260000000000,16.98910000000000,2.52150000000000,4.95840000000000,5.0903,NA,23658.7186,17.3178,14.7963,2.5215,15.7609,3.9938,3.8890,0.1048,0.0097,23658.7186,26.5719,NA
gamemd.exe,18720,0x43D4320,D3D9,0,0,1,Hardware: Independent Flip,23690.1801,NA,16.66520000000000,16.30660000000000,2.28030000000000,4.58510000000000,4.7317,NA,23676.0364,16.4240,14.1437,2.2803,14.8871,3.8417,3.7697,0.0720,1.0112,23676.0364,26.9217,NA
gamemd.exe,18720,0x43D4320,D3D9,0,0,1,Hardware: Independent Flip,23707.1751,NA,16.99500000000000,16.96830000000000,1.77630000000000,4.58320000000000,4.7050,NA,23692.4604,16.4910,14.7147,1.7763,15.4840,3.8139,3.7508,0.0631,-0.5443,23692.4604,11.9124,NA
gamemd.exe,18720,0x43D4320,D3D9,0,0,1,Hardware: Independent Flip,23723.9622,NA,16.78710000000000,17.20100000000000,1.49600000000000,4.91520000000000,5.1189,NA,23708.9514,16.5068,15.0108,1.4960,15.6996,4.2264,4.1269,0.0995,-0.7100,23708.9514,NA,NA
gamemd.exe,18720,0x43D4320,D3D9,0,0,1,Hardware: Independent Flip,23740.7100,NA,16.74780000000000,16.85740000000000,1.33710000000000,5.07420000000000,5.2285,NA,23725.4582,16.5889,15.2518,1.3371,15.8495,4.4765,4.3866,0.0899,-0.3506,23725.4582,NA,NA
gamemd.exe,18720,0x43D4320,D3D9,0,0,1,Hardware: Independent Flip,23756.9098,NA,16.19980000000000,15.56960000000000,1.67770000000000,4.48930000000000,4.5983,NA,23742.0471,16.5404,14.8627,1.6777,15.7294,3.6226,3.5696,0.0530,1.0193,23742.0471,21.5169,21.5169
gamemd.exe,18720,0x43D4320,D3D9,0,0,1,Hardware: Independent Flip,23773.5266,NA,16.61680000000000,16.76130000000000,1.94900000000000,4.61290000000000,4.7428,NA,23758.5875,16.8881,14.9391,1.9490,15.7657,3.7863,3.7283,0.0580,-0.2209,23758.5875,NA,NA
gamemd.exe,18720,0x43D4320,D3D9,0,0,1,Hardware: Independent Flip,23790.1146,NA,16.58800000000000,16.84690000000000,2.21460000000000,4.85560000000000,5.0017,NA,23775.4756,16.8536,14.6390,2.2146,15.8078,3.6868,3.6379,0.0489,0.0412,23775.4756,NA,NA
gamemd.exe,18720,0x43D4320,D3D9,0,0,1,Hardware: Independent Flip,23807.1302,NA,17.01560000000000,16.93500000000000,1.87130000000000,4.77020000000000,4.9211,NA,23792.3292,16.6723,14.8010,1.8713,15.9339,3.6373,3.5518,0.0855,-0.0814,23792.3292,NA,NA
gamemd.exe,18720,0x43D4320,D3D9,0,0,1,Hardware: Independent Flip,23823.5236,NA,16.39340000000000,16.66570000000000,1.41900000000000,5.06740000000000,5.1934,NA,23809.0015,15.9411,14.5221,1.4190,15.1799,4.4096,3.9017,0.5079,0.0066,23809.0015,NA,NA
gamemd.exe,18720,0x43D4320,D3D9,0,0,1,Hardware: Independent Flip,23840.1368,NA,16.61320000000000,16.30320000000000,1.81370000000000,4.73110000000000,4.8834,NA,23824.9426,17.0079,15.1942,1.8137,16.0882,3.8371,3.7464,0.0907,-0.3621,23824.9426,24.7675,24.7675
gamemd.exe,18720,0x43D4320,D3D9,0,0,1,Hardware: Independent Flip,23856.7083,NA,16.57150000000000,16.42200000000000,1.45880000000000,4.61760000000000,4.7339,NA,23841.9505,16.2166,14.7578,1.4588,15.3631,4.0123,3.9234,0.0889,0.5859,23841.9505,NA,NA
gamemd.exe,18720,0x43D4320,D3D9,0,0,1,Hardware: Independent Flip,23873.4434,NA,16.73510000000000,16.73870000000000,1.63870000000000,4.60680000000000,4.7375,NA,23858.1671,16.9150,15.2763,1.6387,16.0089,3.8742,3.7948,0.0794,-0.5221,23858.1671,18.0630,NA
gamemd.exe,18720,0x43D4320,D3D9,0,0,1,Hardware: Independent Flip,23890.1700,NA,16.72660000000000,16.69190000000000,1.47090000000000,4.51280000000000,4.7028,NA,23875.0821,16.5588,15.0879,1.4709,15.7876,3.8131,3.6993,0.1138,0.2231,23875.0821,NA,NA
gamemd.exe,18720,0x43D4320,D3D9,0,0,1,Hardware: Independent Flip,23907.2433,NA,17.07330000000000,17.42200000000000,1.70650000000000,4.92200000000000,5.0515,NA,23891.6409,17.3089,15.6024,1.7065,16.2289,4.2955,4.2046,0.0909,-0.8632,23891.6409,NA,NA
gamemd.exe,18720,0x43D4320,D3D9,0,0,1,Hardware: Independent Flip,23924.1376,NA,16.89430000000000,16.42480000000000,1.36750000000000,4.45380000000000,4.5820,NA,23908.9498,16.5553,15.1878,1.3675,15.7008,3.9408,3.8583,0.0825,0.8841,23908.9498,NA,NA
gamemd.exe,18720,0x43D4320,D3D9,0,0,1,Hardware: Independent Flip,23940.0587,NA,15.92110000000000,16.20330000000000,1.47580000000000,4.71960000000000,4.8642,NA,23925.5051,16.0294,14.5536,1.4758,15.1331,4.1401,4.0054,0.1347,0.3520,23925.5051,NA,NA
gamemd.exe,18720,0x43D4320,D3D9,0,0,1,Hardware: Independent Flip,23956.8212,NA,16.76250000000000,16.53710000000000,1.29500000000000,4.51880000000000,4.6388,NA,23941.5345,16.5817,15.2867,1.2950,15.8555,3.9500,3.8580,0.0920,-0.5077,23941.5345,NA,NA
gamemd.exe,18720,0x43D4320,D3D9,0,0,1,Hardware: Independent Flip,23973.4713,NA,16.65010000000000,16.42830000000000,1.69560000000000,4.30490000000000,4.4170,NA,23958.1162,17.0507,15.3551,1.6956,15.8590,3.8010,3.7443,0.0567,0.1534,23958.1162,NA,NA
gamemd.exe,18720,0x43D4320,D3D9,0,0,1,Hardware: Independent Flip,23990.1619,NA,16.69060000000000,16.75230000000000,1.37960000000000,4.34980000000000,4.4787,NA,23975.1669,16.3746,14.9950,1.3796,15.6717,3.6731,3.5550,0.1181,0.2984,23975.1669,NA,NA
gamemd.exe,18720,0x43D4320,D3D9,0,0,1,Hardware: Independent Flip,24007.4296,NA,17.26770000000000,17.86460000000000,1.90290000000000,4.92630000000000,5.0756,NA,23991.5415,17.7910,15.8881,1.9029,16.6734,4.1410,4.0609,0.0801,-1.4900,23991.5415,NA,NA
gamemd.exe,18720,0x43D4320,D3D9,0,0,1,Hardware: Independent Flip,24023.4356,NA,16.00600000000000,15.31340000000000,1.22590000000000,4.24760000000000,4.3830,NA,24009.3325,15.3290,14.1031,1.2259,14.8649,3.4858,3.4320,0.0538,2.4776,24009.3325,NA,NA
gamemd.exe,18720,0x43D4320,D3D9,0,0,1,Hardware: Independent Flip,24039.9625,NA,16.52690000000000,17.03030000000000,1.20780000000000,4.67560000000000,4.8864,NA,24024.6615,16.5088,15.3010,1.2078,16.0430,3.9336,3.8652,0.0684,-1.7013,24024.6615,NA,NA
gamemd.exe,18720,0x43D4320,D3D9,0,0,1,Hardware: Independent Flip,24056.7116,NA,16.74910000000000,16.56940000000000,1.67930000000000,4.58670000000000,4.7067,NA,24041.1703,17.2206,15.5413,1.6793,16.5623,3.5657,3.5051,0.0606,-0.0606,24041.1703,NA,NA
gamemd.exe,18720,0x43D4320,D3D9,0,0,1,Hardware: Independent Flip,24073.7623,NA,17.05070000000000,17.01890000000000,1.55770000000000,4.56240000000000,4.6749,NA,24058.3909,16.9291,15.3714,1.5577,16.2632,3.6706,3.6146,0.0560,0.2017,24058.3909,NA,NA
gamemd.exe,18720,0x43D4320,D3D9,0,0,1,Hardware: Independent Flip,24090.3702,NA,16.60790000000000,16.62920000000000,1.71040000000000,4.56160000000000,4.6962,NA,24075.3200,16.7606,15.0502,1.7104,15.8904,3.7214,3.6453,0.0761,0.2999,24075.3200,NA,NA
gamemd.exe,18720,0x43D4320,D3D9,0,0,1,Hardware: Independent Flip,24106.9457,NA,16.57550000000000,17.02920000000000,1.91630000000000,5.02090000000000,5.1499,NA,24092.0806,16.7814,14.8651,1.9163,16.1409,3.7451,3.6576,0.0875,-0.2686,24092.0806,NA,NA
gamemd.exe,18720,0x43D4320,D3D9,0,0,1,Hardware: Independent Flip,24123.5341,NA,16.58840000000000,16.44200000000000,1.41150000000000,4.83550000000000,5.0035,NA,24108.8620,16.0836,14.6721,1.4115,15.3139,4.1937,4.0816,0.1121,0.3394,24108.8620,NA,NA
gamemd.exe,18720,0x43D4320,D3D9,0,0,1,Hardware: Independent Flip,24140.2730,NA,16.73890000000000,16.56940000000000,1.77190000000000,4.69320000000000,4.8340,NA,24124.9456,17.0993,15.3274,1.7719,16.0855,3.9351,3.8359,0.0992,-0.4858,24124.9456,NA,NA
gamemd.exe,18720,0x43D4320,D3D9,0,0,1,Hardware: Independent Flip,24157.1857,NA,16.91270000000000,17.00080000000000,2.17000000000000,4.81030000000000,4.9221,NA,24142.0449,17.3108,15.1408,2.1700,16.0715,3.8796,3.8112,0.0684,0.0985,24142.0449,NA,NA
gamemd.exe,18720,0x43D4320,D3D9,0,0,1,Hardware: Independent Flip,24173.5613,NA,16.37560000000000,16.53750000000000,2.36980000000000,4.96980000000000,5.0840,NA,24159.3557,16.5754,14.2056,2.3698,15.1577,4.0177,3.9554,0.0623,0.7733,24159.3557,NA,NA
gamemd.exe,18720,0x43D4320,D3D9,0,0,1,Hardware: Independent Flip,24190.3806,NA,16.81930000000000,16.86300000000000,1.81030000000000,4.92860000000000,5.1277,NA,24175.9311,16.2598,14.4495,1.8103,15.1729,4.2052,4.0965,0.1087,-0.2876,24175.9311,NA,NA
gamemd.exe,18720,0x43D4320,D3D9,0,0,1,Hardware: Independent Flip,24207.1288,NA,16.74820000000000,16.36880000000000,1.34170000000000,4.63110000000000,4.7483,NA,24192.1909,16.2796,14.9379,1.3417,15.5069,4.0621,3.9642,0.0979,-0.1090,24192.1909,NA,NA
gamemd.exe,18720,0x43D4320,D3D9,0,0,1,Hardware: Independent Flip,24223.8899,NA,16.76110000000000,16.67790000000000,1.55160000000000,4.54640000000000,4.6651,NA,24208.4705,16.9710,15.4194,1.5516,15.9184,4.0474,3.9484,0.0990,-0.3983,24208.4705,NA,NA
gamemd.exe,18720,0x43D4320,D3D9,0,0,1,Hardware: Independent Flip,24239.9756,NA,16.08570000000000,16.28010000000000,1.70730000000000,4.71570000000000,4.8595,NA,24225.4415,16.2414,14.5341,1.7073,15.2970,3.9528,3.8914,0.0614,0.6909,24225.4415,NA,NA
gamemd.exe,18720,0x43D4320,D3D9,0,0,1,Hardware: Independent Flip,24256.8411,NA,16.86550000000000,16.63220000000000,1.46010000000000,4.47530000000000,4.6262,NA,24241.6829,16.6183,15.1582,1.4601,15.7907,3.8428,3.7701,0.0727,-0.3908,24241.6829,NA,NA
gamemd.exe,18720,0x43D4320,D3D9,0,0,1,Hardware: Independent Flip,24273.5000,NA,16.65890000000000,16.75510000000000,1.82190000000000,4.57610000000000,4.7224,NA,24258.3012,17.0207,15.1988,1.8219,15.9180,3.8569,3.8043,0.0526,-0.1368,24258.3012,NA,NA
gamemd.exe,18720,0x43D4320,D3D9,0,0,1,Hardware: Independent Flip,24290.3613,NA,16.86130000000000,16.60390000000000,1.62750000000000,4.31330000000000,4.4650,NA,24275.3219,16.6669,15.0394,1.6275,15.6704,3.6823,3.6392,0.0431,0.4168,24275.3219,NA,NA
gamemd.exe,18720,0x43D4320,D3D9,0,0,1,Hardware: Independent Flip,24306.9932,NA,16.63190000000000,16.83620000000000,1.36390000000000,4.46490000000000,4.6693,NA,24291.9888,16.3683,15.0044,1.3639,15.5363,3.9330,3.8548,0.0782,-0.1693,24291.9888,NA,NA
gamemd.exe,18720,0x43D4320,D3D9,0,0,1,Hardware: Independent Flip,24324.3254,NA,17.33220000000000,17.52700000000000,1.35440000000000,4.60000000000000,4.8641,NA,24308.3571,17.3227,15.9683,1.3544,16.6086,3.9597,3.6487,0.3110,-1.1587,24308.3571,NA,NA
gamemd.exe,18720,0x43D4320,D3D9,0,0,1,Hardware: Independent Flip,24340.3422,NA,16.01680000000000,15.64180000000000,1.35660000000000,4.34560000000000,4.4891,NA,24325.6798,16.0190,14.6624,1.3566,15.1617,3.8463,3.7958,0.0505,1.6809,24325.6798,NA,NA
gamemd.exe,18720,0x43D4320,D3D9,0,0,1,Hardware: Independent Flip,24357.1066,NA,16.76440000000000,16.55130000000000,1.09470000000000,4.14420000000000,4.2760,NA,24341.6988,16.5025,15.4078,1.0947,15.9758,3.5762,3.5144,0.0618,-0.5323,24341.6988,NA,NA
gamemd.exe,18720,0x43D4320,D3D9,0,0,1,Hardware: Independent Flip,24373.3243,NA,16.21770000000000,16.38810000000000,1.29280000000000,4.32000000000000,4.4464,NA,24358.2013,16.4158,15.1230,1.2928,15.8175,3.6255,3.5837,0.0418,0.1144,24358.2013,NA,NA
gamemd.exe,18720,0x43D4320,D3D9,0,0,1,Hardware: Independent Flip,24390.6012,NA,17.27690000000000,17.89800000000000,2.23430000000000,4.89800000000000,5.0675,NA,24374.6171,18.2184,15.9841,2.2343,16.8700,4.0121,3.9009,0.1112,-1.4822,24374.6171,NA,NA
gamemd.exe,18720,0x43D4320,D3D9,0,0,1,Hardware: Independent Flip,24406.6868,NA,16.08560000000000,16.04750000000000,1.38320000000000,4.87980000000000,5.0294,NA,24392.8355,15.2345,13.8513,1.3832,14.4121,4.3190,4.2037,0.1153,2.1709,24392.8355,NA,NA
gamemd.exe,18720,0x43D4320,D3D9,0,0,1,Hardware: Independent Flip,24423.3109,NA,16.62410000000000,16.12730000000000,1.49230000000000,4.41190000000000,4.5326,NA,24408.0700,16.7332,15.2409,1.4923,15.8287,3.8241,3.7185,0.1056,-0.8928,24408.0700,NA,NA
gamemd.exe,18720,0x43D4320,D3D9,0,0,1,Hardware: Independent Flip,24440.1052,NA,16.79430000000000,16.71570000000000,1.42910000000000,4.33830000000000,4.4540,NA,24424.8032,16.7311,15.3020,1.4291,15.8001,3.8402,3.7273,0.1129,0.0175,24424.8032,NA,NA
gamemd.exe,18720,0x43D4320,D3D9,0,0,1,Hardware: Independent Flip,24456.6406,NA,16.53540000000000,16.54620000000000,1.38220000000000,4.34200000000000,4.4648,NA,24441.5343,16.4885,15.1063,1.3822,15.6249,3.8234,3.7498,0.0736,0.1849,24441.5343,NA,NA
gamemd.exe,18720,0x43D4320,D3D9,0,0,1,Hardware: Independent Flip,24473.7374,NA,17.09680000000000,17.90860000000000,1.56810000000000,5.15900000000000,5.2766,NA,24458.0228,17.2827,15.7146,1.5681,16.5242,4.3494,4.2000,0.1494,-1.4201,24458.0228,NA,NA
gamemd.exe,18720,0x43D4320,D3D9,0,0,1,Hardware: Independent Flip,24490.1346,NA,16.39720000000000,15.87780000000000,1.78250000000000,4.60450000000000,4.7572,NA,24475.3055,16.6116,14.8291,1.7825,15.7752,3.6584,3.5988,0.0596,1.4049,24475.3055,NA,NA
gamemd.exe,18720,0x43D4320,D3D9,0,0,1,Hardware: Independent Flip,24507.6053,NA,17.47070000000000,18.53010000000000,1.52200000000000,5.61850000000000,5.8166,NA,24491.9171,17.2102,15.6882,1.5220,16.3115,4.9952,4.4604,0.5348,-1.9185,24491.9171,NA,NA
gamemd.exe,18720,0x43D4320,D3D9,0,0,1,Hardware: Independent Flip,24523.4850,NA,15.87970000000000,14.86140000000000,1.58520000000000,4.68820000000000,4.7983,NA,24509.1273,15.9429,14.3577,1.5852,15.0267,4.0192,3.9224,0.0968,2.3488,24509.1273,NA,NA
gamemd.exe,18720,0x43D4320,D3D9,0,0,1,Hardware: Independent Flip,24540.1051,NA,16.62010000000000,16.43210000000000,1.61220000000000,4.49390000000000,4.6103,NA,24525.0702,16.6471,15.0349,1.6122,15.8715,3.6573,3.6008,0.0565,-0.4892,24525.0702,NA,NA
gamemd.exe,18720,0x43D4320,D3D9,0,0,1,Hardware: Independent Flip,24557.1081,NA,17.00300000000000,16.93370000000000,1.47280000000000,4.42820000000000,4.5410,NA,24541.7173,16.8636,15.3908,1.4728,16.2627,3.5563,3.4691,0.0872,-0.2866,24541.7173,NA,NA
gamemd.exe,18720,0x43D4320,D3D9,0,0,1,Hardware: Independent Flip,24574.0653,NA,16.95720000000000,17.17080000000000,1.67870000000000,4.60630000000000,4.7546,NA,24558.5809,17.1631,15.4844,1.6787,16.3995,3.6912,3.6255,0.0657,-0.3072,24558.5809,NA,NA
gamemd.exe,18720,0x43D4320,D3D9,0,0,1,Hardware: Independent Flip,24590.6381,NA,16.57280000000000,17.06310000000000,2.20040000000000,5.08460000000000,5.2449,NA,24575.7440,17.0945,14.8941,2.2004,16.1685,3.8102,3.6489,0.1613,0.1000,24575.7440,NA,NA
gamemd.exe,18720,0x43D4320,D3D9,0,0,1,Hardware: Independent Flip,24607.0272,NA,16.38910000000000,16.18520000000000,1.48170000000000,4.90020000000000,5.0410,NA,24592.8385,15.6704,14.1887,1.4817,14.9688,4.1201,4.0091,0.1110,0.9093,24592.8385,NA,NA
gamemd.exe,18720,0x43D4320,D3D9,0,0,1,Hardware: Independent Flip,24623.7837,NA,16.75650000000000,16.33800000000000,1.94790000000000,4.51290000000000,4.6225,NA,24608.5089,17.2227,15.2748,1.9479,16.0530,3.7347,3.6810,0.0537,-0.6676,24608.5089,NA,NA
gamemd.exe,18720,0x43D4320,D3D9,0,0,1,Hardware: Independent Flip,24640.3591,NA,16.57540000000000,16.57680000000000,1.36300000000000,4.48750000000000,4.6239,NA,24625.7316,15.9905,14.6275,1.3630,15.4074,3.7076,3.6384,0.0692,0.6459,24625.7316,NA,NA
gamemd.exe,18720,0x43D4320,D3D9,0,0,1,Hardware: Independent Flip,24657.2598,NA,16.90070000000000,16.56270000000000,1.38710000000000,4.17550000000000,4.2859,NA,24641.7221,16.9248,15.5377,1.3871,16.0532,3.6600,3.6067,0.0533,-0.5722,24641.7221,NA,NA
gamemd.exe,18720,0x43D4320,D3D9,0,0,1,Hardware: Independent Flip,24673.4218,NA,16.16200000000000,16.49770000000000,1.35770000000000,4.50970000000000,4.6216,NA,24658.6469,16.1326,14.7749,1.3577,15.4504,3.8342,3.7328,0.1014,0.4271,24658.6469,NA,NA
gamemd.exe,18720,0x43D4320,D3D9,0,0,1,Hardware: Independent Flip,24690.3201,NA,16.89830000000000,17.33270000000000,1.72110000000000,4.86930000000000,5.0560,NA,24674.7795,17.2617,15.5406,1.7211,16.2506,4.1593,4.0776,0.0817,-1.2001,24674.7795,NA,NA
gamemd.exe,18720,0x43D4320,D3D9,0,0,1,Hardware: Independent Flip,24707.8029,NA,17.48280000000000,17.55860000000000,1.43890000000000,4.97230000000000,5.1318,NA,24692.0412,17.2006,15.7617,1.4389,16.4958,4.2382,3.7370,0.5012,-0.2969,24692.0412,NA,NA
gamemd.exe,18720,0x43D4320,D3D9,0,0,1,Hardware: Independent Flip,24723.4231,NA,15.62020000000000,15.20320000000000,1.48580000000000,4.59200000000000,4.7148,NA,24709.2418,15.6671,14.1813,1.4858,14.7929,3.9804,3.8783,0.1021,1.9974,24709.2418,20.1647,NA
gamemd.exe,18720,0x43D4320,D3D9,0,0,1,Hardware: Independent Flip,24740.6334,NA,17.21030000000000,16.86010000000000,1.46980000000000,4.23310000000000,4.3646,NA,24724.9089,17.1943,15.7245,1.4698,16.2920,3.6656,3.6088,0.0568,-1.1930,24724.9089,21.0048,NA
gamemd.exe,18720,0x43D4320,D3D9,0,0,1,Hardware: Independent Flip,24756.8765,NA,16.24310000000000,16.29190000000000,1.25480000000000,4.30580000000000,4.4134,NA,24742.1032,16.0281,14.7733,1.2548,15.5587,3.5204,3.4731,0.0473,0.9024,24742.1032,21.2912,NA
gamemd.exe,18720,0x43D4320,D3D9,0,0,1,Hardware: Independent Flip,24773.7238,NA,16.84730000000000,17.09400000000000,1.15220000000000,4.48330000000000,4.6601,NA,24758.1313,16.7447,15.5925,1.1522,16.3040,3.7718,3.7166,0.0552,-1.0659,24758.1313,22.3316,NA
gamemd.exe,18720,0x43D4320,D3D9,0,0,1,Hardware: Independent Flip,24790.5550,NA,16.83120000000000,17.31840000000000,1.42060000000000,4.90480000000000,5.1473,NA,24774.8760,17.0996,15.6790,1.4206,16.3382,4.2456,4.0827,0.1629,-0.5737,24774.8760,23.7140,NA
gamemd.exe,18720,0x43D4320,D3D9,0,0,1,Hardware: Independent Flip,24806.9472,NA,16.39220000000000,15.85260000000000,1.31880000000000,4.45580000000000,4.6077,NA,24791.9756,16.2904,14.9716,1.3188,15.6912,3.7362,3.6828,0.0534,1.2470,24791.9756,23.0478,NA
gamemd.exe,18720,0x43D4320,D3D9,0,0,1,Hardware: Independent Flip,24823.5914,NA,16.64420000000000,16.62100000000000,2.27490000000000,4.41300000000000,4.5845,NA,24808.2660,17.6003,15.3254,2.2749,16.1063,3.6321,3.5747,0.0574,-0.3306,24808.2660,23.8704,NA
gamemd.exe,18720,0x43D4320,D3D9,0,0,1,Hardware: Independent Flip,24840.4152,NA,16.82380000000000,16.84350000000000,1.48780000000000,4.39900000000000,4.6042,NA,24825.8663,16.0367,14.5489,1.4878,15.0631,3.8848,3.7903,0.0945,0.7568,24825.8663,24.8727,NA
gamemd.exe,18720,0x43D4320,D3D9,0,0,1,Hardware: Independent Flip,24857.1492,NA,16.73400000000000,16.61230000000000,1.38970000000000,4.34520000000000,4.4825,NA,24841.9030,16.6359,15.2462,1.3897,16.0524,3.5390,3.4550,0.0840,-0.5756,24841.9030,25.0329,NA
gamemd.exe,18720,0x43D4320,D3D9,0,0,1,Hardware: Independent Flip,24873.9584,NA,16.80920000000000,17.44450000000000,2.19000000000000,4.95260000000000,5.1178,NA,24858.5389,17.6095,15.4195,2.1900,16.2471,4.1250,4.0156,0.1094,-0.8086,24858.5389,27.0842,NA
gamemd.exe,18720,0x43D4320,D3D9,0,0,1,Hardware: Independent Flip,24890.3785,NA,16.42010000000000,16.40280000000000,2.18790000000000,4.97350000000000,5.1005,NA,24876.1484,16.4180,14.2301,2.1879,14.9592,4.2444,4.1574,0.0870,1.2067,24876.1484,11.4940,NA
gamemd.exe,18720,0x43D4320,D3D9,0,0,1,Hardware: Independent Flip,24906.7643,NA,16.38580000000000,16.03210000000000,1.69060000000000,4.62310000000000,4.7468,NA,24892.5664,15.8885,14.1979,1.6906,15.1210,3.7000,3.5914,0.1086,0.3859,24892.5664,NA,NA
gamemd.exe,18720,0x43D4320,D3D9,0,0,1,Hardware: Independent Flip,24923.4855,NA,16.72120000000000,16.96260000000000,2.07280000000000,4.85760000000000,4.9882,NA,24908.4549,17.1034,15.0306,2.0728,15.8951,3.9931,3.9204,0.0727,-1.0741,24908.4549,20.5341,NA
gamemd.exe,18720,0x43D4320,D3D9,0,0,1,Hardware: Independent Flip,24940.4641,NA,16.97860000000000,16.86430000000000,1.87880000000000,4.74360000000000,4.8739,NA,24925.5583,16.7846,14.9058,1.8788,15.7196,3.9298,3.8497,0.0801,0.2391,24925.5583,13.3633,NA
gamemd.exe,18720,0x43D4320,D3D9,0,0,1,Hardware: Independent Flip,24957.0521,NA,16.58800000000000,16.34990000000000,1.80510000000000,4.52340000000000,4.6358,NA,24942.3429,16.5143,14.7092,1.8051,15.3777,3.8549,3.7890,0.0659,0.4347,24942.3429,13.7260,NA
gamemd.exe,18720,0x43D4320,D3D9,0,0,1,Hardware: Independent Flip,24973.5609,NA,16.50880000000000,16.66500000000000,1.85350000000000,4.67950000000000,4.7920,NA,24958.8572,16.5572,14.7037,1.8535,15.6234,3.7598,3.7037,0.0561,-0.1507,24958.8572,14.4005,NA
gamemd.exe,18720,0x43D4320,D3D9,0,0,1,Hardware: Independent Flip,24990.6127,NA,17.05180000000000,17.79160000000000,1.68050000000000,5.29470000000000,5.5318,NA,24975.4144,16.8788,15.1983,1.6805,15.8037,4.6893,4.0568,0.6325,-1.2344,24975.4144,16.1935,NA
gamemd.exe,18720,0x43D4320,D3D9,0,0,1,Hardware: Independent Flip,25006.8760,NA,16.26330000000000,15.90210000000000,1.33280000000000,5.02460000000000,5.1706,NA,24992.2932,15.9156,14.5828,1.3328,15.2272,4.3802,3.8877,0.4925,0.9767,24992.2932,16.0689,NA
gamemd.exe,18720,0x43D4320,D3D9,0,0,1,Hardware: Independent Flip,25023.5037,NA,16.62770000000000,16.22140000000000,1.73480000000000,4.57250000000000,4.7643,NA,25008.2088,17.0297,15.2949,1.7348,16.0045,3.8629,3.7876,0.0753,-0.3058,25008.2088,16.2888,NA
gamemd.exe,18720,0x43D4320,D3D9,0,0,1,Hardware: Independent Flip,25040.2422,NA,16.73850000000000,17.16690000000000,2.48510000000000,5.06870000000000,5.1927,NA,25025.2385,17.4888,15.0037,2.4851,15.9389,4.1335,4.0493,0.0842,-0.1372,25025.2385,17.4421,NA
gamemd.exe,18720,0x43D4320,D3D9,0,0,1,Hardware: Independent Flip,25057.4137,NA,17.17150000000000,16.69740000000000,1.83270000000000,4.60950000000000,4.7186,NA,25042.7273,16.5191,14.6864,1.8327,15.4583,3.8376,3.7786,0.0590,0.7914,25042.7273,18.1228,NA
gamemd.exe,18720,0x43D4320,D3D9,0,0,1,Hardware: Independent Flip,25073.3843,NA,15.97060000000000,16.35180000000000,1.70700000000000,4.96320000000000,5.0998,NA,25059.2464,15.8449,14.1379,1.7070,14.7535,4.3476,4.2563,0.0913,0.1673,25059.2464,18.4527,NA
gamemd.exe,18720,0x43D4320,D3D9,0,0,1,Hardware: Independent Flip,25090.3676,NA,16.98330000000000,16.96260000000000,1.47620000000000,4.92430000000000,5.0791,NA,25075.0913,16.7525,15.2763,1.4762,16.0494,4.1512,4.0538,0.0974,-1.1177,25075.0913,19.4228,NA
gamemd.exe,18720,0x43D4320,D3D9,0,0,1,Hardware: Independent Flip,25107.0386,NA,16.67100000000000,16.20050000000000,1.92500000000000,4.49850000000000,4.6086,NA,25091.8438,17.1198,15.1948,1.9250,15.8684,3.8249,3.7605,0.0644,0.5520,25091.8438,19.6682,NA
gamemd.exe,18720,0x43D4320,D3D9,0,0,1,Hardware: Independent Flip,25123.6853,NA,16.64670000000000,16.79130000000000,1.65240000000000,4.60470000000000,4.7532,NA,25108.9636,16.3741,14.7217,1.6524,15.6708,3.6556,3.5952,0.0604,0.3285,25108.9636,20.4552,NA
gamemd.exe,18720,0x43D4320,D3D9,0,0,1,Hardware: Independent Flip,25140.6155,NA,16.93020000000000,16.61020000000000,1.65120000000000,4.29800000000000,4.4332,NA,25125.3377,16.9290,15.2778,1.6512,15.8953,3.6805,3.6275,0.0530,-0.2361,25125.3377,21.0675,NA
gamemd.exe,18720,0x43D4320,D3D9,0,0,1,Hardware: Independent Flip,25156.7307,NA,16.11520000000000,16.34370000000000,1.40040000000000,4.48790000000000,4.6617,NA,25142.2667,15.8644,14.4640,1.4004,15.0970,3.8549,3.7709,0.0840,0.5853,25142.2667,21.3253,NA
gamemd.exe,18720,0x43D4320,D3D9,0,0,1,Hardware: Independent Flip,25173.6725,NA,16.94180000000000,16.86880000000000,1.43100000000000,4.42190000000000,4.5887,NA,25158.1311,16.9724,15.5414,1.4310,16.2441,3.7192,3.6589,0.0603,-1.0044,25158.1311,22.2693,NA
gamemd.exe,18720,0x43D4320,D3D9,0,0,1,Hardware: Independent Flip,25190.3871,NA,16.71460000000000,17.11660000000000,1.37440000000000,4.79110000000000,4.9907,NA,25175.1035,16.6580,15.2836,1.3744,15.9108,4.1639,4.0702,0.0937,-0.1442,25175.1035,23.4079,NA
gamemd.exe,18720,0x43D4320,D3D9,0,0,1,Hardware: Independent Flip,25206.7408,NA,16.35370000000000,16.02770000000000,1.54320000000000,4.49020000000000,4.6647,NA,25191.7615,16.5225,14.9793,1.5432,15.5078,3.9617,3.8805,0.0812,0.6303,25191.7615,23.4317,NA
gamemd.exe,18720,0x43D4320,D3D9,0,0,1,Hardware: Independent Flip,25223.4162,NA,16.67540000000000,16.64010000000000,1.49270000000000,4.43750000000000,4.6294,NA,25208.2840,16.6249,15.1322,1.4927,15.7495,3.8202,3.7735,0.0467,-0.1176,25208.2840,23.6073,NA
gamemd.exe,18720,0x43D4320,D3D9,0,0,1,Hardware: Independent Flip,25240.2829,NA,16.86670000000000,16.94590000000000,1.15240000000000,4.45350000000000,4.7086,NA,25224.9089,16.5264,15.3740,1.1524,16.0258,3.8017,3.7166,0.0851,-0.3210,25224.9089,24.7749,NA
gamemd.exe,18720,0x43D4320,D3D9,0,0,1,Hardware: Independent Flip,25257.1282,NA,16.84530000000000,16.78640000000000,1.28330000000000,4.51990000000000,4.6497,NA,25241.4353,16.9762,15.6929,1.2833,16.4083,3.8045,3.7332,0.0713,-0.2600,25241.4353,25.4966,NA
gamemd.exe,18720,0x43D4320,D3D9,0,0,1,Hardware: Independent Flip,25273.7429,NA,16.61470000000000,17.26860000000000,1.83780000000000,5.08300000000000,5.3036,NA,25258.4115,17.1692,15.3314,1.8378,16.4753,3.9391,3.8291,0.1100,-0.2924,25258.4115,27.0730,NA
gamemd.exe,18720,0x43D4320,D3D9,0,0,1,Hardware: Independent Flip,25290.6527,NA,16.90980000000000,16.86930000000000,1.35590000000000,5.06180000000000,5.2631,NA,25275.5807,16.4279,15.0720,1.3559,15.6799,4.4539,4.3645,0.0894,0.2999,25275.5807,27.9194,NA
gamemd.exe,18720,0x43D4320,D3D9,0,0,1,Hardware: Independent Flip,25307.0526,NA,16.39990000000000,16.13450000000000,2.34470000000000,4.76540000000000,4.9977,NA,25292.0086,17.3887,15.0440,2.3447,15.7979,4.0115,3.9312,0.0803,0.2934,25292.0086,12.0726,NA
gamemd.exe,18720,0x43D4320,D3D9,0,0,1,Hardware: Independent Flip,25323.6932,NA,16.64060000000000,16.51650000000000,1.95370000000000,4.75930000000000,4.8736,NA,25309.3973,16.2496,14.2959,1.9537,15.4402,3.6150,3.5425,0.0725,0.8722,25309.3973,NA,NA
gamemd.exe,18720,0x43D4320,D3D9,0,0,1,Hardware: Independent Flip,25340.6597,NA,16.96650000000000,16.81190000000000,1.67380000000000,4.59280000000000,4.7190,NA,25325.6469,16.6866,15.0128,1.6738,15.9219,3.6837,3.6163,0.0674,-0.5623,25325.6469,21.3755,21.3755
gamemd.exe,18720,0x43D4320,D3D9,0,0,1,Hardware: Independent Flip,25356.8025,NA,16.14280000000000,16.27710000000000,1.84520000000000,4.74210000000000,4.8533,NA,25342.3335,16.3142,14.4690,1.8452,15.5820,3.6291,3.5686,0.0605,0.4095,25342.3335,NA,NA
gamemd.exe,18720,0x43D4320,D3D9,0,0,1,Hardware: Independent Flip,25373.4861,NA,16.68360000000000,17.04920000000000,2.05220000000000,5.04820000000000,5.2189,NA,25358.6477,16.8906,14.8384,2.0522,15.6791,4.2075,4.1132,0.0943,-0.7350,25358.6477,NA,NA
gamemd.exe,18720,0x43D4320,D3D9,0,0,1,Hardware: Independent Flip,25390.5359,NA,17.04980000000000,17.50970000000000,1.67580000000000,5.47930000000000,5.6788,NA,25375.5383,16.6734,14.9976,1.6758,15.7618,4.7151,3.9881,0.7270,-0.6191,25375.5383,NA,NA
gamemd.exe,18720,0x43D4320,D3D9,0,0,1,Hardware: Independent Flip,25407.7409,NA,17.20500000000000,16.25310000000000,1.39360000000000,4.58490000000000,4.7269,NA,25392.2117,16.9228,15.5292,1.3936,16.1575,3.9566,3.8472,0.1094,0.4203,25392.2117,NA,NA
gamemd.exe,18720,0x43D4320,D3D9,0,0,1,Hardware: Independent Flip,25423.4092,NA,15.66830000000000,15.38380000000000,1.27400000000000,4.30810000000000,4.4424,NA,25409.1345,15.5487,14.2747,1.2740,14.7022,3.8806,3.7884,0.0922,1.5390,25409.1345,NA,NA
gamemd.exe,18720,0x43D4320,D3D9,0,0,1,Hardware: Independent Flip,25440.1709,NA,16.76170000000000,16.87120000000000,1.33690000000000,4.43960000000000,4.5519,NA,25424.6832,16.8246,15.4877,1.3369,15.9775,3.9498,3.8821,0.0677,-1.3225,25424.6832,24.5752,24.5752
gamemd.exe,18720,0x43D4320,D3D9,0,0,1,Hardware: Independent Flip,25456.9952,NA,16.82430000000000,16.71550000000000,1.41070000000000,4.33260000000000,4.4431,NA,25441.5078,16.8981,15.4874,1.4107,16.1707,3.6493,3.5828,0.0665,0.1091,25441.5078,NA,NA
gamemd.exe,18720,0x43D4320,D3D9,0,0,1,Hardware: Independent Flip,25473.6864,NA,16.69120000000000,17.53210000000000,1.50350000000000,5.07990000000000,5.2840,NA,25458.4059,16.7840,15.2805,1.5035,15.9307,4.4297,4.2264,0.2033,-0.6340,25458.4059,NA,NA
gamemd.exe,18720,0x43D4320,D3D9,0,0,1,Hardware: Independent Flip,25490.4571,NA,16.77070000000000,16.51840000000000,1.26430000000000,4.85960000000000,5.0317,NA,25475.1899,16.5315,15.2672,1.2643,15.8826,4.2442,4.1463,0.0979,0.2656,25475.1899,NA,NA
gamemd.exe,18720,0x43D4320,D3D9,0,0,1,Hardware: Independent Flip,25506.6819,NA,16.22480000000000,16.09710000000000,1.85610000000000,4.71740000000000,4.9040,NA,25491.7214,16.8166,14.9605,1.8561,15.6686,4.0093,3.9174,0.0919,0.4344,25491.7214,NA,NA
gamemd.exe,18720,0x43D4320,D3D9,0,0,1,Hardware: Independent Flip,25523.1893,NA,16.50740000000000,16.22720000000000,1.25210000000000,4.47100000000000,4.6238,NA,25508.5380,15.9034,14.6513,1.2521,15.0806,4.0417,3.6777,0.3640,0.5894,25508.5380,NA,NA
gamemd.exe,18720,0x43D4320,D3D9,0,0,1,Hardware: Independent Flip,25540.0579,NA,16.86860000000000,16.94630000000000,1.18070000000000,4.49230000000000,4.7015,NA,25524.4414,16.7972,15.6165,1.1807,16.1386,3.9702,3.8905,0.0797,-1.0429,25524.4414,NA,NA
gamemd.exe,18720,0x43D4320,D3D9,0,0,1,Hardware: Independent Flip,25556.7078,NA,16.64990000000000,19.34920000000000,3.30400000000000,7.19260000000000,7.4008,NA,25541.2386,18.7732,15.4692,3.3040,17.0858,5.5760,4.9273,0.6487,-2.5520,25541.2386,NA,NA
gamemd.exe,18720,0x43D4320,D3D9,0,0,1,Hardware: Independent Flip,25575.2212,NA,18.51340000000000,16.70200000000000,1.73860000000000,5.38000000000000,5.5894,NA,25560.0118,16.9480,15.2094,1.7386,15.9380,4.6514,4.1842,0.4672,2.0712,25560.0118,NA,NA
gamemd.exe,18720,0x43D4320,D3D9,0,0,1,Hardware: Independent Flip,25591.2203,NA,15.99910000000000,18.25470000000000,2.56530000000000,6.57000000000000,7.8450,NA,25576.9598,16.8258,14.2605,2.5653,15.8940,4.9365,4.0589,0.8776,-1.3067,25576.9598,NA,NA
gamemd.exe,18720,0x43D4320,D3D9,0,0,1,Hardware: Independent Flip,25607.4435,NA,16.22320000000000,13.46540000000000,1.60190000000000,4.93220000000000,5.0872,NA,25593.7856,15.2598,13.6579,1.6019,14.3809,4.2092,4.1122,0.0970,3.3604,25593.7856,NA,NA
gamemd.exe,18720,0x43D4320,D3D9,0,0,1,Hardware: Independent Flip,25624.0382,NA,16.59470000000000,16.48210000000000,2.15300000000000,4.77790000000000,4.9746,NA,25609.0454,17.1458,14.9928,2.1530,15.7246,4.0461,3.9600,0.0861,-1.2223,25609.0454,NA,NA
gamemd.exe,18720,0x43D4320,D3D9,0,0,1,Hardware: Independent Flip,25640.4396,NA,16.40140000000000,15.97050000000000,1.25810000000000,4.39910000000000,4.5437,NA,25626.1912,15.5065,14.2484,1.2581,14.9888,3.6587,3.5520,0.1067,1.1753,25626.1912,NA,NA
gamemd.exe,18720,0x43D4320,D3D9,0,0,1,Hardware: Independent Flip,25657.0762,NA,16.63660000000000,16.38270000000000,1.29510000000000,4.15490000000000,4.2898,NA,25641.6977,16.6736,15.3785,1.2951,15.9891,3.5443,3.4670,0.0773,-0.8762,25641.6977,NA,NA
gamemd.exe,18720,0x43D4320,D3D9,0,0,1,Hardware: Independent Flip,25673.4516,NA,16.37540000000000,17.50280000000000,2.56690000000000,5.25220000000000,5.4172,NA,25658.3713,17.6472,15.0803,2.5669,16.1428,4.1897,4.0788,0.1109,-0.8292,25658.3713,NA,NA
gamemd.exe,18720,0x43D4320,D3D9,0,0,1,Hardware: Independent Flip,25690.4879,NA,17.03630000000000,16.20670000000000,1.36080000000000,4.44150000000000,4.5876,NA,25676.0185,15.8302,14.4694,1.3608,15.2779,3.6330,3.5838,0.0492,1.4405,25676.0185,NA,NA
gamemd.exe,18720,0x43D4320,D3D9,0,0,1,Hardware: Independent Flip,25707.0680,NA,16.58010000000000,16.36050000000000,1.18960000000000,4.23150000000000,4.3680,NA,25691.8487,16.4089,15.2193,1.1896,15.9240,3.5268,3.4695,0.0573,-0.5303,25691.8487,NA,NA
gamemd.exe,18720,0x43D4320,D3D9,0,0,1,Hardware: Independent Flip,25723.5003,NA,16.43230000000000,16.82890000000000,1.84500000000000,4.61770000000000,4.7646,NA,25708.2576,17.0877,15.2427,1.8450,15.9244,3.9360,3.8582,0.0778,-0.4200,25708.2576,NA,NA
gamemd.exe,18720,0x43D4320,D3D9,0,0,1,Hardware: Independent Flip,25740.2332,NA,16.73290000000000,16.83730000000000,1.60540000000000,4.72520000000000,4.8690,NA,25725.3453,16.4933,14.8879,1.6054,15.4558,4.1573,4.0506,0.1067,0.2504,25725.3453,NA,NA
gamemd.exe,18720,0x43D4320,D3D9,0,0,1,Hardware: Independent Flip,25756.7419,NA,16.50870000000000,16.65070000000000,1.94120000000000,4.84050000000000,5.0110,NA,25741.8386,16.8445,14.9033,1.9412,16.0503,3.6935,3.6180,0.0755,-0.1574,25741.8386,NA,NA
gamemd.exe,18720,0x43D4320,D3D9,0,0,1,Hardware: Independent Flip,25773.8906,NA,17.14870000000000,16.92180000000000,1.47050000000000,4.66450000000000,4.7841,NA,25758.6831,16.6780,15.2075,1.4705,15.7524,4.1196,3.9793,0.1403,-0.0773,25758.6831,NA,NA
gamemd.exe,18720,0x43D4320,D3D9,0,0,1,Hardware: Independent Flip,25790.6358,NA,16.74520000000000,16.72420000000000,1.55170000000000,4.64280000000000,4.7631,NA,25775.3611,16.8264,15.2747,1.5517,16.2887,3.6288,3.5797,0.0491,-0.0462,25775.3611,NA,NA
gamemd.exe,18720,0x43D4320,D3D9,0,0,1,Hardware: Independent Flip,25807.0680,NA,16.43220000000000,16.37890000000000,1.48940000000000,4.59360000000000,4.7098,NA,25792.1875,16.3699,14.8805,1.4894,15.7815,3.6926,3.6431,0.0495,0.4475,25792.1875,NA,NA
gamemd.exe,18720,0x43D4320,D3D9,0,0,1,Hardware: Independent Flip,25823.5219,NA,16.45390000000000,16.66600000000000,1.97400000000000,4.80980000000000,4.9219,NA,25808.5574,16.9385,14.9645,1.9740,16.1523,3.6220,3.5469,0.0751,-0.2961,25808.5574,NA,NA
gamemd.exe,18720,0x43D4320,D3D9,0,0,1,Hardware: Independent Flip,25840.0400,NA,16.51810000000000,16.56920000000000,1.24420000000000,4.77570000000000,4.9730,NA,25825.4959,15.7883,14.5441,1.2442,15.0344,4.2854,4.1733,0.1121,0.3693,25825.4959,NA,NA
gamemd.exe,18720,0x43D4320,D3D9,0,0,1,Hardware: Independent Flip,25856.8088,NA,16.76880000000000,16.52810000000000,1.38710000000000,4.61590000000000,4.7323,NA,25841.2842,16.9117,15.5246,1.3871,16.1583,3.9822,3.8706,0.1116,-0.7398,25841.2842,NA,NA
gamemd.exe,18720,0x43D4320,D3D9,0,0,1,Hardware: Independent Flip,25873.3707,NA,16.56190000000000,16.39700000000000,1.82250000000000,4.45780000000000,4.5674,NA,25858.1959,16.9973,15.1748,1.8225,15.8221,3.8105,3.7497,0.0608,0.5147,25858.1959,NA,NA
gamemd.exe,18720,0x43D4320,D3D9,0,0,1,Hardware: Independent Flip,25890.3840,NA,17.01330000000000,16.91450000000000,1.48160000000000,4.33490000000000,4.4686,NA,25875.1932,16.6724,15.1908,1.4816,15.8660,3.6597,3.5840,0.0757,0.0828,25875.1932,NA,NA
gamemd.exe,18720,0x43D4320,D3D9,0,0,1,Hardware: Independent Flip,25907.0118,NA,16.62780000000000,16.51640000000000,1.46040000000000,4.25040000000000,4.3572,NA,25891.8656,16.6066,15.1462,1.4604,15.7281,3.6685,3.6117,0.0568,0.1560,25891.8656,NA,NA
gamemd.exe,18720,0x43D4320,D3D9,0,0,1,Hardware: Independent Flip,25923.2942,NA,16.28240000000000,16.18240000000000,1.53850000000000,4.12130000000000,4.2572,NA,25908.4722,16.3605,14.8220,1.5385,15.3796,3.5637,3.5071,0.0566,0.4242,25908.4722,NA,NA
gamemd.exe,18720,0x43D4320,D3D9,0,0,1,Hardware: Independent Flip,25940.3327,NA,17.03850000000000,18.48930000000000,1.48270000000000,5.56810000000000,5.7080,NA,25924.8327,16.9827,15.5000,1.4827,16.1907,4.8774,4.3552,0.5222,-2.1288,25924.8327,NA,NA
gamemd.exe,18720,0x43D4320,D3D9,0,0,1,Hardware: Independent Flip,25957.6012,NA,17.26850000000000,16.55700000000000,1.40250000000000,4.80640000000000,4.9965,NA,25941.8154,17.1883,15.7858,1.4025,16.3430,4.2492,3.7470,0.5022,0.4257,25941.8154,22.6523,NA
gamemd.exe,18720,0x43D4320,D3D9,0,0,1,Hardware: Independent Flip,25973.4755,NA,15.87430000000000,15.47440000000000,1.61600000000000,4.47530000000000,4.5966,NA,25959.0037,16.0878,14.4718,1.6160,15.0660,3.8811,3.8263,0.0548,1.7139,25959.0037,22.0005,NA
gamemd.exe,18720,0x43D4320,D3D9,0,0,1,Hardware: Independent Flip,25989.9194,NA,16.44390000000000,16.30550000000000,1.46200000000000,4.31570000000000,4.4582,NA,25975.0915,16.2899,14.8279,1.4620,15.4561,3.6875,3.6450,0.0425,-0.2177,25975.0915,22.3674,NA
gamemd.exe,18720,0x43D4320,D3D9,0,0,1,Hardware: Independent Flip,26006.7128,NA,16.79340000000000,16.83060000000000,1.49780000000000,4.35590000000000,4.4954,NA,25991.3814,16.8292,15.3314,1.4978,15.8700,3.8173,3.7664,0.0509,-0.5407,25991.3814,23.2136,NA
gamemd.exe,18720,0x43D4320,D3D9,0,0,1,Hardware: Independent Flip,26023.3224,NA,16.60960000000000,16.66510000000000,1.55560000000000,4.32890000000000,4.5509,NA,26008.2106,16.6674,15.1118,1.5556,15.7461,3.6946,3.6214,0.0732,0.1641,26008.2106,23.6165,NA
gamemd.exe,18720,0x43D4320,D3D9,0,0,1,Hardware: Independent Flip,26040.1796,NA,16.85720000000000,18.06720000000000,2.15980000000000,5.54230000000000,5.7609,NA,26024.8780,17.4614,15.3016,2.1598,15.9732,4.8707,4.4348,0.4359,-1.3998,26024.8780,25.8767,NA
gamemd.exe,18720,0x43D4320,D3D9,0,0,1,Hardware: Independent Flip,26057.0703,NA,16.89070000000000,15.82150000000000,1.64330000000000,4.55240000000000,4.6917,NA,26042.3394,16.3742,14.7309,1.6433,15.3840,3.8993,3.8226,0.0767,1.6399,26042.3394,25.6754,NA
gamemd.exe,18720,0x43D4320,D3D9,0,0,1,Hardware: Independent Flip,26073.5522,NA,16.48190000000000,16.77240000000000,1.84810000000000,4.86130000000000,4.9822,NA,26058.7136,16.6867,14.8386,1.8481,15.9223,3.7776,3.6722,0.1054,-0.3982,26058.7136,26.5399,NA
gamemd.exe,18720,0x43D4320,D3D9,0,0,1,Hardware: Independent Flip,26090.1240,NA,16.57180000000000,16.17760000000000,1.66300000000000,4.43580000000000,4.5880,NA,26075.4003,16.3867,14.7237,1.6630,15.2525,3.9070,3.8108,0.0962,0.5091,26075.4003,26.7103,NA
gamemd.exe,18720,0x43D4320,D3D9,0,0,1,Hardware: Independent Flip,26107.0421,NA,16.91810000000000,17.13520000000000,1.65150000000000,4.68890000000000,4.8051,NA,26091.7870,16.9066,15.2551,1.6515,16.2894,3.6546,3.5945,0.0601,-0.7485,26091.7870,11.8676,NA
gamemd.exe,18720,0x43D4320,D3D9,0,0,1,Hardware: Independent Flip,26124.0295,NA,16.98740000000000,17.28290000000000,1.90560000000000,4.89570000000000,5.1006,NA,26108.6936,17.2415,15.3359,1.9056,16.5646,3.6670,3.5793,0.0877,-0.3763,26108.6936,13.1537,NA
gamemd.exe,18720,0x43D4320,D3D9,0,0,1,Hardware: Independent Flip,26140.7828,NA,16.75330000000000,17.06910000000000,1.34540000000000,5.21820000000000,5.4164,NA,26125.9351,16.1931,14.8477,1.3454,15.4222,4.6437,4.5073,0.1364,0.1724,26125.9351,6.2363,NA
gamemd.exe,18720,0x43D4320,D3D9,0,0,1,Hardware: Independent Flip,26156.7926,NA,16.00980000000000,15.83490000000000,1.25860000000000,5.06070000000000,5.2415,NA,26142.1282,15.9230,14.6644,1.2586,15.1823,4.5428,3.8126,0.7302,0.3582,26142.1282,6.0265,NA
gamemd.exe,18720,0x43D4320,D3D9,0,0,1,Hardware: Independent Flip,26173.3911,NA,16.59850000000000,16.58950000000000,1.54410000000000,5.07190000000000,5.2325,NA,26158.0512,16.8840,15.3399,1.5441,15.8827,4.5291,4.4404,0.0887,-0.6665,26158.0512,6.5944,NA
gamemd.exe,18720,0x43D4320,D3D9,0,0,1,Hardware: Independent Flip,26190.5609,NA,17.16980000000000,17.79380000000000,1.41830000000000,5.65940000000000,5.8565,NA,26174.9352,17.0440,15.6257,1.4183,16.2908,4.9943,4.5308,0.4635,-0.9098,26174.9352,16.4294,NA
gamemd.exe,18720,0x43D4320,D3D9,0,0,1,Hardware: Independent Flip,26208.0557,NA,17.49480000000000,17.41120000000000,1.57880000000000,5.58880000000000,5.7729,NA,26191.9792,17.6553,16.0765,1.5788,16.7387,4.9266,4.3927,0.5339,-0.3672,26191.9792,17.7888,NA
gamemd.exe,18720,0x43D4320,D3D9,0,0,1,Hardware: Independent Flip,26225.0001,NA,16.94440000000000,16.37860000000000,1.44640000000000,5.00540000000000,5.2071,NA,26209.6345,16.8120,15.3656,1.4464,15.9975,4.3735,3.8490,0.5245,1.2767,26209.6345,18.0635,NA
gamemd.exe,18720,0x43D4320,D3D9,0,0,1,Hardware: Independent Flip,26240.7836,NA,15.78350000000000,15.86890000000000,1.50790000000000,5.09070000000000,5.2925,NA,26226.4465,15.8450,14.3371,1.5079,15.0636,4.3642,4.2931,0.0711,0.9431,26226.4465,26.0860,NA
gamemd.exe,18720,0x43D4320,D3D9,0,0,1,Hardware: Independent Flip,26256.7400,NA,15.95640000000000,15.28510000000000,1.49930000000000,4.49920000000000,4.6212,NA,26242.2915,15.9478,14.4485,1.4993,15.0194,3.9283,3.8595,0.0688,0.5599,26242.2915,NA,NA
gamemd.exe,18720,0x43D4320,D3D9,0,0,1,Hardware: Independent Flip,26273.7407,NA,17.00070000000000,17.17530000000000,1.75040000000000,4.68670000000000,4.7958,NA,26258.2393,17.2518,15.5014,1.7504,16.6226,3.5655,3.4978,0.0677,-1.2275,26258.2393,NA,NA
gamemd.exe,18720,0x43D4320,D3D9,0,0,1,Hardware: Independent Flip,26290.7406,NA,16.99990000000000,17.02010000000000,1.78840000000000,4.68270000000000,4.8160,NA,26275.4911,17.0379,15.2495,1.7884,16.3994,3.5328,3.4666,0.0662,0.2317,26275.4911,NA,NA
gamemd.exe,18720,0x43D4320,D3D9,0,0,1,Hardware: Independent Flip,26306.6924,NA,15.95180000000000,15.98480000000000,1.91870000000000,4.73090000000000,4.8490,NA,26292.5290,16.0821,14.1634,1.9187,14.9588,3.9355,3.7798,0.1557,1.0531,26292.5290,NA,NA
gamemd.exe,18720,0x43D4320,D3D9,0,0,1,Hardware: Independent Flip,26323.2976,NA,16.60520000000000,16.54500000000000,1.73060000000000,4.67350000000000,4.7888,NA,26308.6111,16.4171,14.6865,1.7306,15.5055,3.8545,3.7259,0.1286,-0.4629,26308.6111,NA,NA
gamemd.exe,18720,0x43D4320,D3D9,0,0,1,Hardware: Independent Flip,26340.2877,NA,16.99010000000000,17.17940000000000,1.68480000000000,4.81830000000000,4.9781,NA,26325.0282,16.9443,15.2595,1.6848,15.9313,4.1465,4.0316,0.1149,-0.7623,26325.0282,21.2753,NA
gamemd.exe,18720,0x43D4320,D3D9,0,0,1,Hardware: Independent Flip,26357.4802,NA,17.19250000000000,17.29420000000000,1.34990000000000,4.88320000000000,5.0798,NA,26341.9725,16.8576,15.5077,1.3499,16.0821,4.3088,3.8331,0.4757,-0.3499,26341.9725,22.5227,NA
gamemd.exe,18720,0x43D4320,D3D9,0,0,1,Hardware: Independent Flip,26374.6042,NA,17.12400000000000,18.18870000000000,2.18480000000000,5.96540000000000,6.1445,NA,26358.8301,17.9589,15.7741,2.1848,17.2908,4.4487,4.0328,0.4159,-1.3311,26358.8301,24.5651,NA
gamemd.exe,18720,0x43D4320,D3D9,0,0,1,Hardware: Independent Flip,26389.9378,NA,15.33360000000000,14.18200000000000,1.33610000000000,4.79460000000000,4.9929,NA,26376.7890,14.4849,13.1488,1.3361,13.7723,4.1711,3.7712,0.3999,3.7769,26376.7890,22.9301,NA
gamemd.exe,18720,0x43D4320,D3D9,0,0,1,Hardware: Independent Flip,26406.8240,NA,16.88620000000000,16.50090000000000,1.68300000000000,4.47790000000000,4.6076,NA,26391.2739,17.2331,15.5501,1.6830,16.2855,3.7425,3.6739,0.0686,-2.0160,26391.2739,23.4555,NA
gamemd.exe,18720,0x43D4320,D3D9,0,0,1,Hardware: Independent Flip,26423.3376,NA,16.51360000000000,16.37100000000000,1.54420000000000,4.33130000000000,4.4650,NA,26408.5070,16.3748,14.8306,1.5442,15.4021,3.7598,3.6646,0.0952,0.8621,26408.5070,23.8083,NA
gamemd.exe,18720,0x43D4320,D3D9,0,0,1,Hardware: Independent Flip,26441.3314,NA,17.99380000000000,19.31680000000000,1.50230000000000,5.52650000000000,5.7880,NA,26424.8818,17.9519,16.4496,1.5023,17.0922,4.8839,4.2543,0.6296,-2.9420,26424.8818,26.9216,NA
gamemd.exe,18720,0x43D4320,D3D9,0,0,1,Hardware: Independent Flip,26457.5067,NA,16.17530000000000,15.81150000000000,1.51260000000000,5.24570000000000,5.4242,NA,26442.8337,16.1856,14.6730,1.5126,15.4212,4.4975,4.3821,0.1154,2.1404,26442.8337,26.9515,NA
gamemd.exe,18720,0x43D4320,D3D9,0,0,1,Hardware: Independent Flip,26473.5824,NA,16.07570000000000,15.50480000000000,1.71850000000000,4.72180000000000,4.8533,NA,26459.0193,16.2816,14.5631,1.7185,15.6333,3.6516,3.5974,0.0542,0.6808,26459.0193,NA,NA
gamemd.exe,18720,0x43D4320,D3D9,0,0,1,Hardware: Independent Flip,26490.4940,NA,16.91160000000000,16.26250000000000,1.11440000000000,4.06760000000000,4.2042,NA,26475.3009,16.3075,15.1931,1.1144,15.6957,3.5650,3.4878,0.0772,0.0191,26475.3009,NA,NA
gamemd.exe,18720,0x43D4320,D3D9,0,0,1,Hardware: Independent Flip,26506.9793,NA,16.48530000000000,17.42060000000000,1.88870000000000,4.98720000000000,5.1395,NA,26491.6084,17.2596,15.3709,1.8887,16.5889,3.7692,3.6737,0.0955,-1.1131,26491.6084,36.1526,36.1526
gamemd.exe,18720,0x43D4320,D3D9,0,0,1,Hardware: Independent Flip,26524.5492,NA,17.56990000000000,16.74920000000000,1.31300000000000,4.20620000000000,4.3188,NA,26508.8680,16.9942,15.6812,1.3130,16.3584,3.5290,3.4800,0.0490,0.5104,26508.8680,NA,NA
gamemd.exe,18720,0x43D4320,D3D9,0,0,1,Hardware: Independent Flip,26540.4562,NA,15.90700000000000,16.41810000000000,1.68470000000000,4.62290000000000,4.8299,NA,26525.8622,16.2787,14.5940,1.6847,15.5256,3.6913,3.6033,0.0880,0.5761,26525.8622,NA,NA
gamemd.exe,18720,0x43D4320,D3D9,0,0,1,Hardware: Independent Flip,26557.2390,NA,16.78280000000000,17.12110000000000,1.88470000000000,5.02900000000000,5.1682,NA,26542.1409,16.9828,15.0981,1.8847,15.7051,4.4220,4.3315,0.0905,-0.8424,26542.1409,NA,NA
gamemd.exe,18720,0x43D4320,D3D9,0,0,1,Hardware: Independent Flip,26574.0131,NA,16.77410000000000,16.53230000000000,2.06240000000000,4.78700000000000,4.9264,NA,26559.1237,16.9518,14.8894,2.0624,15.8788,3.7976,3.7235,0.0741,0.4505,26559.1237,NA,NA
gamemd.exe,18720,0x43D4320,D3D9,0,0,1,Hardware: Independent Flip,26590.6022,NA,16.58910000000000,16.71050000000000,2.39460000000000,4.91580000000000,5.0478,NA,26576.0755,16.9213,14.5267,2.3946,15.2596,4.1829,4.0710,0.1119,0.2413,26576.0755,NA,NA
gamemd.exe,18720,0x43D4320,D3D9,0,0,1,Hardware: Independent Flip,26607.0471,NA,16.44490000000000,16.36720000000000,2.08850000000000,4.84320000000000,4.9701,NA,26592.9968,16.1388,14.0503,2.0885,15.1651,3.7284,3.6690,0.0594,0.5541,26592.9968,16.0792,16.0792
gamemd.exe,18720,0x43D4320,D3D9,0,0,1,Hardware: Independent Flip,26623.5279,NA,16.48080000000000,15.93500000000000,1.37820000000000,4.30950000000000,4.4243,NA,26609.1356,15.7705,14.3923,1.3782,14.9061,3.7957,3.7089,0.0868,0.2038,26609.1356,NA,NA
gamemd.exe,18720,0x43D4320,D3D9,0,0,1,Hardware: Independent Flip,26640.5020,NA,16.97410000000000,17.50560000000000,1.68080000000000,4.80460000000000,4.9558,NA,26624.9061,17.2767,15.5959,1.6808,16.2530,4.1475,4.0342,0.1133,-1.7351,26624.9061,NA,NA
gamemd.exe,18720,0x43D4320,D3D9,0,0,1,Hardware: Independent Flip,26657.0580,NA,16.55600000000000,16.77900000000000,1.51810000000000,5.03180000000000,5.1788,NA,26642.1828,16.3933,14.8752,1.5181,15.5581,4.3489,4.0103,0.3386,0.4977,26642.1828,NA,NA
gamemd.exe,18720,0x43D4320,D3D9,0,0,1,Hardware: Independent Flip,26673.4610,NA,16.40300000000000,15.60920000000000,1.52460000000000,4.27380000000000,4.3850,NA,26658.5761,16.4095,14.8849,1.5246,15.4170,3.7417,3.6730,0.0687,0.7841,26658.5761,NA,NA
gamemd.exe,18720,0x43D4320,D3D9,0,0,1,Hardware: Independent Flip,26690.2175,NA,16.75650000000000,16.71660000000000,1.37990000000000,4.23250000000000,4.3451,NA,26674.9856,16.6118,15.2319,1.3799,15.8430,3.6214,3.5674,0.0540,-0.3071,26674.9856,NA,NA
gamemd.exe,18720,0x43D4320,D3D9,0,0,1,Hardware: Independent Flip,26707.0736,NA,16.85610000000000,17.01540000000000,1.14770000000000,4.33290000000000,4.5044,NA,26691.5974,16.6239,15.4762,1.1477,16.1781,3.6310,3.5808,0.0502,-0.4036,26691.5974,NA,NA
gamemd.exe,18720,0x43D4320,D3D9,0,0,1,Hardware: Independent Flip,26723.7680,NA,16.69440000000000,16.75800000000000,1.46680000000000,4.43830000000000,4.5680,NA,26708.2213,17.0135,15.5467,1.4668,16.5061,3.4789,3.4278,0.0511,-0.1341,26708.2213,NA,NA
gamemd.exe,18720,0x43D4320,D3D9,0,0,1,Hardware: Independent Flip,26740.3324,NA,16.56440000000000,16.50340000000000,1.34670000000000,4.29840000000000,4.5070,NA,26725.2348,16.4443,15.0976,1.3467,15.6413,3.7547,3.6945,0.0602,0.5101,26725.2348,NA,NA
gamemd.exe,18720,0x43D4320,D3D9,0,0,1,Hardware: Independent Flip,26757.1771,NA,16.84470000000000,17.25670000000000,1.98880000000000,4.78360000000000,4.9190,NA,26741.6791,17.4868,15.4980,1.9888,16.3320,3.9496,3.8318,0.1178,-0.8124,26741.6791,22.1176,NA
gamemd.exe,18720,0x43D4320,D3D9,0,0,1,Hardware: Independent Flip,26773.7246,NA,16.54750000000000,15.80590000000000,1.10970000000000,4.04950000000000,4.1774,NA,26759.1659,15.6684,14.5587,1.1097,15.1048,3.5034,3.4400,0.0634,1.6809,26759.1659,21.9193,NA
gamemd.exe,18720,0x43D4320,D3D9,0,0,1,Hardware: Independent Flip,26790.6088,NA,16.88420000000000,17.06580000000000,0.97540000000000,4.18800000000000,4.3590,NA,26774.8343,16.7499,15.7745,0.9754,16.2992,3.6633,3.6120,0.0513,-1.3974,26774.8343,22.8242,NA
gamemd.exe,18720,0x43D4320,D3D9,0,0,1,Hardware: Independent Flip,26806.5566,NA,15.94780000000000,16.02360000000000,1.38160000000000,4.28580000000000,4.4348,NA,26791.5842,16.3540,14.9724,1.3816,15.5834,3.6748,3.6170,0.0578,0.7263,26791.5842,23.0304,NA
gamemd.exe,18720,0x43D4320,D3D9,0,0,1,Hardware: Independent Flip,26823.7008,NA,17.14420000000000,17.31480000000000,1.59080000000000,4.42800000000000,4.6054,NA,26807.9382,17.3534,15.7626,1.5908,16.3284,3.8622,3.7892,0.0730,-0.9608,26807.9382,24.2772,NA
gamemd.exe,18720,0x43D4320,D3D9,0,0,1,Hardware: Independent Flip,26840.2597,NA,16.55890000000000,17.27810000000000,2.34640000000000,5.11990000000000,5.3246,NA,26825.2916,17.3145,14.9681,2.3464,15.8496,4.2384,4.1338,0.1046,0.0753,26825.2916,25.4760,NA
gamemd.exe,18720,0x43D4320,D3D9,0,0,1,Hardware: Independent Flip,26856.8586,NA,16.59890000000000,16.06260000000000,1.59220000000000,4.63350000000000,4.7883,NA,26842.6061,15.8447,14.2525,1.5922,14.8809,4.0051,3.9015,0.1036,1.2519,26842.6061,25.2364,NA
gamemd.exe,18720,0x43D4320,D3D9,0,0,1,Hardware: Independent Flip,26873.4957,NA,16.63710000000000,16.61270000000000,1.77860000000000,4.62510000000000,4.7639,NA,26858.4508,16.8235,15.0449,1.7786,15.7392,3.9308,3.8642,0.0666,-0.7680,26858.4508,26.2638,NA
gamemd.exe,18720,0x43D4320,D3D9,0,0,1,Hardware: Independent Flip,26890.1868,NA,16.69110000000000,16.50860000000000,1.48900000000000,4.44980000000000,4.5814,NA,26875.2743,16.4015,14.9125,1.4890,15.8105,3.5518,3.4919,0.0599,0.3149,26875.2743,26.7961,NA
gamemd.exe,18720,0x43D4320,D3D9,0,0,1,Hardware: Independent Flip,26907.3513,NA,17.16450000000000,16.82010000000000,1.18430000000000,4.10720000000000,4.2370,NA,26891.6758,16.8598,15.6755,1.1843,16.1277,3.6550,3.5968,0.0582,-0.4186,26891.6758,27.6087,NA
gamemd.exe,18720,0x43D4320,D3D9,0,0,1,Hardware: Independent Flip,26923.9395,NA,16.58820000000000,17.00920000000000,1.27720000000000,4.39880000000000,4.6580,NA,26908.5356,16.6811,15.4039,1.2772,16.1148,3.6879,3.6277,0.0602,-0.1494,26908.5356,12.6456,NA
gamemd.exe,18720,0x43D4320,D3D9,0,0,1,Hardware: Independent Flip,26940.3793,NA,16.43980000000000,17.30060000000000,1.40640000000000,5.34130000000000,5.5188,NA,26925.2167,16.5690,15.1626,1.4064,15.7357,4.7682,4.6332,0.1350,-0.6195,26925.2167,5.8941,NA
gamemd.exe,18720,0x43D4320,D3D9,0,0,1,Hardware: Independent Flip,26957.2296,NA,16.85030000000000,16.17970000000000,1.90730000000000,4.73600000000000,4.8482,NA,26941.7857,17.3512,15.4439,1.9073,16.3531,3.8268,3.7382,0.0886,0.3893,26941.7857,14.1131,NA
gamemd.exe,18720,0x43D4320,D3D9,0,0,1,Hardware: Independent Flip,26974.2426,NA,17.01300000000000,16.59860000000000,1.27410000000000,4.32020000000000,4.4338,NA,26959.1369,16.3798,15.1057,1.2741,15.7866,3.6393,3.5922,0.0471,0.7526,26959.1369,14.7521,NA
gamemd.exe,18720,0x43D4320,D3D9,0,0,1,Hardware: Independent Flip,26990.7087,NA,16.46610000000000,16.56180000000000,1.60690000000000,4.39240000000000,4.5295,NA,26975.5167,16.7989,15.1920,1.6069,15.8963,3.6881,3.6245,0.0636,-0.1820,26975.5167,7.2099,NA
gamemd.exe,18720,0x43D4320,D3D9,0,0,1,Hardware: Independent Flip,27007.2130,NA,16.50430000000000,16.79780000000000,1.74550000000000,4.68540000000000,4.8230,NA,26992.3156,16.6429,14.8974,1.7455,15.8840,3.6988,3.6316,0.0672,0.0011,26992.3156,7.8445,NA
gamemd.exe,18720,0x43D4320,D3D9,0,0,1,Hardware: Independent Flip,27023.8786,NA,16.66560000000000,16.43970000000000,1.80400000000000,4.46250000000000,4.5971,NA,27008.9585,16.7241,14.9201,1.8040,15.5777,3.8049,3.7442,0.0607,0.2032,27008.9585,16.5066,NA
gamemd.exe,18720,0x43D4320,D3D9,0,0,1,Hardware: Independent Flip,27040.1758,NA,16.29720000000000,16.90880000000000,2.17010000000000,5.05280000000000,5.2087,NA,27025.6826,16.6633,14.4932,2.1701,15.3277,4.2183,4.0577,0.1606,-0.1847,27025.6826,17.3795,NA
gamemd.exe,18720,0x43D4320,D3D9,0,0,1,Hardware: Independent Flip,27057.2263,NA,17.05050000000000,17.59260000000000,1.50800000000000,5.55460000000000,5.7508,NA,27042.3459,16.3884,14.8804,1.5080,15.6182,4.8168,4.3897,0.4271,-0.9293,27042.3459,19.0189,NA
gamemd.exe,18720,0x43D4320,D3D9,0,0,1,Hardware: Independent Flip,27073.7509,NA,16.52460000000000,15.85750000000000,1.48400000000000,4.92240000000000,5.0837,NA,27058.7343,16.5006,15.0166,1.4840,15.5957,4.3433,4.2353,0.1080,0.5309,27058.7343,18.8584,NA
gamemd.exe,18720,0x43D4320,D3D9,0,0,1,Hardware: Independent Flip,27091.2355,NA,17.48460000000000,17.55280000000000,1.21660000000000,5.00550000000000,5.1519,NA,27075.2349,17.2172,16.0006,1.2166,16.5736,4.4325,3.6533,0.7792,-1.0522,27075.2349,20.3584,NA
gamemd.exe,18720,0x43D4320,D3D9,0,0,1,Hardware: Independent Flip,27106.6967,NA,15.46120000000000,15.03630000000000,2.11460000000000,4.61440000000000,4.7270,NA,27092.4521,16.3592,14.2446,2.1146,14.8709,3.9881,3.9050,0.0831,2.1809,27092.4521,19.4767,NA
gamemd.exe,18720,0x43D4320,D3D9,0,0,1,Hardware: Independent Flip,27123.3008,NA,16.60410000000000,16.30660000000000,1.63890000000000,4.32260000000000,4.4295,NA,27108.8113,16.1284,14.4895,1.6389,15.0644,3.7477,3.6976,0.0501,0.0526,27108.8113,19.7677,NA
gamemd.exe,18720,0x43D4320,D3D9,0,0,1,Hardware: Independent Flip,27140.2234,NA,16.92260000000000,17.56880000000000,1.37490000000000,4.87980000000000,5.0757,NA,27124.9397,16.6586,15.2837,1.3749,15.8679,4.2956,4.1864,0.1092,-1.4404,27124.9397,21.2164,NA
gamemd.exe,18720,0x43D4320,D3D9,0,0,1,Hardware: Independent Flip,27156.9100,NA,16.68660000000000,15.85170000000000,1.48320000000000,4.10360000000000,4.2408,NA,27141.5983,16.7949,15.3117,1.4832,15.8449,3.5704,3.5170,0.0534,0.8069,27141.5983,21.0390,NA
gamemd.exe,18720,0x43D4320,D3D9,0,0,1,Hardware: Independent Flip,27173.4636,NA,16.55360000000000,16.82570000000000,1.36730000000000,4.35990000000000,4.5129,NA,27158.3932,16.4377,15.0704,1.3673,15.9034,3.5269,3.4667,0.0602,-0.0308,27158.3932,22.0320,NA
gamemd.exe,18720,0x43D4320,D3D9,0,0,1,Hardware: Independent Flip,27190.0812,NA,16.61760000000000,16.54520000000000,1.38960000000000,4.27900000000000,4.4405,NA,27174.8309,16.6399,15.2503,1.3896,15.9626,3.5667,3.4845,0.0822,-0.1075,27174.8309,22.5413,NA
gamemd.exe,18720,0x43D4320,D3D9,0,0,1,Hardware: Independent Flip,27206.9381,NA,16.85690000000000,17.11390000000000,1.43360000000000,4.55990000000000,4.6975,NA,27191.4708,16.9009,15.4673,1.4336,16.3028,3.7244,3.6454,0.0790,-0.4740,27191.4708,23.5463,NA
gamemd.exe,18720,0x43D4320,D3D9,0,0,1,Hardware: Independent Flip,27223.6763,NA,16.73820000000000,16.62930000000000,1.46530000000000,4.45240000000000,4.5886,NA,27208.3717,16.7699,15.3046,1.4653,16.0980,3.6590,3.5676,0.0914,0.2716,27208.3717,24.0535,NA
gamemd.exe,18720,0x43D4320,D3D9,0,0,1,Hardware: Independent Flip,27240.4544,NA,16.77810000000000,17.35690000000000,1.86940000000000,4.93540000000000,5.1674,NA,27225.1416,17.1822,15.3128,1.8694,16.4410,3.8072,3.7170,0.0902,-0.5870,27225.1416,25.5689,NA
gamemd.exe,18720,0x43D4320,D3D9,0,0,1,Hardware: Independent Flip,27256.9893,NA,16.53490000000000,17.22390000000000,1.42450000000000,5.62360000000000,5.8564,NA,27242.3238,16.0900,14.6655,1.4245,15.3183,4.9708,4.5193,0.4515,-0.0417,27242.3238,26.3551,NA
gamemd.exe,18720,0x43D4320,D3D9,0,0,1,Hardware: Independent Flip,27273.5257,NA,16.53640000000000,15.68890000000000,2.09950000000000,4.86320000000000,5.0089,NA,27258.4138,17.2114,15.1119,2.0995,15.9044,4.0707,3.9790,0.0917,0.4011,27258.4138,26.5613,NA
gamemd.exe,18720,0x43D4320,D3D9,0,0,1,Hardware: Independent Flip,27290.2719,NA,16.74620000000000,16.65620000000000,2.32180000000000,4.79650000000000,4.9189,NA,27275.6252,16.9685,14.6467,2.3218,15.4168,4.0264,3.9481,0.0783,0.5552,27275.6252,11.2261,NA
gamemd.exe,18720,0x43D4320,D3D9,0,0,1,Hardware: Independent Flip,27307.0166,NA,16.74470000000000,17.10040000000000,1.78390000000000,5.14560000000000,5.2746,NA,27292.5937,16.2068,14.4229,1.7839,15.2615,4.3070,4.2107,0.0963,-0.1319,27292.5937,12.3136,NA
gamemd.exe,18720,0x43D4320,D3D9,0,0,1,Hardware: Independent Flip,27323.5560,NA,16.53940000000000,15.97490000000000,1.92590000000000,4.57140000000000,4.7101,NA,27308.8005,16.6814,14.7555,1.9259,15.4547,3.8722,3.7669,0.1053,0.2319,27308.8005,NA,NA
gamemd.exe,18720,0x43D4320,D3D9,0,0,1,Hardware: Independent Flip,27340.9238,NA,17.36780000000000,17.72610000000000,2.33120000000000,4.91410000000000,5.0684,NA,27325.4819,17.7731,15.4419,2.3312,16.3285,4.0275,3.9420,0.0855,-1.0447,27325.4819,14.0392,NA
gamemd.exe,18720,0x43D4320,D3D9,0,0,1,Hardware: Independent Flip,27357.2739,NA,16.35010000000000,16.44260000000000,1.58520000000000,5.02030000000000,5.1609,NA,27343.2550,15.6041,14.0189,1.5852,14.7016,4.3376,4.1990,0.1386,1.3305,27343.2550,14.4584,NA
gamemd.exe,18720,0x43D4320,D3D9,0,0,1,Hardware: Independent Flip,27373.8485,NA,16.57460000000000,16.49190000000000,1.73410000000000,4.95020000000000,5.0782,NA,27358.8591,16.7235,14.9894,1.7341,15.6177,4.3219,4.1931,0.1288,-0.8878,27358.8591,6.9468,NA
gamemd.exe,18720,0x43D4320,D3D9,0,0,1,Hardware: Independent Flip,27390.2068,NA,16.35830000000000,15.93170000000000,1.86050000000000,4.47610000000000,4.6516,NA,27375.5826,16.4847,14.6242,1.8605,15.3013,3.7990,3.7469,0.0521,0.7918,27375.5826,6.8767,NA
gamemd.exe,18720,0x43D4320,D3D9,0,0,1,Hardware: Independent Flip,27406.9874,NA,16.78060000000000,17.04950000000000,2.02650000000000,4.80550000000000,4.9205,NA,27392.0673,16.9466,14.9201,2.0265,15.8479,3.8777,3.8198,0.0579,-0.5648,27392.0673,15.9085,NA
gamemd.exe,18720,0x43D4320,D3D9,0,0,1,Hardware: Independent Flip,27424.1514,NA,17.16400000000000,16.96240000000000,1.82100000000000,4.60100000000000,4.7189,NA,27409.0139,16.9585,15.1375,1.8210,16.0918,3.6467,3.5890,0.0577,-0.0158,27409.0139,16.9094,NA
gamemd.exe,18720,0x43D4320,D3D9,0,0,1,Hardware: Independent Flip,27440.4435,NA,16.29210000000000,16.33710000000000,1.63790000000000,4.57910000000000,4.7639,NA,27425.9724,16.1090,14.4711,1.6379,15.4405,3.6097,3.5431,0.0666,0.6214,27425.9724,17.2568,NA
gamemd.exe,18720,0x43D4320,D3D9,0,0,1,Hardware: Independent Flip,27456.8036,NA,16.36010000000000,16.78880000000000,1.60700000000000,5.05800000000000,5.1926,NA,27442.0814,16.3292,14.7222,1.6070,15.4033,4.3769,3.9896,0.3873,-0.6798,27442.0814,18.0485,NA
gamemd.exe,18720,0x43D4320,D3D9,0,0,1,Hardware: Independent Flip,27473.3625,NA,16.55890000000000,15.97920000000000,1.55720000000000,4.50050000000000,4.6129,NA,27458.4106,16.5091,14.9519,1.5572,15.5345,3.9179,3.8111,0.1068,0.3500,27458.4106,18.0109,NA
gamemd.exe,18720,0x43D4320,D3D9,0,0,1,Hardware: Independent Flip,27490.4611,NA,17.09860000000000,17.07060000000000,2.17480000000000,4.43990000000000,4.5849,NA,27474.9197,17.7162,15.5414,2.1748,16.2838,3.6975,3.5972,0.1003,-0.5615,27474.9197,19.1139,NA
gamemd.exe,18720,0x43D4320,D3D9,0,0,1,Hardware: Independent Flip,27506.8010,NA,16.33990000000000,16.46220000000000,1.62110000000000,4.57750000000000,4.7072,NA,27492.6359,15.7862,14.1651,1.6211,14.7862,3.9564,3.8557,0.1007,1.2540,27492.6359,19.5330,NA
gamemd.exe,18720,0x43D4320,D3D9,0,0,1,Hardware: Independent Flip,27523.5889,NA,16.78790000000000,16.78560000000000,1.86580000000000,4.56650000000000,4.7049,NA,27508.4221,17.0326,15.1668,1.8658,15.6881,4.0452,3.9616,0.0836,-0.9994,27508.4221,NA,NA
gamemd.exe,18720,0x43D4320,D3D9,0,0,1,Hardware: Independent Flip,27540.2688,NA,16.67990000000000,17.14500000000000,1.44820000000000,4.99280000000000,5.1700,NA,27525.4547,16.2623,14.8141,1.4482,15.5368,4.2701,4.1419,0.1282,-0.1124,27525.4547,21.4433,21.4433
gamemd.exe,18720,0x43D4320,D3D9,0,0,1,Hardware: Independent Flip,27557.0574,NA,16.78860000000000,16.46310000000000,1.62870000000000,4.72390000000000,4.8445,NA,27541.7170,16.9691,15.3404,1.6287,16.1187,3.9456,3.8617,0.0839,-0.2008,27541.7170,NA,NA
gamemd.exe,18720,0x43D4320,D3D9,0,0,1,Hardware: Independent Flip,27573.6446,NA,16.58720000000000,16.29490000000000,1.38900000000000,4.42190000000000,4.5522,NA,27558.6861,16.3475,14.9585,1.3890,15.7701,3.6103,3.5636,0.0467,0.6742,27558.6861,NA,NA
gamemd.exe,18720,0x43D4320,D3D9,0,0,1,Hardware: Independent Flip,27590.3355,NA,16.69090000000000,16.31080000000000,0.99580000000000,4.04020000000000,4.1721,NA,27575.0336,16.2977,15.3019,0.9958,15.8415,3.5006,3.4229,0.0777,0.0367,27575.0336,NA,NA
gamemd.exe,18720,0x43D4320,D3D9,0,0,1,Hardware: Independent Flip,27607.0266,NA,16.69110000000000,17.11610000000000,1.08890000000000,4.36120000000000,4.5971,NA,27591.3313,16.7842,15.6953,1.0889,16.2351,3.8214,3.7704,0.0510,-0.8184,27591.3313,NA,NA
gamemd.exe,18720,0x43D4320,D3D9,0,0,1,Hardware: Independent Flip,27623.6935,NA,16.66690000000000,16.56100000000000,1.23450000000000,4.30020000000000,4.4912,NA,27608.1155,16.8125,15.5780,1.2345,16.2935,3.5847,3.5340,0.0507,0.2232,27608.1155,24.0192,24.0192
gamemd.exe,18720,0x43D4320,D3D9,0,0,1,Hardware: Independent Flip,27640.0030,NA,16.30950000000000,16.65640000000000,1.32840000000000,4.61240000000000,4.8381,NA,27624.9280,16.4034,15.0750,1.3284,15.8424,3.8450,3.7800,0.0650,0.1561,27624.9280,NA,NA
gamemd.exe,18720,0x43D4320,D3D9,0,0,1,Hardware: Independent Flip,27657.2511,NA,17.24810000000000,17.38340000000000,2.23200000000000,4.81580000000000,4.9734,NA,27641.3314,18.1517,15.9197,2.2320,16.8112,3.9243,3.8212,0.1031,-0.9800,27641.3314,NA,NA
gamemd.exe,18720,0x43D4320,D3D9,0,0,1,Hardware: Independent Flip,27674.1808,NA,16.92970000000000,16.43400000000000,1.34090000000000,4.34760000000000,4.4777,NA,27659.4831,16.0386,14.6977,1.3409,15.4414,3.6039,3.5425,0.0614,1.7177,27659.4831,34.4543,NA
gamemd.exe,18720,0x43D4320,D3D9,0,0,1,Hardware: Independent Flip,27691.1171,NA,16.93630000000000,16.67120000000000,1.09960000000000,4.02790000000000,4.2126,NA,27675.5217,16.6950,15.5954,1.0996,16.0270,3.5963,3.5236,0.0727,-0.6326,27675.5217,11.3349,NA
gamemd.exe,18720,0x43D4320,D3D9,0,0,1,Hardware: Independent Flip,27707.2403,NA,16.12320000000000,17.09250000000000,1.72090000000000,5.01070000000000,5.1819,NA,27692.2167,16.7445,15.0236,1.7209,16.1901,3.8442,3.7848,0.0594,-0.3975,27692.2167,12.4266,NA
gamemd.exe,18720,0x43D4320,D3D9,0,0,1,Hardware: Independent Flip,27724.2822,NA,17.04190000000000,16.86890000000000,1.36050000000000,4.83950000000000,5.0089,NA,27708.9612,16.6815,15.3210,1.3605,16.0444,4.1161,4.0369,0.0792,-0.1244,27708.9612,13.3275,NA
gamemd.exe,18720,0x43D4320,D3D9,0,0,1,Hardware: Independent Flip,27740.5483,NA,16.26610000000000,16.40910000000000,1.94540000000000,5.01680000000000,5.1519,NA,27725.6427,16.8510,14.9056,1.9454,16.0142,3.9082,3.8172,0.0910,0.2724,27725.6427,13.7569,NA
gamemd.exe,18720,0x43D4320,D3D9,0,0,1,Hardware: Independent Flip,27757.1335,NA,16.58520000000000,16.57290000000000,1.42360000000000,5.02090000000000,5.1396,NA,27742.4937,16.0634,14.6398,1.4236,15.2502,4.4105,4.2574,0.1531,0.2781,27742.4937,14.3278,NA
gamemd.exe,18720,0x43D4320,D3D9,0,0,1,Hardware: Independent Flip,27773.7818,NA,16.64830000000000,16.65730000000000,2.08460000000000,4.98180000000000,5.1486,NA,27758.5571,17.3093,15.2247,2.0846,15.9952,4.2113,4.1169,0.0944,-0.5939,27758.5571,6.9487,NA
gamemd.exe,18720,0x43D4320,D3D9,0,0,1,Hardware: Independent Flip,27790.8756,NA,17.09380000000000,16.72460000000000,1.68990000000000,4.58580000000000,4.7794,NA,27775.8664,16.6991,15.0092,1.6899,15.8179,3.7771,3.7160,0.0611,0.5847,27775.8664,7.6777,NA
gamemd.exe,18720,0x43D4320,D3D9,0,0,1,Hardware: Independent Flip,27807.4133,NA,16.53770000000000,16.22320000000000,1.29680000000000,4.34920000000000,4.4649,NA,27792.5655,16.1446,14.8478,1.2968,15.6064,3.5906,3.5462,0.0444,0.4759,27792.5655,15.9470,NA
gamemd.exe,18720,0x43D4320,D3D9,0,0,1,Hardware: Independent Flip,27823.5558,NA,16.14250000000000,16.50960000000000,1.87200000000000,4.67210000000000,4.8320,NA,27808.7101,16.7177,14.8457,1.8720,15.6241,3.8937,3.8080,0.0857,-0.3650,27808.7101,16.4336,NA
gamemd.exe,18720,0x43D4320,D3D9,0,0,1,Hardware: Independent Flip,27840.1679,NA,16.61210000000000,16.86230000000000,1.29140000000000,4.89540000000000,5.0822,NA,27825.4278,16.0315,14.7401,1.2914,15.3259,4.3096,4.1959,0.1137,-0.1446,27825.4278,17.1877,NA
gamemd.exe,18720,0x43D4320,D3D9,0,0,1,Hardware: Independent Flip,27856.7980,NA,16.63010000000000,16.53070000000000,1.74200000000000,4.82170000000000,4.9828,NA,27841.4593,17.0807,15.3387,1.7420,16.0990,4.0614,3.9889,0.0725,-0.4992,27841.4593,17.8079,NA
gamemd.exe,18720,0x43D4320,D3D9,0,0,1,Hardware: Independent Flip,27873.4976,NA,16.69960000000000,16.43830000000000,1.69830000000000,4.58300000000000,4.7215,NA,27858.5400,16.6559,14.9576,1.6983,15.6804,3.8602,3.7936,0.0666,0.6424,27858.5400,18.1804,NA
gamemd.exe,18720,0x43D4320,D3D9,0,0,1,Hardware: Independent Flip,27890.3510,NA,16.85340000000000,16.61910000000000,1.83320000000000,4.35010000000000,4.4872,NA,27875.1959,16.9883,15.1551,1.8332,15.7566,3.7486,3.6799,0.0687,0.0368,27875.1959,18.8239,NA
gamemd.exe,18720,0x43D4320,D3D9,0,0,1,Hardware: Independent Flip,27907.0489,NA,16.69790000000000,16.87380000000000,1.95420000000000,4.53500000000000,4.6631,NA,27892.1842,16.8189,14.8647,1.9542,15.6265,3.7732,3.7079,0.0653,0.1145,27892.1842,19.7111,NA
gamemd.exe,18720,0x43D4320,D3D9,0,0,1,Hardware: Independent Flip,27923.9313,NA,16.88240000000000,17.17410000000000,1.83480000000000,4.78540000000000,4.9548,NA,27909.0031,16.7630,14.9282,1.8348,16.0867,3.6269,3.5539,0.0730,-0.3552,27909.0031,20.9207,NA
gamemd.exe,18720,0x43D4320,D3D9,0,0,1,Hardware: Independent Flip,27940.7844,NA,16.85310000000000,17.20490000000000,1.38340000000000,5.10920000000000,5.3066,NA,27925.7661,16.4017,15.0183,1.3834,15.5834,4.5441,3.8738,0.6703,-0.4419,27925.7661,22.0835,NA
gamemd.exe,18720,0x43D4320,D3D9,0,0,1,Hardware: Independent Flip,27956.8879,NA,16.10350000000000,15.42160000000000,1.59840000000000,4.51210000000000,4.6247,NA,27942.1678,16.3185,14.7201,1.5984,15.5960,3.6362,3.5839,0.0523,0.9801,27942.1678,21.4968,NA
gamemd.exe,18720,0x43D4320,D3D9,0,0,1,Hardware: Independent Flip,27973.6555,NA,16.76760000000000,16.78150000000000,1.40920000000000,4.47990000000000,4.6386,NA,27958.4863,16.5784,15.1692,1.4092,15.9527,3.6964,3.6319,0.0645,-0.4630,27958.4863,22.3405,NA
gamemd.exe,18720,0x43D4320,D3D9,0,0,1,Hardware: Independent Flip,27990.3954,NA,16.73990000000000,16.40600000000000,1.20960000000000,4.15900000000000,4.3047,NA,27975.0647,16.5403,15.3307,1.2096,16.0248,3.4649,3.4084,0.0565,0.1724,27975.0647,NA,NA
gamemd.exe,18720,0x43D4320,D3D9,0,0,1,Hardware: Independent Flip,28006.8077,NA,16.41230000000000,16.47510000000000,1.08320000000000,4.24720000000000,4.3675,NA,27991.6050,16.2859,15.2027,1.0832,15.8017,3.6482,3.5802,0.0680,0.0652,27991.6050,NA,NA
gamemd.exe,18720,0x43D4320,D3D9,0,0,1,Hardware: Independent Flip,28023.6076,NA,16.79990000000000,17.76670000000000,2.59870000000000,5.16280000000000,5.3343,NA,28007.8909,18.3154,15.7167,2.5987,16.6017,4.2778,4.1442,0.1336,-1.4808,28007.8909,NA,NA
gamemd.exe,18720,0x43D4320,D3D9,0,0,1,Hardware: Independent Flip,28040.1359,NA,16.52830000000000,16.62860000000000,1.53460000000000,5.24270000000000,5.4346,NA,28026.2063,15.4642,13.9296,1.5346,14.6579,4.5144,4.4092,0.1052,1.6868,28026.2063,NA,NA
gamemd.exe,18720,0x43D4320,D3D9,0,0,1,Hardware: Independent Flip,28056.8734,NA,16.73750000000000,16.14480000000000,2.21960000000000,4.70670000000000,4.8419,NA,28041.6705,17.4225,15.2029,2.2196,16.0366,3.8730,3.7962,0.0768,-0.6806,28041.6705,NA,NA
gamemd.exe,18720,0x43D4320,D3D9,0,0,1,Hardware: Independent Flip,28073.5930,NA,16.71960000000000,16.80120000000000,1.86470000000000,4.80900000000000,4.9235,NA,28059.0930,16.3647,14.5000,1.8647,15.7314,3.5776,3.5114,0.0662,0.6213,28059.0930,NA,NA
gamemd.exe,18720,0x43D4320,D3D9,0,0,1,Hardware: Independent Flip,28090.4598,NA,16.86680000000000,16.30170000000000,1.11870000000000,4.19800000000000,4.3584,NA,28075.4577,16.1208,15.0021,1.1187,15.6193,3.5808,3.5082,0.0726,0.0630,28075.4577,NA,NA
gamemd.exe,18720,0x43D4320,D3D9,0,0,1,Hardware: Independent Flip,28107.2359,NA,16.77610000000000,17.01990000000000,1.24400000000000,4.43540000000000,4.6022,NA,28091.5785,16.9014,15.6574,1.2440,16.3827,3.7101,3.6462,0.0639,-0.8991,28091.5785,NA,NA
gamemd.exe,18720,0x43D4320,D3D9,0,0,1,Hardware: Independent Flip,28123.6255,NA,16.38960000000000,16.82570000000000,2.01690000000000,4.89210000000000,5.0383,NA,28108.4799,17.1625,15.1456,2.0169,15.8364,4.2013,4.1133,0.0880,0.0757,28108.4799,NA,NA
gamemd.exe,18720,0x43D4320,D3D9,0,0,1,Hardware: Independent Flip,28140.8583,NA,17.23280000000000,16.49640000000000,1.10980000000000,4.16270000000000,4.3019,NA,28125.6424,16.3257,15.2159,1.1098,15.7665,3.6121,3.5449,0.0672,0.6661,28125.6424,13.2131,NA
gamemd.exe,18720,0x43D4320,D3D9,0,0,1,Hardware: Independent Flip,28157.1111,NA,16.25280000000000,16.39230000000000,1.43790000000000,4.33020000000000,4.4414,NA,28141.9681,16.5809,15.1430,1.4379,15.9015,3.5717,3.5017,0.0700,-0.0666,28141.9681,13.5693,NA
gamemd.exe,18720,0x43D4320,D3D9,0,0,1,Hardware: Independent Flip,28173.8719,NA,16.76080000000000,17.15190000000000,1.73840000000000,4.72580000000000,4.8325,NA,28158.5490,17.0613,15.3229,1.7384,16.4469,3.6018,3.5552,0.0466,-0.5710,28158.5490,14.7499,NA
gamemd.exe,18720,0x43D4320,D3D9,0,0,1,Hardware: Independent Flip,28190.5942,NA,16.72230000000000,16.46010000000000,1.60100000000000,4.43500000000000,4.5703,NA,28175.6103,16.5849,14.9839,1.6010,15.9907,3.4282,3.3777,0.0505,0.6012,28175.6103,7.1791,NA
gamemd.exe,18720,0x43D4320,D3D9,0,0,1,Hardware: Independent Flip,28207.3712,NA,16.77700000000000,16.44490000000000,1.00660000000000,4.12320000000000,4.2382,NA,28192.1952,16.1826,15.1760,1.0066,15.6616,3.6376,3.5921,0.0455,0.1400,28192.1952,NA,NA
gamemd.exe,18720,0x43D4320,D3D9,0,0,1,Hardware: Independent Flip,28224.1156,NA,16.74440000000000,17.48180000000000,1.98110000000000,4.81510000000000,4.9756,NA,28208.3778,17.7189,15.7378,1.9811,16.6221,3.9308,3.8548,0.0760,-1.2992,28208.3778,NA,NA
gamemd.exe,18720,0x43D4320,D3D9,0,0,1,Hardware: Independent Flip,28240.2019,NA,16.08630000000000,16.85750000000000,1.56350000000000,5.59540000000000,5.7468,NA,28226.0967,15.6687,14.1052,1.5635,14.8619,4.8387,4.3958,0.4429,0.8614,28226.0967,NA,NA
gamemd.exe,18720,0x43D4320,D3D9,0,0,1,Hardware: Independent Flip,28256.9679,NA,16.76600000000000,16.12470000000000,1.39960000000000,4.98530000000000,5.1055,NA,28241.7654,16.6021,15.2025,1.3996,15.9045,4.2833,3.9286,0.3547,-0.4560,28241.7654,NA,NA
gamemd.exe,18720,0x43D4320,D3D9,0,0,1,Hardware: Independent Flip,28273.6265,NA,16.65860000000000,16.22730000000000,2.17900000000000,4.56360000000000,4.6742,NA,28258.3675,17.4380,15.2590,2.1790,16.0129,3.8097,3.7499,0.0598,0.3748,28258.3675,18.3163,18.3163
gamemd.exe,18720,0x43D4320,D3D9,0,0,1,Hardware: Independent Flip,28290.4058,NA,16.77930000000000,16.54080000000000,1.41290000000000,4.25860000000000,4.4357,NA,28275.8055,16.0132,14.6003,1.4129,15.1146,3.7443,3.6784,0.0659,0.8972,28275.8055,NA,NA
gamemd.exe,18720,0x43D4320,D3D9,0,0,1,Hardware: Independent Flip,28306.9668,NA,16.56100000000000,16.70120000000000,1.32470000000000,4.46480000000000,4.5759,NA,28291.8187,16.4728,15.1481,1.3247,15.7790,3.8339,3.7195,0.1144,-0.6880,28291.8187,NA,NA
gamemd.exe,18720,0x43D4320,D3D9,0,0,1,Hardware: Independent Flip,28323.8192,NA,16.85240000000000,17.20750000000000,1.69660000000000,4.75180000000000,4.9310,NA,28308.2915,17.2243,15.5277,1.6966,16.1205,4.1590,4.0126,0.1464,-0.7347,28308.2915,NA,NA
gamemd.exe,18720,0x43D4320,D3D9,0,0,1,Hardware: Independent Flip,28340.0623,NA,16.24310000000000,15.68920000000000,1.50630000000000,4.20340000000000,4.3771,NA,28325.5158,16.0528,14.5465,1.5063,15.0821,3.6678,3.6241,0.0437,1.5351,28325.5158,NA,NA
gamemd.exe,18720,0x43D4320,D3D9,0,0,1,Hardware: Independent Flip,28356.8403,NA,16.77800000000000,16.78870000000000,1.23650000000000,4.22090000000000,4.3878,NA,28341.5686,16.5082,15.2717,1.2365,15.9669,3.5257,3.4733,0.0524,-0.7359,28341.5686,NA,NA
gamemd.exe,18720,0x43D4320,D3D9,0,0,1,Hardware: Independent Flip,28373.5397,NA,16.69940000000000,16.75200000000000,1.29300000000000,4.32860000000000,4.4404,NA,28358.0768,16.7559,15.4629,1.2930,16.2230,3.5685,3.4952,0.0733,-0.2438,28358.0768,30.0152,30.0152
gamemd.exe,18720,0x43D4320,D3D9,0,0,1,Hardware: Independent Flip,28390.2212,NA,16.68150000000000,16.56920000000000,1.28850000000000,4.19180000000000,4.3281,NA,28374.8327,16.6770,15.3885,1.2885,16.0573,3.5230,3.4522,0.0708,0.1867,28374.8327,NA,NA
gamemd.exe,18720,0x43D4320,D3D9,0,0,1,Hardware: Independent Flip,28407.5160,NA,17.29480000000000,17.32280000000000,0.96680000000000,4.22030000000000,4.3561,NA,28391.5097,16.9731,16.0063,0.9668,16.4689,3.7577,3.6676,0.0901,-0.6458,28391.5097,NA,NA
gamemd.exe,18720,0x43D4320,D3D9,0,0,1,Hardware: Independent Flip,28423.9900,NA,16.47400000000000,16.67170000000000,1.26600000000000,4.40920000000000,4.5538,NA,28408.4828,16.7732,15.5072,1.2660,16.1013,3.8151,3.6945,0.1206,0.3014,28408.4828,NA,NA
gamemd.exe,18720,0x43D4320,D3D9,0,0,1,Hardware: Independent Flip,28440.4731,NA,16.48310000000000,16.85580000000000,1.57530000000000,4.72090000000000,4.9265,NA,28425.2560,16.7924,15.2171,1.5753,15.8830,4.0550,3.8928,0.1622,-0.0826,28425.2560,NA,NA
gamemd.exe,18720,0x43D4320,D3D9,0,0,1,Hardware: Independent Flip,28456.9954,NA,16.52230000000000,16.19680000000000,1.16580000000000,4.39420000000000,4.6010,NA,28442.0484,16.1128,14.9470,1.1658,15.6574,3.6838,3.6163,0.0675,0.5956,28442.0484,NA,NA
gamemd.exe,18720,0x43D4320,D3D9,0,0,1,Hardware: Independent Flip,28474.0636,NA,17.06820000000000,16.99470000000000,1.08200000000000,4.33360000000000,4.5275,NA,28458.1612,16.9844,15.9024,1.0820,16.3494,3.8866,3.8273,0.0593,-0.8819,28458.1612,NA,NA
gamemd.exe,18720,0x43D4320,D3D9,0,0,1,Hardware: Independent Flip,28490.0977,NA,16.03410000000000,16.44180000000000,2.01120000000000,4.75080000000000,4.9352,NA,28475.1456,16.9633,14.9521,2.0112,15.8954,3.8075,3.7391,0.0684,0.5426,28475.1456,NA,NA
gamemd.exe,18720,0x43D4320,D3D9,0,0,1,Hardware: Independent Flip,28506.8528,NA,16.75510000000000,16.92140000000000,1.96300000000000,4.93600000000000,5.1015,NA,28492.1089,16.7069,14.7439,1.9630,15.4069,4.2730,4.1758,0.0972,0.0419,28492.1089,NA,NA
gamemd.exe,18720,0x43D4320,D3D9,0,0,1,Hardware: Independent Flip,28523.7066,NA,16.85380000000000,16.89860000000000,1.75370000000000,5.00510000000000,5.1463,NA,28508.8158,16.6445,14.8908,1.7537,15.4882,4.4077,4.3190,0.0887,-0.1917,28508.8158,NA,NA
gamemd.exe,18720,0x43D4320,D3D9,0,0,1,Hardware: Independent Flip,28540.4514,NA,16.74480000000000,16.31540000000000,1.33430000000000,4.53960000000000,4.7169,NA,28525.4603,16.3254,14.9911,1.3343,15.5448,3.9859,3.8921,0.0938,0.3291,28525.4603,NA,NA
gamemd.exe,18720,0x43D4320,D3D9,0,0,1,Hardware: Independent Flip,28557.0293,NA,16.57790000000000,16.62200000000000,1.78450000000000,4.64500000000000,4.7610,NA,28541.7857,17.0281,15.2436,1.7845,15.8727,4.0159,3.9272,0.0887,-0.2966,28541.7857,NA,NA
gamemd.exe,18720,0x43D4320,D3D9,0,0,1,Hardware: Independent Flip,28573.8624,NA,16.83310000000000,16.46210000000000,1.35500000000000,4.28060000000000,4.3900,NA,28558.8138,16.4036,15.0486,1.3550,15.7732,3.5560,3.5072,0.0488,0.5660,28558.8138,NA,NA
gamemd.exe,18720,0x43D4320,D3D9,0,0,1,Hardware: Independent Flip,28590.3773,NA,16.51490000000000,16.77190000000000,1.74350000000000,4.50550000000000,4.6470,NA,28575.2174,16.9034,15.1599,1.7435,15.9928,3.6726,3.6190,0.0536,-0.3683,28575.2174,NA,NA
gamemd.exe,18720,0x43D4320,D3D9,0,0,1,Hardware: Independent Flip,28607.0337,NA,16.65640000000000,16.73680000000000,1.54900000000000,4.53330000000000,4.7274,NA,28592.1208,16.4619,14.9129,1.5490,15.6424,3.8038,3.7457,0.0581,0.1666,28592.1208,NA,NA
gamemd.exe,18720,0x43D4320,D3D9,0,0,1,Hardware: Independent Flip,28623.6271,NA,16.59340000000000,16.69630000000000,1.67060000000000,4.68250000000000,4.8303,NA,28608.5827,16.7150,15.0444,1.6706,15.7027,4.0242,3.9245,0.0997,-0.2344,28608.5827,NA,NA
gamemd.exe,18720,0x43D4320,D3D9,0,0,1,Hardware: Independent Flip,28640.7996,NA,17.17250000000000,16.69730000000000,1.41340000000000,4.22010000000000,4.3551,NA,28625.2977,16.9153,15.5019,1.4134,16.1647,3.5573,3.5145,0.0428,0.0177,28625.2977,NA,NA
gamemd.exe,18720,0x43D4320,D3D9,0,0,1,Hardware: Independent Flip,28656.8209,NA,16.02130000000000,16.14840000000000,1.86100000000000,4.37280000000000,4.4822,NA,28642.2130,16.4689,14.6079,1.8610,15.3106,3.6701,3.6162,0.0539,0.7669,28642.2130,NA,NA
gamemd.exe,18720,0x43D4320,D3D9,0,0,1,Hardware: Independent Flip,28673.3155,NA,16.49460000000000,16.67910000000000,1.50910000000000,4.55520000000000,4.6667,NA,28658.6819,16.1427,14.6336,1.5091,15.3092,3.8796,3.7671,0.1125,-0.2102,28658.6819,NA,NA
gamemd.exe,18720,0x43D4320,D3D9,0,0,1,Hardware: Independent Flip,28690.2908,NA,16.97530000000000,16.66920000000000,1.51270000000000,4.24780000000000,4.3606,NA,28674.8246,16.9789,15.4662,1.5127,15.9642,3.7498,3.6663,0.0835,-0.5265,28674.8246,NA,NA
gamemd.exe,18720,0x43D4320,D3D9,0,0,1,Hardware: Independent Flip,28706.6737,NA,16.38290000000000,17.12770000000000,1.74060000000000,4.93700000000000,5.1054,NA,28691.8035,16.6108,14.8702,1.7406,15.5836,4.2236,4.1221,0.1015,-0.1488,28691.8035,NA,NA
gamemd.exe,18720,0x43D4320,D3D9,0,0,1,Hardware: Independent Flip,28723.7326,NA,17.05890000000000,16.87530000000000,2.10690000000000,4.80400000000000,4.9218,NA,28708.4143,17.4252,15.3183,2.1069,16.1282,3.9941,3.9031,0.0910,-0.2645,28708.4143,NA,NA
gamemd.exe,18720,0x43D4320,D3D9,0,0,1,Hardware: Independent Flip,28740.0720,NA,16.33940000000000,16.12880000000000,1.46190000000000,4.57140000000000,4.7112,NA,28725.8395,15.6944,14.2325,1.4619,14.8984,3.9055,3.7796,0.1259,1.2964,28725.8395,NA,NA
gamemd.exe,18720,0x43D4320,D3D9,0,0,1,Hardware: Independent Flip,28756.9060,NA,16.83400000000000,16.55440000000000,1.39260000000000,4.32530000000000,4.4316,NA,28741.5339,16.7647,15.3721,1.3926,15.9766,3.7208,3.6593,0.0615,-0.8600,28741.5339,NA,NA
gamemd.exe,18720,0x43D4320,D3D9,0,0,1,Hardware: Independent Flip,28773.6777,NA,16.77170000000000,16.85120000000000,1.26250000000000,4.37050000000000,4.5111,NA,28758.2986,16.6416,15.3791,1.2625,16.1041,3.6455,3.5989,0.0466,-0.0865,28758.2986,NA,NA
gamemd.exe,18720,0x43D4320,D3D9,0,0,1,Hardware: Independent Flip,28790.7294,NA,17.05170000000000,17.62590000000000,1.69230000000000,4.85130000000000,5.0853,NA,28774.9402,17.4815,15.7892,1.6923,16.4031,4.2374,4.1479,0.0895,-0.9843,28774.9402,NA,NA
gamemd.exe,18720,0x43D4320,D3D9,0,0,1,Hardware: Independent Flip,28806.9193,NA,16.18990000000000,16.31160000000000,2.44510000000000,4.97790000000000,5.2070,NA,28792.4217,16.9427,14.4976,2.4451,15.3057,4.1698,4.0845,0.0853,1.1699,28792.4217,23.8397,NA
gamemd.exe,18720,0x43D4320,D3D9,0,0,1,Hardware: Independent Flip,28823.4084,NA,16.48910000000000,16.14680000000000,1.43720000000000,4.68090000000000,4.8647,NA,28809.3644,15.4812,14.0440,1.4372,14.7391,3.9858,3.9033,0.0825,0.7959,28809.3644,24.0272,NA
gamemd.exe,18720,0x43D4320,D3D9,0,0,1,Hardware: Independent Flip,28840.2341,NA,16.82570000000000,16.62420000000000,1.26360000000000,4.47080000000000,4.6632,NA,28824.8456,16.6521,15.3885,1.2636,16.1174,3.7419,3.6816,0.0603,-1.1430,28824.8456,24.7352,NA
gamemd.exe,18720,0x43D4320,D3D9,0,0,1,Hardware: Independent Flip,28857.2466,NA,17.01250000000000,16.60880000000000,0.91890000000000,4.10680000000000,4.2595,NA,28841.4977,16.6678,15.7489,0.9189,16.2409,3.6148,3.5535,0.0613,0.0433,28841.4977,25.1815,NA
gamemd.exe,18720,0x43D4320,D3D9,0,0,1,Hardware: Independent Flip,28873.7269,NA,16.48030000000000,16.57050000000000,1.15780000000000,4.23190000000000,4.3497,NA,28858.1655,16.7192,15.5614,1.1578,16.2094,3.5839,3.5142,0.0697,0.0973,28858.1655,26.1148,NA
gamemd.exe,18720,0x43D4320,D3D9,0,0,1,Hardware: Independent Flip,28890.5595,NA,16.83260000000000,17.34010000000000,1.45110000000000,4.66380000000000,4.8572,NA,28874.8847,17.1259,15.6748,1.4511,16.4807,3.8579,3.7515,0.1064,-0.6209,28874.8847,27.4055,NA
gamemd.exe,18720,0x43D4320,D3D9,0,0,1,Hardware: Independent Flip,28907.0364,NA,16.47690000000000,16.85130000000000,2.09750000000000,5.06290000000000,5.2316,NA,28892.0106,17.1233,15.0258,2.0975,15.8600,4.2287,4.0941,0.1346,0.2746,28892.0106,28.2623,NA
gamemd.exe,18720,0x43D4320,D3D9,0,0,1,Hardware: Independent Flip,28924.0891,NA,17.05270000000000,16.42610000000000,1.56030000000000,4.49420000000000,4.6050,NA,28909.1339,16.5155,14.9552,1.5603,15.8736,3.5758,3.4965,0.0793,0.6972,28909.1339,12.7267,NA
gamemd.exe,18720,0x43D4320,D3D9,0,0,1,Hardware: Independent Flip,28940.5903,NA,16.50120000000000,16.68350000000000,1.70770000000000,4.65780000000000,4.7873,NA,28925.6494,16.6486,14.9409,1.7077,15.9834,3.6153,3.5574,0.0579,-0.1680,28925.6494,13.4280,NA
gamemd.exe,18720,0x43D4320,D3D9,0,0,1,Hardware: Independent Flip,28957.1316,NA,16.54130000000000,16.38640000000000,1.49630000000000,4.51900000000000,4.6324,NA,28942.2980,16.3299,14.8336,1.4963,15.8160,3.5366,3.4917,0.0449,0.2622,28942.2980,NA,NA
gamemd.exe,18720,0x43D4320,D3D9,0,0,1,Hardware: Independent Flip,28973.9677,NA,16.83610000000000,17.13250000000000,1.74260000000000,4.76430000000000,4.9288,NA,28958.6279,17.0824,15.3398,1.7426,16.4297,3.6744,3.5677,0.1067,-0.8026,28958.6279,NA,NA
gamemd.exe,18720,0x43D4320,D3D9,0,0,1,Hardware: Independent Flip,28989.9647,NA,15.99700000000000,16.22480000000000,1.73150000000000,4.93240000000000,5.1566,NA,28975.7103,15.9859,14.2544,1.7315,14.8074,4.3794,4.2877,0.0917,0.8576,28975.7103,NA,NA
gamemd.exe,18720,0x43D4320,D3D9,0,0,1,Hardware: Independent Flip,29007.0430,NA,17.07830000000000,16.99150000000000,1.44690000000000,4.92000000000000,5.0698,NA,28991.6962,16.7937,15.3468,1.4469,16.0411,4.2257,4.0973,0.1284,-1.0056,28991.6962,NA,NA
gamemd.exe,18720,0x43D4320,D3D9,0,0,1,Hardware: Independent Flip,29023.5709,NA,16.52790000000000,15.80510000000000,1.54470000000000,4.23490000000000,4.3470,NA,29008.4899,16.6257,15.0810,1.5447,15.6559,3.6600,3.6016,0.0584,0.9886,29008.4899,NA,NA
gamemd.exe,18720,0x43D4320,D3D9,0,0,1,Hardware: Independent Flip,29040.3966,NA,16.82570000000000,17.03750000000000,1.48700000000000,4.41880000000000,4.5588,NA,29025.1156,16.7680,15.2810,1.4870,15.9152,3.7846,3.7137,0.0709,-0.4118,29025.1156,NA,NA
gamemd.exe,18720,0x43D4320,D3D9,0,0,1,Hardware: Independent Flip,29057.1560,NA,16.75940000000000,16.43010000000000,1.52590000000000,4.11730000000000,4.2295,NA,29041.8836,16.7983,15.2724,1.5259,15.7839,3.6058,3.5638,0.0420,0.3379,29041.8836,NA,NA
gamemd.exe,18720,0x43D4320,D3D9,0,0,1,Hardware: Independent Flip,29073.3846,NA,16.22860000000000,16.51510000000000,1.25220000000000,4.35810000000000,4.5160,NA,29058.6819,15.9549,14.7027,1.2522,15.3010,3.7598,3.7014,0.0584,0.2832,29058.6819,NA,NA
gamemd.exe,18720,0x43D4320,D3D9,0,0,1,Hardware: Independent Flip,29090.1347,NA,16.75010000000000,17.56260000000000,1.46720000000000,5.18210000000000,5.3285,NA,29074.6368,16.9651,15.4979,1.4672,16.1637,4.5163,4.0624,0.4539,-1.6077,29074.6368,19.1396,19.1396
gamemd.exe,18720,0x43D4320,D3D9,0,0,1,Hardware: Independent Flip,29107.5616,NA,17.42690000000000,16.26390000000000,0.99510000000000,4.05290000000000,4.1655,NA,29091.6019,16.9548,15.9597,0.9951,16.4708,3.5418,3.4965,0.0453,0.7012,29091.6019,NA,NA
gamemd.exe,18720,0x43D4320,D3D9,0,0,1,Hardware: Independent Flip,29123.5320,NA,15.97040000000000,16.17060000000000,1.49310000000000,4.25470000000000,4.3657,NA,29108.5567,16.4684,14.9753,1.4931,15.4899,3.7401,3.6908,0.0493,0.7842,29108.5567,NA,NA
gamemd.exe,18720,0x43D4320,D3D9,0,0,1,Hardware: Independent Flip,29139.9082,NA,16.37620000000000,16.52300000000000,1.32810000000000,4.38590000000000,4.5125,NA,29125.0251,16.2112,14.8831,1.3281,15.5907,3.6783,3.6182,0.0601,-0.0546,29125.0251,NA,NA
gamemd.exe,18720,0x43D4320,D3D9,0,0,1,Hardware: Independent Flip,29157.1825,NA,17.27430000000000,16.99460000000000,0.97300000000000,4.08200000000000,4.2328,NA,29141.2363,16.9192,15.9462,0.9730,16.4726,3.5556,3.5117,0.0439,-0.7834,29141.2363,NA,NA
gamemd.exe,18720,0x43D4320,D3D9,0,0,1,Hardware: Independent Flip,29174.1897,NA,17.00720000000000,17.21660000000000,1.20760000000000,4.28750000000000,4.4422,NA,29158.1555,17.2418,16.0342,1.2076,16.5396,3.7821,3.7150,0.0671,-0.2974,29158.1555,NA,NA
gamemd.exe,18720,0x43D4320,D3D9,0,0,1,Hardware: Independent Flip,29190.5252,NA,16.33550000000000,16.38710000000000,1.74870000000000,4.32970000000000,4.4938,NA,29175.3973,16.8766,15.1279,1.7487,15.7766,3.6810,3.6189,0.0621,0.8547,29175.3973,NA,NA
gamemd.exe,18720,0x43D4320,D3D9,0,0,1,Hardware: Independent Flip,29206.7029,NA,16.17770000000000,16.12960000000000,1.39010000000000,4.31010000000000,4.4457,NA,29192.2739,15.8191,14.4290,1.3901,14.9830,3.7561,3.6862,0.0699,0.7470,29192.2739,31.1686,31.1686
gamemd.exe,18720,0x43D4320,D3D9,0,0,1,Hardware: Independent Flip,29223.5505,NA,16.84760000000000,16.90770000000000,1.64770000000000,4.35910000000000,4.5058,NA,29208.0930,17.1052,15.4575,1.6477,16.0165,3.8001,3.6977,0.1024,-1.0886,29208.0930,NA,NA
gamemd.exe,18720,0x43D4320,D3D9,0,0,1,Hardware: Independent Flip,29240.3569,NA,16.80640000000000,16.82260000000000,1.34970000000000,4.35570000000000,4.5220,NA,29225.1982,16.5084,15.1587,1.3497,15.7167,3.7977,3.7134,0.0843,0.2826,29225.1982,NA,NA
gamemd.exe,18720,0x43D4320,D3D9,0,0,1,Hardware: Independent Flip,29256.9880,NA,16.63110000000000,16.52690000000000,1.41690000000000,4.28890000000000,4.4178,NA,29241.7066,16.6983,15.2814,1.4169,15.8479,3.7224,3.6352,0.0872,-0.0185,29241.7066,NA,NA
gamemd.exe,18720,0x43D4320,D3D9,0,0,1,Hardware: Independent Flip,29273.7440,NA,16.75600000000000,17.60490000000000,2.25250000000000,5.00600000000000,5.2667,NA,29258.4049,17.5916,15.3391,2.2525,16.1366,4.2085,4.1034,0.1051,-0.9066,29258.4049,NA,NA
gamemd.exe,18720,0x43D4320,D3D9,0,0,1,Hardware: Independent Flip,29290.5288,NA,16.78480000000000,16.24660000000000,1.93780000000000,4.59270000000000,4.7285,NA,29275.9965,16.4701,14.5323,1.9378,15.3988,3.7262,3.6748,0.0514,1.3450,29275.9965,NA,NA
gamemd.exe,18720,0x43D4320,D3D9,0,0,1,Hardware: Independent Flip,29307.2648,NA,16.73600000000000,16.16240000000000,0.99340000000000,4.01830000000000,4.1549,NA,29292.4666,15.7916,14.7982,0.9934,15.2255,3.5910,3.5357,0.0553,0.3077,29292.4666,NA,NA
gamemd.exe,18720,0x43D4320,D3D9,0,0,1,Hardware: Independent Flip,29323.6230,NA,16.35820000000000,16.94240000000000,1.81780000000000,4.61770000000000,4.7391,NA,29308.2582,17.1826,15.3648,1.8178,16.3441,3.6384,3.5596,0.0788,-1.1508,29308.2582,NA,NA
gamemd.exe,18720,0x43D4320,D3D9,0,0,1,Hardware: Independent Flip,29340.4771,NA,16.85410000000000,16.10450000000000,0.97030000000000,3.86240000000000,3.9895,NA,29325.4408,16.0066,15.0363,0.9703,15.4073,3.4914,3.4257,0.0657,1.0781,29325.4408,NA,NA
gamemd.exe,18720,0x43D4320,D3D9,0,0,1,Hardware: Independent Flip,29357.5129,NA,17.03580000000000,17.02790000000000,0.93700000000000,3.86690000000000,3.9816,NA,29341.4474,17.0025,16.0655,0.9370,16.4531,3.4793,3.4261,0.0532,-1.0213,29341.4474,NA,NA
gamemd.exe,18720,0x43D4320,D3D9,0,0,1,Hardware: Independent Flip,29374.4327,NA,16.91980000000000,17.39380000000000,1.32280000000000,4.32390000000000,4.4556,NA,29358.4499,17.3056,15.9828,1.3228,16.6048,3.7019,3.6061,0.0958,-0.3913,29358.4499,NA,NA
gamemd.exe,18720,0x43D4320,D3D9,0,0,1,Hardware: Independent Flip,29390.0739,NA,15.64120000000000,15.96660000000000,1.78720000000000,4.59560000000000,4.7810,NA,29375.7555,16.1056,14.3184,1.7872,15.1311,3.7829,3.6805,0.1024,1.3390,29375.7555,NA,NA
gamemd.exe,18720,0x43D4320,D3D9,0,0,1,Hardware: Independent Flip,29407.0772,NA,17.00330000000000,16.61740000000000,1.51920000000000,4.28640000000000,4.3951,NA,29391.8611,16.7353,15.2161,1.5192,15.7756,3.7269,3.6737,0.0532,-0.5118,29391.8611,NA,NA
gamemd.exe,18720,0x43D4320,D3D9,0,0,1,Hardware: Independent Flip,29423.4980,NA,16.42080000000000,16.50660000000000,1.64670000000000,4.37200000000000,4.4809,NA,29408.5964,16.5483,14.9016,1.6467,15.6751,3.5985,3.5522,0.0463,0.2287,29408.5964,NA,NA
gamemd.exe,18720,0x43D4320,D3D9,0,0,1,Hardware: Independent Flip,29440.3766,NA,16.87860000000000,16.90180000000000,1.74940000000000,4.34310000000000,4.5041,NA,29425.1447,16.9813,15.2319,1.7494,15.8655,3.7095,3.6591,0.0504,-0.3535,29425.1447,NA,NA
gamemd.exe,18720,0x43D4320,D3D9,0,0,1,Hardware: Independent Flip,29456.8809,NA,16.50430000000000,16.42300000000000,1.43590000000000,4.31750000000000,4.4228,NA,29442.1260,16.1908,14.7549,1.4359,15.2901,3.7823,3.7215,0.0608,0.5583,29442.1260,NA,NA
gamemd.exe,18720,0x43D4320,D3D9,0,0,1,Hardware: Independent Flip,29473.6171,NA,16.73620000000000,17.15310000000000,1.60520000000000,4.69240000000000,4.8397,NA,29458.3168,16.9055,15.3003,1.6052,15.8923,4.1004,4.0016,0.0988,-0.9623,29458.3168,NA,NA
gamemd.exe,18720,0x43D4320,D3D9,0,0,1,Hardware: Independent Flip,29490.3608,NA,16.74370000000000,16.39100000000000,1.29840000000000,4.30690000000000,4.4870,NA,29475.2223,16.4369,15.1385,1.2984,15.7013,3.7441,3.6558,0.0883,0.5145,29475.2223,NA,NA
gamemd.exe,18720,0x43D4320,D3D9,0,0,1,Hardware: Independent Flip,29506.9001,NA,16.53930000000000,16.53380000000000,1.61180000000000,4.34170000000000,4.4815,NA,29491.6592,16.8527,15.2409,1.6118,15.9520,3.6306,3.5740,0.0566,-0.0969,29491.6592,NA,NA
gamemd.exe,18720,0x43D4320,D3D9,0,0,1,Hardware: Independent Flip,29523.4906,NA,16.59050000000000,16.74060000000000,1.54390000000000,4.44880000000000,4.6316,NA,29508.5119,16.5226,14.9787,1.5439,15.6528,3.7747,3.7236,0.0511,0.1121,29508.5119,NA,NA
gamemd.exe,18720,0x43D4320,D3D9,0,0,1,Hardware: Independent Flip,29540.1428,NA,16.65220000000000,16.67790000000000,1.38240000000000,4.47150000000000,4.6573,NA,29525.0345,16.4907,15.1083,1.3824,16.0004,3.5794,3.5256,0.0538,-0.1553,29525.0345,NA,NA
gamemd.exe,18720,0x43D4320,D3D9,0,0,1,Hardware: Independent Flip,29557.2917,NA,17.14890000000000,16.53130000000000,0.87350000000000,3.92770000000000,4.0397,NA,29541.5252,16.6400,15.7665,0.8735,16.2187,3.4755,3.4186,0.0569,-0.0406,29541.5252,NA,NA
gamemd.exe,18720,0x43D4320,D3D9,0,0,1,Hardware: Independent Flip,29574.0859,NA,16.79420000000000,17.23590000000000,1.19700000000000,4.28250000000000,4.4814,NA,29558.1652,17.1177,15.9207,1.1970,16.5194,3.6838,3.6145,0.0693,-0.5959,29558.1652,NA,NA
gamemd.exe,18720,0x43D4320,D3D9,0,0,1,Hardware: Independent Flip,29590.1736,NA,16.08770000000000,16.44180000000000,1.72990000000000,4.67730000000000,4.8355,NA,29575.2829,16.6206,14.8907,1.7299,15.7729,3.7951,3.7033,0.0918,0.6759,29575.2829,NA,NA
gamemd.exe,18720,0x43D4320,D3D9,0,0,1,Hardware: Independent Flip,29607.0566,NA,16.88300000000000,16.36750000000000,1.04860000000000,4.19030000000000,4.3200,NA,29591.9035,16.2017,15.1531,1.0486,15.7211,3.6223,3.5319,0.0904,0.2531,29591.9035,NA,NA
gamemd.exe,18720,0x43D4320,D3D9,0,0,1,Hardware: Independent Flip,29623.6925,NA,16.63590000000000,17.28980000000000,1.91160000000000,4.75830000000000,4.9739,NA,29608.1052,17.4989,15.5873,1.9116,16.3628,3.9828,3.8752,0.1076,-1.0881,29608.1052,NA,NA
gamemd.exe,18720,0x43D4320,D3D9,0,0,1,Hardware: Independent Flip,29639.8713,NA,16.17880000000000,15.83650000000000,1.40440000000000,4.50320000000000,4.6316,NA,29625.6041,15.6716,14.2672,1.4044,15.1589,3.6115,3.5130,0.0985,1.6624,29625.6041,NA,NA
gamemd.exe,18720,0x43D4320,D3D9,0,0,1,Hardware: Independent Flip,29657.0187,NA,17.14740000000000,17.87350000000000,2.21470000000000,5.19620000000000,5.3577,NA,29641.2757,17.9577,15.7430,2.2147,16.9453,3.9939,3.9028,0.0911,-2.2019,29641.2757,NA,NA
gamemd.exe,18720,0x43D4320,D3D9,0,0,1,Hardware: Independent Flip,29673.5978,NA,16.57910000000000,16.33190000000000,1.95100000000000,4.99750000000000,5.1105,NA,29659.2334,16.3154,14.3644,1.9510,15.2025,4.1594,4.0598,0.0996,1.6258,29659.2334,NA,NA
gamemd.exe,18720,0x43D4320,D3D9,0,0,1,Hardware: Independent Flip,29690.2020,NA,16.60420000000000,16.13360000000000,1.61280000000000,4.46780000000000,4.6399,NA,29675.5488,16.2660,14.6532,1.6128,15.6651,3.4559,3.3900,0.0659,0.1818,29675.5488,NA,NA
gamemd.exe,18720,0x43D4320,D3D9,0,0,1,Hardware: Independent Flip,29706.7368,NA,16.53480000000000,16.80860000000000,2.25470000000000,4.80340000000000,4.9137,NA,29691.8148,17.1767,14.9220,2.2547,15.6992,4.0262,3.9596,0.0666,-0.5426,29691.8148,NA,NA
gamemd.exe,18720,0x43D4320,D3D9,0,0,1,Hardware: Independent Flip,29723.6734,NA,16.93660000000000,16.82560000000000,1.81200000000000,4.65810000000000,4.8027,NA,29708.9915,16.4939,14.6819,1.8120,15.7161,3.6239,3.5405,0.0834,0.3511,29708.9915,20.4742,NA
gamemd.exe,18720,0x43D4320,D3D9,0,0,1,Hardware: Independent Flip,29740.8074,NA,17.13400000000000,16.56680000000000,1.04710000000000,4.09310000000000,4.2355,NA,29725.4854,16.3691,15.3220,1.0471,15.8382,3.5769,3.5258,0.0511,-0.0729,29725.4854,13.0514,NA
gamemd.exe,18720,0x43D4320,D3D9,0,0,1,Hardware: Independent Flip,29756.9140,NA,16.10660000000000,17.27600000000000,1.67050000000000,5.20580000000000,5.4049,NA,29741.8545,16.7300,15.0595,1.6705,15.6777,4.5876,4.5104,0.0772,-0.9069,29741.8545,6.3697,NA
gamemd.exe,18720,0x43D4320,D3D9,0,0,1,Hardware: Independent Flip,29773.6185,NA,16.70450000000000,16.27420000000000,2.06580000000000,4.86430000000000,4.9746,NA,29758.5845,17.0998,15.0340,2.0658,15.7966,4.1017,4.0168,0.0849,0.4558,29758.5845,6.6277,NA
gamemd.exe,18720,0x43D4320,D3D9,0,0,1,Hardware: Independent Flip,29790.9514,NA,17.33290000000000,16.70080000000000,1.40830000000000,4.20330000000000,4.3425,NA,29775.6843,16.6754,15.2671,1.4083,15.9294,3.5410,3.4665,0.0745,0.3990,29775.6843,7.3435,NA
gamemd.exe,18720,0x43D4320,D3D9,0,0,1,Hardware: Independent Flip,29807.7357,NA,16.78430000000000,17.14680000000000,1.66220000000000,4.56630000000000,4.7050,NA,29792.3597,17.0382,15.3760,1.6622,16.3543,3.5880,3.5234,0.0646,-0.4714,29792.3597,16.4855,NA
gamemd.exe,18720,0x43D4320,D3D9,0,0,1,Hardware: Independent Flip,29824.1116,NA,16.37590000000000,16.41010000000000,1.57060000000000,4.62340000000000,4.7392,NA,29809.3979,16.2843,14.7137,1.5706,15.6925,3.6446,3.5732,0.0714,0.6281,29809.3979,8.6116,NA
gamemd.exe,18720,0x43D4320,D3D9,0,0,1,Hardware: Independent Flip,29840.0155,NA,15.90390000000000,16.49810000000000,2.07420000000000,5.16710000000000,5.3334,NA,29825.6822,16.4075,14.3333,2.0742,15.3195,4.1809,4.0198,0.1611,-0.2138,29825.6822,17.3901,NA
gamemd.exe,18720,0x43D4320,D3D9,0,0,1,Hardware: Independent Flip,29857.1412,NA,17.12570000000000,16.96700000000000,1.44910000000000,4.99990000000000,5.1747,NA,29842.0897,16.5006,15.0515,1.4491,15.7030,4.3484,3.8092,0.5392,-0.5595,29842.0897,18.3858,NA
gamemd.exe,18720,0x43D4320,D3D9,0,0,1,Hardware: Independent Flip,29873.5137,NA,16.37250000000000,16.20770000000000,2.35640000000000,4.89180000000000,5.0099,NA,29858.5903,17.2798,14.9234,2.3564,15.7140,4.1012,3.9663,0.1349,0.2929,29858.5903,18.5316,NA
gamemd.exe,18720,0x43D4320,D3D9,0,0,1,Hardware: Independent Flip,29890.3639,NA,16.85020000000000,16.33060000000000,1.96300000000000,4.34770000000000,4.4903,NA,29875.8701,16.4568,14.4938,1.9630,15.1215,3.7200,3.6527,0.0673,0.9492,29875.8701,18.8928,NA
gamemd.exe,18720,0x43D4320,D3D9,0,0,1,Hardware: Independent Flip,29907.0618,NA,16.69790000000000,16.99230000000000,1.87630000000000,4.66770000000000,4.7847,NA,29892.3269,16.6112,14.7349,1.8763,15.5017,3.9009,3.8550,0.0459,-0.5355,29892.3269,19.8687,NA
gamemd.exe,18720,0x43D4320,D3D9,0,0,1,Hardware: Independent Flip,29923.6931,NA,16.63130000000000,16.32670000000000,1.76360000000000,4.36660000000000,4.4801,NA,29908.9381,16.5186,14.7550,1.7636,15.4288,3.6928,3.6380,0.0548,0.2845,29908.9381,20.2155,NA
gamemd.exe,18720,0x43D4320,D3D9,0,0,1,Hardware: Independent Flip,29940.3219,NA,16.62880000000000,16.55770000000000,1.49110000000000,4.27720000000000,4.4090,NA,29925.4567,16.3563,14.8652,1.4911,15.4729,3.6695,3.5845,0.0850,-0.0391,29925.4567,20.7463,NA
gamemd.exe,18720,0x43D4320,D3D9,0,0,1,Hardware: Independent Flip,29956.7291,NA,16.40720000000000,16.40890000000000,1.30010000000000,4.28320000000000,4.4107,NA,29941.8130,16.2162,14.9161,1.3001,15.7074,3.4919,3.4277,0.0642,-0.0526,29941.8130,21.1405,NA
gamemd.exe,18720,0x43D4320,D3D9,0,0,1,Hardware: Independent Flip,29973.7499,NA,17.02080000000000,17.65460000000000,1.82450000000000,4.84840000000000,5.0445,NA,29958.0292,17.5452,15.7207,1.8245,16.3047,4.2644,4.1713,0.0931,-1.4384,29958.0292,22.8008,NA
gamemd.exe,18720,0x43D4320,D3D9,0,0,1,Hardware: Independent Flip,29990.1564,NA,16.40650000000000,16.12150000000000,1.42880000000000,4.58080000000000,4.7595,NA,29975.5744,16.0108,14.5820,1.4288,15.1736,3.9892,3.9251,0.0641,1.4237,29975.5744,22.9061,NA
gamemd.exe,18720,0x43D4320,D3D9,0,0,1,Hardware: Independent Flip,30006.6643,NA,16.50790000000000,16.26730000000000,1.18840000000000,4.38410000000000,4.5189,NA,29991.5852,16.2675,15.0791,1.1884,15.8153,3.6479,3.5850,0.0629,-0.2565,29991.5852,23.0771,NA
gamemd.exe,18720,0x43D4320,D3D9,0,0,1,Hardware: Independent Flip,30023.5873,NA,16.92300000000000,16.54920000000000,1.08970000000000,4.00530000000000,4.1451,NA,30007.8527,16.8243,15.7346,1.0897,16.2123,3.5276,3.4535,0.0741,-0.2817,30007.8527,23.7600,NA
gamemd.exe,18720,0x43D4320,D3D9,0,0,1,Hardware: Independent Flip,30040.6029,NA,17.01560000000000,17.24460000000000,1.12410000000000,4.24760000000000,4.3741,NA,30024.6770,17.0500,15.9259,1.1241,16.5209,3.6526,3.5833,0.0693,-0.4203,30024.6770,NA,NA
gamemd.exe,18720,0x43D4320,D3D9,0,0,1,Hardware: Independent Flip,30057.4254,NA,16.82250000000000,17.01820000000000,1.19290000000000,4.34180000000000,4.5698,NA,30041.7270,16.8913,15.6984,1.1929,16.2244,3.8158,3.6957,0.1201,0.0318,30041.7270,NA,NA
gamemd.exe,18720,0x43D4320,D3D9,0,0,1,Hardware: Independent Flip,30073.7278,NA,16.30240000000000,17.06730000000000,1.94870000000000,5.16730000000000,5.3347,NA,30058.6183,17.0582,15.1095,1.9487,15.8962,4.3806,4.2723,0.1083,-0.1760,30058.6183,NA,NA
gamemd.exe,18720,0x43D4320,D3D9,0,0,1,Hardware: Independent Flip,30090.4079,NA,16.68010000000000,15.90690000000000,1.59070000000000,4.42250000000000,4.5615,NA,30075.6765,16.3221,14.7314,1.5907,15.4388,3.7151,3.6434,0.0717,1.1513,30075.6765,26.9695,NA
gamemd.exe,18720,0x43D4320,D3D9,0,0,1,Hardware: Independent Flip,30107.1302,NA,16.72230000000000,16.36910000000000,1.18180000000000,4.08750000000000,4.2083,NA,30091.9986,16.3134,15.1316,1.1818,15.6504,3.5687,3.4905,0.0782,-0.0470,30091.9986,27.3338,NA
gamemd.exe,18720,0x43D4320,D3D9,0,0,1,Hardware: Independent Flip,30123.8363,NA,16.70610000000000,17.33030000000000,2.08060000000000,4.72490000000000,4.8325,NA,30108.3120,17.6049,15.5243,2.0806,16.5938,3.6554,3.5942,0.0612,-1.0169,30108.3120,12.7235,NA
gamemd.exe,18720,0x43D4320,D3D9,0,0,1,Hardware: Independent Flip,30140.4949,NA,16.65860000000000,16.31740000000000,1.34770000000000,4.35670000000000,4.4913,NA,30125.9169,15.9257,14.5780,1.3477,15.3769,3.5578,3.4988,0.0590,1.2875,30125.9169,12.9191,NA
gamemd.exe,18720,0x43D4320,D3D9,0,0,1,Hardware: Independent Flip,30157.0329,NA,16.53800000000000,17.09860000000000,1.57550000000000,4.91420000000000,5.0519,NA,30141.8426,16.7658,15.1903,1.5755,15.7691,4.3354,4.2280,0.1074,-1.1729,30141.8426,14.1456,NA
gamemd.exe,18720,0x43D4320,D3D9,0,0,1,Hardware: Independent Flip,30173.7079,NA,16.67500000000000,16.66890000000000,1.72790000000000,4.90890000000000,5.0458,NA,30158.6084,16.8274,15.0995,1.7279,15.8925,4.1159,4.0136,0.1023,0.0969,30158.6084,14.8131,NA
gamemd.exe,18720,0x43D4320,D3D9,0,0,1,Hardware: Independent Flip,30190.6584,NA,16.95050000000000,16.30840000000000,1.15730000000000,4.22400000000000,4.4037,NA,30175.4358,16.3799,15.2226,1.1573,15.7498,3.6968,3.6346,0.0622,0.5190,30175.4358,7.0963,NA
gamemd.exe,18720,0x43D4320,D3D9,0,0,1,Hardware: Independent Flip,30207.1532,NA,16.49480000000000,17.18850000000000,1.51220000000000,4.90510000000000,5.0974,NA,30191.8157,16.8497,15.3375,1.5122,16.1037,4.1389,4.0518,0.0871,-0.8086,30191.8157,16.2566,NA
gamemd.exe,18720,0x43D4320,D3D9,0,0,1,Hardware: Independent Flip,30224.2153,NA,17.06210000000000,16.39660000000000,1.29860000000000,4.30360000000000,4.4319,NA,30208.6654,16.8485,15.5499,1.2986,16.2444,3.6091,3.5568,0.0523,0.4531,30208.6654,8.4449,NA
gamemd.exe,18720,0x43D4320,D3D9,0,0,1,Hardware: Independent Flip,30240.6620,NA,16.44670000000000,16.76180000000000,1.71050000000000,4.62250000000000,4.7470,NA,30225.5139,16.8586,15.1481,1.7105,16.1318,3.6388,3.5582,0.0806,0.0867,30225.5139,17.4201,NA
gamemd.exe,18720,0x43D4320,D3D9,0,0,1,Hardware: Independent Flip,30256.7573,NA,16.09530000000000,16.72650000000000,2.55400000000000,5.22050000000000,5.3782,NA,30242.3725,16.9388,14.3848,2.5540,15.4105,4.1948,4.0946,0.1002,0.1321,30242.3725,NA,NA
gamemd.exe,18720,0x43D4320,D3D9,0,0,1,Hardware: Independent Flip,30273.4483,NA,16.69100000000000,16.23050000000000,1.63350000000000,4.76160000000000,4.9177,NA,30259.3113,15.7705,14.1370,1.6335,14.7243,4.1743,4.0500,0.1243,0.7083,30259.3113,NA,NA
gamemd.exe,18720,0x43D4320,D3D9,0,0,1,Hardware: Independent Flip,30290.4528,NA,17.00450000000000,16.57340000000000,1.48230000000000,4.34740000000000,4.4866,NA,30275.0818,16.8533,15.3710,1.4823,16.0047,3.7137,3.6494,0.0643,-0.8029,30275.0818,NA,NA
gamemd.exe,18720,0x43D4320,D3D9,0,0,1,Hardware: Independent Flip,30307.2097,NA,16.75690000000000,17.04280000000000,1.75460000000000,4.65070000000000,4.7725,NA,30291.9351,17.0292,15.2746,1.7546,16.2772,3.6481,3.5673,0.0808,-0.1895,30291.9351,NA,NA
gamemd.exe,18720,0x43D4320,D3D9,0,0,1,Hardware: Independent Flip,30323.8518,NA,16.64210000000000,16.36650000000000,1.77460000000000,4.38040000000000,4.4969,NA,30308.9643,16.6621,14.8875,1.7746,15.5469,3.7210,3.6477,0.0733,0.6627,30308.9643,20.2881,NA
gamemd.exe,18720,0x43D4320,D3D9,0,0,1,Hardware: Independent Flip,30340.6428,NA,16.79100000000000,17.31610000000000,2.49920000000000,4.86840000000000,5.0220,NA,30325.6264,17.5156,15.0164,2.4992,15.8717,4.0131,3.9327,0.0804,-0.6540,30325.6264,NA,NA
gamemd.exe,18720,0x43D4320,D3D9,0,0,1,Hardware: Independent Flip,30357.6538,NA,17.01100000000000,17.23860000000000,1.32060000000000,5.09590000000000,5.2496,NA,30343.1420,15.8324,14.5118,1.3206,15.1301,4.4776,3.8612,0.6164,0.2770,30343.1420,NA,NA
gamemd.exe,18720,0x43D4320,D3D9,0,0,1,Hardware: Independent Flip,30373.7981,NA,16.14430000000000,15.85150000000000,1.77880000000000,4.74080000000000,4.9568,NA,30358.9744,16.6025,14.8237,1.7788,15.4343,4.1302,4.0210,0.1092,-0.0191,30358.9744,NA,NA
gamemd.exe,18720,0x43D4320,D3D9,0,0,1,Hardware: Independent Flip,30390.1645,NA,16.36640000000000,15.94110000000000,2.01990000000000,4.40950000000000,4.5315,NA,30375.5769,16.6075,14.5876,2.0199,15.2123,3.7848,3.7108,0.0740,0.6614,30375.5769,NA,NA
gamemd.exe,18720,0x43D4320,D3D9,0,0,1,Hardware: Independent Flip,30407.0836,NA,16.91910000000000,16.61750000000000,0.96320000000000,4.09340000000000,4.2299,NA,30392.1844,15.8624,14.8992,0.9632,15.3929,3.5997,3.5518,0.0479,-0.0100,30392.1844,NA,NA
gamemd.exe,18720,0x43D4320,D3D9,0,0,1,Hardware: Independent Flip,30423.8295,NA,16.74590000000000,16.68290000000000,0.85100000000000,3.99690000000000,4.1669,NA,30408.0468,16.6337,15.7827,0.8510,16.2156,3.5640,3.5206,0.0434,-0.8205,30408.0468,NA,NA
gamemd.exe,18720,0x43D4320,D3D9,0,0,1,Hardware: Independent Flip,30440.4524,NA,16.62290000000000,16.69160000000000,0.76640000000000,4.09880000000000,4.2356,NA,30424.6805,16.5383,15.7719,0.7664,16.1347,3.7360,3.6582,0.0778,-0.0579,30424.6805,24.2906,NA
gamemd.exe,18720,0x43D4320,D3D9,0,0,1,Hardware: Independent Flip,30456.8531,NA,16.40070000000000,16.53960000000000,1.03540000000000,4.22320000000000,4.3745,NA,30441.2188,16.6697,15.6343,1.0354,16.1459,3.7116,3.6514,0.0602,-0.0013,30441.2188,33.2636,NA
gamemd.exe,18720,0x43D4320,D3D9,0,0,1,Hardware: Independent Flip,30473.4213,NA,16.56820000000000,17.39850000000000,1.61430000000000,5.02920000000000,5.2048,NA,30457.8885,17.1471,15.5328,1.6143,16.2185,4.3435,4.2639,0.0796,-0.7288,30457.8885,26.2547,NA
gamemd.exe,18720,0x43D4320,D3D9,0,0,1,Hardware: Independent Flip,30490.0257,NA,16.60440000000000,16.11090000000000,1.74530000000000,4.58300000000000,4.7113,NA,30475.0356,16.7354,14.9901,1.7453,15.7148,3.8583,3.7607,0.0976,1.0362,30475.0356,26.7358,NA
gamemd.exe,18720,0x43D4320,D3D9,0,0,1,Hardware: Independent Flip,30507.2134,NA,17.18770000000000,16.67020000000000,1.12990000000000,4.07780000000000,4.1938,NA,30491.7710,16.5723,15.4424,1.1299,15.9485,3.5717,3.5017,0.0700,0.0652,30491.7710,11.4346,NA
gamemd.exe,18720,0x43D4320,D3D9,0,0,1,Hardware: Independent Flip,30524.2585,NA,17.04510000000000,17.16050000000000,1.26230000000000,4.19850000000000,4.3092,NA,30508.3433,17.1775,15.9152,1.2623,16.4918,3.6219,3.5510,0.0709,-0.5882,30508.3433,12.6237,NA
gamemd.exe,18720,0x43D4320,D3D9,0,0,1,Hardware: Independent Flip,30540.7776,NA,16.51910000000000,16.52570000000000,1.12180000000000,4.18480000000000,4.3158,NA,30525.5208,16.3786,15.2568,1.1218,15.8236,3.6180,3.5629,0.0551,0.6518,30525.5208,13.1491,NA
gamemd.exe,18720,0x43D4320,D3D9,0,0,1,Hardware: Independent Flip,30557.2106,NA,16.43300000000000,16.53540000000000,1.38710000000000,4.24600000000000,4.4182,NA,30541.8994,16.6983,15.3112,1.3871,15.9803,3.5769,3.4732,0.1037,-0.1568,30541.8994,13.6744,NA
gamemd.exe,18720,0x43D4320,D3D9,0,0,1,Hardware: Independent Flip,30573.5231,NA,16.31250000000000,17.20510000000000,1.80250000000000,5.13920000000000,5.3108,NA,30558.5977,16.7279,14.9254,1.8025,15.5356,4.5290,4.4013,0.1277,-0.5068,30558.5977,6.8650,NA
gamemd.exe,18720,0x43D4320,D3D9,0,0,1,Hardware: Independent Flip,30590.2120,NA,16.68890000000000,16.40730000000000,2.31360000000000,4.88680000000000,5.0292,NA,30575.3256,17.2000,14.8864,2.3136,16.0684,3.7048,3.6458,0.0590,0.3206,30575.3256,7.2367,NA
gamemd.exe,18720,0x43D4320,D3D9,0,0,1,Hardware: Independent Flip,30606.9194,NA,16.70740000000000,16.38430000000000,1.73980000000000,4.59780000000000,4.7061,NA,30592.5256,16.1336,14.3938,1.7398,15.2964,3.6952,3.6375,0.0577,0.8157,30592.5256,7.5112,NA
gamemd.exe,18720,0x43D4320,D3D9,0,0,1,Hardware: Independent Flip,30623.6254,NA,16.70600000000000,16.45600000000000,1.63820000000000,4.32110000000000,4.4561,NA,30608.6592,16.6044,14.9662,1.6382,15.5519,3.7354,3.6888,0.0466,-0.3224,30608.6592,16.1549,NA
gamemd.exe,18720,0x43D4320,D3D9,0,0,1,Hardware: Independent Flip,30640.2062,NA,16.58080000000000,16.88980000000000,1.73500000000000,4.64330000000000,4.7651,NA,30625.2636,16.6776,14.9426,1.7350,15.7521,3.8338,3.7474,0.0864,-0.2854,30625.2636,16.9903,16.9903
gamemd.exe,18720,0x43D4320,D3D9,0,0,1,Hardware: Independent Flip,30657.0471,NA,16.84090000000000,16.44220000000000,1.52260000000000,4.25000000000000,4.3664,NA,30641.9412,16.6285,15.1059,1.5226,15.6690,3.6869,3.6349,0.0520,0.2354,30641.9412,17.4566,NA
gamemd.exe,18720,0x43D4320,D3D9,0,0,1,Hardware: Independent Flip,30673.7885,NA,16.74140000000000,17.66050000000000,1.34220000000000,5.10380000000000,5.2855,NA,30658.5697,16.5610,15.2188,1.3422,15.8416,4.4810,3.9665,0.5145,-1.0320,30658.5697,19.0996,NA
gamemd.exe,18720,0x43D4320,D3D9,0,0,1,Hardware: Independent Flip,30690.6156,NA,16.82710000000000,16.08580000000000,1.41490000000000,4.40050000000000,4.5442,NA,30675.1307,16.8998,15.4849,1.4149,16.1185,3.7669,3.6580,0.1089,0.4752,30675.1307,27.1711,NA
gamemd.exe,18720,0x43D4320,D3D9,0,0,1,Hardware: Independent Flip,30707.1743,NA,16.55870000000000,16.55560000000000,1.68020000000000,4.42820000000000,4.5411,NA,30692.0305,16.8240,15.1438,1.6802,15.6830,3.8890,3.8253,0.0637,0.3442,30692.0305,NA,NA
gamemd.exe,18720,0x43D4320,D3D9,0,0,1,Hardware: Independent Flip,30723.8987,NA,16.72440000000000,16.77150000000000,1.54690000000000,4.47680000000000,4.5882,NA,30708.8545,16.5911,15.0442,1.5469,16.0203,3.5007,3.4560,0.0447,0.0525,30708.8545,28.5285,28.5285
gamemd.exe,18720,0x43D4320,D3D9,0,0,1,Hardware: Independent Flip,30740.6037,NA,16.70500000000000,16.24130000000000,1.01490000000000,4.01020000000000,4.1245,NA,30725.4456,16.1730,15.1581,1.0149,15.6207,3.5476,3.4951,0.0525,0.3498,30725.4456,NA,NA
gamemd.exe,18720,0x43D4320,D3D9,0,0,1,Hardware: Independent Flip,30756.8910,NA,16.28730000000000,16.93150000000000,1.74240000000000,4.62120000000000,4.7687,NA,30741.6186,17.0148,15.2724,1.7424,16.3202,3.5734,3.4821,0.0913,-0.7585,30741.6186,NA,NA
gamemd.exe,18720,0x43D4320,D3D9,0,0,1,Hardware: Independent Flip,30773.8032,NA,16.91220000000000,16.99510000000000,1.63010000000000,4.70860000000000,4.8516,NA,30758.6334,16.7999,15.1698,1.6301,15.8186,4.0598,3.9588,0.1010,0.0197,30758.6334,NA,NA
gamemd.exe,18720,0x43D4320,D3D9,0,0,1,Hardware: Independent Flip,30790.2940,NA,16.49080000000000,15.80160000000000,0.94900000000000,4.02360000000000,4.1624,NA,30775.4333,15.8097,14.8607,0.9490,15.3876,3.4967,3.4363,0.0604,0.9983,30775.4333,NA,NA
gamemd.exe,18720,0x43D4320,D3D9,0,0,1,Hardware: Independent Flip,30806.9593,NA,16.66530000000000,17.03430000000000,1.22980000000000,4.37910000000000,4.5314,NA,30791.2430,16.9461,15.7163,1.2298,16.4791,3.6163,3.5546,0.0617,-1.2246,30791.2430,NA,NA
gamemd.exe,18720,0x43D4320,D3D9,0,0,1,Hardware: Independent Flip,30823.9043,NA,16.94500000000000,16.44900000000000,0.93900000000000,3.92410000000000,4.0354,NA,30808.1891,16.6542,15.7152,0.9390,16.1642,3.4751,3.4151,0.0600,0.4971,30808.1891,NA,NA
gamemd.exe,18720,0x43D4320,D3D9,0,0,1,Hardware: Independent Flip,30839.9244,NA,16.02010000000000,16.35300000000000,1.18050000000000,4.23080000000000,4.3683,NA,30824.8433,16.2616,15.0811,1.1805,15.7918,3.5201,3.4528,0.0673,0.3012,30824.8433,NA,NA
gamemd.exe,18720,0x43D4320,D3D9,0,0,1,Hardware: Independent Flip,30856.8265,NA,16.90210000000000,17.75820000000000,2.19340000000000,5.02580000000000,5.2244,NA,30841.1049,17.9150,15.7216,2.1934,16.6264,4.1210,3.9182,0.2028,-1.4966,30841.1049,NA,NA
gamemd.exe,18720,0x43D4320,D3D9,0,0,1,Hardware: Independent Flip,30873.4260,NA,16.59950000000000,16.36680000000000,2.39210000000000,4.87890000000000,4.9917,NA,30859.0199,16.7982,14.4061,2.3921,15.2463,4.0387,3.9768,0.0619,1.5482,30859.0199,NA,NA
gamemd.exe,18720,0x43D4320,D3D9,0,0,1,Hardware: Independent Flip,30890.4696,NA,17.04360000000000,16.16850000000000,1.02910000000000,3.99910000000000,4.1166,NA,30875.8181,15.6806,14.6515,1.0291,15.0605,3.5901,3.5376,0.0525,0.6297,30875.8181,NA,NA
gamemd.exe,18720,0x43D4320,D3D9,0,0,1,Hardware: Independent Flip,30907.2731,NA,16.80350000000000,16.99920000000000,1.00150000000000,4.15830000000000,4.3123,NA,30891.4987,16.7759,15.7744,1.0015,16.3006,3.6321,3.5835,0.0486,-1.3186,30891.4987,NA,NA
gamemd.exe,18720,0x43D4320,D3D9,0,0,1,Hardware: Independent Flip,30923.7140,NA,16.44090000000000,16.92290000000000,1.83570000000000,4.68150000000000,4.7943,NA,30908.2746,17.2751,15.4394,1.8357,16.3756,3.7453,3.6808,0.0645,-0.1470,30908.2746,NA,NA
gamemd.exe,18720,0x43D4320,D3D9,0,0,1,Hardware: Independent Flip,30940.7607,NA,17.04670000000000,16.48290000000000,1.11680000000000,4.09010000000000,4.2305,NA,30925.5497,16.3278,15.2110,1.1168,15.7900,3.5111,3.4578,0.0533,0.7922,30925.5497,13.0352,NA
gamemd.exe,18720,0x43D4320,D3D9,0,0,1,Hardware: Independent Flip,30957.1163,NA,16.35560000000000,16.31980000000000,1.30340000000000,4.03510000000000,4.1947,NA,30941.8775,16.5422,15.2388,1.3034,15.6933,3.5806,3.5049,0.0757,0.0080,30941.8775,13.3619,NA
gamemd.exe,18720,0x43D4320,D3D9,0,0,1,Hardware: Independent Flip,30974.1221,NA,17.00580000000000,17.66350000000000,1.79480000000000,4.71830000000000,4.8524,NA,30958.4197,17.4972,15.7024,1.7948,16.6335,3.7872,3.7002,0.0870,-1.1213,30958.4197,7.0144,NA
gamemd.exe,18720,0x43D4320,D3D9,0,0,1,Hardware: Independent Flip,30990.1436,NA,16.02150000000000,15.95830000000000,1.71540000000000,4.65570000000000,4.7892,NA,30975.9169,15.9421,14.2267,1.7154,15.2953,3.5871,3.5390,0.0481,1.5389,30975.9169,NA,NA
gamemd.exe,18720,0x43D4320,D3D9,0,0,1,Hardware: Independent Flip,31006.8510,NA,16.70740000000000,16.28370000000000,1.48960000000000,4.25800000000000,4.3655,NA,30991.8590,16.4816,14.9920,1.4896,15.5907,3.6593,3.6141,0.0452,-0.3416,30991.8590,NA,NA
gamemd.exe,18720,0x43D4320,D3D9,0,0,1,Hardware: Independent Flip,31023.5989,NA,16.74790000000000,16.85120000000000,1.39590000000000,4.35500000000000,4.4688,NA,31008.3406,16.6542,15.2583,1.3959,15.8679,3.7454,3.6728,0.0726,-0.3696,31008.3406,NA,NA
gamemd.exe,18720,0x43D4320,D3D9,0,0,1,Hardware: Independent Flip,31040.3587,NA,16.75980000000000,16.67820000000000,1.50410000000000,4.26110000000000,4.3872,NA,31024.9948,16.8680,15.3639,1.5041,15.9205,3.7045,3.6488,0.0557,-0.0240,31024.9948,NA,NA
gamemd.exe,18720,0x43D4320,D3D9,0,0,1,Hardware: Independent Flip,31057.1137,NA,16.75500000000000,17.33810000000000,2.16470000000000,4.78870000000000,4.9703,NA,31041.8628,17.4156,15.2509,2.1647,16.1514,3.8882,3.8002,0.0880,-0.4701,31041.8628,NA,NA
gamemd.exe,18720,0x43D4320,D3D9,0,0,1,Hardware: Independent Flip,31073.5325,NA,16.41880000000000,16.66580000000000,1.33850000000000,5.01830000000000,5.2173,NA,31059.2784,15.5926,14.2541,1.3385,14.8807,4.3917,3.8895,0.5022,0.7498,31059.2784,NA,NA
gamemd.exe,18720,0x43D4320,D3D9,0,0,1,Hardware: Independent Flip,31090.3261,NA,16.79360000000000,16.20090000000000,1.55630000000000,4.49450000000000,4.6246,NA,31074.8710,17.0114,15.4551,1.5563,16.0166,3.9330,3.8571,0.0759,-0.6083,31074.8710,18.9277,NA
gamemd.exe,18720,0x43D4320,D3D9,0,0,1,Hardware: Independent Flip,31106.8635,NA,16.53740000000000,16.47720000000000,2.00920000000000,4.45520000000000,4.5644,NA,31091.8824,16.9903,14.9811,2.0092,15.5619,3.8744,3.8090,0.0654,0.5342,31091.8824,19.4649,NA
gamemd.exe,18720,0x43D4320,D3D9,0,0,1,Hardware: Independent Flip,31123.6022,NA,16.73870000000000,16.74390000000000,1.38920000000000,4.42690000000000,4.5696,NA,31108.8727,16.1187,14.7295,1.3892,15.5883,3.5681,3.5191,0.0490,0.2464,31108.8727,20.1628,NA
gamemd.exe,18720,0x43D4320,D3D9,0,0,1,Hardware: Independent Flip,31140.5308,NA,16.92860000000000,16.79140000000000,1.01430000000000,4.28380000000000,4.4324,NA,31124.9914,16.5537,15.5394,1.0143,16.0801,3.7431,3.6704,0.0727,-0.6727,31124.9914,20.9083,NA
gamemd.exe,18720,0x43D4320,D3D9,0,0,1,Hardware: Independent Flip,31157.5516,NA,17.02080000000000,17.77880000000000,1.44760000000000,4.97580000000000,5.1904,NA,31141.5451,17.4541,16.0065,1.4476,16.6085,4.3738,3.8871,0.4867,-1.2251,31141.5451,22.7008,NA
gamemd.exe,18720,0x43D4320,D3D9,0,0,1,Hardware: Independent Flip,31173.2652,NA,15.71360000000000,15.44720000000000,2.01740000000000,4.80950000000000,4.9240,NA,31158.9992,16.2834,14.2660,2.0174,15.0033,4.0722,4.0064,0.0658,2.0069,31158.9992,21.7571,NA
gamemd.exe,18720,0x43D4320,D3D9,0,0,1,Hardware: Independent Flip,31190.1887,NA,16.92350000000000,16.34890000000000,1.41810000000000,4.21110000000000,4.3494,NA,31175.2826,16.3242,14.9061,1.4181,15.4383,3.6789,3.6016,0.0773,-0.0655,31175.2826,22.5122,NA
gamemd.exe,18720,0x43D4320,D3D9,0,0,1,Hardware: Independent Flip,31207.0116,NA,16.82290000000000,17.00840000000000,1.23990000000000,4.29040000000000,4.5349,NA,31191.6068,16.6447,15.4048,1.2399,15.9687,3.7265,3.6346,0.0919,-0.6842,31191.6068,23.5704,NA
gamemd.exe,18720,0x43D4320,D3D9,0,0,1,Hardware: Independent Flip,31223.5512,NA,16.53960000000000,16.82840000000000,2.27050000000000,4.61360000000000,4.8237,NA,31208.2515,17.5702,15.2997,2.2705,15.9991,3.9142,3.7475,0.1667,-0.1837,31208.2515,24.4080,NA
gamemd.exe,18720,0x43D4320,D3D9,0,0,1,Hardware: Independent Flip,31240.3128,NA,16.76160000000000,16.83700000000000,1.51440000000000,4.68740000000000,4.8991,NA,31225.8217,16.0055,14.4911,1.5144,15.2851,3.8934,3.7334,0.1600,0.7332,31225.8217,24.8254,NA
gamemd.exe,18720,0x43D4320,D3D9,0,0,1,Hardware: Independent Flip,31256.8031,NA,16.49030000000000,16.67560000000000,1.71070000000000,4.90870000000000,5.0844,NA,31241.8272,16.6866,14.9759,1.7107,15.5807,4.3039,4.1774,0.1265,-0.6701,31241.8272,25.8206,NA
gamemd.exe,18720,0x43D4320,D3D9,0,0,1,Hardware: Independent Flip,31273.5898,NA,16.78670000000000,17.32770000000000,1.67290000000000,5.41480000000000,5.6254,NA,31258.5138,16.7489,15.0760,1.6729,15.7639,4.7269,4.6010,0.1259,-0.6411,31258.5138,19.2639,NA
gamemd.exe,18720,0x43D4320,D3D9,0,0,1,Hardware: Independent Flip,31290.1946,NA,16.60480000000000,16.02210000000000,2.42590000000000,4.90180000000000,5.0427,NA,31275.2627,17.3578,14.9319,2.4259,15.8398,3.9939,3.9229,0.0710,0.7268,31275.2627,11.2861,NA
gamemd.exe,18720,0x43D4320,D3D9,0,0,1,Hardware: Independent Flip,31307.0880,NA,16.89340000000000,16.70270000000000,1.83600000000000,4.73290000000000,4.8520,NA,31292.6205,16.3035,14.4675,1.8360,15.5881,3.6123,3.5490,0.0633,0.6551,31292.6205,NA,NA
gamemd.exe,18720,0x43D4320,D3D9,0,0,1,Hardware: Independent Flip,31323.9682,NA,16.88020000000000,16.52170000000000,1.47130000000000,4.37780000000000,4.4935,NA,31308.9240,16.5155,15.0442,1.4713,15.8920,3.5300,3.4725,0.0575,-0.2182,31308.9240,12.5220,NA
gamemd.exe,18720,0x43D4320,D3D9,0,0,1,Hardware: Independent Flip,31340.7085,NA,16.74030000000000,16.46160000000000,0.94830000000000,4.07520000000000,4.2148,NA,31325.4395,16.2173,15.2690,0.9483,15.7334,3.6108,3.5393,0.0715,0.0539,31325.4395,12.9777,NA
gamemd.exe,18720,0x43D4320,D3D9,0,0,1,Hardware: Independent Flip,31356.8934,NA,16.18490000000000,17.76090000000000,1.36870000000000,5.55290000000000,5.7908,NA,31341.6568,16.6053,15.2366,1.3687,15.8419,4.9476,4.2590,0.6886,-1.5436,31341.6568,14.7435,NA
gamemd.exe,18720,0x43D4320,D3D9,0,0,1,Hardware: Independent Flip,31373.5053,NA,16.61190000000000,16.02730000000000,1.37260000000000,5.00030000000000,5.2062,NA,31358.2621,16.6158,15.2432,1.3726,15.8472,4.3963,3.9968,0.3995,0.5780,31358.2621,14.7722,NA
gamemd.exe,18720,0x43D4320,D3D9,0,0,1,Hardware: Independent Flip,31390.5223,NA,17.01700000000000,16.64320000000000,1.92320000000000,4.69660000000000,4.8324,NA,31374.8779,17.5676,15.6444,1.9232,16.7268,3.6142,3.5544,0.0598,-0.0274,31374.8779,7.3937,NA
gamemd.exe,18720,0x43D4320,D3D9,0,0,1,Hardware: Independent Flip,31407.7188,NA,17.19650000000000,16.54640000000000,1.07950000000000,4.06820000000000,4.1823,NA,31392.4455,16.3528,15.2733,1.0795,15.7225,3.6190,3.5445,0.0745,1.0212,31392.4455,7.8347,NA
gamemd.exe,18720,0x43D4320,D3D9,0,0,1,Hardware: Independent Flip,31423.9124,NA,16.19360000000000,16.72010000000000,1.73300000000000,4.57230000000000,4.7088,NA,31408.7983,16.8471,15.1141,1.7330,15.8468,3.8396,3.7804,0.0592,-0.3673,31408.7983,16.6481,NA
gamemd.exe,18720,0x43D4320,D3D9,0,0,1,Hardware: Independent Flip,31441.0393,NA,17.12690000000000,16.98520000000000,1.46760000000000,4.37320000000000,4.5671,NA,31425.6454,16.8615,15.3939,1.4676,16.0013,3.7658,3.6807,0.0851,-0.1381,31425.6454,9.5821,NA
gamemd.exe,18720,0x43D4320,D3D9,0,0,1,Hardware: Independent Flip,31457.1923,NA,16.15300000000000,16.33950000000000,1.44460000000000,4.63370000000000,4.7536,NA,31442.5069,16.1300,14.6854,1.4446,15.3120,4.0071,3.9109,0.0962,0.5220,31442.5069,18.0102,NA
gamemd.exe,18720,0x43D4320,D3D9,0,0,1,Hardware: Independent Flip,31473.3066,NA,16.11430000000000,16.22470000000000,2.27510000000000,4.75120000000000,4.8640,NA,31458.6369,16.9448,14.6697,2.2751,15.4936,3.9273,3.7752,0.1521,-0.0947,31458.6369,18.1461,NA
gamemd.exe,18720,0x43D4320,D3D9,0,0,1,Hardware: Independent Flip,31490.0299,NA,16.72330000000000,16.66910000000000,1.53280000000000,4.67680000000000,4.8098,NA,31475.5817,15.9810,14.4482,1.5328,15.1955,3.9295,3.7644,0.1651,0.2757,31475.5817,18.8990,NA
gamemd.exe,18720,0x43D4320,D3D9,0,0,1,Hardware: Independent Flip,31507.1729,NA,17.14300000000000,17.11670000000000,2.24850000000000,4.66850000000000,4.7835,NA,31491.5627,17.8587,15.6102,2.2485,16.4666,3.8121,3.7434,0.0687,-1.1357,31491.5627,19.7919,NA
gamemd.exe,18720,0x43D4320,D3D9,0,0,1,Hardware: Independent Flip,31523.6150,NA,16.44210000000000,16.49310000000000,2.43340000000000,4.72600000000000,4.8345,NA,31509.4214,16.6270,14.1936,2.4334,15.1254,3.7942,3.6941,0.1001,1.3656,31509.4214,20.3950,NA
gamemd.exe,18720,0x43D4320,D3D9,0,0,1,Hardware: Independent Flip,31540.3803,NA,16.76530000000000,16.90320000000000,2.22750000000000,4.80630000000000,4.9724,NA,31526.0484,16.5594,14.3319,2.2275,15.0622,4.0760,3.9928,0.0832,-0.2762,31526.0484,21.2614,NA
gamemd.exe,18720,0x43D4320,D3D9,0,0,1,Hardware: Independent Flip,31557.3931,NA,17.01280000000000,16.69670000000000,1.18620000000000,4.50810000000000,4.6563,NA,31542.6078,15.9715,14.7853,1.1862,15.3143,3.9791,3.8815,0.0976,-0.1373,31542.6078,22.0173,NA
gamemd.exe,18720,0x43D4320,D3D9,0,0,1,Hardware: Independent Flip,31573.7187,NA,16.32560000000000,16.58960000000000,1.49000000000000,4.65010000000000,4.9203,NA,31558.5793,16.6294,15.1394,1.4900,15.6936,4.0959,4.0021,0.0938,-0.6181,31558.5793,22.4405,NA
gamemd.exe,18720,0x43D4320,D3D9,0,0,1,Hardware: Independent Flip,31590.4565,NA,16.73780000000000,16.39530000000000,1.25360000000000,4.37750000000000,4.5778,NA,31575.2087,16.5014,15.2478,1.2536,15.7139,3.9114,3.8348,0.0766,0.2341,31575.2087,22.7870,NA
gamemd.exe,18720,0x43D4320,D3D9,0,0,1,Hardware: Independent Flip,31606.7259,NA,16.26940000000000,16.30150000000000,1.44660000000000,4.45870000000000,4.6099,NA,31591.7101,16.4624,15.0158,1.4466,15.5646,3.9099,3.8559,0.0540,0.1999,31591.7101,23.2669,NA
gamemd.exe,18720,0x43D4320,D3D9,0,0,1,Hardware: Independent Flip,31623.9860,NA,17.26010000000000,16.85530000000000,0.91940000000000,4.05290000000000,4.2051,NA,31608.1725,16.7329,15.8135,0.9194,16.2950,3.5714,3.4787,0.0927,-0.3929,31608.1725,23.9717,NA
gamemd.exe,18720,0x43D4320,D3D9,0,0,1,Hardware: Independent Flip,31640.1828,NA,16.19680000000000,16.68780000000000,1.12330000000000,4.48910000000000,4.6961,NA,31624.9054,16.4007,15.2774,1.1233,15.9198,3.8467,3.7565,0.0902,0.0451,31624.9054,24.5779,NA
gamemd.exe,18720,0x43D4320,D3D9,0,0,1,Hardware: Independent Flip,31657.3571,NA,17.17430000000000,17.54230000000000,2.23170000000000,4.87930000000000,5.0641,NA,31641.3061,18.2827,16.0510,2.2317,16.8813,4.0490,3.9509,0.0981,-1.1416,31641.3061,26.3966,NA
gamemd.exe,18720,0x43D4320,D3D9,0,0,1,Hardware: Independent Flip,31674.0302,NA,16.67310000000000,15.94400000000000,1.23210000000000,4.21980000000000,4.3350,NA,31659.5888,15.6735,14.4414,1.2321,15.0018,3.6594,3.5545,0.1049,2.3387,31659.5888,26.3141,NA
gamemd.exe,18720,0x43D4320,D3D9,0,0,1,Hardware: Independent Flip,31690.3097,NA,16.27950000000000,16.48690000000000,1.47600000000000,4.40330000000000,4.5424,NA,31675.2623,16.5234,15.0474,1.4760,15.9381,3.5126,3.4501,0.0625,-0.8134,31675.2623,26.8781,NA
gamemd.exe,18720,0x43D4320,D3D9,0,0,1,Hardware: Independent Flip,31707.4968,NA,17.18710000000000,16.79310000000000,1.09600000000000,4.03170000000000,4.1484,NA,31691.7857,16.8071,15.7111,1.0960,16.1479,3.5949,3.5214,0.0735,-0.2697,31691.7857,11.6778,NA
gamemd.exe,18720,0x43D4320,D3D9,0,0,1,Hardware: Independent Flip,31724.5793,NA,17.08250000000000,16.98430000000000,0.90940000000000,3.93670000000000,4.0502,NA,31708.5928,16.8959,15.9865,0.9094,16.3096,3.6136,3.5311,0.0825,-0.1772,31708.5928,12.6688,NA
gamemd.exe,18720,0x43D4320,D3D9,0,0,1,Hardware: Independent Flip,31741.0242,NA,16.44490000000000,16.81100000000000,1.20900000000000,4.26170000000000,4.4163,NA,31725.4887,16.7445,15.5355,1.2090,16.0670,3.7302,3.6512,0.0790,0.0849,31725.4887,13.4848,NA
gamemd.exe,18720,0x43D4320,D3D9,0,0,1,Hardware: Independent Flip,31756.8888,NA,15.86460000000000,16.32260000000000,1.56120000000000,4.75400000000000,4.8743,NA,31742.2332,16.2168,14.6556,1.5612,15.1829,4.2267,4.1368,0.0899,0.4219,31742.2332,5.8249,NA
gamemd.exe,18720,0x43D4320,D3D9,0,0,1,Hardware: Independent Flip,31773.4407,NA,16.55190000000000,16.69130000000000,2.39540000000000,4.89850000000000,5.0137,NA,31758.4500,17.3861,14.9907,2.3954,16.0194,3.8698,3.7980,0.0718,-0.4745,31758.4500,14.5258,NA
gamemd.exe,18720,0x43D4320,D3D9,0,0,1,Hardware: Independent Flip,31790.4472,NA,17.00650000000000,16.25110000000000,1.17510000000000,4.14590000000000,4.2583,NA,31775.8361,15.7862,14.6111,1.1751,15.2464,3.5106,3.4643,0.0463,1.1350,31775.8361,14.7447,NA
gamemd.exe,18720,0x43D4320,D3D9,0,0,1,Hardware: Independent Flip,31806.9563,NA,16.50910000000000,16.86780000000000,1.25150000000000,4.50460000000000,4.6170,NA,31791.6223,16.5855,15.3340,1.2515,16.1223,3.7163,3.6674,0.0489,-1.0816,31791.6223,NA,NA
gamemd.exe,18720,0x43D4320,D3D9,0,0,1,Hardware: Independent Flip,31823.4229,NA,16.46660000000000,16.18400000000000,1.60920000000000,4.21130000000000,4.3344,NA,31808.2078,16.8243,15.2151,1.6092,15.7815,3.6449,3.5972,0.0477,0.4015,31808.2078,NA,NA
gamemd.exe,18720,0x43D4320,D3D9,0,0,1,Hardware: Independent Flip,31840.0894,NA,16.66650000000000,17.42290000000000,1.50490000000000,4.90630000000000,5.0908,NA,31825.0321,16.5622,15.0573,1.5049,15.7772,4.1864,4.1064,0.0800,-0.5986,31825.0321,NA,NA
gamemd.exe,18720,0x43D4320,D3D9,0,0,1,Hardware: Independent Flip,31856.9216,NA,16.83220000000000,16.16980000000000,1.68440000000000,4.31590000000000,4.4284,NA,31841.5943,17.0117,15.3273,1.6844,15.9224,3.7208,3.6704,0.0504,0.3924,31841.5943,25.3552,NA
gamemd.exe,18720,0x43D4320,D3D9,0,0,1,Hardware: Independent Flip,31873.4638,NA,16.54220000000000,16.53780000000000,1.62530000000000,4.31530000000000,4.4240,NA,31858.6060,16.4831,14.8578,1.6253,15.4456,3.7275,3.6599,0.0676,0.4739,31858.6060,NA,NA
gamemd.exe,18720,0x43D4320,D3D9,0,0,1,Hardware: Independent Flip,31890.2448,NA,16.78100000000000,17.09030000000000,1.57690000000000,4.55520000000000,4.7333,NA,31875.0891,16.7326,15.1557,1.5769,15.9304,3.7805,3.7123,0.0682,-0.6072,31875.0891,19.0049,NA
gamemd.exe,18720,0x43D4320,D3D9,0,0,1,Hardware: Independent Flip,31907.1746,NA,16.92980000000000,17.22960000000000,2.03030000000000,4.83310000000000,5.0331,NA,31891.8217,17.3832,15.3529,2.0303,15.9338,4.2522,4.1290,0.1232,-0.4970,31891.8217,20.2699,NA
gamemd.exe,18720,0x43D4320,D3D9,0,0,1,Hardware: Independent Flip,31923.6617,NA,16.48710000000000,16.45970000000000,2.16150000000000,4.88230000000000,5.0057,NA,31909.2049,16.6183,14.4568,2.1615,15.1951,4.1440,4.0433,0.1007,0.9235,31909.2049,20.7127,NA
gamemd.exe,18720,0x43D4320,D3D9,0,0,1,Hardware: Independent Flip,31940.5614,NA,16.89970000000000,16.79410000000000,1.89660000000000,4.75540000000000,4.9001,NA,31925.8232,16.6348,14.7382,1.8966,15.7477,3.7459,3.6584,0.0875,-0.1758,31925.8232,21.4275,NA
gamemd.exe,18720,0x43D4320,D3D9,0,0,1,Hardware: Independent Flip,31956.6157,NA,16.05430000000000,15.91720000000000,1.56620000000000,4.64600000000000,4.7630,NA,31942.4580,15.7239,14.1577,1.5662,14.7461,4.0576,3.9729,0.0847,0.7176,31942.4580,21.2793,NA
gamemd.exe,18720,0x43D4320,D3D9,0,0,1,Hardware: Independent Flip,31973.3042,NA,16.68850000000000,16.58370000000000,1.81400000000000,4.52800000000000,4.6582,NA,31958.1819,16.9363,15.1223,1.8140,15.8047,3.8456,3.7762,0.0694,-0.8598,31958.1819,21.9271,NA
gamemd.exe,18720,0x43D4320,D3D9,0,0,1,Hardware: Independent Flip,31990.1665,NA,16.86230000000000,16.64150000000000,1.22850000000000,4.29840000000000,4.4374,NA,31975.1182,16.2768,15.0483,1.2285,15.7671,3.5796,3.5131,0.0665,0.2948,31975.1182,22.5660,NA
gamemd.exe,18720,0x43D4320,D3D9,0,0,1,Hardware: Independent Flip,32006.8572,NA,16.69070000000000,16.56940000000000,1.07500000000000,4.18380000000000,4.3161,NA,31991.3950,16.5372,15.4622,1.0750,16.0612,3.5848,3.5046,0.0802,-0.2926,31991.3950,23.2222,NA
gamemd.exe,18720,0x43D4320,D3D9,0,0,1,Hardware: Independent Flip,32023.4758,NA,16.61860000000000,16.91070000000000,1.47960000000000,4.46490000000000,4.6082,NA,32007.9322,17.0232,15.5436,1.4796,16.0384,3.9701,3.8759,0.0942,-0.3735,32007.9322,24.0450,NA
gamemd.exe,18720,0x43D4320,D3D9,0,0,1,Hardware: Independent Flip,32040.2394,NA,16.76360000000000,17.13060000000000,1.52770000000000,4.78540000000000,4.9752,NA,32024.9554,16.8117,15.2840,1.5277,15.8329,4.2365,4.1480,0.0885,-0.1074,32024.9554,25.2482,NA
gamemd.exe,18720,0x43D4320,D3D9,0,0,1,Hardware: Independent Flip,32057.0152,NA,16.77580000000000,16.55630000000000,1.70590000000000,4.63840000000000,4.7557,NA,32041.7671,16.9540,15.2481,1.7059,15.8330,4.0535,3.9688,0.0847,0.2554,32041.7671,25.8203,NA
gamemd.exe,18720,0x43D4320,D3D9,0,0,1,Hardware: Independent Flip,32073.8227,NA,16.80750000000000,16.30560000000000,1.13920000000000,4.12510000000000,4.2538,NA,32058.7211,16.2408,15.1016,1.1392,15.6843,3.5424,3.4929,0.0495,0.6484,32058.7211,NA,NA
gamemd.exe,18720,0x43D4320,D3D9,0,0,1,Hardware: Independent Flip,32090.2130,NA,16.39030000000000,16.51330000000000,1.23150000000000,4.26480000000000,4.3768,NA,32074.9619,16.4826,15.2511,1.2315,15.9121,3.6038,3.5465,0.0573,-0.2725,32074.9619,NA,NA
gamemd.exe,18720,0x43D4320,D3D9,0,0,1,Hardware: Independent Flip,32106.8354,NA,16.62240000000000,16.63610000000000,1.56950000000000,4.27560000000000,4.3905,NA,32091.4445,16.9604,15.3909,1.5695,15.9256,3.7409,3.6655,0.0754,-0.1535,32091.4445,NA,NA
gamemd.exe,18720,0x43D4320,D3D9,0,0,1,Hardware: Independent Flip,32123.6483,NA,16.81290000000000,16.83330000000000,1.34930000000000,4.29640000000000,4.4109,NA,32108.4049,16.5927,15.2434,1.3493,15.9317,3.6081,3.5335,0.0746,0.1271,32108.4049,NA,NA
gamemd.exe,18720,0x43D4320,D3D9,0,0,1,Hardware: Independent Flip,32140.5910,NA,16.94270000000000,17.13070000000000,1.24230000000000,4.38170000000000,4.5989,NA,32124.9976,16.8357,15.5934,1.2423,16.2049,3.7702,3.6940,0.0762,-0.5380,32124.9976,13.2269,NA
gamemd.exe,18720,0x43D4320,D3D9,0,0,1,Hardware: Independent Flip,32156.8636,NA,16.27260000000000,16.80520000000000,1.45380000000000,4.98410000000000,5.1315,NA,32141.8333,16.4841,15.0303,1.4538,15.5876,4.4268,4.2982,0.1286,0.0305,32141.8333,6.0068,NA
gamemd.exe,18720,0x43D4320,D3D9,0,0,1,Hardware: Independent Flip,32173.5528,NA,16.68920000000000,16.27530000000000,1.66980000000000,4.58530000000000,4.7176,NA,32158.3174,16.9052,15.2354,1.6698,16.1828,3.6379,3.5752,0.0627,0.2088,32158.3174,14.3358,NA
gamemd.exe,18720,0x43D4320,D3D9,0,0,1,Hardware: Independent Flip,32190.4919,NA,16.93910000000000,16.68880000000000,1.62950000000000,4.33640000000000,4.4673,NA,32175.2226,16.8988,15.2693,1.6295,15.9069,3.6988,3.6433,0.0555,0.2164,32175.2226,6.9700,NA
gamemd.exe,18720,0x43D4320,D3D9,0,0,1,Hardware: Independent Flip,32207.2085,NA,16.71660000000000,16.39610000000000,0.99210000000000,4.03590000000000,4.1468,NA,32192.1214,16.0792,15.0871,0.9921,15.4974,3.6256,3.5678,0.0578,0.5027,32192.1214,7.3685,NA
gamemd.exe,18720,0x43D4320,D3D9,0,0,1,Hardware: Independent Flip,32223.3433,NA,16.13480000000000,16.60900000000000,1.71340000000000,4.49660000000000,4.6210,NA,32208.2006,16.8561,15.1427,1.7134,16.0550,3.5843,3.5285,0.0558,-0.5298,32208.2006,7.7813,NA
gamemd.exe,18720,0x43D4320,D3D9,0,0,1,Hardware: Independent Flip,32240.6000,NA,17.25670000000000,17.54560000000000,1.80990000000000,4.74130000000000,4.9099,NA,32225.0567,17.3532,15.5433,1.8099,16.3858,3.8988,3.8113,0.0875,-0.6895,32225.0567,17.5156,NA
gamemd.exe,18720,0x43D4320,D3D9,0,0,1,Hardware: Independent Flip,32257.0370,NA,16.43700000000000,16.56560000000000,1.81400000000000,4.90000000000000,5.0385,NA,32242.4099,16.4411,14.6271,1.8140,15.4121,4.1150,4.0255,0.0895,0.7876,32242.4099,18.1441,NA
gamemd.exe,18720,0x43D4320,D3D9,0,0,1,Hardware: Independent Flip,32273.7028,NA,16.66580000000000,16.11440000000000,1.58240000000000,4.37330000000000,4.4871,NA,32258.8510,16.4342,14.8518,1.5824,15.4094,3.8157,3.7610,0.0547,0.3267,32258.8510,NA,NA
gamemd.exe,18720,0x43D4320,D3D9,0,0,1,Hardware: Independent Flip,32290.3671,NA,16.66430000000000,16.62580000000000,1.95770000000000,4.30590000000000,4.4486,NA,32275.2852,17.0396,15.0819,1.9577,15.6994,3.6884,3.6293,0.0591,-0.1916,32275.2852,NA,NA
gamemd.exe,18720,0x43D4320,D3D9,0,0,1,Hardware: Independent Flip,32307.0456,NA,16.67850000000000,16.78050000000000,1.40370000000000,4.38950000000000,4.5506,NA,32292.3248,16.1245,14.7208,1.4037,15.4068,3.7035,3.6565,0.0470,0.2591,32292.3248,19.6548,NA
gamemd.exe,18720,0x43D4320,D3D9,0,0,1,Hardware: Independent Flip,32323.6607,NA,16.61510000000000,16.80530000000000,1.52280000000000,4.57240000000000,4.7408,NA,32308.4493,16.7342,15.2114,1.5228,16.1823,3.6015,3.5525,0.0490,-0.6808,32308.4493,NA,NA
gamemd.exe,18720,0x43D4320,D3D9,0,0,1,Hardware: Independent Flip,32340.4020,NA,16.74130000000000,16.62150000000000,1.34680000000000,4.46260000000000,4.6210,NA,32325.1835,16.5653,15.2185,1.3468,15.7338,3.9473,3.8703,0.0770,0.1127,32325.1835,21.0081,NA
gamemd.exe,18720,0x43D4320,D3D9,0,0,1,Hardware: Independent Flip,32356.7897,NA,16.38770000000000,16.04620000000000,1.36260000000000,4.13790000000000,4.2795,NA,32341.7488,16.4035,15.0409,1.3626,15.7738,3.4050,3.3488,0.0562,0.5191,32341.7488,21.0763,NA
gamemd.exe,18720,0x43D4320,D3D9,0,0,1,Hardware: Independent Flip,32373.9532,NA,17.16350000000000,17.34350000000000,1.38410000000000,4.34900000000000,4.4595,NA,32358.1523,17.1850,15.8009,1.3841,16.5365,3.6134,3.5504,0.0630,-0.9400,32358.1523,22.4472,NA
gamemd.exe,18720,0x43D4320,D3D9,0,0,1,Hardware: Independent Flip,32390.2978,NA,16.34460000000000,16.16790000000000,1.04010000000000,4.15250000000000,4.2828,NA,32375.3373,16.0006,14.9605,1.0401,15.5153,3.5977,3.5471,0.0506,1.0171,32375.3373,22.6225,NA
gamemd.exe,18720,0x43D4320,D3D9,0,0,1,Hardware: Independent Flip,32406.6205,NA,16.32270000000000,16.50060000000000,1.23870000000000,4.32430000000000,4.4607,NA,32391.3379,16.5213,15.2826,1.2387,15.9731,3.6338,3.5831,0.0507,-0.5000,32391.3379,23.1289,NA
gamemd.exe,18720,0x43D4320,D3D9,0,0,1,Hardware: Independent Flip,32423.6378,NA,17.01730000000000,16.68670000000000,0.85890000000000,3.99050000000000,4.1301,NA,32407.8592,16.6375,15.7786,0.8589,16.1997,3.5694,3.4786,0.0908,-0.1654,32407.8592,23.8003,NA
gamemd.exe,18720,0x43D4320,D3D9,0,0,1,Hardware: Independent Flip,32440.4778,NA,16.84000000000000,17.37230000000000,1.21580000000000,4.42210000000000,4.6624,NA,32424.4967,17.1969,15.9811,1.2158,16.5434,3.8598,3.7523,0.1075,-0.7348,32424.4967,24.8475,NA
gamemd.exe,18720,0x43D4320,D3D9,0,0,1,Hardware: Independent Flip,32456.9628,NA,16.48500000000000,16.62640000000000,2.09780000000000,4.67820000000000,4.8038,NA,32441.6936,17.3670,15.2692,2.0978,16.0404,3.9070,3.8009,0.1061,0.5705,32441.6936,25.7318,NA
gamemd.exe,18720,0x43D4320,D3D9,0,0,1,Hardware: Independent Flip,32473.6294,NA,16.66660000000000,16.60290000000000,2.04290000000000,4.62650000000000,4.7401,NA,32459.0606,16.6117,14.5688,2.0429,15.2841,3.9112,3.8283,0.0829,0.7641,32459.0606,10.3791,NA
gamemd.exe,18720,0x43D4320,D3D9,0,0,1,Hardware: Independent Flip,32490.3310,NA,16.70160000000000,16.49060000000000,1.45480000000000,4.38110000000000,4.5291,NA,32475.6723,16.1135,14.6587,1.4548,15.4203,3.6195,3.5470,0.0725,0.1211,32475.6723,NA,NA
gamemd.exe,18720,0x43D4320,D3D9,0,0,1,Hardware: Independent Flip,32506.7492,NA,16.41820000000000,16.56400000000000,1.95370000000000,4.55310000000000,4.6749,NA,32491.7858,16.9171,14.9634,1.9537,15.6333,3.8832,3.7953,0.0879,-0.4505,32491.7858,11.4339,NA
gamemd.exe,18720,0x43D4320,D3D9,0,0,1,Hardware: Independent Flip,32523.5518,NA,16.80260000000000,17.28230000000000,1.96110000000000,5.03980000000000,5.1546,NA,32508.7029,16.8100,14.8489,1.9611,16.2069,3.6818,3.5902,0.0916,-0.3652,32508.7029,12.7546,NA
gamemd.exe,18720,0x43D4320,D3D9,0,0,1,Hardware: Independent Flip,32540.5662,NA,17.01440000000000,17.00880000000000,1.93730000000000,4.98890000000000,5.1490,NA,32525.5129,16.9906,15.0533,1.9373,15.8775,4.1647,3.9896,0.1751,-0.1988,32525.5129,13.7595,NA
gamemd.exe,18720,0x43D4320,D3D9,0,0,1,Hardware: Independent Flip,32556.9340,NA,16.36780000000000,16.30740000000000,1.87250000000000,4.92810000000000,5.0886,NA,32542.5035,16.3030,14.4305,1.8725,15.2504,4.1082,3.9703,0.1379,0.6832,32542.5035,14.0799,NA
gamemd.exe,18720,0x43D4320,D3D9,0,0,1,Hardware: Independent Flip,32573.6613,NA,16.72730000000000,16.06910000000000,1.32410000000000,4.28390000000000,4.4304,NA,32558.8065,16.1789,14.8548,1.3241,15.4846,3.6541,3.5993,0.0548,0.2339,32558.8065,14.1568,NA
gamemd.exe,18720,0x43D4320,D3D9,0,0,1,Hardware: Independent Flip,32590.4320,NA,16.77070000000000,16.93630000000000,1.49140000000000,4.46290000000000,4.5960,NA,32574.9854,16.9380,15.4466,1.4914,16.3573,3.5522,3.4928,0.0594,-0.7574,32574.9854,7.0773,NA
gamemd.exe,18720,0x43D4320,D3D9,0,0,1,Hardware: Independent Flip,32607.2274,NA,16.79540000000000,16.38230000000000,1.11790000000000,4.07240000000000,4.1829,NA,32591.9234,16.4219,15.3040,1.1179,15.7807,3.5957,3.5393,0.0564,0.5557,32591.9234,7.4594,NA
gamemd.exe,18720,0x43D4320,D3D9,0,0,1,Hardware: Independent Flip,32623.8953,NA,16.66790000000000,16.59770000000000,1.14470000000000,3.98090000000000,4.1127,NA,32608.3453,16.6947,15.5500,1.1447,15.9966,3.5343,3.4879,0.0464,-0.1758,32608.3453,7.8565,NA
gamemd.exe,18720,0x43D4320,D3D9,0,0,1,Hardware: Independent Flip,32640.6213,NA,16.72600000000000,17.53280000000000,1.82750000000000,4.74880000000000,4.9195,NA,32625.0400,17.4088,15.5813,1.8275,16.6804,3.6497,3.5668,0.0829,-0.8381,32625.0400,17.6104,NA
gamemd.exe,18720,0x43D4320,D3D9,0,0,1,Hardware: Independent Flip,32657.2391,NA,16.61780000000000,16.17860000000000,1.53420000000000,4.36640000000000,4.4803,NA,32642.4488,16.3245,14.7903,1.5342,15.2937,3.8630,3.7837,0.0793,1.2302,32642.4488,17.7812,NA
gamemd.exe,18720,0x43D4320,D3D9,0,0,1,Hardware: Independent Flip,32673.7500,NA,16.51090000000000,16.66440000000000,1.50460000000000,4.51650000000000,4.6338,NA,32658.7733,16.4813,14.9767,1.5046,15.6841,3.8091,3.7355,0.0736,-0.3399,32658.7733,18.3285,NA
gamemd.exe,18720,0x43D4320,D3D9,0,0,1,Hardware: Independent Flip,32689.9506,NA,16.20060000000000,16.21780000000000,1.48050000000000,4.54130000000000,4.6510,NA,32675.2546,16.1765,14.6960,1.4805,15.2990,3.9383,3.8680,0.0703,0.2635,32675.2546,18.6764,NA
gamemd.exe,18720,0x43D4320,D3D9,0,0,1,Hardware: Independent Flip,32706.8527,NA,16.90210000000000,17.19590000000000,2.53830000000000,4.83270000000000,4.9448,NA,32691.4311,17.9599,15.4216,2.5383,16.2244,4.0299,3.9433,0.0866,-1.0194,32691.4311,19.8426,NA
gamemd.exe,18720,0x43D4320,D3D9,0,0,1,Hardware: Independent Flip,32723.5671,NA,16.71440000000000,16.27820000000000,1.77160000000000,4.40020000000000,4.5086,NA,32709.3910,15.9477,14.1761,1.7716,14.8919,3.6844,3.6284,0.0560,1.6817,32709.3910,19.7901,NA
gamemd.exe,18720,0x43D4320,D3D9,0,0,1,Hardware: Independent Flip,32740.1300,NA,16.56290000000000,17.01680000000000,1.58530000000000,4.77190000000000,4.9625,NA,32725.3387,16.3766,14.7913,1.5853,15.3594,4.2038,4.1088,0.0950,-1.0691,32725.3387,21.1485,NA
gamemd.exe,18720,0x43D4320,D3D9,0,0,1,Hardware: Independent Flip,32756.8909,NA,16.76090000000000,16.28680000000000,1.25190000000000,4.36560000000000,4.4884,NA,32741.7153,16.4275,15.1756,1.2519,15.7108,3.8304,3.7465,0.0839,0.0898,32741.7153,21.3984,NA
gamemd.exe,18720,0x43D4320,D3D9,0,0,1,Hardware: Independent Flip,32773.8274,NA,16.93650000000000,16.68150000000000,1.01340000000000,4.07050000000000,4.2334,NA,32758.1428,16.6980,15.6846,1.0134,16.1790,3.5761,3.5284,0.0477,-0.2540,32758.1428,22.1173,NA
gamemd.exe,18720,0x43D4320,D3D9,0,0,1,Hardware: Independent Flip,32790.2773,NA,16.44990000000000,16.28260000000000,0.82790000000000,3.81410000000000,4.0661,NA,32774.8408,16.2644,15.4365,0.8279,15.8224,3.4282,3.3852,0.0430,0.4154,32774.8408,22.3784,NA
gamemd.exe,18720,0x43D4320,D3D9,0,0,1,Hardware: Independent Flip,32806.8521,NA,16.57480000000000,16.69230000000000,0.85820000000000,3.99540000000000,4.1836,NA,32791.1052,16.6051,15.7469,0.8582,16.1584,3.5839,3.5336,0.0503,-0.4279,32791.1052,23.0838,NA
gamemd.exe,18720,0x43D4320,D3D9,0,0,1,Hardware: Independent Flip,32823.4144,NA,16.56230000000000,16.64680000000000,1.17580000000000,4.12900000000000,4.2681,NA,32807.7103,16.8799,15.7041,1.1758,16.3918,3.4413,3.3950,0.0463,-0.0417,32807.7103,23.7074,NA
gamemd.exe,18720,0x43D4320,D3D9,0,0,1,Hardware: Independent Flip,32840.4180,NA,17.00360000000000,17.20090000000000,0.99570000000000,4.25400000000000,4.4654,NA,32824.5902,16.8235,15.8278,0.9957,16.3160,3.7658,3.6872,0.0786,-0.3210,32824.5902,24.5086,NA
gamemd.exe,18720,0x43D4320,D3D9,0,0,1,Hardware: Independent Flip,32857.2434,NA,16.82540000000000,17.17130000000000,2.07760000000000,4.68790000000000,4.8113,NA,32841.4137,17.9073,15.8297,2.0776,16.5376,3.9800,3.8353,0.1447,-0.3478,32841.4137,34.0943,NA
gamemd.exe,18720,0x43D4320,D3D9,0,0,1,Hardware: Independent Flip,32873.8139,NA,16.57050000000000,15.92150000000000,0.98120000000000,4.04820000000000,4.1623,NA,32859.3210,15.4741,14.4929,0.9812,14.8916,3.6495,3.5821,0.0674,1.9858,32859.3210,33.9792,33.9792
gamemd.exe,18720,0x43D4320,D3D9,0,0,1,Hardware: Independent Flip,32890.6137,NA,16.79980000000000,17.03580000000000,1.13760000000000,4.21430000000000,4.3983,NA,32874.7951,16.9562,15.8186,1.1376,16.4094,3.6235,3.5327,0.0908,-1.5617,32874.7951,NA,NA
gamemd.exe,18720,0x43D4320,D3D9,0,0,1,Hardware: Independent Flip,32907.3695,NA,16.75580000000000,17.46620000000000,2.08860000000000,4.98000000000000,5.1087,NA,32891.7513,17.7068,15.6182,2.0886,16.8695,3.7287,3.6388,0.0899,-0.5100,32891.7513,NA,NA
gamemd.exe,18720,0x43D4320,D3D9,0,0,1,Hardware: Independent Flip,32923.7372,NA,16.36770000000000,16.50660000000000,2.09440000000000,5.07630000000000,5.2476,NA,32909.4581,16.3735,14.2791,2.0944,14.9705,4.3849,4.2848,0.1001,1.2002,32909.4581,NA,NA
gamemd.exe,18720,0x43D4320,D3D9,0,0,1,Hardware: Independent Flip,32941.0450,NA,17.30780000000000,17.73640000000000,1.44700000000000,5.48560000000000,5.6762,NA,32925.8316,16.6604,15.2134,1.4470,15.8922,4.8068,4.3382,0.4686,-1.3629,32925.8316,22.7841,22.7841
gamemd.exe,18720,0x43D4320,D3D9,0,0,1,Hardware: Independent Flip,32957.0963,NA,16.05130000000000,15.90480000000000,1.33570000000000,5.35820000000000,5.5297,NA,32942.4920,15.9400,14.6043,1.3357,15.2579,4.7046,4.2368,0.4678,0.7556,32942.4920,NA,NA
gamemd.exe,18720,0x43D4320,D3D9,0,0,1,Hardware: Independent Flip,32973.6328,NA,16.53650000000000,16.19070000000000,1.28960000000000,4.99360000000000,5.1839,NA,32958.4320,16.4904,15.2008,1.2896,15.7789,4.4155,4.3068,0.1087,-0.2507,32958.4320,22.7941,22.7941
gamemd.exe,18720,0x43D4320,D3D9,0,0,1,Hardware: Independent Flip,32990.6165,NA,16.98370000000000,16.75220000000000,2.25570000000000,4.81700000000000,4.9524,NA,32974.9224,17.9498,15.6941,2.2557,16.6191,3.8920,3.8325,0.0595,-0.2618,32974.9224,NA,NA
gamemd.exe,18720,0x43D4320,D3D9,0,0,1,Hardware: Independent Flip,33007.3624,NA,16.74590000000000,16.01520000000000,1.02840000000000,4.10330000000000,4.2217,NA,32992.8722,15.5186,14.4902,1.0284,14.9916,3.6019,3.5500,0.0519,1.9346,32992.8722,NA,NA
gamemd.exe,18720,0x43D4320,D3D9,0,0,1,Hardware: Independent Flip,33023.6298,NA,16.26740000000000,16.57160000000000,1.94840000000000,4.41550000000000,4.5259,NA,33008.3908,17.1874,15.2390,1.9484,15.8922,3.7623,3.7045,0.0578,-1.0530,33008.3908,NA,NA
gamemd.exe,18720,0x43D4320,D3D9,0,0,1,Hardware: Independent Flip,33040.2665,NA,16.63670000000000,16.63420000000000,1.38030000000000,4.33920000000000,4.5234,NA,33025.5782,16.0686,14.6883,1.3803,15.2447,3.7828,3.7305,0.0523,0.5532,33025.5782,NA,NA
gamemd.exe,18720,0x43D4320,D3D9,0,0,1,Hardware: Independent Flip,33057.0362,NA,16.76970000000000,17.19290000000000,1.69090000000000,4.74790000000000,4.9466,NA,33041.6468,17.0803,15.3894,1.6909,15.9813,4.1560,4.0569,0.0991,-1.1243,33041.6468,17.9908,17.9908
gamemd.exe,18720,0x43D4320,D3D9,0,0,1,Hardware: Independent Flip,33073.7395,NA,16.70330000000000,16.86440000000000,1.56020000000000,4.90140000000000,5.1077,NA,33058.7271,16.5726,15.0124,1.5602,15.5965,4.3173,4.2452,0.0721,0.2159,33058.7271,NA,NA
gamemd.exe,18720,0x43D4320,D3D9,0,0,1,Hardware: Independent Flip,33090.4660,NA,16.72650000000000,16.20120000000000,1.29150000000000,4.43510000000000,4.5824,NA,33075.2997,16.4578,15.1663,1.2915,15.7353,3.8661,3.7842,0.0819,0.3714,33075.2997,NA,NA
gamemd.exe,18720,0x43D4320,D3D9,0,0,1,Hardware: Independent Flip,33106.9059,NA,16.43990000000000,16.32890000000000,1.70610000000000,4.36360000000000,4.4714,NA,33091.7575,16.8545,15.1484,1.7061,15.7131,3.7989,3.7419,0.0570,0.1289,33091.7575,19.4366,NA
gamemd.exe,18720,0x43D4320,D3D9,0,0,1,Hardware: Independent Flip,33123.5109,NA,16.60500000000000,16.84620000000000,1.62210000000000,4.59990000000000,4.7126,NA,33108.6120,16.5210,14.8989,1.6221,15.9366,3.5622,3.5034,0.0588,0.0083,33108.6120,20.2031,NA
gamemd.exe,18720,0x43D4320,D3D9,0,0,1,Hardware: Independent Flip,33141.1740,NA,17.66310000000000,17.35030000000000,1.19690000000000,4.18740000000000,4.3998,NA,33125.1330,17.2379,16.0410,1.1969,16.5702,3.6582,3.5931,0.0651,-0.8293,33125.1330,21.5017,NA
gamemd.exe,18720,0x43D4320,D3D9,0,0,1,Hardware: Independent Flip,33157.2398,NA,16.06580000000000,16.51930000000000,1.90180000000000,4.67990000000000,4.8533,NA,33142.3709,16.7707,14.8689,1.9018,15.5216,4.0272,3.8923,0.1349,0.7186,33142.3709,22.1390,NA
gamemd.exe,18720,0x43D4320,D3D9,0,0,1,Hardware: Independent Flip,33173.8093,NA,16.56950000000000,15.97380000000000,1.06120000000000,4.12160000000000,4.2576,NA,33159.1416,15.7289,14.6677,1.0612,15.2216,3.5677,3.4687,0.0990,0.7969,33159.1416,22.1086,NA
gamemd.exe,18720,0x43D4320,D3D9,0,0,1,Hardware: Independent Flip,33190.3317,NA,16.52240000000000,16.38560000000000,0.82830000000000,3.98650000000000,4.1208,NA,33174.8705,16.2895,15.4612,0.8283,15.8251,3.6226,3.5590,0.0636,-0.6567,33174.8705,22.4252,NA
gamemd.exe,18720,0x43D4320,D3D9,0,0,1,Hardware: Independent Flip,33206.7883,NA,16.45660000000000,16.50200000000000,0.81230000000000,3.98940000000000,4.1662,NA,33191.1600,16.4406,15.6283,0.8123,16.0030,3.6147,3.5416,0.0731,-0.2125,33191.1600,22.9821,NA
gamemd.exe,18720,0x43D4320,D3D9,0,0,1,Hardware: Independent Flip,33223.5463,NA,16.75800000000000,16.97720000000000,1.12560000000000,4.23330000000000,4.3854,NA,33207.6006,17.0713,15.9457,1.1256,16.6443,3.5347,3.4459,0.0888,-0.5366,33207.6006,23.9816,NA
gamemd.exe,18720,0x43D4320,D3D9,0,0,1,Hardware: Independent Flip,33239.9377,NA,16.39140000000000,16.65810000000000,1.22060000000000,4.48340000000000,4.6521,NA,33224.6719,16.4864,15.2658,1.2206,15.9936,3.7556,3.6612,0.0944,0.4132,33224.6719,24.3814,NA
gamemd.exe,18720,0x43D4320,D3D9,0,0,1,Hardware: Independent Flip,33257.0881,NA,17.15040000000000,17.76700000000000,2.12170000000000,5.09790000000000,5.2687,NA,33241.1583,18.0515,15.9298,2.1217,17.0450,3.9827,3.8358,0.1469,-1.2806,33241.1583,26.2801,NA
gamemd.exe,18720,0x43D4320,D3D9,0,0,1,Hardware: Independent Flip,33273.4874,NA,16.39930000000000,16.28170000000000,2.06100000000000,5.00260000000000,5.1511,NA,33259.2098,16.3386,14.2776,2.0610,14.8969,4.3833,4.2747,0.1086,1.7698,33259.2098,10.6356,NA
gamemd.exe,18720,0x43D4320,D3D9,0,0,1,Hardware: Independent Flip,33290.2731,NA,16.78570000000000,16.43230000000000,2.16960000000000,4.66080000000000,4.7977,NA,33275.5484,16.8943,14.7247,2.1696,15.4651,3.9204,3.8328,0.0876,-0.0937,33275.5484,11.1400,NA
gamemd.exe,18720,0x43D4320,D3D9,0,0,1,Hardware: Independent Flip,33306.8277,NA,16.55460000000000,16.94200000000000,2.36600000000000,5.02700000000000,5.1851,NA,33292.4427,16.7510,14.3850,2.3660,15.2057,4.2063,4.1251,0.0812,-0.0477,33292.4427,9.4185,NA
gamemd.exe,18720,0x43D4320,D3D9,0,0,1,Hardware: Independent Flip,33324.3060,NA,17.47830000000000,16.67200000000000,1.29340000000000,4.26370000000000,4.3788,NA,33309.1937,16.4057,15.1123,1.2934,15.8145,3.5615,3.5160,0.0455,0.0790,33309.1937,12.7540,NA
gamemd.exe,18720,0x43D4320,D3D9,0,0,1,Hardware: Independent Flip,33340.0614,NA,15.75540000000000,16.30030000000000,1.60830000000000,4.72860000000000,4.9237,NA,33325.5994,16.0703,14.4620,1.6083,15.4193,3.7713,3.7084,0.0629,0.1054,33325.5994,13.0431,NA
gamemd.exe,18720,0x43D4320,D3D9,0,0,1,Hardware: Independent Flip,33357.5060,NA,17.44460000000000,17.92870000000000,1.61730000000000,5.20590000000000,5.4078,NA,33341.6697,17.4536,15.8363,1.6173,16.3708,4.6714,4.1596,0.5118,-1.8584,33341.6697,6.7653,NA
gamemd.exe,18720,0x43D4320,D3D9,0,0,1,Hardware: Independent Flip,33373.9624,NA,16.45640000000000,15.63040000000000,1.52000000000000,4.45680000000000,4.5818,NA,33359.1233,16.3591,14.8391,1.5200,15.7350,3.5609,3.4984,0.0625,1.8232,33359.1233,14.5781,NA
gamemd.exe,18720,0x43D4320,D3D9,0,0,1,Hardware: Independent Flip,33390.5206,NA,16.55820000000000,16.22730000000000,1.30620000000000,4.09330000000000,4.2509,NA,33375.4824,16.3444,15.0382,1.3062,15.6213,3.5102,3.4273,0.0829,0.1318,33375.4824,14.8119,NA
gamemd.exe,18720,0x43D4320,D3D9,0,0,1,Hardware: Independent Flip,33407.0193,NA,16.49870000000000,16.49110000000000,1.11210000000000,4.12730000000000,4.2433,NA,33391.8268,16.3046,15.1925,1.1121,15.6873,3.6325,3.5767,0.0558,-0.1467,33391.8268,15.2685,NA
gamemd.exe,18720,0x43D4320,D3D9,0,0,1,Hardware: Independent Flip,33423.6369,NA,16.61760000000000,16.96900000000000,1.58890000000000,4.41630000000000,4.5947,NA,33408.1314,17.0944,15.5055,1.5889,16.3287,3.5931,3.5035,0.0896,-0.6644,33408.1314,8.0426,NA
gamemd.exe,18720,0x43D4320,D3D9,0,0,1,Hardware: Independent Flip,33440.2611,NA,16.62420000000000,16.73890000000000,2.08040000000000,4.57630000000000,4.7094,NA,33425.2258,17.1157,15.0353,2.0804,15.7966,3.8150,3.7349,0.0801,0.3555,33425.2258,8.9111,NA
gamemd.exe,18720,0x43D4320,D3D9,0,0,1,Hardware: Independent Flip,33457.2754,NA,17.01430000000000,17.18100000000000,2.11290000000000,4.65910000000000,4.8761,NA,33442.3415,17.0468,14.9339,2.1129,15.7294,3.8636,3.7353,0.1283,-0.0653,33442.3415,13.2802,NA
gamemd.exe,18720,0x43D4320,D3D9,0,0,1,Hardware: Independent Flip,33473.8314,NA,16.55600000000000,17.13010000000000,1.44900000000000,5.27420000000000,5.4502,NA,33459.3883,15.8921,14.4431,1.4490,15.1442,4.5731,3.9560,0.6171,-0.0833,33459.3883,19.3373,NA
gamemd.exe,18720,0x43D4320,D3D9,0,0,1,Hardware: Independent Flip,33490.1080,NA,16.27660000000000,15.74780000000000,1.38270000000000,4.75260000000000,4.9214,NA,33475.2804,16.2103,14.8276,1.3827,15.3144,4.2658,4.1636,0.1022,0.1443,33475.2804,19.0308,NA
gamemd.exe,18720,0x43D4320,D3D9,0,0,1,Hardware: Independent Flip,33506.9627,NA,16.85470000000000,16.75800000000000,2.26260000000000,4.68630000000000,4.8247,NA,33491.4907,17.7346,15.4720,2.2626,16.1297,4.0286,3.9250,0.1036,-0.5477,33491.4907,19.8202,NA
gamemd.exe,18720,0x43D4320,D3D9,0,0,1,Hardware: Independent Flip,33523.4579,NA,16.49520000000000,16.57090000000000,2.04870000000000,4.77230000000000,4.9004,NA,33509.2253,16.2813,14.2326,2.0487,14.8367,4.1682,4.0502,0.1180,1.1637,33509.2253,20.3815,NA
gamemd.exe,18720,0x43D4320,D3D9,0,0,1,Hardware: Independent Flip,33540.3920,NA,16.93410000000000,17.22610000000000,1.74740000000000,5.01940000000000,5.1924,NA,33525.5066,16.6328,14.8854,1.7474,15.6207,4.2841,4.2029,0.0812,-0.9448,33525.5066,21.6142,NA
gamemd.exe,18720,0x43D4320,D3D9,0,0,1,Hardware: Independent Flip,33556.8523,NA,16.46030000000000,17.73550000000000,2.38470000000000,6.24980000000000,6.4676,NA,33542.1394,17.0976,14.7129,2.3847,15.5459,5.4168,4.4418,0.9750,-1.1027,33542.1394,23.3512,NA
gamemd.exe,18720,0x43D4320,D3D9,0,0,1,Hardware: Independent Flip,33573.9160,NA,17.06370000000000,18.42300000000000,2.57990000000000,6.40630000000000,7.8269,NA,33559.2370,17.2589,14.6790,2.5799,16.1565,4.9288,4.1048,0.8240,-1.3254,33559.2370,25.6333,NA
gamemd.exe,18720,0x43D4320,D3D9,0,0,1,Hardware: Independent Flip,33590.6380,NA,16.72200000000000,14.53920000000000,1.48170000000000,5.32660000000000,5.6441,NA,33576.4959,15.6238,14.1421,1.4817,14.8001,4.6686,4.0246,0.6440,2.7197,33576.4959,24.2690,NA
gamemd.exe,18720,0x43D4320,D3D9,0,0,1,Hardware: Independent Flip,33607.2523,NA,16.61430000000000,15.90870000000000,2.22460000000000,4.74180000000000,4.9385,NA,33592.1197,17.3572,15.1326,2.2246,15.9575,3.9169,3.8074,0.1095,-0.2849,33592.1197,23.7120,NA
gamemd.exe,18720,0x43D4320,D3D9,0,0,1,Hardware: Independent Flip,33623.4396,NA,16.18730000000000,16.34460000000000,1.62430000000000,4.91480000000000,5.0958,NA,33609.4769,15.5870,13.9627,1.6243,14.4605,4.4170,4.3156,0.1014,1.0126,33609.4769,24.3313,NA
gamemd.exe,18720,0x43D4320,D3D9,0,0,1,Hardware: Independent Flip,33640.0270,NA,16.58740000000000,16.60250000000000,1.78790000000000,4.91570000000000,5.1109,NA,33625.0639,16.7510,14.9631,1.7879,15.7967,4.0821,3.9822,0.0999,-1.0155,33625.0639,24.7928,NA
gamemd.exe,18720,0x43D4320,D3D9,0,0,1,Hardware: Independent Flip,33657.4508,NA,17.42380000000000,16.86100000000000,1.31630000000000,4.33920000000000,4.5481,NA,33641.8149,16.9522,15.6359,1.3163,16.1842,3.7909,3.7018,0.0891,-0.1100,33641.8149,25.5060,NA
gamemd.exe,18720,0x43D4320,D3D9,0,0,1,Hardware: Independent Flip,33673.9582,NA,16.50740000000000,16.92810000000000,2.07870000000000,4.85660000000000,4.9688,NA,33658.7671,17.2698,15.1911,2.0787,16.3893,3.6584,3.5906,0.0678,0.0241,33658.7671,26.4077,NA
gamemd.exe,18720,0x43D4320,D3D9,0,0,1,Hardware: Independent Flip,33690.9465,NA,16.98830000000000,16.31250000000000,1.20220000000000,4.14850000000000,4.2930,NA,33676.0369,16.1118,14.9096,1.2022,15.5305,3.5276,3.4636,0.0640,0.9573,33676.0369,NA,NA
gamemd.exe,18720,0x43D4320,D3D9,0,0,1,Hardware: Independent Flip,33707.1471,NA,16.20060000000000,16.63870000000000,1.86980000000000,4.61650000000000,4.7311,NA,33692.1487,16.8682,14.9984,1.8698,15.7107,3.9042,3.8254,0.0788,-0.5269,33692.1487,NA,NA
gamemd.exe,18720,0x43D4320,D3D9,0,0,1,Hardware: Independent Flip,33723.7259,NA,16.57880000000000,16.51150000000000,1.64460000000000,4.52910000000000,4.6638,NA,33709.0169,16.3536,14.7090,1.6446,15.7602,3.4779,3.4100,0.0679,0.3567,33709.0169,NA,NA
gamemd.exe,18720,0x43D4320,D3D9,0,0,1,Hardware: Independent Flip,33740.3292,NA,16.60330000000000,16.18150000000000,1.06690000000000,4.13140000000000,4.2420,NA,33725.3705,16.0256,14.9587,1.0669,15.4420,3.6481,3.6011,0.0470,0.1721,33725.3705,20.4970,NA
gamemd.exe,18720,0x43D4320,D3D9,0,0,1,Hardware: Independent Flip,33756.8805,NA,16.55130000000000,17.42090000000000,2.41990000000000,4.97510000000000,5.1116,NA,33741.3961,17.9043,15.4844,2.4199,16.3962,4.0633,3.9530,0.1103,-1.3953,33741.3961,NA,NA
gamemd.exe,18720,0x43D4320,D3D9,0,0,1,Hardware: Independent Flip,33773.7525,NA,16.87200000000000,16.03200000000000,1.12800000000000,4.15900000000000,4.2716,NA,33759.3004,15.5801,14.4521,1.1280,15.0322,3.5789,3.5247,0.0542,1.8723,33759.3004,NA,NA
gamemd.exe,18720,0x43D4320,D3D9,0,0,1,Hardware: Independent Flip,33790.5039,NA,16.75140000000000,16.45790000000000,0.87080000000000,3.84490000000000,3.9781,NA,33774.8805,16.4942,15.6234,0.8708,16.0123,3.4560,3.3898,0.0662,-0.8778,33774.8805,NA,NA
gamemd.exe,18720,0x43D4320,D3D9,0,0,1,Hardware: Independent Flip,33806.3232,NA,15.81930000000000,15.41120000000000,1.27250000000000,3.41820000000000,3.5700,NA,33791.3747,16.2210,14.9485,1.2725,15.0520,3.3147,3.0646,0.2501,1.0830,33791.3747,21.8629,21.8629
gamemd.exe,18720,0x43D4320,D3D9,0,0,1,Hardware: Independent Flip,33823.8468,NA,17.52360000000000,18.72910000000000,1.73260000000000,4.66470000000000,4.7755,NA,33807.5957,17.9837,16.2511,1.7326,17.1357,3.7801,3.7101,0.0700,-2.5081,33807.5957,NA,NA
gamemd.exe,18720,0x43D4320,D3D9,0,0,1,Hardware: Independent Flip,33840.1716,NA,16.32480000000000,16.04400000000000,1.64790000000000,4.35850000000000,4.4947,NA,33825.5794,16.2401,14.5922,1.6479,15.1487,3.8020,3.7533,0.0487,1.9397,33825.5794,NA,NA
gamemd.exe,18720,0x43D4320,D3D9,0,0,1,Hardware: Independent Flip,33857.0976,NA,16.92600000000000,16.89190000000000,1.31150000000000,4.27800000000000,4.4606,NA,33841.8195,16.5896,15.2781,1.3115,15.9626,3.5935,3.5160,0.0775,-0.6518,33841.8195,17.5761,17.5761
gamemd.exe,18720,0x43D4320,D3D9,0,0,1,Hardware: Independent Flip,33873.5213,NA,16.42370000000000,17.37440000000000,1.51170000000000,5.24800000000000,5.4113,NA,33858.4091,16.6239,15.1122,1.5117,15.9000,4.4602,4.0515,0.4087,-0.7848,33858.4091,NA,NA
gamemd.exe,18720,0x43D4320,D3D9,0,0,1,Hardware: Independent Flip,33890.3001,NA,16.77880000000000,16.03990000000000,1.61240000000000,4.52990000000000,4.6724,NA,33875.0330,16.8795,15.2671,1.6124,16.0407,3.7563,3.6792,0.0771,0.5840,33875.0330,NA,NA
gamemd.exe,18720,0x43D4320,D3D9,0,0,1,Hardware: Independent Flip,33906.7053,NA,16.40520000000000,16.18160000000000,1.59760000000000,4.33480000000000,4.4488,NA,33891.9125,16.3904,14.7928,1.5976,15.4549,3.6727,3.6110,0.0617,0.6979,33891.9125,NA,NA
gamemd.exe,18720,0x43D4320,D3D9,0,0,1,Hardware: Independent Flip,33923.3998,NA,16.69450000000000,16.75290000000000,1.55170000000000,4.39290000000000,4.5072,NA,33908.3029,16.6486,15.0969,1.5517,15.6952,3.7946,3.7368,0.0578,-0.3625,33908.3029,NA,NA
gamemd.exe,18720,0x43D4320,D3D9,0,0,1,Hardware: Independent Flip,33940.4846,NA,17.08480000000000,16.64150000000000,0.79660000000000,3.95580000000000,4.0639,NA,33924.9515,16.3297,15.5331,0.7966,15.9021,3.5868,3.5445,0.0423,0.0071,33924.9515,NA,NA
gamemd.exe,18720,0x43D4320,D3D9,0,0,1,Hardware: Independent Flip,33956.6610,NA,16.17640000000000,17.08680000000000,1.77650000000000,4.81550000000000,4.9743,NA,33941.2812,17.1563,15.3798,1.7765,16.0720,4.1233,4.0219,0.1014,-0.7571,33941.2812,NA,NA
gamemd.exe,18720,0x43D4320,D3D9,0,0,1,Hardware: Independent Flip,33973.3994,NA,16.73840000000000,17.04100000000000,2.35940000000000,5.01890000000000,5.2769,NA,33958.4375,17.3213,14.9619,2.3594,15.7751,4.2057,4.0791,0.1266,0.1153,33958.4375,NA,NA
gamemd.exe,18720,0x43D4320,D3D9,0,0,1,Hardware: Independent Flip,33990.5633,NA,17.16390000000000,16.89320000000000,1.68040000000000,4.77940000000000,5.0062,NA,33975.7588,16.4849,14.8045,1.6804,15.5851,3.9988,3.9053,0.0935,0.4281,33975.7588,NA,NA
gamemd.exe,18720,0x43D4320,D3D9,0,0,1,Hardware: Independent Flip,34006.9765,NA,16.41320000000000,15.76750000000000,1.03770000000000,4.21060000000000,4.3605,NA,33992.2437,15.7705,14.7328,1.0377,15.2787,3.6647,3.6062,0.0585,0.7174,33992.2437,NA,NA
gamemd.exe,18720,0x43D4320,D3D9,0,0,1,Hardware: Independent Flip,34023.5069,NA,16.53040000000000,16.48790000000000,0.81680000000000,4.14390000000000,4.3180,NA,34008.0142,16.3095,15.4927,0.8168,15.9381,3.6985,3.6400,0.0585,-0.7174,34008.0142,NA,NA
gamemd.exe,18720,0x43D4320,D3D9,0,0,1,Hardware: Independent Flip,34040.2802,NA,16.77330000000000,16.99850000000000,0.96550000000000,4.36320000000000,4.5432,NA,34024.3237,16.9220,15.9565,0.9655,16.3653,3.9544,3.8698,0.0846,-0.6890,34024.3237,NA,NA
gamemd.exe,18720,0x43D4320,D3D9,0,0,1,Hardware: Independent Flip,34057.1099,NA,16.82970000000000,17.42600000000000,1.90470000000000,4.98800000000000,5.1395,NA,34041.2457,17.7689,15.8642,1.9047,16.9891,3.8631,3.7692,0.0939,-0.5040,34041.2457,36.0784,NA
gamemd.exe,18720,0x43D4320,D3D9,0,0,1,Hardware: Independent Flip,34073.7665,NA,16.65660000000000,15.90740000000000,1.15920000000000,4.27710000000000,4.3903,NA,34059.0146,15.9111,14.7519,1.1592,15.3521,3.6769,3.6044,0.0725,1.8615,34059.0146,NA,NA
gamemd.exe,18720,0x43D4320,D3D9,0,0,1,Hardware: Independent Flip,34090.2773,NA,16.51080000000000,16.37020000000000,1.00120000000000,4.13210000000000,4.2497,NA,34074.9257,16.3528,15.3516,1.0012,15.8198,3.6639,3.5717,0.0922,-0.4591,34074.9257,NA,NA
gamemd.exe,18720,0x43D4320,D3D9,0,0,1,Hardware: Independent Flip,34106.9828,NA,16.70550000000000,16.65520000000000,1.05060000000000,4.08430000000000,4.1994,NA,34091.2785,16.7549,15.7043,1.0506,16.2187,3.5699,3.5190,0.0509,-0.3024,34091.2785,NA,NA
gamemd.exe,18720,0x43D4320,D3D9,0,0,1,Hardware: Independent Flip,34123.7015,NA,16.71870000000000,16.53120000000000,1.05240000000000,3.90010000000000,4.0119,NA,34108.0334,16.7205,15.6681,1.0524,16.0848,3.4834,3.4303,0.0531,0.2237,34108.0334,NA,NA
gamemd.exe,18720,0x43D4320,D3D9,0,0,1,Hardware: Independent Flip,34140.3725,NA,16.67100000000000,17.61940000000000,1.81240000000000,4.78830000000000,4.9603,NA,34124.7539,17.4310,15.6186,1.8124,16.6572,3.7497,3.6589,0.0908,-0.8989,34124.7539,NA,NA
gamemd.exe,18720,0x43D4320,D3D9,0,0,1,Hardware: Independent Flip,34156.9307,NA,16.55820000000000,16.64520000000000,1.81390000000000,4.92790000000000,5.0473,NA,34142.1849,16.5597,14.7458,1.8139,15.4943,4.1794,4.0470,0.1324,0.7858,34142.1849,NA,NA
gamemd.exe,18720,0x43D4320,D3D9,0,0,1,Hardware: Independent Flip,34173.7359,NA,16.80520000000000,16.49480000000000,1.56020000000000,4.62010000000000,4.7369,NA,34158.7446,16.5515,14.9913,1.5602,15.9200,3.6914,3.6382,0.0532,0.0649,34158.7446,14.5340,NA
gamemd.exe,18720,0x43D4320,D3D9,0,0,1,Hardware: Independent Flip,34190.3617,NA,16.62580000000000,16.47840000000000,1.39820000000000,4.41590000000000,4.5895,NA,34175.2961,16.4638,15.0656,1.3982,15.9371,3.5444,3.4784,0.0660,0.0731,34175.2961,6.9966,NA
gamemd.exe,18720,0x43D4320,D3D9,0,0,1,Hardware: Independent Flip,34206.9437,NA,16.58200000000000,16.94320000000000,2.22280000000000,4.84120000000000,4.9507,NA,34191.7599,17.4066,15.1838,2.2228,16.2135,3.8115,3.7595,0.0520,-0.4794,34191.7599,7.6712,NA
gamemd.exe,18720,0x43D4320,D3D9,0,0,1,Hardware: Independent Flip,34223.8197,NA,16.87600000000000,16.11310000000000,1.12460000000000,4.05020000000000,4.1878,NA,34209.1665,15.7778,14.6532,1.1246,15.1130,3.5904,3.5085,0.0819,1.2935,34209.1665,7.8264,NA
gamemd.exe,18720,0x43D4320,D3D9,0,0,1,Hardware: Independent Flip,34240.1542,NA,16.33450000000000,16.81660000000000,1.43270000000000,4.49600000000000,4.6699,NA,34224.9443,16.6426,15.2099,1.4327,16.0848,3.6211,3.5699,0.0512,-1.0388,34224.9443,16.8754,NA
gamemd.exe,18720,0x43D4320,D3D9,0,0,1,Hardware: Independent Flip,34256.8289,NA,16.67470000000000,17.03970000000000,1.48640000000000,4.85930000000000,5.0349,NA,34241.5869,16.7284,15.2420,1.4864,15.8358,4.2655,4.1412,0.1243,-0.3971,34241.5869,17.8951,NA
gamemd.exe,18720,0x43D4320,D3D9,0,0,1,Hardware: Independent Flip,34273.3162,NA,16.48730000000000,16.48220000000000,2.18870000000000,4.91450000000000,5.0298,NA,34258.3153,17.1896,15.0009,2.1887,15.9360,3.9794,3.9013,0.0781,0.2462,34258.3153,18.3583,NA
gamemd.exe,18720,0x43D4320,D3D9,0,0,1,Hardware: Independent Flip,34290.3695,NA,17.05330000000000,16.86830000000000,1.98100000000000,4.71010000000000,4.8448,NA,34275.5049,16.8456,14.8646,1.9810,16.0466,3.5281,3.4616,0.0665,0.3213,34275.5049,19.2659,NA
gamemd.exe,18720,0x43D4320,D3D9,0,0,1,Hardware: Independent Flip,34307.1423,NA,16.77280000000000,16.65180000000000,1.83630000000000,4.61630000000000,4.7238,NA,34292.3505,16.6281,14.7918,1.8363,15.7756,3.6325,3.5448,0.0877,0.1938,34292.3505,19.9362,NA
gamemd.exe,18720,0x43D4320,D3D9,0,0,1,Hardware: Independent Flip,34323.5950,NA,16.45270000000000,16.50650000000000,1.67040000000000,4.66430000000000,4.7776,NA,34308.9786,16.2868,14.6164,1.6704,15.6895,3.5912,3.5397,0.0515,0.1216,34308.9786,20.3120,NA
gamemd.exe,18720,0x43D4320,D3D9,0,0,1,Hardware: Independent Flip,34340.6869,NA,17.09190000000000,17.46730000000000,2.03270000000000,5.01970000000000,5.1530,NA,34325.2654,17.4542,15.4215,2.0327,16.5916,3.8496,3.7646,0.0850,-1.1805,34325.2654,21.8884,NA
gamemd.exe,18720,0x43D4320,D3D9,0,0,1,Hardware: Independent Flip,34357.3192,NA,16.63230000000000,16.26530000000000,2.07380000000000,4.60650000000000,4.7860,NA,34342.7196,16.6734,14.5996,2.0738,15.3544,3.8517,3.7441,0.1076,1.1889,34342.7196,22.0400,NA
gamemd.exe,18720,0x43D4320,D3D9,0,0,1,Hardware: Independent Flip,34373.7053,NA,16.38610000000000,16.09590000000000,1.43180000000000,4.35670000000000,4.4958,NA,34359.3930,15.7441,14.3123,1.4318,15.0700,3.5990,3.5297,0.0693,0.5775,34359.3930,22.2491,NA
gamemd.exe,18720,0x43D4320,D3D9,0,0,1,Hardware: Independent Flip,34390.1699,NA,16.46460000000000,16.43550000000000,1.41300000000000,4.33770000000000,4.4667,NA,34375.1371,16.4458,15.0328,1.4130,15.5890,3.7815,3.7301,0.0514,-0.6914,34375.1371,22.6900,NA
gamemd.exe,18720,0x43D4320,D3D9,0,0,1,Hardware: Independent Flip,34407.3379,NA,17.16800000000000,16.97820000000000,0.91890000000000,4.12110000000000,4.2769,NA,34391.5829,16.6739,15.7550,0.9189,16.1985,3.6776,3.6103,0.0673,-0.5324,34391.5829,23.6486,NA
gamemd.exe,18720,0x43D4320,D3D9,0,0,1,Hardware: Independent Flip,34423.7919,NA,16.45400000000000,16.51500000000000,1.06150000000000,4.12500000000000,4.3379,NA,34408.2568,16.5966,15.5351,1.0615,16.0644,3.5957,3.4982,0.0975,0.1589,34408.2568,24.1638,NA
gamemd.exe,18720,0x43D4320,D3D9,0,0,1,Hardware: Independent Flip,34440.3265,NA,16.53460000000000,16.41550000000000,0.78330000000000,4.07540000000000,4.2188,NA,34424.8534,16.2564,15.4731,0.7833,15.8306,3.7179,3.6337,0.0842,0.1811,34424.8534,24.3380,NA
gamemd.exe,18720,0x43D4320,D3D9,0,0,1,Hardware: Independent Flip,34456.9933,NA,16.66680000000000,17.63140000000000,1.91470000000000,4.98400000000000,5.1834,NA,34441.1098,17.7982,15.8835,1.9147,16.5014,4.3661,4.2649,0.1012,-1.3750,34441.1098,26.1212,NA
gamemd.exe,18720,0x43D4320,D3D9,0,0,1,Hardware: Independent Flip,34473.5161,NA,16.52280000000000,16.74320000000000,2.15660000000000,5.19970000000000,5.4038,NA,34458.9080,16.7647,14.6081,2.1566,15.3136,4.4942,4.3540,0.1402,1.0550,34458.9080,26.9482,NA
gamemd.exe,18720,0x43D4320,D3D9,0,0,1,Hardware: Independent Flip,34490.7272,NA,17.21110000000000,16.01050000000000,1.08950000000000,4.07100000000000,4.2032,NA,34475.6727,16.1440,15.0545,1.0895,15.5549,3.5706,3.5189,0.0517,0.7542,34475.6727,10.9954,NA
gamemd.exe,18720,0x43D4320,D3D9,0,0,1,Hardware: Independent Flip,34507.1272,NA,16.40000000000000,17.34370000000000,2.18640000000000,5.00960000000000,5.1469,NA,34491.8167,17.4969,15.3105,2.1864,16.4887,3.8314,3.7591,0.0723,-1.1997,34491.8167,12.3294,NA
gamemd.exe,18720,0x43D4320,D3D9,0,0,1,Hardware: Independent Flip,34523.6636,NA,16.53640000000000,15.79190000000000,1.27100000000000,4.26210000000000,4.4024,NA,34509.3136,15.6210,14.3500,1.2710,14.9989,3.6132,3.4894,0.1238,1.7050,34509.3136,12.1143,NA
gamemd.exe,18720,0x43D4320,D3D9,0,0,1,Hardware: Independent Flip,34540.2483,NA,16.58470000000000,16.43000000000000,1.07780000000000,4.05070000000000,4.2477,NA,34524.9346,16.3915,15.3137,1.0778,15.7445,3.6199,3.5364,0.0835,-0.8090,34524.9346,12.5631,NA
gamemd.exe,18720,0x43D4320,D3D9,0,0,1,Hardware: Independent Flip,34557.1492,NA,16.90090000000000,17.96250000000000,1.99850000000000,5.14970000000000,5.3093,NA,34541.3261,17.8216,15.8231,1.9985,16.8358,4.1370,4.0407,0.0963,-1.5710,34541.3261,14.4892,NA
gamemd.exe,18720,0x43D4320,D3D9,0,0,1,Hardware: Independent Flip,34574.1498,NA,17.00060000000000,16.03380000000000,1.29380000000000,4.22870000000000,4.3425,NA,34559.1477,16.2959,15.0021,1.2938,15.5973,3.6335,3.5678,0.0657,1.7878,34559.1477,14.5573,NA
gamemd.exe,18720,0x43D4320,D3D9,0,0,1,Hardware: Independent Flip,34590.3927,NA,16.24290000000000,16.34850000000000,1.31290000000000,4.25700000000000,4.4481,NA,34575.4436,16.2620,14.9491,1.3129,15.6252,3.5809,3.5251,0.0558,-0.0526,34575.4436,6.9033,NA
gamemd.exe,18720,0x43D4320,D3D9,0,0,1,Hardware: Independent Flip,34607.3315,NA,16.93880000000000,16.70770000000000,1.02210000000000,4.11660000000000,4.2170,NA,34591.7056,16.6480,15.6259,1.0221,16.0689,3.6736,3.6138,0.0598,-0.4457,34591.7056,7.5627,NA
gamemd.exe,18720,0x43D4320,D3D9,0,0,1,Hardware: Independent Flip,34623.9158,NA,16.58430000000000,16.66730000000000,1.18870000000000,4.14150000000000,4.3000,NA,34608.3536,16.7509,15.5622,1.1887,16.1561,3.5476,3.4894,0.0582,-0.0193,34608.3536,8.0129,NA
gamemd.exe,18720,0x43D4320,D3D9,0,0,1,Hardware: Independent Flip,34640.4952,NA,16.57940000000000,16.75880000000000,1.25910000000000,4.32380000000000,4.4794,NA,34625.1045,16.6498,15.3907,1.2591,15.9451,3.7694,3.6768,0.0926,-0.0079,34625.1045,8.5998,NA
gamemd.exe,18720,0x43D4320,D3D9,0,0,1,Hardware: Independent Flip,34656.7314,NA,16.23620000000000,16.57170000000000,1.60550000000000,4.70260000000000,4.8149,NA,34641.7543,16.5826,14.9771,1.6055,15.6627,4.0170,3.9203,0.0967,0.0781,34641.7543,17.5898,NA
gamemd.exe,18720,0x43D4320,D3D9,0,0,1,Hardware: Independent Flip,34673.6087,NA,16.87730000000000,16.58870000000000,1.65100000000000,4.41740000000000,4.5263,NA,34658.3369,16.9228,15.2718,1.6510,15.9000,3.7892,3.7368,0.0524,-0.0061,34658.3369,18.0551,NA
gamemd.exe,18720,0x43D4320,D3D9,0,0,1,Hardware: Independent Flip,34690.0532,NA,16.44450000000000,16.61220000000000,1.66200000000000,4.56680000000000,4.6940,NA,34675.2597,16.4555,14.7935,1.6620,15.5012,3.8591,3.7501,0.1090,0.3106,34675.2597,18.7722,NA
gamemd.exe,18720,0x43D4320,D3D9,0,0,1,Hardware: Independent Flip,34706.6923,NA,16.63910000000000,16.54710000000000,1.56340000000000,4.48510000000000,4.6020,NA,34691.7152,16.5405,14.9771,1.5634,15.7987,3.6635,3.6122,0.0513,-0.0916,34691.7152,19.2402,NA
gamemd.exe,18720,0x43D4320,D3D9,0,0,1,Hardware: Independent Flip,34723.3722,NA,16.67990000000000,16.48120000000000,1.63740000000000,4.29490000000000,4.4033,NA,34708.2557,16.7539,15.1165,1.6374,15.7231,3.6883,3.6334,0.0549,0.0593,34708.2557,19.8350,NA
gamemd.exe,18720,0x43D4320,D3D9,0,0,1,Hardware: Independent Flip,34740.3703,NA,16.99810000000000,17.39640000000000,1.49710000000000,4.61100000000000,4.8016,NA,34725.0096,16.8578,15.3607,1.4971,15.9026,4.0691,3.9571,0.1120,-0.6425,34725.0096,21.1529,NA
gamemd.exe,18720,0x43D4320,D3D9,0,0,1,Hardware: Independent Flip,34757.0098,NA,16.63950000000000,16.24810000000000,1.54870000000000,4.28180000000000,4.4102,NA,34741.8674,16.6911,15.1424,1.5487,15.7564,3.6678,3.6256,0.0422,0.6097,34741.8674,21.4359,NA
gamemd.exe,18720,0x43D4320,D3D9,0,0,1,Hardware: Independent Flip,34773.4295,NA,16.41970000000000,16.34730000000000,1.22460000000000,4.21940000000000,4.3378,NA,34758.5585,16.0956,14.8710,1.2246,15.6109,3.4795,3.4363,0.0432,0.3438,34758.5585,21.8052,NA
gamemd.exe,18720,0x43D4320,D3D9,0,0,1,Hardware: Independent Flip,34790.3778,NA,16.94830000000000,16.55730000000000,0.80800000000000,3.80660000000000,3.9468,NA,34774.6541,16.5317,15.7237,0.8080,16.1359,3.3944,3.3408,0.0536,-0.4617,34774.6541,NA,NA
gamemd.exe,18720,0x43D4320,D3D9,0,0,1,Hardware: Independent Flip,34807.0743,NA,16.69650000000000,16.84390000000000,0.90920000000000,3.97020000000000,4.0942,NA,34791.1858,16.7977,15.8885,0.9092,16.2638,3.5949,3.5218,0.0731,-0.3122,34791.1858,NA,NA
gamemd.exe,18720,0x43D4320,D3D9,0,0,1,Hardware: Independent Flip,34824.1941,NA,17.11980000000000,17.17430000000000,0.95500000000000,3.97350000000000,4.1487,NA,34807.9835,17.1656,16.2106,0.9550,16.6438,3.5403,3.4595,0.0808,-0.3766,34807.9835,NA,NA
gamemd.exe,18720,0x43D4320,D3D9,0,0,1,Hardware: Independent Flip,34840.6468,NA,16.45270000000000,16.87140000000000,1.17320000000000,4.37180000000000,4.5674,NA,34825.1491,16.6709,15.4977,1.1732,16.0327,3.8368,3.7450,0.0918,0.2942,34825.1491,25.0850,NA
gamemd.exe,18720,0x43D4320,D3D9,0,0,1,Hardware: Independent Flip,34856.8932,NA,16.24640000000000,16.67320000000000,2.35430000000000,4.85310000000000,4.9942,NA,34841.8200,17.4275,15.0732,2.3543,15.9367,3.9896,3.8533,0.1363,-0.0023,34841.8200,25.9239,NA
gamemd.exe,18720,0x43D4320,D3D9,0,0,1,Hardware: Independent Flip,34873.7400,NA,16.84680000000000,15.95950000000000,1.09390000000000,3.99470000000000,4.1069,NA,34859.2475,15.5864,14.4925,1.0939,14.9545,3.5327,3.4610,0.0717,1.4680,34859.2475,9.9031,NA
gamemd.exe,18720,0x43D4320,D3D9,0,0,1,Hardware: Independent Flip,34890.5276,NA,16.78760000000000,16.75400000000000,1.08640000000000,3.93170000000000,4.0733,NA,34874.8339,16.7801,15.6937,1.0864,16.1281,3.4973,3.4309,0.0664,-1.1676,34874.8339,10.6256,NA
gamemd.exe,18720,0x43D4320,D3D9,0,0,1,Hardware: Independent Flip,34906.6799,NA,16.15230000000000,16.69740000000000,1.48720000000000,4.50710000000000,4.6184,NA,34891.6140,16.5531,15.0659,1.4872,15.9368,3.6362,3.5627,0.0735,0.0827,34891.6140,NA,NA
gamemd.exe,18720,0x43D4320,D3D9,0,0,1,Hardware: Independent Flip,34923.7357,NA,17.05580000000000,17.27820000000000,1.79300000000000,4.73000000000000,4.8408,NA,34908.1671,17.3616,15.5686,1.7930,16.6550,3.6436,3.5671,0.0765,-0.7251,34908.1671,12.6276,NA
gamemd.exe,18720,0x43D4320,D3D9,0,0,1,Hardware: Independent Flip,34940.6106,NA,16.87490000000000,17.13710000000000,2.40310000000000,4.93360000000000,5.1030,NA,34925.5287,17.4850,15.0819,2.4031,15.9924,4.0231,3.9280,0.0951,0.2245,34925.5287,13.7688,NA
gamemd.exe,18720,0x43D4320,D3D9,0,0,1,Hardware: Independent Flip,34957.1963,NA,16.58570000000000,16.26210000000000,2.08000000000000,4.66560000000000,4.7794,NA,34943.0137,16.2626,14.1826,2.0800,14.9818,3.8664,3.7871,0.0793,1.2229,34943.0137,14.0322,NA
gamemd.exe,18720,0x43D4320,D3D9,0,0,1,Hardware: Independent Flip,34973.8138,NA,16.61750000000000,15.97190000000000,1.23560000000000,4.02290000000000,4.1338,NA,34959.2763,15.7731,14.5375,1.2356,15.0283,3.5321,3.4825,0.0496,0.2907,34959.2763,14.0006,NA
gamemd.exe,18720,0x43D4320,D3D9,0,0,1,Hardware: Independent Flip,34990.4884,NA,16.67460000000000,17.85280000000000,1.92650000000000,5.15440000000000,5.3120,NA,34975.0494,17.3655,15.4390,1.9265,16.3297,4.2637,4.1069,0.1568,-2.0797,34975.0494,7.8407,NA
gamemd.exe,18720,0x43D4320,D3D9,0,0,1,Hardware: Independent Flip,35007.0807,NA,16.59230000000000,16.59840000000000,1.87520000000000,5.12270000000000,5.3181,NA,34992.4149,16.5410,14.6658,1.8752,15.4463,4.3422,4.1840,0.1582,0.7671,34992.4149,8.3577,NA
gamemd.exe,18720,0x43D4320,D3D9,0,0,1,Hardware: Independent Flip,35023.8355,NA,16.75480000000000,16.29420000000000,2.06610000000000,4.72970000000000,4.8575,NA,35008.9559,16.9457,14.8796,2.0661,15.7876,3.8217,3.7625,0.0592,0.2468,35008.9559,16.7162,NA
gamemd.exe,18720,0x43D4320,D3D9,0,0,1,Hardware: Independent Flip,35040.3623,NA,16.52680000000000,16.20930000000000,1.01910000000000,4.34330000000000,4.5400,NA,35025.9016,15.4798,14.4607,1.0191,14.9913,3.8127,3.7539,0.0588,0.7364,35025.9016,16.9057,NA
gamemd.exe,18720,0x43D4320,D3D9,0,0,1,Hardware: Independent Flip,35056.9559,NA,16.59360000000000,16.70770000000000,1.61210000000000,4.51380000000000,4.6541,NA,35041.3814,17.1866,15.5745,1.6121,16.1458,3.9425,3.8233,0.1192,-1.2279,35041.3814,17.6185,17.6185
gamemd.exe,18720,0x43D4320,D3D9,0,0,1,Hardware: Independent Flip,35073.8056,NA,16.84970000000000,16.46360000000000,1.07740000000000,4.14080000000000,4.2680,NA,35058.5680,16.3150,15.2376,1.0774,15.8132,3.5652,3.5115,0.0537,0.7230,35058.5680,NA,NA
gamemd.exe,18720,0x43D4320,D3D9,0,0,1,Hardware: Independent Flip,35090.3484,NA,16.54280000000000,16.38280000000000,0.96130000000000,3.99800000000000,4.1080,NA,35074.8830,16.4267,15.4654,0.9613,15.8735,3.5899,3.5337,0.0562,-0.0678,35074.8830,NA,NA
gamemd.exe,18720,0x43D4320,D3D9,0,0,1,Hardware: Independent Flip,35106.6789,NA,16.33050000000000,16.67010000000000,1.34740000000000,4.33740000000000,4.4476,NA,35091.3097,16.7166,15.3692,1.3474,15.8833,3.8233,3.7603,0.0630,-0.2434,35091.3097,NA,NA
gamemd.exe,18720,0x43D4320,D3D9,0,0,1,Hardware: Independent Flip,35123.4628,NA,16.78390000000000,16.87280000000000,2.05750000000000,4.42840000000000,4.5365,NA,35108.0263,17.4940,15.4365,2.0575,16.1729,3.6920,3.6370,0.0550,-0.1562,35108.0263,NA,NA
gamemd.exe,18720,0x43D4320,D3D9,0,0,1,Hardware: Independent Flip,35140.2986,NA,16.83580000000000,17.11100000000000,1.73690000000000,4.63500000000000,4.8117,NA,35125.5203,16.5152,14.7783,1.7369,15.7472,3.6661,3.5509,0.1152,0.3830,35125.5203,29.1582,29.1582
gamemd.exe,18720,0x43D4320,D3D9,0,0,1,Hardware: Independent Flip,35156.8018,NA,16.50320000000000,16.69160000000000,1.98240000000000,4.87640000000000,5.0001,NA,35142.0355,16.7487,14.7663,1.9824,15.6992,3.9435,3.8267,0.1168,-0.1764,35142.0355,NA,NA
gamemd.exe,18720,0x43D4320,D3D9,0,0,1,Hardware: Independent Flip,35173.5406,NA,16.73880000000000,16.00400000000000,1.02590000000000,4.11380000000000,4.2653,NA,35158.7842,15.7823,14.7564,1.0259,15.2881,3.5821,3.5240,0.0581,0.7447,35158.7842,NA,NA
gamemd.exe,18720,0x43D4320,D3D9,0,0,1,Hardware: Independent Flip,35190.0154,NA,16.47480000000000,16.53970000000000,1.18320000000000,4.19220000000000,4.3302,NA,35174.5665,16.6321,15.4489,1.1832,16.1489,3.4922,3.4229,0.0693,-0.7574,35174.5665,NA,NA
gamemd.exe,18720,0x43D4320,D3D9,0,0,1,Hardware: Independent Flip,35206.6410,NA,16.62560000000000,16.43540000000000,0.81220000000000,4.01080000000000,4.1400,NA,35191.1986,16.2546,15.4424,0.8122,15.8432,3.6100,3.5505,0.0595,0.1967,35191.1986,NA,NA
gamemd.exe,18720,0x43D4320,D3D9,0,0,1,Hardware: Independent Flip,35223.4741,NA,16.83310000000000,16.82340000000000,0.83080000000000,3.91770000000000,4.1303,NA,35207.4532,16.8517,16.0209,0.8308,16.3722,3.5664,3.4764,0.0900,-0.5688,35207.4532,NA,NA
gamemd.exe,18720,0x43D4320,D3D9,0,0,1,Hardware: Independent Flip,35240.0724,NA,16.59830000000000,17.41510000000000,1.56810000000000,4.78430000000000,4.9471,NA,35224.3049,17.3356,15.7675,1.5681,16.3213,4.2305,4.1161,0.1144,-0.5634,35224.3049,NA,NA
gamemd.exe,18720,0x43D4320,D3D9,0,0,1,Hardware: Independent Flip,35256.9992,NA,16.92680000000000,16.56270000000000,1.67170000000000,4.43380000000000,4.5830,NA,35241.6405,17.0304,15.3587,1.6717,15.9116,3.8809,3.7915,0.0894,0.7729,35241.6405,NA,NA
gamemd.exe,18720,0x43D4320,D3D9,0,0,1,Hardware: Independent Flip,35273.7637,NA,16.76450000000000,16.43260000000000,1.15130000000000,4.13130000000000,4.2511,NA,35258.6709,16.2441,15.0928,1.1513,15.6036,3.6205,3.5449,0.0756,0.5978,35258.6709,NA,NA
gamemd.exe,18720,0x43D4320,D3D9,0,0,1,Hardware: Independent Flip,35290.1440,NA,16.38030000000000,16.46470000000000,1.25720000000000,4.21490000000000,4.3355,NA,35274.9150,16.4862,15.2290,1.2572,15.8309,3.6130,3.5313,0.0817,-0.2206,35274.9150,10.4915,NA
gamemd.exe,18720,0x43D4320,D3D9,0,0,1,Hardware: Independent Flip,35307.0014,NA,16.85740000000000,17.02800000000000,1.36630000000000,4.33550000000000,4.5061,NA,35291.4012,16.9665,15.6002,1.3663,16.2284,3.7073,3.6030,0.1043,-0.5418,35291.4012,11.5169,NA
gamemd.exe,18720,0x43D4320,D3D9,0,0,1,Hardware: Independent Flip,35323.8857,NA,16.88430000000000,16.72790000000000,1.16830000000000,4.21680000000000,4.3497,NA,35308.3677,16.6863,15.5180,1.1683,16.0935,3.6413,3.5685,0.0728,0.2386,35308.3677,NA,NA
gamemd.exe,18720,0x43D4320,D3D9,0,0,1,Hardware: Independent Flip,35340.8257,NA,16.94000000000000,17.12270000000000,1.18610000000000,4.39080000000000,4.5324,NA,35325.0540,16.9578,15.7717,1.1861,16.3380,3.8245,3.7480,0.0765,-0.4364,35325.0540,13.3992,NA
gamemd.exe,18720,0x43D4320,D3D9,0,0,1,Hardware: Independent Flip,35357.0775,NA,16.25180000000000,16.92210000000000,1.97780000000000,5.00460000000000,5.2027,NA,35342.0118,17.0435,15.0657,1.9778,16.3110,3.7593,3.6762,0.0831,0.0357,35342.0118,14.3521,NA
gamemd.exe,18720,0x43D4320,D3D9,0,0,1,Hardware: Independent Flip,35373.9472,NA,16.86970000000000,16.24330000000000,1.22730000000000,4.40730000000000,4.5763,NA,35359.0553,16.1192,14.8919,1.2273,15.4268,3.8724,3.8229,0.0495,0.8002,35359.0553,14.5867,NA
gamemd.exe,18720,0x43D4320,D3D9,0,0,1,Hardware: Independent Flip,35390.1312,NA,16.18400000000000,16.47020000000000,1.48240000000000,4.67860000000000,4.8625,NA,35375.1745,16.4391,14.9567,1.4824,15.8768,3.7585,3.7119,0.0466,-0.3510,35375.1745,15.0126,NA
gamemd.exe,18720,0x43D4320,D3D9,0,0,1,Hardware: Independent Flip,35406.9942,NA,16.86300000000000,16.52610000000000,1.04920000000000,4.35430000000000,4.5256,NA,35391.6136,16.4298,15.3806,1.0492,15.8567,3.8782,3.8084,0.0698,-0.0870,35391.6136,7.5376,NA
gamemd.exe,18720,0x43D4320,D3D9,0,0,1,Hardware: Independent Flip,35423.8434,NA,16.84920000000000,16.82370000000000,1.17790000000000,4.26620000000000,4.5001,NA,35408.0434,16.9779,15.8000,1.1779,16.3491,3.7171,3.6388,0.0783,-0.3939,35408.0434,8.1107,NA
gamemd.exe,18720,0x43D4320,D3D9,0,0,1,Hardware: Independent Flip,35440.6547,NA,16.81130000000000,16.92640000000000,1.22230000000000,4.45570000000000,4.6152,NA,35425.0213,16.8557,15.6334,1.2223,16.2180,3.8711,3.7837,0.0874,0.0515,35425.0213,9.0424,NA
gamemd.exe,18720,0x43D4320,D3D9,0,0,1,Hardware: Independent Flip,35457.3732,NA,16.71850000000000,17.28320000000000,1.54970000000000,4.99680000000000,5.1799,NA,35441.8770,17.0459,15.4962,1.5497,16.2691,4.2239,4.0914,0.1325,-0.4275,35441.8770,18.6169,NA
gamemd.exe,18720,0x43D4320,D3D9,0,0,1,Hardware: Independent Flip,35473.5409,NA,16.16770000000000,15.80110000000000,2.24890000000000,4.70060000000000,4.8133,NA,35458.9229,16.8669,14.6180,2.2489,15.3213,3.9973,3.8746,0.1227,1.2448,35458.9229,18.3907,NA
gamemd.exe,18720,0x43D4320,D3D9,0,0,1,Hardware: Independent Flip,35490.4203,NA,16.87940000000000,16.83610000000000,1.95870000000000,4.63170000000000,4.7700,NA,35475.7898,16.5892,14.6305,1.9587,15.4993,3.7629,3.6887,0.0742,0.0308,35475.7898,27.0652,NA
gamemd.exe,18720,0x43D4320,D3D9,0,0,1,Hardware: Independent Flip,35507.0301,NA,16.60980000000000,16.35660000000000,1.39540000000000,4.38550000000000,4.5168,NA,35492.3790,16.0465,14.6511,1.3954,15.2953,3.7413,3.6776,0.0637,0.2326,35492.3790,NA,NA
gamemd.exe,18720,0x43D4320,D3D9,0,0,1,Hardware: Independent Flip,35523.2582,NA,16.22810000000000,16.15220000000000,1.38410000000000,4.29250000000000,4.4409,NA,35508.4255,16.2168,14.8327,1.3841,15.4241,3.7011,3.6242,0.0769,-0.1057,35508.4255,NA,NA
gamemd.exe,18720,0x43D4320,D3D9,0,0,1,Hardware: Independent Flip,35540.0884,NA,16.83020000000000,17.29620000000000,1.96140000000000,4.75060000000000,4.9069,NA,35524.6423,17.4075,15.4461,1.9614,16.1323,4.0644,3.9649,0.0995,-1.0794,35524.6423,NA,NA
gamemd.exe,18720,0x43D4320,D3D9,0,0,1,Hardware: Independent Flip,35556.9033,NA,16.81490000000000,15.98100000000000,1.31280000000000,3.94510000000000,4.0730,NA,35542.0498,16.1663,14.8535,1.3128,15.3448,3.4538,3.3942,0.0596,1.4265,35542.0498,29.0334,29.0334
gamemd.exe,18720,0x43D4320,D3D9,0,0,1,Hardware: Independent Flip,35573.9280,NA,17.02470000000000,17.20050000000000,1.26280000000000,4.13690000000000,4.2488,NA,35558.2161,16.9747,15.7119,1.2628,16.3270,3.5218,3.4520,0.0698,-1.0342,35558.2161,NA,NA
gamemd.exe,18720,0x43D4320,D3D9,0,0,1,Hardware: Independent Flip,35590.2575,NA,16.32950000000000,16.11270000000000,0.89050000000000,3.89160000000000,4.0320,NA,35575.1908,15.9572,15.0667,0.8905,15.4638,3.4945,3.4179,0.0766,0.8620,35575.1908,NA,NA
gamemd.exe,18720,0x43D4320,D3D9,0,0,1,Hardware: Independent Flip,35606.7244,NA,16.46690000000000,16.57180000000000,0.81020000000000,3.99490000000000,4.1369,NA,35591.1480,16.3866,15.5764,0.8102,15.9589,3.6124,3.5258,0.0866,-0.6146,35591.1480,NA,NA
gamemd.exe,18720,0x43D4320,D3D9,0,0,1,Hardware: Independent Flip,35623.6010,NA,16.87660000000000,16.73670000000000,0.77430000000000,3.87640000000000,3.9970,NA,35607.5346,16.8407,16.0664,0.7743,16.4349,3.5079,3.4497,0.0582,-0.3501,35607.5346,NA,NA
gamemd.exe,18720,0x43D4320,D3D9,0,0,1,Hardware: Independent Flip,35640.3311,NA,16.73010000000000,17.00970000000000,1.07310000000000,4.11010000000000,4.2766,NA,35624.3753,17.0289,15.9558,1.0731,16.4088,3.6571,3.5741,0.0830,-0.1690,35624.3753,NA,NA
gamemd.exe,18720,0x43D4320,D3D9,0,0,1,Hardware: Independent Flip,35657.3091,NA,16.97800000000000,17.20980000000000,1.49390000000000,4.38130000000000,4.5084,NA,35641.4042,17.3988,15.9049,1.4939,16.4700,3.8162,3.7414,0.0748,-0.1809,35641.4042,33.8668,33.8668
gamemd.exe,18720,0x43D4320,D3D9,0,0,1,Hardware: Independent Flip,35673.9799,NA,16.67080000000000,16.70490000000000,1.44540000000000,4.43020000000000,4.5425,NA,35658.8030,16.6223,15.1769,1.4454,16.0116,3.5955,3.5346,0.0609,0.6939,35658.8030,NA,NA
gamemd.exe,18720,0x43D4320,D3D9,0,0,1,Hardware: Independent Flip,35690.1231,NA,16.14320000000000,16.45530000000000,1.78630000000000,4.67400000000000,4.8546,NA,35675.4253,16.4841,14.6978,1.7863,15.5984,3.7734,3.6977,0.0757,0.1670,35675.4253,NA,NA
gamemd.exe,18720,0x43D4320,D3D9,0,0,1,Hardware: Independent Flip,35707.2532,NA,17.13010000000000,16.49560000000000,1.07550000000000,4.10700000000000,4.2201,NA,35691.9094,16.4193,15.3438,1.0755,15.7757,3.6751,3.6223,0.0528,-0.0115,35691.9094,19.5443,19.5443
gamemd.exe,18720,0x43D4320,D3D9,0,0,1,Hardware: Independent Flip,35723.8724,NA,16.61920000000000,16.60450000000000,1.06770000000000,4.09170000000000,4.2054,NA,35708.3287,16.6114,15.5437,1.0677,16.0591,3.5763,3.5174,0.0589,-0.1852,35708.3287,NA,NA
gamemd.exe,18720,0x43D4320,D3D9,0,0,1,Hardware: Independent Flip,35740.2354,NA,16.36300000000000,17.42060000000000,2.38970000000000,5.07300000000000,5.2630,NA,35724.9401,17.6850,15.2953,2.3897,16.1136,4.2547,4.0848,0.1699,-0.8092,35724.9401,NA,NA
gamemd.exe,18720,0x43D4320,D3D9,0,0,1,Hardware: Independent Flip,35756.8889,NA,16.65350000000000,16.21650000000000,1.89180000000000,4.69530000000000,4.8260,NA,35742.6251,16.1556,14.2638,1.8918,15.0497,3.9094,3.8395,0.0699,1.4685,35742.6251,NA,NA
gamemd.exe,18720,0x43D4320,D3D9,0,0,1,Hardware: Independent Flip,35774.3215,NA,17.43260000000000,16.72880000000000,0.98210000000000,4.00790000000000,4.1222,NA,35758.7807,16.5229,15.5408,0.9821,15.9497,3.5990,3.5469,0.0521,-0.5732,35758.7807,22.4665,22.4665
gamemd.exe,18720,0x43D4320,D3D9,0,0,1,Hardware: Independent Flip,35790.2764,NA,15.95490000000000,16.50610000000000,1.58980000000000,4.51580000000000,4.6734,NA,35775.3036,16.5626,14.9728,1.5898,15.9420,3.5466,3.4809,0.0657,0.0168,35775.3036,NA,NA
gamemd.exe,18720,0x43D4320,D3D9,0,0,1,Hardware: Independent Flip,35806.8129,NA,16.53650000000000,17.11950000000000,2.09720000000000,5.08690000000000,5.2564,NA,35791.8662,17.0439,14.9467,2.0972,15.8546,4.1790,4.0532,0.1258,-0.5569,35791.8662,7.8612,NA
gamemd.exe,18720,0x43D4320,D3D9,0,0,1,Hardware: Independent Flip,35823.9440,NA,17.13110000000000,16.57900000000000,1.70270000000000,4.57800000000000,4.7043,NA,35808.9101,16.7366,15.0339,1.7027,16.0011,3.6108,3.5309,0.0799,0.4649,35808.9101,8.4167,NA
gamemd.exe,18720,0x43D4320,D3D9,0,0,1,Hardware: Independent Flip,35840.8942,NA,16.95020000000000,16.68680000000000,1.28080000000000,4.28340000000000,4.4409,NA,35825.6467,16.5283,15.2475,1.2808,15.8302,3.7007,3.6147,0.0860,0.0498,35825.6467,9.3472,NA
gamemd.exe,18720,0x43D4320,D3D9,0,0,1,Hardware: Independent Flip,35856.8221,NA,15.92790000000000,16.29130000000000,1.45290000000000,4.66850000000000,4.8043,NA,35842.1750,16.1000,14.6471,1.4529,15.3582,3.9574,3.8594,0.0980,0.2370,35842.1750,17.6952,NA
gamemd.exe,18720,0x43D4320,D3D9,0,0,1,Hardware: Independent Flip,35873.6308,NA,16.80870000000000,16.64220000000000,1.82290000000000,4.52820000000000,4.6378,NA,35858.2750,17.1787,15.3558,1.8229,16.0237,3.8603,3.7885,0.0718,-0.5422,35858.2750,18.3105,NA
gamemd.exe,18720,0x43D4320,D3D9,0,0,1,Hardware: Independent Flip,35890.3321,NA,16.70130000000000,16.42490000000000,1.70120000000000,4.25180000000000,4.3614,NA,35875.4537,16.5796,14.8784,1.7012,15.4105,3.7197,3.6557,0.0640,0.7538,35875.4537,18.6770,NA
gamemd.exe,18720,0x43D4320,D3D9,0,0,1,Hardware: Independent Flip,35907.2135,NA,16.88140000000000,17.06400000000000,1.77090000000000,4.42520000000000,4.5440,NA,35892.0333,16.9511,15.1802,1.7709,15.8343,3.7711,3.7204,0.0507,-0.4844,35892.0333,19.8289,NA
gamemd.exe,18720,0x43D4320,D3D9,0,0,1,Hardware: Independent Flip,35923.3887,NA,16.17520000000000,16.50710000000000,1.79800000000000,4.72130000000000,4.8759,NA,35908.9844,16.2023,14.4043,1.7980,15.1001,4.0255,3.9195,0.1060,0.4440,35908.9844,20.2820,NA
gamemd.exe,18720,0x43D4320,D3D9,0,0,1,Hardware: Independent Flip,35940.2367,NA,16.84800000000000,16.84250000000000,2.45160000000000,4.72080000000000,4.8704,NA,35925.1867,17.5016,15.0500,2.4516,15.9689,3.8019,3.7276,0.0743,-0.6402,35925.1867,21.1543,NA
gamemd.exe,18720,0x43D4320,D3D9,0,0,1,Hardware: Independent Flip,35956.8637,NA,16.62700000000000,16.48880000000000,1.71410000000000,4.59450000000000,4.7322,NA,35942.6883,15.8895,14.1754,1.7141,14.7666,4.0033,3.9102,0.0931,1.0128,35942.6883,21.5899,NA
gamemd.exe,18720,0x43D4320,D3D9,0,0,1,Hardware: Independent Flip,35973.4540,NA,16.59030000000000,16.67480000000000,1.35060000000000,4.65930000000000,4.8167,NA,35958.5778,16.2268,14.8762,1.3506,15.4323,4.1032,3.9814,0.1218,-0.7853,35958.5778,22.2571,NA
gamemd.exe,18720,0x43D4320,D3D9,0,0,1,Hardware: Independent Flip,35990.5958,NA,17.14180000000000,16.55690000000000,0.91580000000000,4.05420000000000,4.2318,NA,35974.8046,16.7070,15.7912,0.9158,16.2064,3.6390,3.6014,0.0376,-0.3301,35974.8046,22.7026,NA
gamemd.exe,18720,0x43D4320,D3D9,0,0,1,Hardware: Independent Flip,36006.5369,NA,15.94110000000000,16.18560000000000,0.79680000000000,4.24590000000000,4.4763,NA,35991.5116,15.8221,15.0253,0.7968,15.3951,3.8761,3.6404,0.2357,0.5214,35991.5116,NA,NA
gamemd.exe,18720,0x43D4320,D3D9,0,0,1,Hardware: Independent Flip,36023.4641,NA,16.92720000000000,16.67850000000000,0.79420000000000,4.03760000000000,4.2276,NA,36007.3337,16.9246,16.1304,0.7942,16.5164,3.6516,3.5708,0.0808,-0.8564,36007.3337,NA,NA
gamemd.exe,18720,0x43D4320,D3D9,0,0,1,Hardware: Independent Flip,36040.5508,NA,17.08670000000000,18.47730000000000,1.56360000000000,5.43300000000000,5.6182,NA,36024.2583,17.8561,16.2925,1.5636,17.0323,4.6932,4.5842,0.1090,-1.5527,36024.2583,26.0672,NA
gamemd.exe,18720,0x43D4320,D3D9,0,0,1,Hardware: Independent Flip,36057.1397,NA,16.58890000000000,15.88180000000000,1.90420000000000,4.75000000000000,4.9111,NA,36042.1144,16.9295,15.0253,1.9042,16.0697,3.7056,3.6048,0.1008,1.9743,36042.1144,NA,NA
gamemd.exe,18720,0x43D4320,D3D9,0,0,1,Hardware: Independent Flip,36073.8550,NA,16.71530000000000,16.80330000000000,1.84470000000000,4.86890000000000,4.9991,NA,36059.0439,16.6558,14.8111,1.8447,15.8370,3.8430,3.7475,0.0955,0.1262,36059.0439,26.3691,NA
gamemd.exe,18720,0x43D4320,D3D9,0,0,1,Hardware: Independent Flip,36090.6468,NA,16.79180000000000,16.56400000000000,2.15080000000000,4.64040000000000,4.7713,NA,36075.6997,17.0979,14.9471,2.1508,15.7131,3.8744,3.7719,0.1025,0.0918,36075.6997,NA,NA
gamemd.exe,18720,0x43D4320,D3D9,0,0,1,Hardware: Independent Flip,36106.8159,NA,16.16910000000000,15.82430000000000,1.50720000000000,4.31540000000000,4.4265,NA,36092.7976,15.5255,14.0183,1.5072,14.7609,3.5728,3.4925,0.0803,1.2736,36092.7976,27.2832,NA
gamemd.exe,18720,0x43D4320,D3D9,0,0,1,Hardware: Independent Flip,36123.7681,NA,16.95220000000000,17.18920000000000,1.65880000000000,4.55280000000000,4.6635,NA,36108.3231,17.1038,15.4450,1.6588,16.4452,3.5526,3.4934,0.0592,-1.6637,36108.3231,12.4763,NA
gamemd.exe,18720,0x43D4320,D3D9,0,0,1,Hardware: Independent Flip,36140.0588,NA,16.29070000000000,16.45380000000000,1.61820000000000,4.64990000000000,4.8266,NA,36125.4269,16.2501,14.6319,1.6182,15.6303,3.6515,3.5872,0.0643,0.6500,36125.4269,12.9372,NA
gamemd.exe,18720,0x43D4320,D3D9,0,0,1,Hardware: Independent Flip,36156.9171,NA,16.85830000000000,16.72840000000000,1.86600000000000,4.58530000000000,4.6967,NA,36141.6770,17.1061,15.2401,1.8660,16.0360,3.7894,3.7221,0.0673,-0.4783,36141.6770,13.6808,NA
gamemd.exe,18720,0x43D4320,D3D9,0,0,1,Hardware: Independent Flip,36173.8469,NA,16.92980000000000,17.25610000000000,2.12420000000000,4.89950000000000,5.0230,NA,36158.7831,17.1880,15.0638,2.1242,15.9207,4.0426,3.9327,0.1099,-0.1500,36158.7831,14.9175,NA
gamemd.exe,18720,0x43D4320,D3D9,0,0,1,Hardware: Independent Flip,36190.3991,NA,16.55220000000000,16.68940000000000,2.75200000000000,5.02920000000000,5.1602,NA,36175.9711,17.1800,14.4280,2.7520,15.5826,3.8746,3.7774,0.0972,0.4986,36175.9711,7.4042,NA
gamemd.exe,18720,0x43D4320,D3D9,0,0,1,Hardware: Independent Flip,36206.7350,NA,16.33590000000000,15.39640000000000,1.10780000000000,4.05750000000000,4.2207,NA,36193.1511,14.6917,13.5839,1.1078,14.0585,3.5829,3.5359,0.0470,1.7836,36193.1511,15.0068,NA
gamemd.exe,18720,0x43D4320,D3D9,0,0,1,Hardware: Independent Flip,36223.5039,NA,16.76890000000000,17.16270000000000,1.76290000000000,4.47160000000000,4.6145,NA,36207.8428,17.4240,15.6611,1.7629,16.6263,3.5064,3.4589,0.0475,-2.4710,36207.8428,7.9933,NA
gamemd.exe,18720,0x43D4320,D3D9,0,0,1,Hardware: Independent Flip,36240.4638,NA,16.95990000000000,16.73380000000000,1.26240000000000,4.20660000000000,4.3884,NA,36225.2668,16.4594,15.1970,1.2624,15.8310,3.5726,3.5176,0.0550,0.6902,36225.2668,16.8858,NA
gamemd.exe,18720,0x43D4320,D3D9,0,0,1,Hardware: Independent Flip,36256.6525,NA,16.18870000000000,16.58120000000000,1.64790000000000,4.60630000000000,4.7809,NA,36241.7262,16.5742,14.9263,1.6479,15.9267,3.6059,3.5233,0.0826,-0.1218,36241.7262,17.4984,NA
gamemd.exe,18720,0x43D4320,D3D9,0,0,1,Hardware: Independent Flip,36273.4399,NA,16.78740000000000,16.75310000000000,1.69900000000000,4.62030000000000,4.7466,NA,36258.3004,16.8385,15.1395,1.6990,15.7517,4.0081,3.9301,0.0780,-0.1789,36258.3004,NA,NA
gamemd.exe,18720,0x43D4320,D3D9,0,0,1,Hardware: Independent Flip,36290.2278,NA,16.78790000000000,16.42290000000000,1.24990000000000,4.27020000000000,4.3816,NA,36275.1389,16.3388,15.0889,1.2499,15.7911,3.5680,3.5207,0.0473,0.4156,36275.1389,NA,NA
gamemd.exe,18720,0x43D4320,D3D9,0,0,1,Hardware: Independent Flip,36306.7527,NA,16.52490000000000,16.28930000000000,1.04560000000000,4.03850000000000,4.1460,NA,36291.4777,16.3206,15.2750,1.0456,15.7552,3.5583,3.5075,0.0508,0.0495,36291.4777,NA,NA
gamemd.exe,18720,0x43D4320,D3D9,0,0,1,Hardware: Independent Flip,36323.5372,NA,16.78450000000000,17.39830000000000,1.75710000000000,4.57710000000000,4.7598,NA,36307.7983,17.4960,15.7389,1.7571,16.4113,3.9047,3.8057,0.0990,-1.0777,36307.7983,NA,NA
gamemd.exe,18720,0x43D4320,D3D9,0,0,1,Hardware: Independent Flip,36340.0981,NA,16.56090000000000,16.50700000000000,1.33540000000000,4.56930000000000,4.7059,NA,36325.2943,16.1392,14.8038,1.3354,15.4146,3.9585,3.8595,0.0990,0.9890,36325.2943,NA,NA
gamemd.exe,18720,0x43D4320,D3D9,0,0,1,Hardware: Independent Flip,36357.2005,NA,17.10240000000000,17.19150000000000,2.52410000000000,4.65040000000000,4.7950,NA,36341.4335,18.2911,15.7670,2.5241,16.6384,3.7790,3.6935,0.0855,-1.0523,36341.4335,NA,NA
gamemd.exe,18720,0x43D4320,D3D9,0,0,1,Hardware: Independent Flip,36373.4688,NA,16.26830000000000,16.29480000000000,1.65590000000000,4.70700000000000,4.8215,NA,36359.7246,15.4001,13.7442,1.6559,14.2880,4.1632,3.9730,0.1902,1.9963,36359.7246,NA,NA
gamemd.exe,18720,0x43D4320,D3D9,0,0,1,Hardware: Independent Flip,36390.0032,NA,16.53440000000000,16.09840000000000,1.40900000000000,4.26090000000000,4.3855,NA,36375.1247,16.2875,14.8785,1.4090,15.4973,3.6421,3.5787,0.0634,-0.6983,36375.1247,NA,NA
gamemd.exe,18720,0x43D4320,D3D9,0,0,1,Hardware: Independent Flip,36407.1068,NA,17.10360000000000,16.95170000000000,0.81890000000000,4.10860000000000,4.2336,NA,36391.4122,16.5135,15.6946,0.8189,16.0679,3.7353,3.6844,0.0509,-0.6642,36391.4122,NA,NA
gamemd.exe,18720,0x43D4320,D3D9,0,0,1,Hardware: Independent Flip,36423.5883,NA,16.48150000000000,16.30690000000000,0.80070000000000,3.93390000000000,4.0590,NA,36407.9257,16.4633,15.6626,0.8007,16.0189,3.5776,3.5008,0.0768,0.2066,36407.9257,NA,NA
gamemd.exe,18720,0x43D4320,D3D9,0,0,1,Hardware: Independent Flip,36440.1541,NA,16.56580000000000,17.16890000000000,1.18900000000000,4.44690000000000,4.6621,NA,36424.3890,16.9541,15.7651,1.1890,16.5016,3.7104,3.6307,0.0797,-0.7056,36424.3890,24.6193,NA
gamemd.exe,18720,0x43D4320,D3D9,0,0,1,Hardware: Independent Flip,36457.0239,NA,16.86980000000000,17.37810000000000,1.69300000000000,4.91920000000000,5.1704,NA,36441.3431,17.3738,15.6808,1.6930,16.3795,4.2205,4.1265,0.0940,-0.4240,36441.3431,26.0688,NA
gamemd.exe,18720,0x43D4320,D3D9,0,0,1,Hardware: Independent Flip,36473.7768,NA,16.75290000000000,16.81120000000000,2.57400000000000,5.08490000000000,5.2287,NA,36458.7169,17.6339,15.0599,2.5740,15.8836,4.2612,4.1814,0.0798,0.5626,36458.7169,11.0282,NA
gamemd.exe,18720,0x43D4320,D3D9,0,0,1,Hardware: Independent Flip,36490.6237,NA,16.84690000000000,15.80670000000000,1.16410000000000,4.03900000000000,4.1885,NA,36476.3508,15.4370,14.2729,1.1641,14.8469,3.4650,3.3512,0.1138,1.8272,36476.3508,NA,NA
gamemd.exe,18720,0x43D4320,D3D9,0,0,1,Hardware: Independent Flip,36507.6581,NA,17.03440000000000,17.11180000000000,1.11590000000000,4.15630000000000,4.2659,NA,36491.7878,16.9862,15.8703,1.1159,16.4563,3.5703,3.5015,0.0688,-1.6748,36491.7878,11.9788,NA
gamemd.exe,18720,0x43D4320,D3D9,0,0,1,Hardware: Independent Flip,36523.6723,NA,16.01420000000000,16.12370000000000,1.51700000000000,4.26070000000000,4.3754,NA,36508.7740,16.4153,14.8983,1.5170,15.5769,3.5821,3.4818,0.1003,0.8625,36508.7740,12.1130,NA
gamemd.exe,18720,0x43D4320,D3D9,0,0,1,Hardware: Independent Flip,36540.6763,NA,17.00400000000000,17.11590000000000,1.21620000000000,4.29090000000000,4.4873,NA,36525.1893,16.7032,15.4870,1.2162,16.0574,3.7205,3.6372,0.0833,-0.7006,36525.1893,13.2151,NA
gamemd.exe,18720,0x43D4320,D3D9,0,0,1,Hardware: Independent Flip,36557.4220,NA,16.74570000000000,16.66960000000000,1.24980000000000,4.25070000000000,4.4112,NA,36541.8925,16.7793,15.5295,1.2498,16.1001,3.6801,3.5895,0.0906,0.0336,36541.8925,13.8961,NA
gamemd.exe,18720,0x43D4320,D3D9,0,0,1,Hardware: Independent Flip,36573.2027,NA,15.78070000000000,17.10050000000000,1.46320000000000,5.58190000000000,5.7310,NA,36558.6718,15.9941,14.5309,1.4632,15.1487,4.9641,4.5150,0.4491,-0.3212,36558.6718,6.7569,NA
gamemd.exe,18720,0x43D4320,D3D9,0,0,1,Hardware: Independent Flip,36590.6306,NA,17.42790000000000,16.56390000000000,2.23840000000000,4.73480000000000,4.8670,NA,36574.6659,18.2031,15.9647,2.2384,16.8822,3.8173,3.7410,0.0763,-0.5698,36574.6659,7.5418,NA
gamemd.exe,18720,0x43D4320,D3D9,0,0,1,Hardware: Independent Flip,36606.9544,NA,16.32380000000000,16.17310000000000,1.90370000000000,4.60730000000000,4.7163,NA,36592.8690,15.9891,14.0854,1.9037,14.9203,3.7724,3.7207,0.0517,2.0300,36592.8690,7.6836,NA
gamemd.exe,18720,0x43D4320,D3D9,0,0,1,Hardware: Independent Flip,36623.7898,NA,16.83540000000000,16.31620000000000,1.08720000000000,4.06160000000000,4.1971,NA,36608.8581,16.0189,14.9317,1.0872,15.3925,3.6008,3.5471,0.0537,-0.3271,36608.8581,7.8444,NA
gamemd.exe,18720,0x43D4320,D3D9,0,0,1,Hardware: Independent Flip,36640.1117,NA,16.32190000000000,16.63620000000000,1.21870000000000,4.38070000000000,4.5114,NA,36624.8770,16.4534,15.2347,1.2187,15.9395,3.6759,3.6272,0.0487,-0.6173,36624.8770,16.6637,NA
gamemd.exe,18720,0x43D4320,D3D9,0,0,1,Hardware: Independent Flip,36656.7517,NA,16.64000000000000,16.95790000000000,1.61670000000000,4.65540000000000,4.8293,NA,36641.3304,17.0380,15.4213,1.6167,16.0779,3.9988,3.9074,0.0914,-0.5045,36641.3304,17.5510,NA
gamemd.exe,18720,0x43D4320,D3D9,0,0,1,Hardware: Independent Flip,36673.6144,NA,16.86270000000000,16.80540000000000,1.91700000000000,4.64730000000000,4.7720,NA,36658.3684,17.1630,15.2460,1.9170,16.1613,3.7320,3.6773,0.0547,0.2326,36658.3684,10.4217,NA
gamemd.exe,18720,0x43D4320,D3D9,0,0,1,Hardware: Independent Flip,36690.2645,NA,16.65010000000000,16.24740000000000,1.39370000000000,4.25380000000000,4.3693,NA,36675.5314,16.1268,14.7331,1.3937,15.2570,3.7299,3.6574,0.0725,0.9156,36675.5314,18.7180,NA
gamemd.exe,18720,0x43D4320,D3D9,0,0,1,Hardware: Independent Flip,36706.8106,NA,16.54610000000000,16.75850000000000,1.34160000000000,4.46410000000000,4.5817,NA,36691.6582,16.4940,15.1524,1.3416,15.9756,3.6409,3.5816,0.0593,-0.6317,36691.6582,19.4374,NA
gamemd.exe,18720,0x43D4320,D3D9,0,0,1,Hardware: Independent Flip,36723.8536,NA,17.04300000000000,16.51620000000000,0.80700000000000,3.93930000000000,4.0549,NA,36708.1522,16.5084,15.7014,0.8070,16.1041,3.5366,3.4834,0.0532,-0.0222,36708.1522,NA,NA
gamemd.exe,18720,0x43D4320,D3D9,0,0,1,Hardware: Independent Flip,36740.0597,NA,16.20610000000000,16.15950000000000,0.77140000000000,3.88620000000000,4.0083,NA,36724.6606,16.1705,15.3991,0.7714,15.7555,3.5298,3.4801,0.0497,0.3489,36724.6606,NA,NA
gamemd.exe,18720,0x43D4320,D3D9,0,0,1,Hardware: Independent Flip,36757.4947,NA,17.43500000000000,17.73260000000000,1.14390000000000,4.14180000000000,4.3059,NA,36740.8311,17.8075,16.6636,1.1439,17.2317,3.5737,3.5030,0.0707,-1.5621,36740.8311,NA,NA
gamemd.exe,18720,0x43D4320,D3D9,0,0,1,Hardware: Independent Flip,36773.7198,NA,16.22510000000000,16.92040000000000,2.16890000000000,4.88060000000000,5.0012,NA,36758.6386,17.2501,15.0812,2.1689,15.9718,3.9900,3.9020,0.0880,0.8871,36758.6386,NA,NA
gamemd.exe,18720,0x43D4320,D3D9,0,0,1,Hardware: Independent Flip,36790.6424,NA,16.92260000000000,16.09420000000000,0.96870000000000,3.96580000000000,4.1728,NA,36775.8887,15.7224,14.7537,0.9687,15.2278,3.4917,3.4363,0.0554,1.1559,36775.8887,NA,NA
gamemd.exe,18720,0x43D4320,D3D9,0,0,1,Hardware: Independent Flip,36807.0197,NA,16.37730000000000,16.39480000000000,0.89880000000000,4.05810000000000,4.1903,NA,36791.6111,16.3074,15.4086,0.8988,15.8587,3.6080,3.5158,0.0922,-0.6724,36791.6111,NA,NA
gamemd.exe,18720,0x43D4320,D3D9,0,0,1,Hardware: Independent Flip,36823.5487,NA,16.52900000000000,16.39630000000000,0.90270000000000,3.93030000000000,4.0576,NA,36807.9185,16.5329,15.6302,0.9027,16.0237,3.5368,3.4786,0.0582,-0.0889,36807.9185,NA,NA
gamemd.exe,18720,0x43D4320,D3D9,0,0,1,Hardware: Independent Flip,36840.0491,NA,16.50040000000000,16.89780000000000,1.26020000000000,4.32030000000000,4.4550,NA,36824.4514,16.8579,15.5977,1.2602,16.3186,3.5994,3.5073,0.0921,-0.3649,36824.4514,NA,NA
gamemd.exe,18720,0x43D4320,D3D9,0,0,1,Hardware: Independent Flip,36857.1860,NA,17.13690000000000,17.69150000000000,1.99530000000000,4.86700000000000,5.0096,NA,36841.3093,17.8720,15.8767,1.9953,16.6432,4.1005,3.9884,0.1121,-0.8336,36841.3093,NA,NA
gamemd.exe,18720,0x43D4320,D3D9,0,0,1,Hardware: Independent Flip,36873.8211,NA,16.63510000000000,16.71390000000000,2.46810000000000,4.97300000000000,5.0884,NA,36859.1813,17.1079,14.6398,2.4681,15.4896,4.1232,4.0361,0.0871,1.1581,36859.1813,NA,NA
gamemd.exe,18720,0x43D4320,D3D9,0,0,1,Hardware: Independent Flip,36889.9253,NA,16.10420000000000,15.32850000000000,1.15950000000000,4.16180000000000,4.3127,NA,36876.2892,14.7956,13.6361,1.1595,14.3053,3.4926,3.4086,0.0840,1.7794,36876.2892,NA,NA
gamemd.exe,18720,0x43D4320,D3D9,0,0,1,Hardware: Independent Flip,36906.9117,NA,16.98640000000000,16.91510000000000,0.97800000000000,4.10700000000000,4.2414,NA,36891.0848,16.8049,15.8269,0.9780,16.2907,3.6432,3.5842,0.0590,-2.1195,36891.0848,13.4740,NA
gamemd.exe,18720,0x43D4320,D3D9,0,0,1,Hardware: Independent Flip,36923.5930,NA,16.68130000000000,16.53160000000000,1.05400000000000,3.96320000000000,4.0917,NA,36907.8897,16.7573,15.7033,1.0540,16.2426,3.4239,3.3551,0.0688,0.2733,36907.8897,NA,NA
gamemd.exe,18720,0x43D4320,D3D9,0,0,1,Hardware: Independent Flip,36940.2956,NA,16.70260000000000,16.83130000000000,0.83240000000000,4.01850000000000,4.2204,NA,36924.6470,16.4810,15.6486,0.8324,16.0283,3.6388,3.5640,0.0748,-0.0740,36924.6470,NA,NA
gamemd.exe,18720,0x43D4320,D3D9,0,0,1,Hardware: Independent Flip,36956.8245,NA,16.52890000000000,17.11170000000000,2.05510000000000,4.69290000000000,4.8032,NA,36941.1280,17.7516,15.6965,2.0551,16.5492,3.8402,3.7445,0.0957,-0.6307,36941.1280,NA,NA
gamemd.exe,18720,0x43D4320,D3D9,0,0,1,Hardware: Independent Flip,36973.5735,NA,16.74900000000000,16.10230000000000,0.99130000000000,4.04770000000000,4.1565,NA,36958.8796,15.6852,14.6939,0.9913,15.1902,3.5514,3.4982,0.0532,1.6493,36958.8796,NA,NA
gamemd.exe,18720,0x43D4320,D3D9,0,0,1,Hardware: Independent Flip,36990.0771,NA,16.50360000000000,16.41250000000000,0.90920000000000,3.93530000000000,4.0654,NA,36974.5648,16.4215,15.5123,0.9092,15.9895,3.4581,3.4179,0.0402,-0.7273,36974.5648,NA,NA
gamemd.exe,18720,0x43D4320,D3D9,0,0,1,Hardware: Independent Flip,37007.2339,NA,17.15680000000000,17.22990000000000,0.83810000000000,4.02900000000000,4.1385,NA,36990.9863,17.0857,16.2476,0.8381,16.6649,3.6117,3.5672,0.0445,-0.8084,36990.9863,NA,NA
gamemd.exe,18720,0x43D4320,D3D9,0,0,1,Hardware: Independent Flip,37023.6724,NA,16.43850000000000,16.70500000000000,1.45990000000000,4.29000000000000,4.4050,NA,37008.0720,17.0603,15.6004,1.4599,16.1533,3.7371,3.6623,0.0748,0.3807,37008.0720,NA,NA
gamemd.exe,18720,0x43D4320,D3D9,0,0,1,Hardware: Independent Flip,37040.2460,NA,16.57360000000000,17.01890000000000,1.72520000000000,4.67460000000000,4.8503,NA,37025.1323,16.8389,15.1137,1.7252,16.1229,3.6654,3.5808,0.0846,0.0414,37025.1323,23.4352,NA
gamemd.exe,18720,0x43D4320,D3D9,0,0,1,Hardware: Independent Flip,37056.9784,NA,16.73240000000000,16.65920000000000,1.84870000000000,4.65530000000000,4.7771,NA,37041.9712,16.8559,15.0072,1.8487,15.8634,3.7991,3.6830,0.1161,0.1797,37041.9712,NA,NA
gamemd.exe,18720,0x43D4320,D3D9,0,0,1,Hardware: Independent Flip,37073.5047,NA,16.52630000000000,16.19370000000000,1.36310000000000,4.33140000000000,4.4445,NA,37058.8271,16.0407,14.6776,1.3631,15.4491,3.5599,3.4840,0.0759,0.6622,37058.8271,NA,NA
gamemd.exe,18720,0x43D4320,D3D9,0,0,1,Hardware: Independent Flip,37090.2354,NA,16.73070000000000,16.59050000000000,1.13450000000000,4.19160000000000,4.3043,NA,37074.8678,16.5021,15.3676,1.1345,16.0547,3.5045,3.4594,0.0451,-0.5498,37074.8678,NA,NA
gamemd.exe,18720,0x43D4320,D3D9,0,0,1,Hardware: Independent Flip,37107.1173,NA,16.88190000000000,17.07950000000000,1.30530000000000,4.38880000000000,4.5019,NA,37091.3699,17.0527,15.7474,1.3053,16.5011,3.6351,3.5689,0.0662,-0.5774,37091.3699,NA,NA
gamemd.exe,18720,0x43D4320,D3D9,0,0,1,Hardware: Independent Flip,37123.4063,NA,16.28900000000000,16.28700000000000,1.76390000000000,4.37940000000000,4.4999,NA,37108.4226,16.7476,14.9837,1.7639,15.6537,3.7094,3.6406,0.0688,0.7657,37108.4226,NA,NA
gamemd.exe,18720,0x43D4320,D3D9,0,0,1,Hardware: Independent Flip,37140.1028,NA,16.69650000000000,17.35680000000000,1.51440000000000,4.99400000000000,5.1602,NA,37125.1702,16.4470,14.9326,1.5144,15.6785,4.2481,4.0972,0.1509,-0.6092,37125.1702,NA,NA
gamemd.exe,18720,0x43D4320,D3D9,0,0,1,Hardware: Independent Flip,37156.6589,NA,16.55610000000000,15.99390000000000,1.44210000000000,4.42590000000000,4.5980,NA,37141.6172,16.4838,15.0417,1.4421,15.5514,3.9162,3.8375,0.0787,0.4531,37141.6172,NA,NA
gamemd.exe,18720,0x43D4320,D3D9,0,0,1,Hardware: Independent Flip,37173.2293,NA,16.57040000000000,16.03840000000000,0.86950000000000,3.93660000000000,4.0660,NA,37158.1010,15.9978,15.1283,0.8695,15.5040,3.5609,3.5053,0.0556,0.4454,37158.1010,NA,NA
gamemd.exe,18720,0x43D4320,D3D9,0,0,1,Hardware: Independent Flip,37189.7360,NA,16.50670000000000,16.32720000000000,0.80180000000000,3.77410000000000,3.8865,NA,37174.0988,16.4390,15.6372,0.8018,16.0217,3.3896,3.3525,0.0371,-0.3294,37174.0988,NA,NA
gamemd.exe,18720,0x43D4320,D3D9,0,0,1,Hardware: Independent Flip,37206.7346,NA,16.99860000000000,17.23420000000000,0.75010000000000,3.97860000000000,4.1221,NA,37190.5378,16.9469,16.1968,0.7501,16.5542,3.6212,3.5697,0.0515,-0.7952,37190.5378,NA,NA
gamemd.exe,18720,0x43D4320,D3D9,0,0,1,Hardware: Independent Flip,37223.1523,NA,16.41770000000000,16.63230000000000,0.79690000000000,4.14350000000000,4.3367,NA,37207.4847,16.4645,15.6676,0.7969,16.0561,3.7550,3.7033,0.0517,0.3146,37207.4847,25.3192,NA
gamemd.exe,18720,0x43D4320,D3D9,0,0,1,Hardware: Independent Flip,37240.0765,NA,16.92420000000000,17.83310000000000,2.33430000000000,5.07840000000000,5.2456,NA,37223.9492,18.4616,16.1273,2.3343,17.0176,4.1881,4.0744,0.1137,-1.3686,37223.9492,NA,NA
gamemd.exe,18720,0x43D4320,D3D9,0,0,1,Hardware: Independent Flip,37256.9989,NA,16.92240000000000,15.82840000000000,0.84010000000000,4.03110000000000,4.1516,NA,37242.4108,15.4282,14.5881,0.8401,14.9866,3.6326,3.5662,0.0664,2.6332,37242.4108,NA,NA
gamemd.exe,18720,0x43D4320,D3D9,0,0,1,Hardware: Independent Flip,37273.4228,NA,16.42390000000000,16.30690000000000,0.80520000000000,3.91890000000000,4.0346,NA,37257.8390,16.3890,15.5838,0.8052,15.9501,3.5526,3.4951,0.0575,-0.8787,37257.8390,NA,NA
gamemd.exe,18720,0x43D4320,D3D9,0,0,1,Hardware: Independent Flip,37290.0734,NA,16.65060000000000,16.79220000000000,1.00700000000000,4.05700000000000,4.1762,NA,37274.2280,16.8524,15.8454,1.0070,16.2794,3.6230,3.5420,0.0810,-0.4032,37274.2280,10.2672,NA
gamemd.exe,18720,0x43D4320,D3D9,0,0,1,Hardware: Independent Flip,37306.7936,NA,16.72020000000000,16.90980000000000,1.37210000000000,4.24790000000000,4.3658,NA,37291.0804,17.0853,15.7132,1.3721,16.2611,3.7000,3.6342,0.0658,-0.0574,37291.0804,11.1496,NA
gamemd.exe,18720,0x43D4320,D3D9,0,0,1,Hardware: Independent Flip,37324.0764,NA,17.28280000000000,17.78050000000000,1.75920000000000,4.68320000000000,4.8635,NA,37308.1657,17.6699,15.9107,1.7592,16.9498,3.6441,3.5381,0.1060,-0.6952,37308.1657,NA,NA
gamemd.exe,18720,0x43D4320,D3D9,0,0,1,Hardware: Independent Flip,37340.5709,NA,16.49450000000000,16.50410000000000,1.83900000000000,4.75490000000000,4.8731,NA,37325.8356,16.5743,14.7353,1.8390,15.7423,3.7479,3.6733,0.0746,1.1658,37325.8356,NA,NA
gamemd.exe,18720,0x43D4320,D3D9,0,0,1,Hardware: Independent Flip,37357.2134,NA,16.64250000000000,15.86370000000000,1.09580000000000,3.98380000000000,4.0943,NA,37342.4099,15.8993,14.8035,1.0958,15.2356,3.5517,3.4988,0.0529,0.7106,37342.4099,21.2094,NA
gamemd.exe,18720,0x43D4320,D3D9,0,0,1,Hardware: Independent Flip,37374.0249,NA,16.81150000000000,16.83150000000000,1.15820000000000,4.00200000000000,4.1143,NA,37358.3092,16.8739,15.7157,1.1582,16.2065,3.5112,3.4548,0.0564,-0.9322,37358.3092,NA,NA
gamemd.exe,18720,0x43D4320,D3D9,0,0,1,Hardware: Independent Flip,37390.3733,NA,16.34840000000000,16.51950000000000,1.00730000000000,4.17280000000000,4.2854,NA,37375.1831,16.1975,15.1902,1.0073,15.7369,3.6261,3.5576,0.0685,0.3544,37375.1831,20.3527,NA
gamemd.exe,18720,0x43D4320,D3D9,0,0,1,Hardware: Independent Flip,37406.7416,NA,16.36830000000000,16.33930000000000,0.98820000000000,4.10990000000000,4.2564,NA,37391.3806,16.3492,15.3610,0.9882,15.8482,3.6227,3.5735,0.0492,-0.1418,37391.3806,NA,NA
gamemd.exe,18720,0x43D4320,D3D9,0,0,1,Hardware: Independent Flip,37423.6675,NA,16.92590000000000,17.57810000000000,2.25710000000000,4.77520000000000,4.9086,NA,37407.7298,18.1948,15.9377,2.2571,16.7728,3.9401,3.8619,0.0782,-1.2289,37407.7298,NA,NA
gamemd.exe,18720,0x43D4320,D3D9,0,0,1,Hardware: Independent Flip,37440.0024,NA,16.33490000000000,15.90410000000000,1.27160000000000,4.34080000000000,4.4778,NA,37425.9246,15.3494,14.0778,1.2716,14.8412,3.5774,3.5204,0.0570,2.2907,37425.9246,NA,NA
gamemd.exe,18720,0x43D4320,D3D9,0,0,1,Hardware: Independent Flip,37456.7737,NA,16.77130000000000,16.37470000000000,0.90820000000000,3.96560000000000,4.0812,NA,37441.2740,16.4079,15.4997,0.9082,15.9323,3.5330,3.4797,0.0533,-1.0253,37441.2740,NA,NA
gamemd.exe,18720,0x43D4320,D3D9,0,0,1,Hardware: Independent Flip,37473.7849,NA,17.01120000000000,17.19120000000000,1.12970000000000,4.14680000000000,4.2612,NA,37457.6819,17.2327,16.1030,1.1297,16.7035,3.5463,3.5041,0.0422,-0.7833,37457.6819,NA,NA
gamemd.exe,18720,0x43D4320,D3D9,0,0,1,Hardware: Independent Flip,37490.1814,NA,16.39650000000000,16.81330000000000,1.64640000000000,4.53080000000000,4.6780,NA,37474.9146,16.9132,15.2668,1.6464,16.1923,3.6053,3.5383,0.0670,0.4194,37474.9146,NA,NA
gamemd.exe,18720,0x43D4320,D3D9,0,0,1,Hardware: Independent Flip,37507.1653,NA,16.98390000000000,17.27710000000000,1.90760000000000,4.77540000000000,4.9712,NA,37491.8278,17.2451,15.3375,1.9076,16.3235,3.7894,3.7127,0.0767,-0.3639,37491.8278,NA,NA
gamemd.exe,18720,0x43D4320,D3D9,0,0,1,Hardware: Independent Flip,37523.6822,NA,16.51690000000000,16.48130000000000,2.33100000000000,4.82270000000000,4.9356,NA,37509.0729,16.9403,14.6093,2.3310,15.4843,3.9477,3.7707,0.1770,0.7638,37509.0729,NA,NA
gamemd.exe,18720,0x43D4320,D3D9,0,0,1,Hardware: Independent Flip,37540.4726,NA,16.79040000000000,16.18650000000000,1.03510000000000,4.20410000000000,4.3317,NA,37526.0132,15.4945,14.4594,1.0351,15.0317,3.6318,3.5784,0.0534,0.7538,37526.0132,NA,NA
gamemd.exe,18720,0x43D4320,D3D9,0,0,1,Hardware: Independent Flip,37557.1665,NA,16.69390000000000,16.53040000000000,1.08470000000000,4.02950000000000,4.1682,NA,37541.5077,16.7435,15.6588,1.0847,16.1376,3.5507,3.4464,0.1043,-1.0359,37541.5077,21.3786,NA
gamemd.exe,18720,0x43D4320,D3D9,0,0,1,Hardware: Independent Flip,37573.6181,NA,16.45160000000000,16.90570000000000,1.49580000000000,4.47740000000000,4.6223,NA,37558.2512,16.8627,15.3669,1.4958,15.9280,3.9163,3.7911,0.1252,-0.1622,37558.2512,22.2940,NA
gamemd.exe,18720,0x43D4320,D3D9,0,0,1,Hardware: Independent Flip,37590.2031,NA,16.58500000000000,16.54180000000000,1.22720000000000,4.37980000000000,4.5791,NA,37575.1139,16.3164,15.0892,1.2272,15.6023,3.8667,3.7700,0.0967,0.3209,37575.1139,NA,NA
gamemd.exe,18720,0x43D4320,D3D9,0,0,1,Hardware: Independent Flip,37607.1723,NA,16.96920000000000,17.50940000000000,2.19270000000000,4.90810000000000,5.1193,NA,37591.4303,17.9347,15.7420,2.1927,16.5656,4.0845,3.9956,0.0889,-1.1930,37591.4303,NA,NA
gamemd.exe,18720,0x43D4320,D3D9,0,0,1,Hardware: Independent Flip,37623.7888,NA,16.61650000000000,16.19090000000000,1.80160000000000,4.56580000000000,4.6937,NA,37609.3650,16.2254,14.4238,1.8016,15.1313,3.8583,3.7743,0.0840,1.7438,37609.3650,32.5168,NA
gamemd.exe,18720,0x43D4320,D3D9,0,0,1,Hardware: Independent Flip,37640.2006,NA,16.41180000000000,15.95100000000000,0.78820000000000,4.07630000000000,4.2329,NA,37625.5904,15.3984,14.6102,0.7882,14.9808,3.7057,3.6541,0.0516,0.2744,37625.5904,NA,NA
gamemd.exe,18720,0x43D4320,D3D9,0,0,1,Hardware: Independent Flip,37656.4498,NA,16.24920000000000,15.99030000000000,0.77370000000000,3.85890000000000,3.9740,NA,37640.9888,16.2347,15.4610,0.7737,15.8174,3.5025,3.4435,0.0590,-0.5919,37640.9888,NA,NA
gamemd.exe,18720,0x43D4320,D3D9,0,0,1,Hardware: Independent Flip,37673.2553,NA,16.80550000000000,17.13810000000000,1.02260000000000,4.19470000000000,4.3066,NA,37657.2235,17.0544,16.0318,1.0226,16.5103,3.7162,3.6440,0.0722,-0.9034,37657.2235,NA,NA
gamemd.exe,18720,0x43D4320,D3D9,0,0,1,Hardware: Independent Flip,37690.0691,NA,16.81380000000000,16.83850000000000,1.01590000000000,4.16170000000000,4.3313,NA,37674.2779,16.8071,15.7912,1.0159,16.3216,3.6313,3.5773,0.0540,0.2159,37674.2779,NA,NA
gamemd.exe,18720,0x43D4320,D3D9,0,0,1,Hardware: Independent Flip,37706.4768,NA,16.40770000000000,16.53560000000000,1.08270000000000,4.30620000000000,4.4592,NA,37691.0850,16.4745,15.3918,1.0827,16.0166,3.6814,3.6129,0.0685,0.2715,37691.0850,NA,NA
gamemd.exe,18720,0x43D4320,D3D9,0,0,1,Hardware: Independent Flip,37723.4912,NA,17.01440000000000,17.90910000000000,2.52500000000000,5.23840000000000,5.3539,NA,37707.5595,18.4567,15.9317,2.5250,17.1182,4.0519,3.9518,0.1001,-1.4346,37707.5595,NA,NA
gamemd.exe,18720,0x43D4320,D3D9,0,0,1,Hardware: Independent Flip,37739.9289,NA,16.43770000000000,15.33100000000000,1.10090000000000,4.13450000000000,4.2472,NA,37726.0162,15.0136,13.9127,1.1009,14.3818,3.6654,3.6165,0.0489,3.1257,37726.0162,NA,NA
gamemd.exe,18720,0x43D4320,D3D9,0,0,1,Hardware: Independent Flip,37756.9021,NA,16.97320000000000,16.72780000000000,0.77560000000000,3.88960000000000,4.0018,NA,37741.0298,16.6479,15.8723,0.7756,16.2366,3.5253,3.4776,0.0477,-1.7142,37741.0298,NA,NA
gamemd.exe,18720,0x43D4320,D3D9,0,0,1,Hardware: Independent Flip,37773.5277,NA,16.62560000000000,16.63450000000000,0.77770000000000,3.89370000000000,4.0107,NA,37757.6777,16.6277,15.8500,0.7777,16.2102,3.5335,3.4889,0.0446,0.0134,37757.6777,NA,NA
gamemd.exe,18720,0x43D4320,D3D9,0,0,1,Hardware: Independent Flip,37790.3650,NA,16.83730000000000,16.91790000000000,0.96310000000000,3.95410000000000,4.0913,NA,37774.3054,17.0227,16.0596,0.9631,16.4956,3.5181,3.4722,0.0459,-0.2902,37774.3054,NA,NA
gamemd.exe,18720,0x43D4320,D3D9,0,0,1,Hardware: Independent Flip,37807.1747,NA,16.80970000000000,17.32920000000000,1.44630000000000,4.47610000000000,4.6108,NA,37791.3281,17.2929,15.8466,1.4463,16.6789,3.6438,3.5552,0.0886,-0.3065,37791.3281,NA,NA
gamemd.exe,18720,0x43D4320,D3D9,0,0,1,Hardware: Independent Flip,37823.6454,NA,16.47070000000000,16.73960000000000,2.37410000000000,4.77200000000000,4.8797,NA,37808.6210,17.3985,15.0244,2.3741,15.8665,3.9299,3.8649,0.0650,0.5533,37808.6210,NA,NA
gamemd.exe,18720,0x43D4320,D3D9,0,0,1,Hardware: Independent Flip,37840.1233,NA,16.47790000000000,15.93880000000000,1.20290000000000,4.21350000000000,4.3406,NA,37826.0195,15.3067,14.1038,1.2029,14.8239,3.4934,3.4464,0.0470,1.4597,37826.0195,NA,NA
gamemd.exe,18720,0x43D4320,D3D9,0,0,1,Hardware: Independent Flip,37857.3172,NA,17.19390000000000,16.91350000000000,0.92030000000000,3.94650000000000,4.0602,NA,37841.3262,16.9113,15.9910,0.9203,16.3951,3.5424,3.4959,0.0465,-1.6068,37841.3262,NA,NA
gamemd.exe,18720,0x43D4320,D3D9,0,0,1,Hardware: Independent Flip,37873.6539,NA,16.33670000000000,16.76140000000000,1.32740000000000,4.37360000000000,4.4849,NA,37858.2375,16.7438,15.4164,1.3274,16.1846,3.6054,3.5478,0.0576,0.1499,37858.2375,NA,NA
gamemd.exe,18720,0x43D4320,D3D9,0,0,1,Hardware: Independent Flip,37889.8166,NA,16.16270000000000,16.23050000000000,1.38750000000000,4.36960000000000,4.5527,NA,37874.9813,16.2228,14.8353,1.3875,15.3640,3.8409,3.7765,0.0644,0.5133,37874.9813,NA,NA
gamemd.exe,18720,0x43D4320,D3D9,0,0,1,Hardware: Independent Flip,37906.8275,NA,17.01090000000000,17.62580000000000,2.46200000000000,4.95120000000000,5.1676,NA,37891.2041,18.0854,15.6234,2.4620,16.4620,4.1126,4.0035,0.1091,-1.4030,37891.2041,NA,NA
gamemd.exe,18720,0x43D4320,D3D9,0,0,1,Hardware: Independent Flip,37923.3628,NA,16.53530000000000,16.18370000000000,1.37240000000000,4.63980000000000,4.8160,NA,37909.2895,15.4457,14.0733,1.3724,14.6390,4.0741,3.9768,0.0973,1.9017,37909.2895,NA,NA
gamemd.exe,18720,0x43D4320,D3D9,0,0,1,Hardware: Independent Flip,37940.0441,NA,16.68130000000000,16.55230000000000,1.17530000000000,4.50250000000000,4.6870,NA,37924.7352,16.4842,15.3089,1.1753,15.9954,3.8160,3.7712,0.0448,-1.1066,37924.7352,NA,NA
gamemd.exe,18720,0x43D4320,D3D9,0,0,1,Hardware: Independent Flip,37956.7691,NA,16.72500000000000,16.15060000000000,0.76790000000000,3.95850000000000,4.1126,NA,37941.2194,16.3176,15.5497,0.7679,15.9200,3.5882,3.5348,0.0534,0.3336,37941.2194,NA,NA
gamemd.exe,18720,0x43D4320,D3D9,0,0,1,Hardware: Independent Flip,37973.3765,NA,16.60740000000000,17.36740000000000,1.33800000000000,4.65910000000000,4.8726,NA,37957.5370,17.1775,15.8395,1.3380,16.6657,3.8329,3.7855,0.0474,-1.0498,37957.5370,NA,NA
gamemd.exe,18720,0x43D4320,D3D9,0,0,1,Hardware: Independent Flip,37990.0994,NA,16.72290000000000,16.10630000000000,1.02860000000000,4.08720000000000,4.2560,NA,37974.7145,16.4135,15.3849,1.0286,15.8513,3.6208,3.5473,0.0735,1.0712,37974.7145,NA,NA
gamemd.exe,18720,0x43D4320,D3D9,0,0,1,Hardware: Independent Flip,38007.0953,NA,16.99590000000000,17.39240000000000,1.24920000000000,4.51050000000000,4.6525,NA,37991.1280,17.2165,15.9673,1.2492,16.6700,3.8078,3.7503,0.0575,-0.9789,37991.1280,NA,NA
gamemd.exe,18720,0x43D4320,D3D9,0,0,1,Hardware: Independent Flip,38023.5341,NA,16.43880000000000,15.98750000000000,0.91870000000000,4.00720000000000,4.2012,NA,38008.3445,16.1083,15.1896,0.9187,15.5850,3.6118,3.5323,0.0795,1.2290,38008.3445,NA,NA
gamemd.exe,18720,0x43D4320,D3D9,0,0,1,Hardware: Independent Flip,38039.9872,NA,16.45310000000000,16.51100000000000,0.81520000000000,4.10230000000000,4.2591,NA,38024.4528,16.3496,15.5344,0.8152,15.9221,3.7146,3.6269,0.0877,-0.4027,38024.4528,NA,NA
gamemd.exe,18720,0x43D4320,D3D9,0,0,1,Hardware: Independent Flip,38057.1563,NA,17.16910000000000,17.19470000000000,1.03020000000000,4.13880000000000,4.2847,NA,38040.8024,17.3841,16.3539,1.0302,16.8280,3.6647,3.5663,0.0984,-0.8451,38040.8024,NA,NA
gamemd.exe,18720,0x43D4320,D3D9,0,0,1,Hardware: Independent Flip,38073.6919,NA,16.53560000000000,17.27140000000000,2.11760000000000,4.88530000000000,5.0205,NA,38058.1865,17.6230,15.5054,2.1176,16.8311,3.5596,3.4911,0.0685,0.1127,38058.1865,NA,NA
gamemd.exe,18720,0x43D4320,D3D9,0,0,1,Hardware: Independent Flip,38090.2774,NA,16.58550000000000,16.39120000000000,1.87480000000000,4.68830000000000,4.8262,NA,38075.8095,16.3427,14.4679,1.8748,15.4899,3.6663,3.5742,0.0921,1.2318,38075.8095,NA,NA
gamemd.exe,18720,0x43D4320,D3D9,0,0,1,Hardware: Independent Flip,38107.2611,NA,16.98370000000000,16.83630000000000,1.83600000000000,4.56460000000000,4.6788,NA,38092.1522,16.9449,15.1089,1.8360,15.8669,3.8066,3.7482,0.0584,-0.4936,38092.1522,27.8095,NA
gamemd.exe,18720,0x43D4320,D3D9,0,0,1,Hardware: Independent Flip,38123.6869,NA,16.42580000000000,16.09570000000000,1.36890000000000,4.21810000000000,4.3487,NA,38109.0971,15.9587,14.5898,1.3689,15.2863,3.5216,3.4652,0.0564,0.8492,38109.0971,12.0459,NA
gamemd.exe,18720,0x43D4320,D3D9,0,0,1,Hardware: Independent Flip,38140.3297,NA,16.64280000000000,16.87400000000000,1.48190000000000,4.44740000000000,4.5799,NA,38125.0558,16.7558,15.2739,1.4819,16.1229,3.5984,3.5425,0.0559,-0.9153,38125.0558,12.9813,NA
gamemd.exe,18720,0x43D4320,D3D9,0,0,1,Hardware: Independent Flip,38157.1394,NA,16.80970000000000,16.62330000000000,1.05600000000000,4.26470000000000,4.3935,NA,38141.8116,16.3838,15.3278,1.0560,15.7989,3.7936,3.7377,0.0559,0.1325,38141.8116,13.6110,NA
gamemd.exe,18720,0x43D4320,D3D9,0,0,1,Hardware: Independent Flip,38173.6336,NA,16.49420000000000,16.31450000000000,1.05240000000000,4.02120000000000,4.2138,NA,38158.1954,16.4906,15.4382,1.0524,15.9213,3.5381,3.4807,0.0574,0.0693,38158.1954,13.9231,NA
gamemd.exe,18720,0x43D4320,D3D9,0,0,1,Hardware: Independent Flip,38190.3473,NA,16.71370000000000,16.76650000000000,0.90660000000000,4.09810000000000,4.2666,NA,38174.6860,16.5679,15.6613,0.9066,16.1119,3.6475,3.5891,0.0584,-0.2759,38174.6860,14.6679,NA
gamemd.exe,18720,0x43D4320,D3D9,0,0,1,Hardware: Independent Flip,38206.8914,NA,16.54410000000000,17.61450000000000,1.90830000000000,5.16540000000000,5.3370,NA,38191.2539,17.5458,15.6375,1.9083,16.4016,4.4013,4.2859,0.1154,-1.0466,38191.2539,8.2769,NA
gamemd.exe,18720,0x43D4320,D3D9,0,0,1,Hardware: Independent Flip,38223.9104,NA,17.01900000000000,16.67530000000000,1.95700000000000,4.84780000000000,4.9933,NA,38208.7997,17.0677,15.1107,1.9570,16.3895,3.5690,3.5095,0.0595,0.8705,38208.7997,8.8446,NA
gamemd.exe,18720,0x43D4320,D3D9,0,0,1,Hardware: Independent Flip,38240.2126,NA,16.30220000000000,16.07670000000000,1.58530000000000,4.62610000000000,4.7678,NA,38225.8674,15.9305,14.3452,1.5853,14.9501,4.0212,3.9455,0.0757,0.9910,38225.8674,17.0566,NA
gamemd.exe,18720,0x43D4320,D3D9,0,0,1,Hardware: Independent Flip,38257.4649,NA,17.25230000000000,16.79290000000000,1.00220000000000,4.19390000000000,4.3084,NA,38241.7979,16.6692,15.6670,1.0022,16.1549,3.7060,3.6533,0.0527,-0.8624,38241.7979,17.8369,NA
gamemd.exe,18720,0x43D4320,D3D9,0,0,1,Hardware: Independent Flip,38273.5046,NA,16.03970000000000,16.11510000000000,1.62160000000000,4.27460000000000,4.3838,NA,38258.4671,16.6591,15.0375,1.6216,15.6081,3.7040,3.6557,0.0483,0.5541,38258.4671,17.8990,NA
gamemd.exe,18720,0x43D4320,D3D9,0,0,1,Hardware: Independent Flip,38290.6545,NA,17.14990000000000,17.59080000000000,1.94710000000000,4.65440000000000,4.8247,NA,38275.1262,17.4754,15.5283,1.9471,16.3701,3.8126,3.7108,0.1018,-0.9317,38275.1262,19.5024,NA
gamemd.exe,18720,0x43D4320,D3D9,0,0,1,Hardware: Independent Flip,38306.8305,NA,16.17600000000000,16.57590000000000,1.93660000000000,4.98200000000000,5.2246,NA,38292.6016,16.1655,14.2289,1.9366,14.8908,4.3201,4.1938,0.1263,0.8995,38292.6016,20.1116,NA
gamemd.exe,18720,0x43D4320,D3D9,0,0,1,Hardware: Independent Flip,38323.6532,NA,16.82270000000000,20.65120000000000,3.83740000000000,7.31580000000000,9.0531,NA,38308.7671,18.7235,14.8861,3.8374,17.1037,5.0982,4.3566,0.7416,-4.4857,38308.7671,24.7798,NA
gamemd.exe,18720,0x43D4320,D3D9,0,0,1,Hardware: Independent Flip,38340.7273,NA,17.07410000000000,15.22780000000000,2.61170000000000,6.22590000000000,7.2068,NA,38327.4906,15.8484,13.2367,2.6117,14.9131,4.5495,4.3940,0.1555,3.4957,38327.4906,24.0135,NA
gamemd.exe,18720,0x43D4320,D3D9,0,0,1,Hardware: Independent Flip,38357.8181,NA,17.09080000000000,16.68930000000000,2.53880000000000,5.77230000000000,6.8053,NA,38343.3390,17.0179,14.4791,2.5388,15.1964,5.0550,4.3382,0.7168,-0.8409,38343.3390,24.5421,NA
gamemd.exe,18720,0x43D4320,D3D9,0,0,1,Hardware: Independent Flip,38373.9025,NA,16.08440000000000,14.19180000000000,2.00680000000000,4.74230000000000,4.9127,NA,38360.3569,15.5524,13.5456,2.0068,14.1733,4.1146,4.0092,0.1054,2.8261,38360.3569,22.7537,NA
gamemd.exe,18720,0x43D4320,D3D9,0,0,1,Hardware: Independent Flip,38390.5389,NA,16.63640000000000,17.22340000000000,1.34640000000000,5.24430000000000,5.4997,NA,38375.9093,15.9760,14.6296,1.3464,15.2842,4.5897,3.9651,0.6246,-1.6710,38375.9093,24.0460,NA
gamemd.exe,18720,0x43D4320,D3D9,0,0,1,Hardware: Independent Flip,38406.7956,NA,16.25670000000000,15.17940000000000,1.18030000000000,4.24310000000000,4.4224,NA,38391.8853,16.0906,14.9103,1.1803,15.3900,3.7634,3.7058,0.0576,0.7966,38391.8853,15.2953,NA
gamemd.exe,18720,0x43D4320,D3D9,0,0,1,Hardware: Independent Flip,38423.1624,NA,16.36680000000000,16.31260000000000,1.35720000000000,4.21770000000000,4.3682,NA,38407.9759,16.5437,15.1865,1.3572,15.7356,3.6686,3.5959,0.0727,-0.2220,38407.9759,23.2066,NA
gamemd.exe,18720,0x43D4320,D3D9,0,0,1,Hardware: Independent Flip,38440.2435,NA,17.08110000000000,17.01410000000000,0.83830000000000,4.16030000000000,4.3012,NA,38424.5196,16.5622,15.7239,0.8383,16.1323,3.7519,3.7026,0.0493,-0.4704,38424.5196,24.2697,NA
gamemd.exe,18720,0x43D4320,D3D9,0,0,1,Hardware: Independent Flip,38456.6717,NA,16.42820000000000,16.49240000000000,0.97190000000000,4.19670000000000,4.3654,NA,38441.0818,16.5618,15.5899,0.9719,16.0578,3.7288,3.6290,0.0998,0.0698,38441.0818,24.7790,NA
gamemd.exe,18720,0x43D4320,D3D9,0,0,1,Hardware: Independent Flip,38473.3139,NA,16.64220000000000,16.49230000000000,1.11720000000000,4.08510000000000,4.2155,NA,38457.6436,16.7875,15.6703,1.1172,16.1822,3.5732,3.5068,0.0664,0.0695,38457.6436,25.5325,NA
gamemd.exe,18720,0x43D4320,D3D9,0,0,1,Hardware: Independent Flip,38490.4519,NA,17.13800000000000,17.43050000000000,1.22010000000000,4.32590000000000,4.5080,NA,38474.4311,17.2409,16.0208,1.2201,16.6867,3.6600,3.5870,0.0730,-0.6430,38474.4311,NA,NA
gamemd.exe,18720,0x43D4320,D3D9,0,0,1,Hardware: Independent Flip,38507.1285,NA,16.67660000000000,17.40090000000000,2.30260000000000,5.11240000000000,5.2323,NA,38491.6720,17.7591,15.4565,2.3026,16.5207,4.0482,3.9719,0.0763,-0.1600,38491.6720,NA,NA
gamemd.exe,18720,0x43D4320,D3D9,0,0,1,Hardware: Independent Flip,38523.4869,NA,16.35840000000000,15.32260000000000,1.10280000000000,4.08310000000000,4.1965,NA,38509.4311,15.1586,14.0558,1.1028,14.5887,3.5502,3.4654,0.0848,2.4365,38509.4311,NA,NA
gamemd.exe,18720,0x43D4320,D3D9,0,0,1,Hardware: Independent Flip,38540.1592,NA,16.67230000000000,16.58070000000000,0.86620000000000,3.99150000000000,4.1049,NA,38524.5897,16.4357,15.5695,0.8662,15.9436,3.6174,3.5633,0.0541,-1.4221,38524.5897,NA,NA
gamemd.exe,18720,0x43D4320,D3D9,0,0,1,Hardware: Independent Flip,38556.8440,NA,16.68480000000000,16.69530000000000,1.00900000000000,3.99880000000000,4.1154,NA,38541.0254,16.8276,15.8186,1.0090,16.3163,3.5011,3.4411,0.0600,-0.2596,38541.0254,NA,NA
gamemd.exe,18720,0x43D4320,D3D9,0,0,1,Hardware: Independent Flip,38573.4638,NA,16.61980000000000,16.99180000000000,1.33620000000000,4.37530000000000,4.4874,NA,38557.8530,16.9470,15.6108,1.3362,16.3858,3.6003,3.5096,0.0907,-0.1642,38557.8530,NA,NA
gamemd.exe,18720,0x43D4320,D3D9,0,0,1,Hardware: Independent Flip,38590.6571,NA,17.19330000000000,17.81610000000000,2.19490000000000,4.94660000000000,5.1102,NA,38574.8000,18.0520,15.8571,2.1949,16.8941,3.9096,3.8302,0.0794,-0.8691,38574.8000,NA,NA
gamemd.exe,18720,0x43D4320,D3D9,0,0,1,Hardware: Independent Flip,38606.6711,NA,16.01400000000000,15.87790000000000,1.33980000000000,4.84190000000000,4.9741,NA,38592.8520,15.1589,13.8191,1.3398,14.3712,4.2898,4.1606,0.1292,2.1741,38592.8520,NA,NA
gamemd.exe,18720,0x43D4320,D3D9,0,0,1,Hardware: Independent Flip,38624.0708,NA,17.39970000000000,16.66770000000000,1.11070000000000,4.13190000000000,4.2421,NA,38608.0109,17.1706,16.0599,1.1107,16.5786,3.6132,3.5677,0.0455,-1.5088,38608.0109,NA,NA
gamemd.exe,18720,0x43D4320,D3D9,0,0,1,Hardware: Independent Flip,38640.4294,NA,16.35860000000000,16.21390000000000,0.85780000000000,3.93570000000000,4.0974,NA,38625.1815,16.1057,15.2479,0.8578,15.6413,3.5423,3.5035,0.0388,0.9567,38625.1815,NA,NA
gamemd.exe,18720,0x43D4320,D3D9,0,0,1,Hardware: Independent Flip,38656.6805,NA,16.25110000000000,16.29070000000000,0.82140000000000,4.01870000000000,4.1370,NA,38641.2872,16.2147,15.3933,0.8214,15.8089,3.6031,3.5568,0.0463,-0.1850,38641.2872,NA,NA
gamemd.exe,18720,0x43D4320,D3D9,0,0,1,Hardware: Independent Flip,38673.6626,NA,16.98210000000000,17.09590000000000,0.88570000000000,4.11760000000000,4.2508,NA,38657.5019,17.0464,16.1607,0.8857,16.6536,3.6247,3.5696,0.0551,-0.8812,38657.5019,NA,NA
gamemd.exe,18720,0x43D4320,D3D9,0,0,1,Hardware: Independent Flip,38690.3329,NA,16.67030000000000,17.63550000000000,2.81870000000000,5.08120000000000,5.2160,NA,38674.5483,18.6033,15.7846,2.8187,16.9414,3.9244,3.8527,0.0717,-0.5891,38674.5483,NA,NA
gamemd.exe,18720,0x43D4320,D3D9,0,0,1,Hardware: Independent Flip,38707.1803,NA,16.84740000000000,16.12400000000000,1.32770000000000,4.37350000000000,4.4926,NA,38693.1516,15.3564,14.0287,1.3277,14.7783,3.6239,3.5578,0.0661,2.4793,38693.1516,19.7200,27.6299
gamemd.exe,18720,0x43D4320,D3D9,0,0,1,Hardware: Independent Flip,38723.4275,NA,16.24720000000000,16.41150000000000,1.65470000000000,4.54070000000000,4.6569,NA,38708.5080,16.5742,14.9195,1.6547,15.9019,3.5583,3.5068,0.0515,-1.0551,38708.5080,20.1250,NA
gamemd.exe,18720,0x43D4320,D3D9,0,0,1,Hardware: Independent Flip,38740.3339,NA,16.90640000000000,16.42330000000000,0.75850000000000,4.05270000000000,4.1738,NA,38725.0822,16.0102,15.2517,0.7585,15.6090,3.6954,3.6316,0.0638,0.1509,38725.0822,20.4105,NA
gamemd.exe,18720,0x43D4320,D3D9,0,0,1,Hardware: Independent Flip,38756.6655,NA,16.33160000000000,16.53270000000000,1.23260000000000,4.25000000000000,4.3749,NA,38741.0924,16.8057,15.5731,1.2326,16.3428,3.4803,3.4369,0.0434,-0.5225,38741.0924,21.0746,NA
gamemd.exe,18720,0x43D4320,D3D9,0,0,1,Hardware: Independent Flip,38773.3651,NA,16.69960000000000,16.39330000000000,0.78440000000000,3.94190000000000,4.0686,NA,38757.8981,16.2514,15.4670,0.7844,15.8413,3.5676,3.5134,0.0542,0.4124,38757.8981,21.5079,NA
gamemd.exe,18720,0x43D4320,D3D9,0,0,1,Hardware: Independent Flip,38790.5489,NA,17.18380000000000,17.96400000000000,1.67560000000000,4.68170000000000,4.8488,NA,38774.1495,18.0750,16.3994,1.6756,17.3934,3.6877,3.6047,0.0830,-1.7126,38774.1495,23.3779,NA
gamemd.exe,18720,0x43D4320,D3D9,0,0,1,Hardware: Independent Flip,38806.8567,NA,16.30780000000000,16.09890000000000,1.57470000000000,4.46240000000000,4.6399,NA,38792.2245,16.2069,14.6322,1.5747,15.2107,3.8839,3.8114,0.0725,1.9761,38792.2245,23.5649,NA
gamemd.exe,18720,0x43D4320,D3D9,0,0,1,Hardware: Independent Flip,38823.5789,NA,16.72220000000000,16.61850000000000,1.29940000000000,4.32020000000000,4.5362,NA,38808.4314,16.4469,15.1475,1.2994,15.8894,3.5783,3.5266,0.0517,-0.4116,38808.4314,24.1418,NA
gamemd.exe,18720,0x43D4320,D3D9,0,0,1,Hardware: Independent Flip,38840.2668,NA,16.68790000000000,16.42350000000000,0.81930000000000,4.06860000000000,4.2718,NA,38824.8783,16.2078,15.3885,0.8193,15.7608,3.6963,3.6383,0.0580,0.0234,38824.8783,24.3704,NA
gamemd.exe,18720,0x43D4320,D3D9,0,0,1,Hardware: Independent Flip,38856.6930,NA,16.42620000000000,16.38680000000000,0.84410000000000,4.08870000000000,4.2324,NA,38841.0861,16.4510,15.6069,0.8441,16.0113,3.6843,3.6206,0.0637,-0.1790,38841.0861,24.6353,NA
gamemd.exe,18720,0x43D4320,D3D9,0,0,1,Hardware: Independent Flip,38873.4885,NA,16.79550000000000,16.71610000000000,1.02590000000000,4.03700000000000,4.1530,NA,38857.5371,16.9773,15.9514,1.0259,16.3787,3.6097,3.5485,0.0612,-0.2651,38857.5371,25.6234,NA
gamemd.exe,18720,0x43D4320,D3D9,0,0,1,Hardware: Independent Flip,38890.3403,NA,16.85180000000000,18.05010000000000,2.67790000000000,5.17820000000000,5.3513,NA,38874.5144,18.5038,15.8259,2.6779,16.7497,4.2544,4.1696,0.0848,-1.0728,38874.5144,11.6927,NA
gamemd.exe,18720,0x43D4320,D3D9,0,0,1,Hardware: Independent Flip,38907.0585,NA,16.71820000000000,15.50670000000000,1.11340000000000,4.00480000000000,4.1398,NA,38893.0182,15.1537,14.0403,1.1134,14.5154,3.5297,3.4743,0.0554,2.9971,38893.0182,11.1940,NA
gamemd.exe,18720,0x43D4320,D3D9,0,0,1,Hardware: Independent Flip,38923.6310,NA,16.57250000000000,16.66650000000000,1.12320000000000,4.11200000000000,4.2338,NA,38908.1719,16.5823,15.4591,1.1232,15.9765,3.5946,3.5367,0.0579,-1.5128,38908.1719,11.9154,NA
gamemd.exe,18720,0x43D4320,D3D9,0,0,1,Hardware: Independent Flip,38940.5525,NA,16.92150000000000,16.92920000000000,1.08620000000000,4.06580000000000,4.2415,NA,38924.7542,16.8845,15.7983,1.0862,16.2733,3.5908,3.5417,0.0491,-0.3469,38924.7542,12.8731,NA
gamemd.exe,18720,0x43D4320,D3D9,0,0,1,Hardware: Independent Flip,38956.9090,NA,16.35650000000000,16.19900000000000,0.90750000000000,3.95320000000000,4.0840,NA,38941.6387,16.1778,15.2703,0.9075,15.6889,3.5346,3.4691,0.0655,0.6855,38941.6387,13.0665,13.0665
gamemd.exe,18720,0x43D4320,D3D9,0,0,1,Hardware: Independent Flip,38973.7014,NA,16.79240000000000,16.88050000000000,1.12180000000000,4.05810000000000,4.1721,NA,38957.8165,17.0067,15.8849,1.1218,16.3848,3.5582,3.5065,0.0517,-0.7027,38957.8165,21.9197,NA
gamemd.exe,18720,0x43D4320,D3D9,0,0,1,Hardware: Independent Flip,38990.4169,NA,16.71550000000000,16.98140000000000,1.16770000000000,4.21040000000000,4.4380,NA,38974.8232,16.7614,15.5937,1.1677,16.1038,3.7003,3.5993,0.1010,0.0253,38974.8232,NA,NA
gamemd.exe,18720,0x43D4320,D3D9,0,0,1,Hardware: Independent Flip,39007.0757,NA,16.65880000000000,17.38120000000000,2.50990000000000,4.98560000000000,5.1604,NA,38991.5846,18.0010,15.4911,2.5099,16.5518,3.9249,3.8336,0.0913,-0.6198,38991.5846,NA,NA
gamemd.exe,18720,0x43D4320,D3D9,0,0,1,Hardware: Independent Flip,39023.5565,NA,16.48080000000000,16.40210000000000,1.34410000000000,4.94960000000000,5.0817,NA,39009.5856,15.3150,13.9709,1.3441,14.6201,4.3004,3.8455,0.4549,1.5989,39009.5856,NA,NA
gamemd.exe,18720,0x43D4320,D3D9,0,0,1,Hardware: Independent Flip,39039.7611,NA,16.20460000000000,14.72400000000000,1.28820000000000,3.47540000000000,3.6011,NA,39024.9006,16.1487,14.8605,1.2882,15.0163,3.3196,3.1992,0.1204,0.5910,39024.9006,7.1459,NA
gamemd.exe,18720,0x43D4320,D3D9,0,0,1,Hardware: Independent Flip,39057.2564,NA,17.49530000000000,18.31320000000000,1.45570000000000,4.30460000000000,4.4190,NA,39041.0493,17.6628,16.2071,1.4557,16.8504,3.6613,3.6080,0.0533,-2.1645,39041.0493,9.6643,NA
gamemd.exe,18720,0x43D4320,D3D9,0,0,1,Hardware: Independent Flip,39073.5082,NA,16.25180000000000,16.43980000000000,1.40430000000000,4.49280000000000,4.6070,NA,39058.7121,16.2004,14.7961,1.4043,15.6134,3.6755,3.6133,0.0622,1.2230,39058.7121,18.1599,NA
gamemd.exe,18720,0x43D4320,D3D9,0,0,1,Hardware: Independent Flip,39090.4555,NA,16.94730000000000,17.20660000000000,2.42720000000000,4.69530000000000,4.8663,NA,39074.9125,17.9702,15.5430,2.4272,16.4349,3.8034,3.7354,0.0680,-1.0062,39074.9125,19.3461,NA
gamemd.exe,18720,0x43D4320,D3D9,0,0,1,Hardware: Independent Flip,39106.9595,NA,16.50400000000000,16.41550000000000,1.98900000000000,4.54400000000000,4.7778,NA,39092.8827,16.0658,14.0768,1.9890,14.7868,3.8340,3.7518,0.0822,1.5547,39092.8827,19.7199,NA
gamemd.exe,18720,0x43D4320,D3D9,0,0,1,Hardware: Independent Flip,39123.9374,NA,16.97790000000000,16.45560000000000,1.07620000000000,4.10640000000000,4.2555,NA,39108.9485,16.0651,14.9889,1.0762,15.5176,3.5777,3.5232,0.0545,-0.3898,39108.9485,20.1985,NA
gamemd.exe,18720,0x43D4320,D3D9,0,0,1,Hardware: Independent Flip,39140.6026,NA,16.66520000000000,16.79820000000000,1.16100000000000,4.25790000000000,4.3885,NA,39125.0136,16.7500,15.5890,1.1610,16.2982,3.5487,3.4706,0.0781,-0.7331,39125.0136,21.0349,NA
gamemd.exe,18720,0x43D4320,D3D9,0,0,1,Hardware: Independent Flip,39157.0635,NA,16.46090000000000,16.16390000000000,1.01060000000000,3.98100000000000,4.0915,NA,39141.7636,16.3105,15.2999,1.0106,15.7673,3.5136,3.4592,0.0544,0.5861,39141.7636,21.1541,NA
gamemd.exe,18720,0x43D4320,D3D9,0,0,1,Hardware: Independent Flip,39173.4887,NA,16.42520000000000,16.44240000000000,0.80660000000000,3.97330000000000,4.1087,NA,39158.0741,16.2212,15.4146,0.8066,15.7997,3.5882,3.5295,0.0587,-0.1319,39158.0741,21.5780,NA
gamemd.exe,18720,0x43D4320,D3D9,0,0,1,Hardware: Independent Flip,39190.0433,NA,16.55460000000000,16.72430000000000,1.17570000000000,4.10350000000000,4.2784,NA,39174.2953,16.9237,15.7480,1.1757,16.2749,3.5766,3.5059,0.0707,-0.5031,39174.2953,22.3206,NA
gamemd.exe,18720,0x43D4320,D3D9,0,0,1,Hardware: Independent Flip,39207.1119,NA,17.06860000000000,17.74450000000000,1.67500000000000,4.81350000000000,4.9543,NA,39191.2190,17.5679,15.8929,1.6750,17.0124,3.6940,3.6219,0.0721,-0.8208,39191.2190,24.1055,NA
gamemd.exe,18720,0x43D4320,D3D9,0,0,1,Hardware: Independent Flip,39223.3837,NA,16.27180000000000,15.42060000000000,0.91320000000000,3.96400000000000,4.1031,NA,39208.7869,15.5100,14.5968,0.9132,15.0206,3.5402,3.4894,0.0508,2.1473,39208.7869,23.2464,NA
gamemd.exe,18720,0x43D4320,D3D9,0,0,1,Hardware: Independent Flip,39240.1630,NA,16.77930000000000,16.93690000000000,0.95390000000000,4.10930000000000,4.2607,NA,39224.2969,16.8200,15.8661,0.9539,16.2704,3.7050,3.6146,0.0904,-1.4269,39224.2969,24.4480,NA
gamemd.exe,18720,0x43D4320,D3D9,0,0,1,Hardware: Independent Flip,39257.0782,NA,16.91520000000000,16.82130000000000,0.86520000000000,4.00520000000000,4.1668,NA,39241.1169,16.8265,15.9613,0.8652,16.3685,3.5980,3.5229,0.0751,-0.0013,39241.1169,25.0513,NA
gamemd.exe,18720,0x43D4320,D3D9,0,0,1,Hardware: Independent Flip,39273.5855,NA,16.50730000000000,16.99050000000000,1.47310000000000,4.52850000000000,4.6500,NA,39257.9434,17.1152,15.6421,1.4731,16.4535,3.7171,3.6101,0.1070,-0.1640,39257.9434,26.0796,NA
gamemd.exe,18720,0x43D4320,D3D9,0,0,1,Hardware: Independent Flip,39290.6208,NA,17.03530000000000,17.28650000000000,1.82640000000000,4.76440000000000,4.9012,NA,39275.0586,17.3886,15.5622,1.8264,16.5174,3.8092,3.7143,0.0949,-0.1713,39275.0586,11.5573,NA
gamemd.exe,18720,0x43D4320,D3D9,0,0,1,Hardware: Independent Flip,39306.6931,NA,16.07230000000000,16.32750000000000,1.67050000000000,5.02150000000000,5.1564,NA,39292.4472,15.9164,14.2459,1.6705,14.8354,4.4320,4.2982,0.1338,1.0611,39292.4472,NA,NA
gamemd.exe,18720,0x43D4320,D3D9,0,0,1,Hardware: Independent Flip,39323.3326,NA,16.63950000000000,16.31630000000000,1.80300000000000,4.69680000000000,4.8332,NA,39308.3636,16.7720,14.9690,1.8030,16.0852,3.5806,3.4953,0.0853,-0.3999,39308.3636,28.1985,NA
gamemd.exe,18720,0x43D4320,D3D9,0,0,1,Hardware: Independent Flip,39340.2051,NA,16.87250000000000,17.44160000000000,2.56010000000000,5.21360000000000,5.4023,NA,39325.1356,17.6296,15.0695,2.5601,16.0563,4.2268,4.1329,0.0939,-0.6696,39325.1356,13.6589,NA
gamemd.exe,18720,0x43D4320,D3D9,0,0,1,Hardware: Independent Flip,39357.4946,NA,17.28950000000000,17.04720000000000,1.70290000000000,5.03920000000000,5.1600,NA,39342.7652,16.4323,14.7294,1.7029,15.5704,4.1982,4.1313,0.0669,0.5824,39342.7652,NA,NA
gamemd.exe,18720,0x43D4320,D3D9,0,0,1,Hardware: Independent Flip,39373.4851,NA,15.99050000000000,15.04790000000000,1.04720000000000,4.10430000000000,4.2174,NA,39359.1975,15.3348,14.2876,1.0472,14.7134,3.6785,3.6204,0.0581,1.3844,39359.1975,21.7539,NA
gamemd.exe,18720,0x43D4320,D3D9,0,0,1,Hardware: Independent Flip,39390.0440,NA,16.55890000000000,16.56230000000000,1.15080000000000,4.02980000000000,4.2208,NA,39374.5323,16.6625,15.5117,1.1508,16.0616,3.4799,3.4150,0.0649,-1.2275,39374.5323,14.3453,NA
gamemd.exe,18720,0x43D4320,D3D9,0,0,1,Hardware: Independent Flip,39406.6068,NA,16.56280000000000,17.50680000000000,1.87090000000000,5.04940000000000,5.1648,NA,39391.1948,17.2829,15.4120,1.8709,16.0828,4.3786,4.2428,0.1358,-0.8443,39391.1948,7.6209,NA
gamemd.exe,18720,0x43D4320,D3D9,0,0,1,Hardware: Independent Flip,39423.4337,NA,16.82690000000000,15.93810000000000,1.27440000000000,4.16170000000000,4.2760,NA,39408.4777,16.2304,14.9560,1.2744,15.5488,3.5689,3.5248,0.0441,1.3448,39408.4777,15.7927,NA
gamemd.exe,18720,0x43D4320,D3D9,0,0,1,Hardware: Independent Flip,39440.4583,NA,17.02460000000000,16.83860000000000,0.86860000000000,3.95600000000000,4.0900,NA,39424.7081,16.6188,15.7502,0.8686,16.1295,3.5767,3.5292,0.0475,-0.6082,39424.7081,NA,NA
gamemd.exe,18720,0x43D4320,D3D9,0,0,1,Hardware: Independent Flip,39457.2184,NA,16.76010000000000,16.96830000000000,1.33930000000000,4.18930000000000,4.2982,NA,39441.3269,17.2308,15.8915,1.3393,16.5509,3.5299,3.4802,0.0497,-0.3495,39441.3269,17.5771,NA
gamemd.exe,18720,0x43D4320,D3D9,0,0,1,Hardware: Independent Flip,39473.8993,NA,16.68090000000000,17.26450000000000,1.85340000000000,4.74370000000000,4.8818,NA,39458.5577,17.1950,15.3416,1.8534,16.4894,3.5959,3.5194,0.0765,-0.0337,39458.5577,NA,NA
gamemd.exe,18720,0x43D4320,D3D9,0,0,1,Hardware: Independent Flip,39489.9658,NA,16.06650000000000,16.24930000000000,2.56450000000000,4.93310000000000,5.0646,NA,39475.7527,16.7776,14.2131,2.5645,15.1810,3.9652,3.8495,0.1157,0.9457,39475.7527,NA,NA
gamemd.exe,18720,0x43D4320,D3D9,0,0,1,Hardware: Independent Flip,39506.8278,NA,16.86200000000000,16.14910000000000,1.63650000000000,4.22570000000000,4.3517,NA,39492.5303,15.9340,14.2975,1.6365,14.9619,3.5613,3.5079,0.0534,0.6285,39492.5303,NA,NA
gamemd.exe,18720,0x43D4320,D3D9,0,0,1,Hardware: Independent Flip,39523.5844,NA,16.75660000000000,16.72470000000000,1.57110000000000,4.20810000000000,4.3198,NA,39508.4643,16.6912,15.1201,1.5711,15.7190,3.6092,3.5553,0.0539,-0.7907,39508.4643,19.9656,19.9656
gamemd.exe,18720,0x43D4320,D3D9,0,0,1,Hardware: Independent Flip,39540.1347,NA,16.55030000000000,16.55610000000000,1.09420000000000,4.19390000000000,4.3256,NA,39525.1555,16.0734,14.9792,1.0942,15.5876,3.5855,3.5307,0.0548,0.1351,39525.1555,NA,NA
gamemd.exe,18720,0x43D4320,D3D9,0,0,1,Hardware: Independent Flip,39556.7358,NA,16.60110000000000,16.45570000000000,0.78010000000000,4.00640000000000,4.1802,NA,39541.2289,16.2870,15.5069,0.7801,15.8935,3.6198,3.5655,0.0543,-0.3823,39541.2289,NA,NA
gamemd.exe,18720,0x43D4320,D3D9,0,0,1,Hardware: Independent Flip,39573.5676,NA,16.83180000000000,16.82150000000000,0.85160000000000,3.99220000000000,4.1699,NA,39557.5159,16.9033,16.0517,0.8516,16.4592,3.5847,3.5233,0.0614,-0.5345,39557.5159,NA,NA
gamemd.exe,18720,0x43D4320,D3D9,0,0,1,Hardware: Independent Flip,39590.1711,NA,16.60350000000000,17.58600000000000,1.56660000000000,4.93070000000000,5.1524,NA,39574.4192,17.3185,15.7519,1.5666,16.4849,4.1977,4.0754,0.1223,-0.6827,39574.4192,NA,NA
gamemd.exe,18720,0x43D4320,D3D9,0,0,1,Hardware: Independent Flip,39606.6473,NA,16.47620000000000,15.49960000000000,0.99200000000000,4.03490000000000,4.1758,NA,39591.7377,15.9016,14.9096,0.9920,15.3060,3.6385,3.5759,0.0626,1.8189,39591.7377,NA,NA
gamemd.exe,18720,0x43D4320,D3D9,0,0,1,Hardware: Independent Flip,39623.3655,NA,16.71820000000000,16.65630000000000,0.91300000000000,3.97370000000000,4.1139,NA,39607.6393,16.6392,15.7262,0.9130,16.0842,3.6157,3.5598,0.0559,-0.7547,39607.6393,NA,NA
gamemd.exe,18720,0x43D4320,D3D9,0,0,1,Hardware: Independent Flip,39640.3003,NA,16.93480000000000,17.03880000000000,0.85360000000000,4.07870000000000,4.2179,NA,39624.2785,16.8754,16.0218,0.8536,16.4174,3.6831,3.6166,0.0665,-0.3996,39624.2785,32.5633,32.5633
gamemd.exe,18720,0x43D4320,D3D9,0,0,1,Hardware: Independent Flip,39656.7914,NA,16.49110000000000,16.31340000000000,0.88840000000000,3.91300000000000,4.0402,NA,39641.1539,16.5259,15.6375,0.8884,16.0073,3.5432,3.4817,0.0615,0.5620,39641.1539,NA,NA
gamemd.exe,18720,0x43D4320,D3D9,0,0,1,Hardware: Independent Flip,39673.6501,NA,16.85870000000000,17.28260000000000,1.24660000000000,4.30100000000000,4.4641,NA,39657.6798,17.2169,15.9703,1.2466,16.5221,3.7492,3.6598,0.0894,-0.7567,39657.6798,NA,NA
gamemd.exe,18720,0x43D4320,D3D9,0,0,1,Hardware: Independent Flip,39690.3551,NA,16.70500000000000,17.00440000000000,1.67590000000000,4.55410000000000,4.7635,NA,39674.8967,17.1343,15.4584,1.6759,16.1080,3.9045,3.8048,0.0997,0.2125,39674.8967,NA,NA
gamemd.exe,18720,0x43D4320,D3D9,0,0,1,Hardware: Independent Flip,39707.1453,NA,16.79020000000000,16.62500000000000,1.11330000000000,4.42280000000000,4.5983,NA,39692.0310,16.2276,15.1143,1.1133,15.6785,3.8586,3.7828,0.0758,0.5093,39692.0310,27.7221,27.7221
gamemd.exe,18720,0x43D4320,D3D9,0,0,1,Hardware: Independent Flip,39723.6009,NA,16.45560000000000,16.25630000000000,1.02810000000000,4.23000000000000,4.3990,NA,39708.2586,16.3704,15.3423,1.0281,15.8933,3.6790,3.6079,0.0711,-0.0287,39708.2586,NA,NA
gamemd.exe,18720,0x43D4320,D3D9,0,0,1,Hardware: Independent Flip,39740.6459,NA,17.04500000000000,17.18250000000000,0.97720000000000,4.33830000000000,4.5365,NA,39724.6290,16.9941,16.0169,0.9772,16.5419,3.8133,3.7707,0.0426,-0.8121,39724.6290,13.2139,13.2139
gamemd.exe,18720,0x43D4320,D3D9,0,0,1,Hardware: Independent Flip,39756.7999,NA,16.15400000000000,15.99510000000000,0.80660000000000,4.20170000000000,4.3776,NA,39741.6231,15.9834,15.1768,0.8066,15.5587,3.8198,3.7804,0.0394,0.9990,39741.6231,NA,NA
gamemd.exe,18720,0x43D4320,D3D9,0,0,1,Hardware: Independent Flip,39773.6095,NA,16.80960000000000,17.61050000000000,2.25080000000000,4.98710000000000,5.1785,NA,39757.6065,18.2538,16.0030,2.2508,17.0041,3.9860,3.9108,0.0752,-1.6271,39757.6065,NA,NA
gamemd.exe,18720,0x43D4320,D3D9,0,0,1,Hardware: Independent Flip,39790.0640,NA,16.45450000000000,16.05940000000000,1.86630000000000,4.53370000000000,4.7834,NA,39775.8603,16.0700,14.2037,1.8663,14.6498,4.0876,4.0158,0.0718,2.1944,39775.8603,14.8892,NA
gamemd.exe,18720,0x43D4320,D3D9,0,0,1,Hardware: Independent Flip,39806.9901,NA,16.92610000000000,16.39270000000000,1.06350000000000,4.12570000000000,4.2500,NA,39791.9303,16.1233,15.0598,1.0635,15.5757,3.6098,3.5643,0.0455,-0.3227,39791.9303,7.2968,NA
gamemd.exe,18720,0x43D4320,D3D9,0,0,1,Hardware: Independent Flip,39823.5912,NA,16.60110000000000,16.49970000000000,1.11960000000000,4.03050000000000,4.1486,NA,39808.0536,16.6572,15.5376,1.1196,16.0345,3.5336,3.4815,0.0521,-0.3764,39808.0536,7.7587,NA
gamemd.exe,18720,0x43D4320,D3D9,0,0,1,Hardware: Independent Flip,39840.2302,NA,16.63900000000000,16.80170000000000,1.06010000000000,4.17720000000000,4.3113,NA,39824.7108,16.5795,15.5194,1.0601,16.0688,3.6278,3.5731,0.0547,-0.1445,39824.7108,8.3601,NA
gamemd.exe,18720,0x43D4320,D3D9,0,0,1,Hardware: Independent Flip,39857.1358,NA,16.90560000000000,16.98390000000000,1.31690000000000,4.21200000000000,4.3896,NA,39841.2903,17.1624,15.8455,1.3169,16.4126,3.6449,3.5744,0.0705,-0.4044,39841.2903,9.5305,NA
gamemd.exe,18720,0x43D4320,D3D9,0,0,1,Hardware: Independent Flip,39873.5693,NA,16.43350000000000,17.06090000000000,1.56790000000000,4.87950000000000,5.0170,NA,39858.4527,16.6845,15.1166,1.5679,15.6880,4.3081,4.2202,0.0879,0.1015,39858.4527,18.6654,NA
gamemd.exe,18720,0x43D4320,D3D9,0,0,1,Hardware: Independent Flip,39890.2295,NA,16.66020000000000,16.41480000000000,2.25770000000000,4.61760000000000,4.7716,NA,39875.1372,17.3500,15.0923,2.2577,15.8903,3.8196,3.7005,0.1191,0.2697,39875.1372,19.0472,NA
gamemd.exe,18720,0x43D4320,D3D9,0,0,1,Hardware: Independent Flip,39907.0312,NA,16.80170000000000,16.43630000000000,1.57430000000000,4.29840000000000,4.4062,NA,39892.4872,16.1183,14.5440,1.5743,15.0867,3.7557,3.7060,0.0497,0.9137,39892.4872,19.4405,NA
gamemd.exe,18720,0x43D4320,D3D9,0,0,1,Hardware: Independent Flip,39923.4814,NA,16.45020000000000,16.44740000000000,1.69910000000000,4.27560000000000,4.4034,NA,39908.6055,16.5750,14.8759,1.6991,15.4585,3.6930,3.6390,0.0540,-0.3291,39908.6055,19.9166,NA
gamemd.exe,18720,0x43D4320,D3D9,0,0,1,Hardware: Independent Flip,39940.6933,NA,17.21190000000000,16.89590000000000,0.81090000000000,3.94490000000000,4.0874,NA,39925.1805,16.3237,15.5128,0.8109,15.8986,3.5591,3.5135,0.0456,-0.3209,39925.1805,20.8103,NA
gamemd.exe,18720,0x43D4320,D3D9,0,0,1,Hardware: Independent Flip,39956.8636,NA,16.17030000000000,16.25800000000000,0.96630000000000,4.04450000000000,4.1751,NA,39941.5042,16.3257,15.3594,0.9663,15.8421,3.5618,3.5024,0.0594,0.0657,39941.5042,21.0453,NA
gamemd.exe,18720,0x43D4320,D3D9,0,0,1,Hardware: Independent Flip,39973.7544,NA,16.89080000000000,17.57160000000000,1.71100000000000,4.65130000000000,4.8559,NA,39957.8299,17.6355,15.9245,1.7110,16.8260,3.7498,3.6586,0.0912,-1.2459,39957.8299,22.6450,NA
gamemd.exe,18720,0x43D4320,D3D9,0,0,1,Hardware: Independent Flip,39990.5430,NA,16.78860000000000,17.45480000000000,1.46420000000000,5.28910000000000,5.5221,NA,39975.4654,16.5418,15.0776,1.4642,15.8058,4.5609,4.0717,0.4892,0.1807,39975.4654,24.0639,NA
gamemd.exe,18720,0x43D4320,D3D9,0,0,1,Hardware: Independent Flip,40006.9793,NA,16.43630000000000,15.46520000000000,1.49830000000000,4.41820000000000,4.5510,NA,39992.0072,16.4704,14.9721,1.4983,15.5943,3.7960,3.7224,0.0736,1.0766,39992.0072,23.0575,NA
gamemd.exe,18720,0x43D4320,D3D9,0,0,1,Hardware: Independent Flip,40023.7870,NA,16.80770000000000,16.39150000000000,0.88710000000000,3.99150000000000,4.1348,NA,40008.4776,16.1965,15.3094,0.8871,15.7328,3.5681,3.4785,0.0896,0.0789,40008.4776,23.7296,NA
gamemd.exe,18720,0x43D4320,D3D9,0,0,1,Hardware: Independent Flip,40040.1618,NA,16.37480000000000,16.44770000000000,0.91210000000000,4.00250000000000,4.2077,NA,40024.6741,16.3998,15.4877,0.9121,15.8796,3.6106,3.5518,0.0588,-0.2512,40024.6741,24.1549,NA
gamemd.exe,18720,0x43D4320,D3D9,0,0,1,Hardware: Independent Flip,40056.8243,NA,16.66250000000000,16.64430000000000,0.81850000000000,4.00370000000000,4.1895,NA,40041.0739,16.5689,15.7504,0.8185,16.1640,3.5901,3.5078,0.0823,-0.2445,40041.0739,24.9695,NA
gamemd.exe,18720,0x43D4320,D3D9,0,0,1,Hardware: Independent Flip,40073.8530,NA,17.02870000000000,18.13020000000000,2.41200000000000,5.12470000000000,5.2910,NA,40057.6428,18.6222,16.2102,2.4120,17.1689,4.1660,4.0494,0.1166,-1.5613,40057.6428,11.1652,NA
gamemd.exe,18720,0x43D4320,D3D9,0,0,1,Hardware: Independent Flip,40090.1637,NA,16.31070000000000,15.43300000000000,1.16140000000000,4.30000000000000,4.4133,NA,40076.2650,15.0601,13.8987,1.1614,14.5223,3.6764,3.6073,0.0691,3.1892,40076.2650,10.6080,NA
gamemd.exe,18720,0x43D4320,D3D9,0,0,1,Hardware: Independent Flip,40106.4431,NA,16.27940000000000,16.00300000000000,0.99690000000000,3.99580000000000,4.1369,NA,40091.3251,16.1149,15.1180,0.9969,15.5340,3.5798,3.5161,0.0637,-0.9429,40091.3251,10.5534,NA
gamemd.exe,18720,0x43D4320,D3D9,0,0,1,Hardware: Independent Flip,40123.8564,NA,17.41330000000000,17.87580000000000,1.25170000000000,4.44180000000000,4.5994,NA,40107.4400,17.6681,16.4164,1.2517,17.0603,3.7979,3.6666,0.1313,-1.7609,40107.4400,NA,NA
gamemd.exe,18720,0x43D4320,D3D9,0,0,1,Hardware: Independent Flip,40140.3058,NA,16.44940000000000,17.13640000000000,1.64060000000000,5.07600000000000,5.2864,NA,40125.1081,16.8383,15.1977,1.6406,15.7996,4.4741,4.3659,0.1082,0.5317,40125.1081,5.6676,NA
gamemd.exe,18720,0x43D4320,D3D9,0,0,1,Hardware: Independent Flip,40156.9546,NA,16.64880000000000,16.37190000000000,1.65600000000000,4.88090000000000,5.0095,NA,40141.9464,16.6642,15.0082,1.6560,15.6466,4.2425,4.1166,0.1259,0.4664,40141.9464,14.0237,NA
gamemd.exe,18720,0x43D4320,D3D9,0,0,1,Hardware: Independent Flip,40173.8897,NA,16.93510000000000,16.35750000000000,1.32770000000000,4.28820000000000,4.4319,NA,40158.6106,16.6068,15.2791,1.3277,15.8434,3.7239,3.6332,0.0907,0.3067,40158.6106,14.3853,NA
gamemd.exe,18720,0x43D4320,D3D9,0,0,1,Hardware: Independent Flip,40190.7504,NA,16.86070000000000,17.17630000000000,2.00350000000000,4.61110000000000,4.7475,NA,40175.2174,17.5365,15.5330,2.0035,16.3842,3.7599,3.6889,0.0710,-0.5695,40175.2174,7.5179,NA
gamemd.exe,18720,0x43D4320,D3D9,0,0,1,Hardware: Independent Flip,40207.1088,NA,16.35840000000000,15.74830000000000,0.94920000000000,4.02520000000000,4.1374,NA,40192.7539,15.3041,14.3549,0.9492,14.8050,3.5751,3.5273,0.0478,1.7882,40192.7539,15.3089,NA
gamemd.exe,18720,0x43D4320,D3D9,0,0,1,Hardware: Independent Flip,40223.5064,NA,16.39760000000000,16.72880000000000,1.51550000000000,4.33420000000000,4.4686,NA,40208.0580,16.9639,15.4484,1.5155,16.2079,3.5747,3.5240,0.0507,-1.4247,40208.0580,7.9198,24.0364
gamemd.exe,18720,0x43D4320,D3D9,0,0,1,Hardware: Independent Flip,40240.0493,NA,16.54290000000000,16.59340000000000,1.27280000000000,4.38660000000000,4.5191,NA,40225.0219,16.3002,15.0274,1.2728,15.7663,3.6477,3.5873,0.0604,0.3705,40225.0219,16.6156,NA
gamemd.exe,18720,0x43D4320,D3D9,0,0,1,Hardware: Independent Flip,40256.9125,NA,16.86320000000000,16.81500000000000,1.62090000000000,4.35910000000000,4.4709,NA,40241.3221,17.2113,15.5904,1.6209,16.2915,3.6580,3.6014,0.0566,-0.5148,40241.3221,17.3710,NA
gamemd.exe,18720,0x43D4320,D3D9,0,0,1,Hardware: Independent Flip,40273.5962,NA,16.68370000000000,17.13800000000000,2.22830000000000,4.76510000000000,4.9252,NA,40258.5334,17.2911,15.0628,2.2283,15.9364,3.8915,3.8150,0.0765,0.0733,40258.5334,18.5399,NA
gamemd.exe,18720,0x43D4320,D3D9,0,0,1,Hardware: Independent Flip,40290.0627,NA,16.46650000000000,16.22050000000000,1.57560000000000,4.54880000000000,4.6792,NA,40275.8245,15.8138,14.2382,1.5756,14.7848,4.0022,3.9271,0.0751,1.0706,40275.8245,18.8182,NA
gamemd.exe,18720,0x43D4320,D3D9,0,0,1,Hardware: Independent Flip,40307.1561,NA,17.09340000000000,16.56340000000000,1.02490000000000,3.97920000000000,4.1492,NA,40291.6383,16.5427,15.5178,1.0249,15.9314,3.5656,3.5166,0.0490,-0.7496,40291.6383,19.3713,NA
gamemd.exe,18720,0x43D4320,D3D9,0,0,1,Hardware: Independent Flip,40323.4979,NA,16.34180000000000,16.88170000000000,1.60160000000000,4.56860000000000,4.6891,NA,40308.1810,16.9185,15.3169,1.6016,16.1647,3.7208,3.6745,0.0463,-0.3390,40308.1810,20.2706,NA
gamemd.exe,18720,0x43D4320,D3D9,0,0,1,Hardware: Independent Flip,40340.5985,NA,17.10060000000000,16.50450000000000,0.82970000000000,3.97770000000000,4.0930,NA,40325.0995,16.3287,15.4990,0.8297,15.8774,3.5993,3.5289,0.0704,0.4140,40325.0995,20.7601,NA
gamemd.exe,18720,0x43D4320,D3D9,0,0,1,Hardware: Independent Flip,40356.8549,NA,16.25640000000000,16.12810000000000,1.13660000000000,3.84370000000000,3.9647,NA,40341.4282,16.5633,15.4267,1.1366,15.8368,3.4336,3.3709,0.0627,0.2006,40341.4282,20.6830,NA
gamemd.exe,18720,0x43D4320,D3D9,0,0,1,Hardware: Independent Flip,40373.6664,NA,16.81150000000000,17.13710000000000,1.08810000000000,4.09950000000000,4.2903,NA,40357.9915,16.7630,15.6749,1.0881,16.1362,3.6382,3.5565,0.0817,-0.5738,40357.9915,22.0016,NA
gamemd.exe,18720,0x43D4320,D3D9,0,0,1,Hardware: Independent Flip,40390.4206,NA,16.75420000000000,17.15550000000000,1.96710000000000,4.54550000000000,4.6916,NA,40374.7545,17.6332,15.6661,1.9671,16.5525,3.6591,3.6017,0.0574,-0.3925,40374.7545,23.0892,NA
gamemd.exe,18720,0x43D4320,D3D9,0,0,1,Hardware: Independent Flip,40406.7560,NA,16.33540000000000,15.91790000000000,0.88280000000000,4.13710000000000,4.2741,NA,40392.3877,15.2511,14.3683,0.8828,14.8222,3.6832,3.6113,0.0719,1.7153,40392.3877,22.8847,NA
gamemd.exe,18720,0x43D4320,D3D9,0,0,1,Hardware: Independent Flip,40423.5035,NA,16.74750000000000,16.44510000000000,0.78630000000000,3.79910000000000,3.9717,NA,40407.6388,16.6510,15.8647,0.7863,16.2210,3.4428,3.3969,0.0459,-1.1940,40407.6388,23.4599,NA
gamemd.exe,18720,0x43D4320,D3D9,0,0,1,Hardware: Independent Flip,40439.9821,NA,16.47860000000000,16.90570000000000,1.21180000000000,4.21600000000000,4.3988,NA,40424.2898,16.9041,15.6923,1.2118,16.3061,3.6022,3.5058,0.0964,-0.2547,40424.2898,24.4513,NA
gamemd.exe,18720,0x43D4320,D3D9,0,0,1,Hardware: Independent Flip,40457.4269,NA,17.44480000000000,17.59030000000000,1.17390000000000,4.29850000000000,4.5443,NA,40441.1939,17.4069,16.2330,1.1739,16.7938,3.7377,3.6578,0.0799,-0.6862,40441.1939,25.9629,34.0340
gamemd.exe,18720,0x43D4320,D3D9,0,0,1,Hardware: Independent Flip,40473.8645,NA,16.43760000000000,17.04490000000000,2.31390000000000,5.03920000000000,5.1516,NA,40458.6008,17.5776,15.2637,2.3139,16.3824,3.9205,3.8513,0.0692,0.3620,40458.6008,35.0365,NA
gamemd.exe,18720,0x43D4320,D3D9,0,0,1,Hardware: Independent Flip,40490.0659,NA,16.20140000000000,15.25940000000000,1.14150000000000,4.08030000000000,4.2096,NA,40476.1784,15.0290,13.8875,1.1415,14.4369,3.5309,3.4511,0.0798,2.3182,40476.1784,NA,NA
gamemd.exe,18720,0x43D4320,D3D9,0,0,1,Hardware: Independent Flip,40506.9220,NA,16.85610000000000,16.82900000000000,1.16280000000000,4.07060000000000,4.1825,NA,40491.2074,16.8774,15.7146,1.1628,16.2027,3.5825,3.5203,0.0622,-1.8000,40491.2074,NA,NA
gamemd.exe,18720,0x43D4320,D3D9,0,0,1,Hardware: Independent Flip,40523.7850,NA,16.86300000000000,16.83060000000000,1.20070000000000,4.02020000000000,4.1501,NA,40508.0848,16.9009,15.7002,1.2007,16.2092,3.5112,3.4469,0.0643,0.0468,40508.0848,11.9877,NA
gamemd.exe,18720,0x43D4320,D3D9,0,0,1,Hardware: Independent Flip,40540.3971,NA,16.61210000000000,16.76600000000000,1.07080000000000,4.19200000000000,4.3040,NA,40524.9857,16.4822,15.4114,1.0708,15.9928,3.6106,3.5660,0.0446,0.1349,40524.9857,12.7631,NA
gamemd.exe,18720,0x43D4320,D3D9,0,0,1,Hardware: Independent Flip,40556.8609,NA,16.46380000000000,16.29680000000000,1.06050000000000,4.02070000000000,4.1370,NA,40541.4679,16.4535,15.3930,1.0605,15.8674,3.5463,3.4974,0.0489,0.1854,40541.4679,13.0623,NA
gamemd.exe,18720,0x43D4320,D3D9,0,0,1,Hardware: Independent Flip,40573.7233,NA,16.86240000000000,18.26980000000000,1.69320000000000,5.38340000000000,5.5444,NA,40557.9214,17.4951,15.8019,1.6932,16.4162,4.7691,4.1765,0.5926,-1.8163,40557.9214,15.3530,NA
gamemd.exe,18720,0x43D4320,D3D9,0,0,1,Hardware: Independent Flip,40590.0683,NA,16.34500000000000,15.84970000000000,2.32360000000000,4.91020000000000,5.0491,NA,40575.4165,16.9754,14.6518,2.3236,15.7326,3.8294,3.7686,0.0608,1.6454,40575.4165,7.1892,NA
gamemd.exe,18720,0x43D4320,D3D9,0,0,1,Hardware: Independent Flip,40606.7432,NA,16.67490000000000,15.89100000000000,1.09140000000000,4.15380000000000,4.2652,NA,40592.3919,15.4427,14.3513,1.0914,14.9464,3.5587,3.5134,0.0453,1.0844,40592.3919,15.0477,NA
gamemd.exe,18720,0x43D4320,D3D9,0,0,1,Hardware: Independent Flip,40623.5283,NA,16.78510000000000,16.60110000000000,0.94750000000000,3.96340000000000,4.0812,NA,40607.8346,16.6412,15.6937,0.9475,16.1853,3.4718,3.4287,0.0431,-1.1584,40607.8346,7.6667,NA
gamemd.exe,18720,0x43D4320,D3D9,0,0,1,Hardware: Independent Flip,40640.2099,NA,16.68160000000000,16.94300000000000,0.85200000000000,4.13470000000000,4.3426,NA,40624.4758,16.5861,15.7341,0.8520,16.1376,3.7312,3.6624,0.0688,-0.3018,40624.4758,16.6449,NA
gamemd.exe,18720,0x43D4320,D3D9,0,0,1,Hardware: Independent Flip,40656.8920,NA,16.68210000000000,17.33730000000000,2.51170000000000,4.86450000000000,4.9978,NA,40641.0619,18.3418,15.8301,2.5117,16.6714,4.0232,3.9370,0.0862,-0.7512,40641.0619,17.8893,NA
gamemd.exe,18720,0x43D4320,D3D9,0,0,1,Hardware: Independent Flip,40674.2234,NA,17.33140000000000,16.78780000000000,1.33830000000000,4.35480000000000,4.4542,NA,40659.4037,16.1580,14.8197,1.3383,15.5275,3.6470,3.5579,0.0891,1.5540,40659.4037,18.7603,NA
gamemd.exe,18720,0x43D4320,D3D9,0,0,1,Hardware: Independent Flip,40690.2701,NA,16.04670000000000,15.93130000000000,1.25400000000000,4.22340000000000,4.3388,NA,40675.5617,15.9624,14.7084,1.2540,15.3756,3.5562,3.5028,0.0534,0.2267,40675.5617,18.6846,NA
gamemd.exe,18720,0x43D4320,D3D9,0,0,1,Hardware: Independent Flip,40706.9598,NA,16.68970000000000,16.66440000000000,1.22390000000000,4.20100000000000,4.3135,NA,40691.5241,16.6596,15.4357,1.2239,16.0502,3.5865,3.5391,0.0474,-0.7020,40691.5241,19.2870,NA
gamemd.exe,18720,0x43D4320,D3D9,0,0,1,Hardware: Independent Flip,40723.5667,NA,16.60690000000000,16.92780000000000,1.42350000000000,4.52430000000000,4.6344,NA,40708.1837,16.8065,15.3830,1.4235,16.3208,3.5865,3.5321,0.0544,-0.2682,40708.1837,20.2871,NA
gamemd.exe,18720,0x43D4320,D3D9,0,0,1,Hardware: Independent Flip,40740.4071,NA,16.84040000000000,16.28540000000000,0.79760000000000,3.96760000000000,4.0794,NA,40724.9902,16.2145,15.4169,0.7976,15.7728,3.6117,3.5541,0.0576,0.5211,40724.9902,20.4861,NA
gamemd.exe,18720,0x43D4320,D3D9,0,0,1,Hardware: Independent Flip,40756.6180,NA,16.21090000000000,16.47460000000000,1.42300000000000,4.22230000000000,4.3431,NA,40741.2047,16.8363,15.4133,1.4230,16.0839,3.5517,3.5062,0.0455,-0.2601,40741.2047,20.9678,NA
gamemd.exe,18720,0x43D4320,D3D9,0,0,1,Hardware: Independent Flip,40773.6188,NA,17.00080000000000,17.81320000000000,2.14610000000000,5.01140000000000,5.1555,NA,40758.0410,17.7239,15.5778,2.1461,16.9335,3.6557,3.5675,0.0882,-0.9769,40758.0410,22.8368,NA
gamemd.exe,18720,0x43D4320,D3D9,0,0,1,Hardware: Independent Flip,40790.8264,NA,17.20760000000000,18.85390000000000,1.52380000000000,4.95680000000000,6.8018,NA,40775.7649,16.5853,15.0615,1.5238,15.6981,4.3202,3.8229,0.4973,-1.1300,40775.7649,25.6909,NA
gamemd.exe,18720,0x43D4320,D3D9,0,0,1,Hardware: Independent Flip,40806.8792,NA,16.05280000000000,13.81110000000000,1.28420000000000,4.32080000000000,4.5601,NA,40792.3502,15.8132,14.5290,1.2842,15.2704,3.5794,3.5376,0.0418,2.7742,40792.3502,23.1842,NA
gamemd.exe,18720,0x43D4320,D3D9,0,0,1,Hardware: Independent Flip,40823.1860,NA,16.30680000000000,15.84070000000000,0.75590000000000,3.92220000000000,4.0940,NA,40808.1634,15.7785,15.0226,0.7559,15.3798,3.5650,3.5150,0.0500,-0.0275,40808.1634,23.1221,NA
gamemd.exe,18720,0x43D4320,D3D9,0,0,1,Hardware: Independent Flip,40840.0709,NA,16.88490000000000,16.90180000000000,0.77940000000000,3.99400000000000,4.1109,NA,40823.9419,16.9084,16.1290,0.7794,16.5040,3.6190,3.5507,0.0683,-1.1233,40823.9419,NA,NA
gamemd.exe,18720,0x43D4320,D3D9,0,0,1,Hardware: Independent Flip,40856.8195,NA,16.74860000000000,16.93270000000000,0.90100000000000,4.06030000000000,4.2950,NA,40840.8503,16.8702,15.9692,0.9010,16.3437,3.6858,3.6060,0.0798,-0.0243,40840.8503,NA,NA
gamemd.exe,18720,0x43D4320,D3D9,0,0,1,Hardware: Independent Flip,40873.9017,NA,17.08220000000000,17.83000000000000,1.98470000000000,4.93390000000000,5.0428,NA,40857.7205,18.1659,16.1812,1.9847,17.5471,3.5680,3.5009,0.0671,-0.9598,40857.7205,NA,NA
gamemd.exe,18720,0x43D4320,D3D9,0,0,1,Hardware: Independent Flip,40890.0490,NA,16.14730000000000,15.22710000000000,1.00290000000000,3.99800000000000,4.1226,NA,40875.8864,15.1655,14.1626,1.0029,14.6326,3.5280,3.4662,0.0618,2.9388,40875.8864,NA,NA
gamemd.exe,18720,0x43D4320,D3D9,0,0,1,Hardware: Independent Flip,40906.7278,NA,16.67880000000000,16.63010000000000,0.92850000000000,3.96340000000000,4.0739,NA,40891.0519,16.6044,15.6759,0.9285,16.0904,3.5489,3.4820,0.0669,-1.4646,40891.0519,NA,NA
gamemd.exe,18720,0x43D4320,D3D9,0,0,1,Hardware: Independent Flip,40923.6406,NA,16.91280000000000,16.99410000000000,1.09550000000000,4.04490000000000,4.1552,NA,40907.6563,17.0798,15.9843,1.0955,16.5372,3.4920,3.4270,0.0650,-0.3897,40907.6563,NA,NA
gamemd.exe,18720,0x43D4320,D3D9,0,0,1,Hardware: Independent Flip,40940.1275,NA,16.48690000000000,16.37950000000000,0.78030000000000,3.91430000000000,4.0478,NA,40924.7361,16.1717,15.3914,0.7803,15.7364,3.5693,3.5121,0.0572,0.7003,40924.7361,NA,NA
gamemd.exe,18720,0x43D4320,D3D9,0,0,1,Hardware: Independent Flip,40957.0017,NA,16.87420000000000,17.23690000000000,1.19210000000000,4.25540000000000,4.4105,NA,40940.9078,17.2860,16.0939,1.1921,16.6107,3.7386,3.6570,0.0816,-1.0652,40940.9078,NA,NA
gamemd.exe,18720,0x43D4320,D3D9,0,0,1,Hardware: Independent Flip,40973.8815,NA,16.87980000000000,17.35200000000000,1.98460000000000,4.76830000000000,4.8827,NA,40958.1938,17.6723,15.6877,1.9846,16.6639,3.7921,3.7330,0.0591,-0.0660,40958.1938,NA,NA
gamemd.exe,18720,0x43D4320,D3D9,0,0,1,Hardware: Independent Flip,40990.3379,NA,16.45640000000000,15.67180000000000,0.89590000000000,3.96190000000000,4.0981,NA,40975.8661,15.3677,14.4718,0.8959,14.8590,3.5747,3.5163,0.0584,2.0005,40975.8661,NA,NA
gamemd.exe,18720,0x43D4320,D3D9,0,0,1,Hardware: Independent Flip,41006.8976,NA,16.55970000000000,16.98520000000000,1.55580000000000,4.39070000000000,4.5236,NA,40991.2338,17.2196,15.6638,1.5558,16.3411,3.7134,3.6642,0.0492,-1.6175,40991.2338,NA,NA
gamemd.exe,18720,0x43D4320,D3D9,0,0,1,Hardware: Independent Flip,41023.8273,NA,16.92970000000000,16.45850000000000,1.01780000000000,3.92290000000000,4.0524,NA,41008.4534,16.3917,15.3739,1.0178,15.8201,3.4767,3.4328,0.0439,0.7611,41008.4534,23.8799,NA
gamemd.exe,18720,0x43D4320,D3D9,0,0,1,Hardware: Independent Flip,41039.9608,NA,16.13350000000000,16.45850000000000,1.20140000000000,4.26420000000000,4.3774,NA,41024.8451,16.3171,15.1157,1.2014,15.8396,3.5403,3.4787,0.0616,-0.0668,41024.8451,NA,NA
gamemd.exe,18720,0x43D4320,D3D9,0,0,1,Hardware: Independent Flip,41056.9181,NA,16.95730000000000,17.41830000000000,2.34850000000000,4.69720000000000,4.8384,NA,41041.1622,18.1044,15.7559,2.3485,16.5920,3.8611,3.7809,0.0802,-1.1012,41041.1622,NA,NA
gamemd.exe,18720,0x43D4320,D3D9,0,0,1,Hardware: Independent Flip,41073.3877,NA,16.46960000000000,16.15850000000000,1.43370000000000,4.41420000000000,4.5273,NA,41059.2666,15.5548,14.1211,1.4337,14.9130,3.6223,3.5498,0.0725,1.9459,41059.2666,NA,NA
gamemd.exe,18720,0x43D4320,D3D9,0,0,1,Hardware: Independent Flip,41089.8648,NA,16.47710000000000,16.06060000000000,0.91040000000000,3.99830000000000,4.1108,NA,41074.8214,15.9538,15.0434,0.9104,15.4921,3.5496,3.5000,0.0496,-0.5058,41074.8214,NA,NA
gamemd.exe,18720,0x43D4320,D3D9,0,0,1,Hardware: Independent Flip,41106.7980,NA,16.93320000000000,16.82450000000000,0.75610000000000,3.88860000000000,4.0021,NA,41090.7752,16.7789,16.0228,0.7561,16.3782,3.5332,3.4764,0.0568,-0.8707,41090.7752,NA,NA
gamemd.exe,18720,0x43D4320,D3D9,0,0,1,Hardware: Independent Flip,41123.4192,NA,16.62120000000000,16.78080000000000,1.14600000000000,4.04930000000000,4.1617,NA,41107.5541,17.0111,15.8651,1.1460,16.4071,3.5073,3.4606,0.0467,-0.0019,41107.5541,NA,NA
gamemd.exe,18720,0x43D4320,D3D9,0,0,1,Hardware: Independent Flip,41140.6680,NA,17.24880000000000,17.24520000000000,0.87540000000000,4.01370000000000,4.1581,NA,41124.5652,16.9782,16.1028,0.8754,16.5029,3.6136,3.5566,0.0570,-0.2341,41124.5652,NA,NA
gamemd.exe,18720,0x43D4320,D3D9,0,0,1,Hardware: Independent Flip,41157.2782,NA,16.61020000000000,16.82630000000000,1.21840000000000,4.20800000000000,4.3742,NA,41141.5434,16.9532,15.7348,1.2184,16.2984,3.6444,3.5606,0.0838,0.1519,41141.5434,NA,NA
gamemd.exe,18720,0x43D4320,D3D9,0,0,1,Hardware: Independent Flip,41173.5130,NA,16.23480000000000,16.66960000000000,1.57510000000000,4.67540000000000,4.8090,NA,41158.4966,16.5915,15.0164,1.5751,15.6568,4.0350,3.9377,0.0973,0.2836,41158.4966,22.3774,NA
gamemd.exe,18720,0x43D4320,D3D9,0,0,1,Hardware: Independent Flip,41190.5418,NA,17.02880000000000,16.44310000000000,0.93900000000000,4.05400000000000,4.2233,NA,41175.0881,16.3927,15.4537,0.9390,15.9023,3.6054,3.5558,0.0496,0.1484,41175.0881,22.7122,NA
gamemd.exe,18720,0x43D4320,D3D9,0,0,1,Hardware: Independent Flip,41206.5417,NA,15.99990000000000,16.24610000000000,1.53360000000000,4.31220000000000,4.4695,NA,41191.4808,16.5945,15.0609,1.5336,15.5860,3.7871,3.7365,0.0506,0.1466,41191.4808,23.0738,NA
gamemd.exe,18720,0x43D4320,D3D9,0,0,1,Hardware: Independent Flip,41223.5781,NA,17.03640000000000,16.62610000000000,0.88450000000000,3.92430000000000,4.0592,NA,41208.0753,16.3873,15.5028,0.8845,15.9243,3.5028,3.4104,0.0924,-0.0316,41208.0753,23.6744,NA
gamemd.exe,18720,0x43D4320,D3D9,0,0,1,Hardware: Independent Flip,41240.2053,NA,16.62720000000000,16.75200000000000,0.78900000000000,4.04360000000000,4.1840,NA,41224.4626,16.5317,15.7427,0.7890,16.1197,3.6666,3.6098,0.0568,-0.3647,41224.4626,24.4279,NA
gamemd.exe,18720,0x43D4320,D3D9,0,0,1,Hardware: Independent Flip,41257.4357,NA,17.23040000000000,17.54530000000000,1.17200000000000,4.28100000000000,4.4989,NA,41240.9943,17.6134,16.4414,1.1720,16.9736,3.7488,3.6301,0.1187,-1.0136,41240.9943,NA,NA
gamemd.exe,18720,0x43D4320,D3D9,0,0,1,Hardware: Independent Flip,41273.6871,NA,16.25140000000000,17.01260000000000,2.52060000000000,5.11600000000000,5.2601,NA,41258.6077,17.6000,15.0794,2.5206,16.0476,4.1478,4.0618,0.0860,0.6008,41258.6077,NA,NA
gamemd.exe,18720,0x43D4320,D3D9,0,0,1,Hardware: Independent Flip,41290.1942,NA,16.50710000000000,15.46550000000000,0.97440000000000,4.10920000000000,4.2185,NA,41276.2077,14.9609,13.9865,0.9744,14.4335,3.6622,3.5782,0.0840,2.1345,41276.2077,NA,NA
gamemd.exe,18720,0x43D4320,D3D9,0,0,1,Hardware: Independent Flip,41306.8626,NA,16.66840000000000,16.74830000000000,1.12500000000000,4.18440000000000,4.2984,NA,41291.1686,16.8190,15.6940,1.1250,16.3141,3.5643,3.4922,0.0721,-1.7874,41291.1686,NA,NA
gamemd.exe,18720,0x43D4320,D3D9,0,0,1,Hardware: Independent Flip,41323.5236,NA,16.66100000000000,16.44510000000000,0.90180000000000,3.94040000000000,4.0825,NA,41307.9876,16.4378,15.5360,0.9018,15.9419,3.5345,3.4858,0.0487,0.3739,41307.9876,NA,NA
gamemd.exe,18720,0x43D4320,D3D9,0,0,1,Hardware: Independent Flip,41340.2130,NA,16.68940000000000,16.83230000000000,0.91510000000000,4.04620000000000,4.2254,NA,41324.4254,16.7027,15.7876,0.9151,16.1772,3.6566,3.6031,0.0535,-0.3945,41324.4254,NA,NA
gamemd.exe,18720,0x43D4320,D3D9,0,0,1,Hardware: Independent Flip,41357.0120,NA,16.79900000000000,17.59510000000000,2.45630000000000,4.88520000000000,5.0215,NA,41341.1281,18.3402,15.8839,2.4563,16.5262,4.2429,4.1425,0.1004,-0.8924,41341.1281,NA,NA
gamemd.exe,18720,0x43D4320,D3D9,0,0,1,Hardware: Independent Flip,41373.7873,NA,16.77530000000000,16.50230000000000,1.68080000000000,4.63680000000000,4.7485,NA,41359.4683,15.9998,14.3190,1.6808,15.3582,3.5976,3.5430,0.0546,1.8379,41359.4683,NA,NA
gamemd.exe,18720,0x43D4320,D3D9,0,0,1,Hardware: Independent Flip,41390.0994,NA,16.31210000000000,15.60000000000000,0.85470000000000,3.92390000000000,4.0364,NA,41375.4681,15.4860,14.6313,0.8547,15.0222,3.5330,3.4846,0.0484,0.3998,41375.4681,NA,NA
gamemd.exe,18720,0x43D4320,D3D9,0,0,1,Hardware: Independent Flip,41406.6491,NA,16.54970000000000,16.52960000000000,0.81710000000000,3.90350000000000,4.0163,NA,41390.9541,16.5121,15.6950,0.8171,16.0674,3.5311,3.4874,0.0437,-1.0436,41390.9541,NA,NA
gamemd.exe,18720,0x43D4320,D3D9,0,0,1,Hardware: Independent Flip,41423.2637,NA,16.61460000000000,16.59710000000000,0.83920000000000,3.88450000000000,3.9988,NA,41407.4662,16.6367,15.7975,0.8392,16.1937,3.4883,3.4294,0.0589,-0.0850,41407.4662,NA,NA
gamemd.exe,18720,0x43D4320,D3D9,0,0,1,Hardware: Independent Flip,41439.9666,NA,16.70290000000000,17.23660000000000,1.26230000000000,4.42030000000000,4.5325,NA,41424.1029,17.1260,15.8637,1.2623,16.5673,3.7167,3.6544,0.0623,-0.5999,41424.1029,NA,NA
gamemd.exe,18720,0x43D4320,D3D9,0,0,1,Hardware: Independent Flip,41456.9609,NA,16.99430000000000,16.91120000000000,1.38610000000000,4.28060000000000,4.4494,NA,41441.2289,17.1181,15.7320,1.3861,16.4389,3.5737,3.4906,0.0831,0.2148,41441.2289,25.1557,25.1557
gamemd.exe,18720,0x43D4320,D3D9,0,0,1,Hardware: Independent Flip,41473.6463,NA,16.68540000000000,17.25770000000000,2.39800000000000,4.90970000000000,5.0217,NA,41458.3470,17.6973,15.2993,2.3980,16.2801,3.9289,3.8500,0.0789,-0.1396,41458.3470,NA,NA
gamemd.exe,18720,0x43D4320,D3D9,0,0,1,Hardware: Independent Flip,41490.6459,NA,16.99960000000000,16.10790000000000,0.96900000000000,3.98270000000000,4.1300,NA,41476.0443,15.5706,14.6016,0.9690,15.1213,3.4630,3.4153,0.0477,1.5894,41476.0443,NA,NA
gamemd.exe,18720,0x43D4320,D3D9,0,0,1,Hardware: Independent Flip,41506.9763,NA,16.33040000000000,16.73290000000000,1.35530000000000,4.42140000000000,4.5325,NA,41491.6149,16.7167,15.3614,1.3553,16.0933,3.6895,3.6410,0.0485,-1.1623,41491.6149,NA,NA
gamemd.exe,18720,0x43D4320,D3D9,0,0,1,Hardware: Independent Flip,41523.3314,NA,16.35510000000000,15.90210000000000,0.80280000000000,3.96320000000000,4.0795,NA,41508.3316,15.8026,14.9998,0.8028,15.3895,3.5735,3.4868,0.0867,0.8146,41508.3316,NA,NA
gamemd.exe,18720,0x43D4320,D3D9,0,0,1,Hardware: Independent Flip,41540.2933,NA,16.96190000000000,17.25290000000000,0.94460000000000,4.18750000000000,4.3705,NA,41524.1342,17.1037,16.1591,0.9446,16.6858,3.6608,3.6060,0.0548,-1.4503,41524.1342,NA,NA
gamemd.exe,18720,0x43D4320,D3D9,0,0,1,Hardware: Independent Flip,41556.9163,NA,16.62300000000000,17.30260000000000,1.52050000000000,4.88860000000000,5.0501,NA,41541.2379,17.1989,15.6784,1.5205,16.2984,4.2686,4.1659,0.1027,-0.1989,41541.2379,30.0143,30.0143
gamemd.exe,18720,0x43D4320,D3D9,0,0,1,Hardware: Independent Flip,41573.5177,NA,16.60140000000000,16.14670000000000,2.03740000000000,4.45870000000000,4.5954,NA,41558.4368,17.1183,15.0809,2.0374,15.7686,3.7710,3.6654,0.1056,1.0522,41558.4368,NA,NA
gamemd.exe,18720,0x43D4320,D3D9,0,0,1,Hardware: Independent Flip,41590.2583,NA,16.74060000000000,16.18290000000000,0.76820000000000,3.90990000000000,4.0377,NA,41575.5551,15.4714,14.7032,0.7682,15.0512,3.5619,3.4994,0.0625,0.9354,41575.5551,NA,NA
gamemd.exe,18720,0x43D4320,D3D9,0,0,1,Hardware: Independent Flip,41606.8744,NA,16.61610000000000,16.63920000000000,0.90390000000000,3.94190000000000,4.0608,NA,41591.0265,16.7518,15.8479,0.9039,16.2700,3.5198,3.4601,0.0597,-1.1678,41591.0265,NA,NA
gamemd.exe,18720,0x43D4320,D3D9,0,0,1,Hardware: Independent Flip,41623.4793,NA,16.60490000000000,16.53650000000000,0.80020000000000,3.85570000000000,3.9924,NA,41607.7783,16.5012,15.7010,0.8002,16.0893,3.4674,3.3794,0.0880,0.2153,41607.7783,31.5344,31.5344
gamemd.exe,18720,0x43D4320,D3D9,0,0,1,Hardware: Independent Flip,41640.2636,NA,16.78430000000000,16.98890000000000,0.78110000000000,4.07200000000000,4.1970,NA,41624.2795,16.7652,15.9841,0.7811,16.3418,3.7143,3.6578,0.0565,-0.4877,41624.2795,NA,NA
gamemd.exe,18720,0x43D4320,D3D9,0,0,1,Hardware: Independent Flip,41656.7741,NA,16.51050000000000,16.95340000000000,1.26110000000000,4.44220000000000,4.6399,NA,41641.0447,16.9905,15.7294,1.2611,16.3149,3.8567,3.7605,0.0962,-0.1882,41641.0447,NA,NA
gamemd.exe,18720,0x43D4320,D3D9,0,0,1,Hardware: Independent Flip,41673.5220,NA,16.74790000000000,17.11830000000000,2.20660000000000,4.89850000000000,5.0103,NA,41658.0352,17.6934,15.4868,2.2066,16.4917,3.8936,3.8217,0.0719,-0.1278,41658.0352,NA,NA
gamemd.exe,18720,0x43D4320,D3D9,0,0,1,Hardware: Independent Flip,41690.1848,NA,16.66280000000000,15.85770000000000,0.99540000000000,4.07000000000000,4.2052,NA,41675.7286,15.4516,14.4562,0.9954,14.9435,3.5827,3.5103,0.0724,1.8357,41675.7286,NA,NA
gamemd.exe,18720,0x43D4320,D3D9,0,0,1,Hardware: Independent Flip,41706.8103,NA,16.62550000000000,16.66130000000000,1.03590000000000,4.12950000000000,4.2410,NA,41691.1802,16.6660,15.6301,1.0359,16.1656,3.5940,3.5069,0.0871,-1.2097,41691.1802,NA,NA
gamemd.exe,18720,0x43D4320,D3D9,0,0,1,Hardware: Independent Flip,41723.4203,NA,16.61000000000000,16.54850000000000,1.07710000000000,4.06920000000000,4.1795,NA,41707.8462,16.6512,15.5741,1.0771,16.0692,3.5741,3.5018,0.0723,0.1175,41707.8462,19.6878,19.6878
gamemd.exe,18720,0x43D4320,D3D9,0,0,1,Hardware: Independent Flip,41740.0434,NA,16.62310000000000,16.52850000000000,0.92280000000000,3.97360000000000,4.0849,NA,41724.4974,16.4688,15.5460,0.9228,15.9922,3.5274,3.4759,0.0515,0.1227,41724.4974,NA,NA
gamemd.exe,18720,0x43D4320,D3D9,0,0,1,Hardware: Independent Flip,41757.1295,NA,17.08610000000000,18.01060000000000,2.22140000000000,4.81530000000000,5.0094,NA,41740.9662,18.3847,16.1633,2.2214,17.0825,3.8961,3.7885,0.1076,-1.5418,41740.9662,NA,NA
gamemd.exe,18720,0x43D4320,D3D9,0,0,1,Hardware: Independent Flip,41773.8969,NA,16.76740000000000,15.95290000000000,1.03950000000000,4.07960000000000,4.1949,NA,41759.3509,15.5855,14.5460,1.0395,15.0385,3.5871,3.5339,0.0532,2.4318,41759.3509,NA,NA
gamemd.exe,18720,0x43D4320,D3D9,0,0,1,Hardware: Independent Flip,41790.0291,NA,16.13220000000000,15.96870000000000,1.69930000000000,3.92340000000000,4.0314,NA,41774.9364,16.7920,15.0927,1.6993,15.5282,3.4879,3.4120,0.0759,-0.3832,41774.9364,NA,NA
gamemd.exe,18720,0x43D4320,D3D9,0,0,1,Hardware: Independent Flip,41806.8721,NA,16.84300000000000,16.95460000000000,0.82840000000000,4.02680000000000,4.1430,NA,41791.7284,15.9721,15.1437,0.8284,15.5350,3.6355,3.5965,0.0390,-0.1626,41791.7284,NA,NA
gamemd.exe,18720,0x43D4320,D3D9,0,0,1,Hardware: Independent Flip,41824.0437,NA,17.17160000000000,17.15730000000000,1.13490000000000,3.97140000000000,4.1287,NA,41807.7005,17.4781,16.3432,1.1349,16.8197,3.4949,3.4393,0.0556,-1.1852,41807.7005,8.1894,NA
gamemd.exe,18720,0x43D4320,D3D9,0,0,1,Hardware: Independent Flip,41840.0744,NA,16.03070000000000,16.11940000000000,1.05640000000000,4.07720000000000,4.2174,NA,41825.1786,15.9522,14.8958,1.0564,15.3204,3.6526,3.6003,0.0523,1.3587,41825.1786,8.0781,NA
gamemd.exe,18720,0x43D4320,D3D9,0,0,1,Hardware: Independent Flip,41857.3505,NA,17.27610000000000,17.35170000000000,1.20890000000000,4.13650000000000,4.2930,NA,41841.1308,17.4286,16.2197,1.2089,16.7792,3.5770,3.4734,0.1036,-1.3995,41841.1308,17.6279,NA
gamemd.exe,18720,0x43D4320,D3D9,0,0,1,Hardware: Independent Flip,41873.4610,NA,16.11050000000000,17.11350000000000,2.56110000000000,5.18290000000000,5.2960,NA,41858.5594,17.4627,14.9016,2.5611,16.0875,3.9970,3.9113,0.0857,0.3151,41858.5594,18.8038,NA
gamemd.exe,18720,0x43D4320,D3D9,0,0,1,Hardware: Independent Flip,41890.2242,NA,16.76320000000000,15.85280000000000,1.41920000000000,4.27060000000000,4.3856,NA,41876.0221,15.6213,14.2021,1.4192,14.8940,3.5787,3.5246,0.0541,1.6099,41876.0221,18.6804,NA
gamemd.exe,18720,0x43D4320,D3D9,0,0,1,Hardware: Independent Flip,41907.0742,NA,16.85000000000000,17.00230000000000,1.78270000000000,4.42580000000000,4.5379,NA,41891.6434,17.2135,15.4308,1.7827,16.0470,3.8096,3.7584,0.0512,-1.3810,41891.6434,19.6735,NA
gamemd.exe,18720,0x43D4320,D3D9,0,0,1,Hardware: Independent Flip,41923.5865,NA,16.51230000000000,16.52500000000000,1.52480000000000,4.44130000000000,4.5506,NA,41908.8569,16.2544,14.7296,1.5248,15.6309,3.5400,3.4920,0.0480,0.6885,41908.8569,20.1854,NA
gamemd.exe,18720,0x43D4320,D3D9,0,0,1,Hardware: Independent Flip,41940.4649,NA,16.87840000000000,16.40550000000000,0.85650000000000,3.94030000000000,4.0777,NA,41925.1113,16.2101,15.3536,0.8565,15.7120,3.5819,3.5287,0.0532,-0.1511,41925.1113,20.3881,NA
gamemd.exe,18720,0x43D4320,D3D9,0,0,1,Hardware: Independent Flip,41956.8202,NA,16.35530000000000,17.00910000000000,1.29130000000000,4.53040000000000,4.7315,NA,41941.3214,16.7901,15.4988,1.2913,16.0556,3.9736,3.8728,0.1008,-0.7990,41941.3214,21.5027,NA
gamemd.exe,18720,0x43D4320,D3D9,0,0,1,Hardware: Independent Flip,41973.7603,NA,16.94010000000000,16.27280000000000,0.86650000000000,3.94970000000000,4.0642,NA,41958.1115,16.5153,15.6488,0.8665,16.0653,3.5332,3.4884,0.0448,0.5173,41958.1115,21.8938,NA
gamemd.exe,18720,0x43D4320,D3D9,0,0,1,Hardware: Independent Flip,41990.0633,NA,16.30300000000000,16.28720000000000,0.92290000000000,3.92180000000000,4.0484,NA,41974.6268,16.3594,15.4365,0.9229,15.9329,3.4254,3.3800,0.0454,0.2281,41974.6268,22.1349,NA
gamemd.exe,18720,0x43D4320,D3D9,0,0,1,Hardware: Independent Flip,42006.6808,NA,16.61750000000000,16.74320000000000,1.07870000000000,4.03300000000000,4.1741,NA,41990.9862,16.7733,15.6946,1.0787,16.1117,3.6159,3.5620,0.0539,-0.3838,41990.9862,22.9104,NA
gamemd.exe,18720,0x43D4320,D3D9,0,0,1,Hardware: Independent Flip,42023.5805,NA,16.89970000000000,16.75370000000000,0.82800000000000,3.89160000000000,4.0281,NA,42007.7595,16.6490,15.8210,0.8280,16.1984,3.5142,3.4524,0.0618,0.0196,42007.7595,23.6846,NA
gamemd.exe,18720,0x43D4320,D3D9,0,0,1,Hardware: Independent Flip,42040.0458,NA,16.46530000000000,16.61180000000000,0.83790000000000,3.99700000000000,4.1746,NA,42024.4085,16.4752,15.6373,0.8379,16.0307,3.6036,3.5132,0.0904,0.0372,42024.4085,24.2709,NA
gamemd.exe,18720,0x43D4320,D3D9,0,0,1,Hardware: Independent Flip,42056.8458,NA,16.80000000000000,17.05380000000000,1.22080000000000,4.27250000000000,4.4284,NA,42040.8837,17.1829,15.9621,1.2208,16.4941,3.7405,3.6628,0.0777,-0.5786,42040.8837,24.9618,NA
gamemd.exe,18720,0x43D4320,D3D9,0,0,1,Hardware: Independent Flip,42073.6739,NA,16.82810000000000,17.18020000000000,2.20280000000000,4.64400000000000,4.7805,NA,42058.0666,17.8101,15.6073,2.2028,16.3386,3.9127,3.8088,0.1039,0.0027,42058.0666,26.2080,NA
gamemd.exe,18720,0x43D4320,D3D9,0,0,1,Hardware: Independent Flip,42090.3424,NA,16.66850000000000,15.99630000000000,1.00940000000000,3.98240000000000,4.1083,NA,42075.8767,15.4751,14.4657,1.0094,14.9292,3.5189,3.4484,0.0705,1.8138,42075.8767,26.4712,NA
gamemd.exe,18720,0x43D4320,D3D9,0,0,1,Hardware: Independent Flip,42106.9321,NA,16.58970000000000,16.68210000000000,1.12800000000000,4.07720000000000,4.2007,NA,42091.3518,16.7083,15.5803,1.1280,16.0362,3.6213,3.5262,0.0951,-1.2070,42091.3518,27.1974,NA
gamemd.exe,18720,0x43D4320,D3D9,0,0,1,Hardware: Independent Flip,42123.9445,NA,17.01240000000000,17.03270000000000,1.14600000000000,4.10090000000000,4.2210,NA,42108.0601,17.0304,15.8844,1.1460,16.3969,3.5884,3.5134,0.0750,-0.3244,42108.0601,12.1836,NA
gamemd.exe,18720,0x43D4320,D3D9,0,0,1,Hardware: Independent Flip,42140.2445,NA,16.30000000000000,16.57430000000000,1.33700000000000,4.36480000000000,4.4953,NA,42125.0905,16.4910,15.1540,1.3370,15.9105,3.6083,3.5550,0.0533,0.4561,42125.0905,12.8245,NA
gamemd.exe,18720,0x43D4320,D3D9,0,0,1,Hardware: Independent Flip,42157.1388,NA,16.89430000000000,17.38080000000000,2.11140000000000,4.81220000000000,4.9818,NA,42141.5815,17.6687,15.5573,2.1114,16.4152,3.9543,3.8400,0.1143,-0.8898,42141.5815,14.1648,NA
gamemd.exe,18720,0x43D4320,D3D9,0,0,1,Hardware: Independent Flip,42173.3297,NA,16.19090000000000,16.32760000000000,2.60420000000000,5.00880000000000,5.1185,NA,42159.2502,16.6837,14.0795,2.6042,14.9375,4.1508,4.0848,0.0660,1.3411,42159.2502,14.5104,NA
gamemd.exe,18720,0x43D4320,D3D9,0,0,1,Hardware: Independent Flip,42189.8873,NA,16.55760000000000,15.66650000000000,1.07720000000000,4.06920000000000,4.2274,NA,42175.9339,15.0306,13.9534,1.0772,14.4086,3.6140,3.5592,0.0548,1.0172,42175.9339,14.1979,NA
gamemd.exe,18720,0x43D4320,D3D9,0,0,1,Hardware: Independent Flip,42206.9761,NA,17.08880000000000,17.96580000000000,2.60640000000000,4.95260000000000,5.1044,NA,42190.9645,18.6180,16.0116,2.6064,16.9224,4.0418,3.9459,0.0959,-2.9352,42190.9645,7.9211,NA
gamemd.exe,18720,0x43D4320,D3D9,0,0,1,Hardware: Independent Flip,42224.2618,NA,17.28570000000000,16.48280000000000,1.28230000000000,4.16890000000000,4.3015,NA,42209.5825,15.9616,14.6793,1.2823,15.2902,3.5580,3.4961,0.0619,2.1352,42209.5825,8.5714,NA
gamemd.exe,18720,0x43D4320,D3D9,0,0,1,Hardware: Independent Flip,42240.4095,NA,16.14770000000000,16.06150000000000,1.03730000000000,4.08480000000000,4.2153,NA,42225.5441,15.9027,14.8654,1.0373,15.2964,3.6538,3.5993,0.0545,-0.0999,42225.5441,8.5532,NA
gamemd.exe,18720,0x43D4320,D3D9,0,0,1,Hardware: Independent Flip,42257.0748,NA,16.66530000000000,16.83410000000000,1.42860000000000,4.24890000000000,4.3841,NA,42241.4468,17.0566,15.6280,1.4286,16.2020,3.6749,3.5864,0.0885,-0.9314,42241.4468,9.5184,NA
gamemd.exe,18720,0x43D4320,D3D9,0,0,1,Hardware: Independent Flip,42273.6181,NA,16.54330000000000,17.12820000000000,2.48450000000000,4.85990000000000,4.9690,NA,42258.5034,17.5992,15.1147,2.4845,15.9600,4.0146,3.9241,0.0905,-0.0716,42258.5034,18.6543,NA
gamemd.exe,18720,0x43D4320,D3D9,0,0,1,Hardware: Independent Flip,42290.2561,NA,16.63800000000000,16.15350000000000,1.33820000000000,4.34460000000000,4.4845,NA,42276.1026,15.4917,14.1535,1.3382,14.8617,3.6364,3.5354,0.1010,1.4457,42276.1026,18.7684,NA
gamemd.exe,18720,0x43D4320,D3D9,0,0,1,Hardware: Independent Flip,42307.0961,NA,16.84000000000000,17.02840000000000,1.57030000000000,4.56610000000000,4.6729,NA,42291.5943,17.0721,15.5018,1.5703,16.4671,3.6008,3.5351,0.0657,-1.5367,42291.5943,19.8240,NA
gamemd.exe,18720,0x43D4320,D3D9,0,0,1,Hardware: Independent Flip,42323.8574,NA,16.76130000000000,16.90100000000000,1.91730000000000,4.70210000000000,4.8126,NA,42308.6664,17.1083,15.1910,1.9173,16.1020,3.7911,3.7314,0.0597,0.1711,42308.6664,20.7256,NA
gamemd.exe,18720,0x43D4320,D3D9,0,0,1,Hardware: Independent Flip,42340.7626,NA,16.90520000000000,16.28240000000000,0.86560000000000,4.02730000000000,4.1898,NA,42325.7747,15.8535,14.9879,0.8656,15.4046,3.6106,3.5487,0.0619,0.8259,42325.7747,21.0032,NA
gamemd.exe,18720,0x43D4320,D3D9,0,0,1,Hardware: Independent Flip,42356.7243,NA,15.96170000000000,16.64530000000000,1.56170000000000,4.70080000000000,4.8734,NA,42341.6282,16.6578,15.0961,1.5617,15.6548,4.1421,4.0410,0.1011,-0.7918,42341.6282,21.6042,NA
gamemd.exe,18720,0x43D4320,D3D9,0,0,1,Hardware: Independent Flip,42373.6557,NA,16.93140000000000,16.78320000000000,1.91330000000000,4.59350000000000,4.7252,NA,42358.2860,17.2830,15.3697,1.9133,16.2975,3.6657,3.6060,0.0597,-0.1254,42358.2860,22.4398,NA
gamemd.exe,18720,0x43D4320,D3D9,0,0,1,Hardware: Independent Flip,42389.9098,NA,16.25410000000000,16.20570000000000,1.32980000000000,4.55450000000000,4.6768,NA,42375.5690,15.6706,14.3408,1.3298,15.0870,3.8083,3.7461,0.0622,1.0773,42375.5690,22.6350,NA
gamemd.exe,18720,0x43D4320,D3D9,0,0,1,Hardware: Independent Flip,42406.7684,NA,16.85860000000000,16.32240000000000,0.78580000000000,4.02130000000000,4.1406,NA,42391.2396,16.3146,15.5288,0.7858,15.8878,3.6623,3.6097,0.0526,-0.6518,42391.2396,22.9789,NA
gamemd.exe,18720,0x43D4320,D3D9,0,0,1,Hardware: Independent Flip,42423.1370,NA,16.36860000000000,16.35900000000000,0.81020000000000,4.01220000000000,4.1310,NA,42407.5542,16.3930,15.5828,0.8102,15.9792,3.6158,3.5568,0.0590,-0.0444,42407.5542,23.3262,NA
gamemd.exe,18720,0x43D4320,D3D9,0,0,1,Hardware: Independent Flip,42439.8638,NA,16.72680000000000,16.94640000000000,0.78920000000000,4.16430000000000,4.3506,NA,42423.9472,16.7058,15.9166,0.7892,16.2984,3.7825,3.7219,0.0606,-0.5534,42423.9472,24.2833,NA
gamemd.exe,18720,0x43D4320,D3D9,0,0,1,Hardware: Independent Flip,42456.8384,NA,16.97460000000000,17.60460000000000,2.03240000000000,4.80820000000000,4.9806,NA,42440.6530,18.2178,16.1854,2.0324,16.9050,4.0886,3.9356,0.1530,-0.8988,42440.6530,25.7898,NA
gamemd.exe,18720,0x43D4320,D3D9,0,0,1,Hardware: Independent Flip,42473.6334,NA,16.79500000000000,16.07440000000000,1.14400000000000,4.13800000000000,4.2600,NA,42458.8708,15.9066,14.7626,1.1440,15.2961,3.6045,3.5318,0.0727,2.1434,42458.8708,25.9332,NA
gamemd.exe,18720,0x43D4320,D3D9,0,0,1,Hardware: Independent Flip,42490.2755,NA,16.64210000000000,16.46770000000000,0.94200000000000,3.96380000000000,4.0856,NA,42474.7774,16.4401,15.4981,0.9420,15.9157,3.5462,3.4801,0.0661,-0.5611,42474.7774,9.9631,NA
gamemd.exe,18720,0x43D4320,D3D9,0,0,1,Hardware: Independent Flip,42506.8639,NA,16.58840000000000,16.59950000000000,0.98860000000000,3.97560000000000,4.0967,NA,42491.2175,16.6350,15.6464,0.9886,16.0629,3.5591,3.4949,0.0642,-0.1594,42491.2175,10.9665,NA
gamemd.exe,18720,0x43D4320,D3D9,0,0,1,Hardware: Independent Flip,42523.5472,NA,16.68330000000000,16.82950000000000,1.25400000000000,4.08130000000000,4.2429,NA,42507.8525,16.9487,15.6947,1.2540,16.3542,3.4218,3.3393,0.0825,-0.1945,42507.8525,11.8356,NA
gamemd.exe,18720,0x43D4320,D3D9,0,0,1,Hardware: Independent Flip,42540.2537,NA,16.70650000000000,17.32830000000000,1.94850000000000,4.69990000000000,4.8647,NA,42524.8012,17.4010,15.4525,1.9485,16.5662,3.5862,3.5271,0.0591,-0.3796,42524.8012,NA,NA
gamemd.exe,18720,0x43D4320,D3D9,0,0,1,Hardware: Independent Flip,42557.3434,NA,17.08970000000000,17.26740000000000,2.50920000000000,4.88200000000000,5.0424,NA,42542.2022,17.6504,15.1412,2.5092,15.9614,4.0618,3.9563,0.1055,0.1336,42542.2022,14.4671,NA
gamemd.exe,18720,0x43D4320,D3D9,0,0,1,Hardware: Independent Flip,42573.5443,NA,16.20090000000000,16.59960000000000,2.51320000000000,5.28430000000000,5.4411,NA,42559.8526,16.2049,13.6917,2.5132,14.5867,4.3893,4.2684,0.1209,1.0508,42559.8526,7.0209,NA
gamemd.exe,18720,0x43D4320,D3D9,0,0,1,Hardware: Independent Flip,42590.8476,NA,17.30330000000000,16.20540000000000,1.20390000000000,4.18920000000000,4.3432,NA,42576.0575,15.9940,14.7901,1.2039,15.4462,3.5331,3.4756,0.0575,-0.0005,42576.0575,15.2418,NA
gamemd.exe,18720,0x43D4320,D3D9,0,0,1,Hardware: Independent Flip,42606.9005,NA,16.05290000000000,16.12100000000000,1.12130000000000,4.29890000000000,4.4113,NA,42592.0515,15.9703,14.8490,1.1213,15.4416,3.7063,3.6528,0.0535,-0.1270,42592.0515,15.3381,NA
gamemd.exe,18720,0x43D4320,D3D9,0,0,1,Hardware: Independent Flip,42623.3409,NA,16.44040000000000,16.19210000000000,1.00210000000000,4.05260000000000,4.1630,NA,42608.0218,16.3212,15.3191,1.0021,15.7767,3.5950,3.5416,0.0534,-0.2218,42608.0218,7.5767,NA
gamemd.exe,18720,0x43D4320,D3D9,0,0,1,Hardware: Independent Flip,42640.3601,NA,17.01920000000000,17.11390000000000,1.10420000000000,4.13550000000000,4.2577,NA,42624.3430,17.1213,16.0171,1.1042,16.4734,3.6792,3.6242,0.0550,-0.7927,42624.3430,8.4324,NA
gamemd.exe,18720,0x43D4320,D3D9,0,0,1,Hardware: Independent Flip,42657.2927,NA,16.93260000000000,17.76620000000000,2.02520000000000,4.86550000000000,5.0913,NA,42641.4643,17.8536,15.8284,2.0252,16.7450,3.9489,3.8445,0.1044,-0.6449,42641.4643,18.4467,NA
gamemd.exe,18720,0x43D4320,D3D9,0,0,1,Hardware: Independent Flip,42673.5996,NA,16.30690000000000,16.03800000000000,2.22220000000000,4.68730000000000,4.8224,NA,42659.3179,16.5039,14.2817,2.2222,15.0886,3.8804,3.8047,0.0757,1.8156,42659.3179,18.5023,NA
gamemd.exe,18720,0x43D4320,D3D9,0,0,1,Hardware: Independent Flip,42690.3163,NA,16.71670000000000,15.91840000000000,0.85000000000000,3.88870000000000,4.0241,NA,42675.8218,15.3445,14.4945,0.8500,14.8703,3.5129,3.4585,0.0544,0.5855,42675.8218,18.4160,NA
gamemd.exe,18720,0x43D4320,D3D9,0,0,1,Hardware: Independent Flip,42707.3067,NA,16.99040000000000,17.09450000000000,1.03030000000000,3.99930000000000,4.1282,NA,42691.1663,17.1707,16.1404,1.0303,16.5189,3.6208,3.5556,0.0652,-1.7500,42691.1663,NA,NA
gamemd.exe,18720,0x43D4320,D3D9,0,0,1,Hardware: Independent Flip,42723.7311,NA,16.42440000000000,16.87970000000000,1.43770000000000,4.46370000000000,4.5835,NA,42708.3370,16.8318,15.3941,1.4377,16.2703,3.5875,3.5071,0.0804,0.2910,42708.3370,20.3920,NA
gamemd.exe,18720,0x43D4320,D3D9,0,0,1,Hardware: Independent Flip,42740.7178,NA,16.98670000000000,16.56120000000000,0.89480000000000,4.02430000000000,4.1580,NA,42725.1688,16.4438,15.5490,0.8948,15.9610,3.6123,3.5546,0.0577,0.2706,42725.1688,20.6485,NA
gamemd.exe,18720,0x43D4320,D3D9,0,0,1,Hardware: Independent Flip,42757.3352,NA,16.61740000000000,16.86460000000000,1.29570000000000,4.23760000000000,4.4052,NA,42741.6126,17.0183,15.7226,1.2957,16.4093,3.5509,3.4806,0.0703,-0.4208,42741.6126,21.7323,NA
gamemd.exe,18720,0x43D4320,D3D9,0,0,1,Hardware: Independent Flip,42773.7989,NA,16.46370000000000,16.90160000000000,2.07140000000000,4.72120000000000,4.8431,NA,42758.6309,17.2394,15.1680,2.0714,16.0813,3.8079,3.7096,0.0983,0.1167,42758.6309,22.6838,NA
gamemd.exe,18720,0x43D4320,D3D9,0,0,1,Hardware: Independent Flip,42790.2080,NA,16.40910000000000,15.95160000000000,1.41930000000000,4.24040000000000,4.3856,NA,42775.8703,15.7570,14.3377,1.4193,14.9006,3.6775,3.6175,0.0600,1.2878,42775.8703,22.6181,NA
gamemd.exe,18720,0x43D4320,D3D9,0,0,1,Hardware: Independent Flip,42806.6983,NA,16.49030000000000,16.26060000000000,0.89940000000000,4.02020000000000,4.1559,NA,42791.6273,15.9704,15.0710,0.8994,15.4887,3.6025,3.5540,0.0485,-0.5036,42791.6273,22.9331,NA
gamemd.exe,18720,0x43D4320,D3D9,0,0,1,Hardware: Independent Flip,42823.5061,NA,16.80780000000000,16.60470000000000,0.77650000000000,3.81570000000000,3.9528,NA,42807.5977,16.6849,15.9084,0.7765,16.2581,3.4660,3.4027,0.0633,-0.6343,42807.5977,23.5338,NA
gamemd.exe,18720,0x43D4320,D3D9,0,0,1,Hardware: Independent Flip,42839.8688,NA,16.36270000000000,16.54980000000000,0.81430000000000,3.98110000000000,4.1399,NA,42824.2826,16.4005,15.5862,0.8143,15.9770,3.5903,3.4965,0.0938,0.1351,42824.2826,24.0505,NA
gamemd.exe,18720,0x43D4320,D3D9,0,0,1,Hardware: Independent Flip,42856.9309,NA,17.06210000000000,17.95440000000000,2.16870000000000,4.81370000000000,5.0322,NA,42840.6831,18.4165,16.2478,2.1687,17.0573,4.0042,3.9122,0.0920,-1.5539,42840.6831,25.9465,NA
gamemd.exe,18720,0x43D4320,D3D9,0,0,1,Hardware: Independent Flip,42873.3334,NA,16.40250000000000,16.39920000000000,1.84550000000000,4.88210000000000,5.0289,NA,42859.0996,16.0793,14.2338,1.8455,15.3779,3.7380,3.6856,0.0524,2.0173,42859.0996,26.4287,NA
gamemd.exe,18720,0x43D4320,D3D9,0,0,1,Hardware: Independent Flip,42890.0358,NA,16.70240000000000,15.73720000000000,0.98770000000000,3.94510000000000,4.0637,NA,42875.1789,15.8446,14.8569,0.9877,15.3477,3.4543,3.3981,0.0562,0.3421,42875.1789,NA,NA
gamemd.exe,18720,0x43D4320,D3D9,0,0,1,Hardware: Independent Flip,42906.8056,NA,16.76980000000000,16.69810000000000,0.90740000000000,3.85070000000000,3.9920,NA,42891.0235,16.6895,15.7821,0.9074,16.1968,3.4360,3.3850,0.0510,-0.8535,42891.0235,NA,NA
gamemd.exe,18720,0x43D4320,D3D9,0,0,1,Hardware: Independent Flip,42923.3882,NA,16.58260000000000,16.64660000000000,1.03800000000000,3.94350000000000,4.0560,NA,42907.7130,16.7132,15.6752,1.0380,16.0830,3.5357,3.4829,0.0528,0.0429,42907.7130,NA,NA
gamemd.exe,18720,0x43D4320,D3D9,0,0,1,Hardware: Independent Flip,42940.2456,NA,16.85740000000000,17.12020000000000,0.95850000000000,4.20620000000000,4.3188,NA,42924.4262,16.7779,15.8194,0.9585,16.3440,3.6816,3.6208,0.0608,-0.4070,42924.4262,NA,NA
gamemd.exe,18720,0x43D4320,D3D9,0,0,1,Hardware: Independent Flip,42956.7553,NA,16.50970000000000,16.39470000000000,1.12700000000000,4.05100000000000,4.2038,NA,42941.2041,16.6782,15.5512,1.1270,16.0772,3.5250,3.4496,0.0754,0.3832,42941.2041,NA,NA
gamemd.exe,18720,0x43D4320,D3D9,0,0,1,Hardware: Independent Flip,42973.6723,NA,16.91700000000000,17.66990000000000,2.22330000000000,4.84820000000000,4.9567,NA,42957.8823,18.0133,15.7900,2.2233,16.6334,4.0048,3.9189,0.0859,-0.9917,42957.8823,NA,NA
gamemd.exe,18720,0x43D4320,D3D9,0,0,1,Hardware: Independent Flip,42990.2992,NA,16.62690000000000,15.78250000000000,0.89260000000000,3.99740000000000,4.1123,NA,42975.8956,15.2962,14.4036,0.8926,14.8182,3.5828,3.5286,0.0542,2.2308,42975.8956,NA,NA
gamemd.exe,18720,0x43D4320,D3D9,0,0,1,Hardware: Independent Flip,43007.0185,NA,16.71930000000000,16.76230000000000,0.91610000000000,4.04010000000000,4.1553,NA,42991.1918,16.7428,15.8267,0.9161,16.2549,3.6119,3.5602,0.0517,-1.4661,42991.1918,NA,NA
gamemd.exe,18720,0x43D4320,D3D9,0,0,1,Hardware: Independent Flip,43023.4107,NA,16.39220000000000,16.21960000000000,0.90430000000000,3.85970000000000,3.9827,NA,43007.9346,16.3804,15.4761,0.9043,15.8741,3.4617,3.4173,0.0444,0.5232,43007.9346,15.4336,15.4336
gamemd.exe,18720,0x43D4320,D3D9,0,0,1,Hardware: Independent Flip,43040.2676,NA,16.85690000000000,16.96450000000000,0.84260000000000,3.96410000000000,4.0903,NA,43024.3150,16.7952,15.9526,0.8426,16.3453,3.5714,3.5301,0.0413,-0.5841,43024.3150,NA,NA
gamemd.exe,18720,0x43D4320,D3D9,0,0,1,Hardware: Independent Flip,43056.9567,NA,16.68910000000000,17.28410000000000,1.68740000000000,4.54710000000000,4.6853,NA,43041.1102,17.5339,15.8465,1.6874,16.8011,3.5925,3.5229,0.0696,-0.4889,43041.1102,NA,NA
gamemd.exe,18720,0x43D4320,D3D9,0,0,1,Hardware: Independent Flip,43073.9328,NA,16.97610000000000,17.77490000000000,1.39520000000000,5.23360000000000,5.4841,NA,43058.6441,16.6839,15.2887,1.3952,15.8510,4.6713,3.8467,0.8246,-0.2410,43058.6441,NA,NA
gamemd.exe,18720,0x43D4320,D3D9,0,0,1,Hardware: Independent Flip,43090.2279,NA,16.29510000000000,15.25810000000000,1.37820000000000,4.33490000000000,4.4471,NA,43075.3280,16.2781,14.8999,1.3782,15.5749,3.6599,3.5855,0.0744,1.4258,43075.3280,NA,NA
gamemd.exe,18720,0x43D4320,D3D9,0,0,1,Hardware: Independent Flip,43107.0149,NA,16.78700000000000,17.00270000000000,1.22430000000000,4.45040000000000,4.6628,NA,43091.6061,16.6331,15.4088,1.2243,16.1473,3.7119,3.6619,0.0500,-0.7246,43091.6061,27.7357,27.7357
gamemd.exe,18720,0x43D4320,D3D9,0,0,1,Hardware: Independent Flip,43123.5378,NA,16.52290000000000,16.18470000000000,1.52320000000000,4.18290000000000,4.3246,NA,43108.2392,16.8218,15.2986,1.5232,15.8912,3.5903,3.5372,0.0531,0.4484,43108.2392,NA,NA
gamemd.exe,18720,0x43D4320,D3D9,0,0,1,Hardware: Independent Flip,43140.5605,NA,17.02270000000000,16.77330000000000,1.00160000000000,3.96490000000000,4.0752,NA,43125.0610,16.5011,15.4995,1.0016,15.8947,3.5697,3.5192,0.0505,0.0485,43125.0610,NA,NA
gamemd.exe,18720,0x43D4320,D3D9,0,0,1,Hardware: Independent Flip,43156.9951,NA,16.43460000000000,16.68520000000000,1.29960000000000,4.15940000000000,4.3258,NA,43141.5621,16.7326,15.4330,1.2996,16.0038,3.5886,3.5008,0.0878,-0.1841,43141.5621,21.2521,NA
gamemd.exe,18720,0x43D4320,D3D9,0,0,1,Hardware: Independent Flip,43173.3105,NA,16.31540000000000,16.92920000000000,1.66960000000000,4.76520000000000,4.9396,NA,43158.2947,16.6854,15.0158,1.6696,15.6730,4.1080,4.0037,0.1043,-0.1966,43158.2947,22.3109,NA
gamemd.exe,18720,0x43D4320,D3D9,0,0,1,Hardware: Independent Flip,43189.8797,NA,16.56920000000000,16.18740000000000,1.38270000000000,4.43040000000000,4.5578,NA,43174.9801,16.2823,14.8996,1.3827,15.7368,3.5932,3.5432,0.0500,0.4980,43174.9801,22.2977,NA
gamemd.exe,18720,0x43D4320,D3D9,0,0,1,Hardware: Independent Flip,43206.5381,NA,16.65840000000000,16.41950000000000,0.88710000000000,4.18610000000000,4.3189,NA,43191.2624,16.1628,15.2757,0.8871,15.7200,3.7418,3.6828,0.0590,-0.1372,43191.2624,22.9192,NA
gamemd.exe,18720,0x43D4320,D3D9,0,0,1,Hardware: Independent Flip,43223.7425,NA,17.20440000000000,17.58280000000000,1.48120000000000,4.53740000000000,4.6973,NA,43207.4252,17.7985,16.3173,1.4812,17.1020,3.7527,3.6659,0.0868,-1.4200,43207.4252,24.4969,NA
gamemd.exe,18720,0x43D4320,D3D9,0,0,1,Hardware: Independent Flip,43240.4743,NA,16.73180000000000,16.62830000000000,1.62420000000000,4.42600000000000,4.5938,NA,43225.2237,16.8748,15.2506,1.6242,15.8161,3.8605,3.7767,0.0838,1.1702,43225.2237,24.5665,NA
gamemd.exe,18720,0x43D4320,D3D9,0,0,1,Hardware: Independent Flip,43257.2631,NA,16.78880000000000,16.59620000000000,1.19570000000000,4.23170000000000,4.4012,NA,43242.0985,16.3603,15.1646,1.1957,15.7231,3.6732,3.5962,0.0770,0.2786,43242.0985,25.2835,NA
gamemd.exe,18720,0x43D4320,D3D9,0,0,1,Hardware: Independent Flip,43273.6947,NA,16.43160000000000,17.02070000000000,2.06650000000000,4.82940000000000,4.9903,NA,43258.4588,17.3024,15.2359,2.0665,16.1048,3.9605,3.8684,0.0921,-0.6604,43258.4588,26.7337,NA
gamemd.exe,18720,0x43D4320,D3D9,0,0,1,Hardware: Independent Flip,43290.4173,NA,16.72260000000000,15.95490000000000,1.05220000000000,4.10610000000000,4.2226,NA,43275.7612,15.7083,14.6561,1.0522,15.1633,3.5989,3.5259,0.0730,1.3475,43275.7612,26.6284,NA
gamemd.exe,18720,0x43D4320,D3D9,0,0,1,Hardware: Independent Flip,43307.2731,NA,16.85580000000000,16.80440000000000,1.15940000000000,4.05690000000000,4.1712,NA,43291.4695,16.9630,15.8036,1.1594,16.2425,3.6180,3.5219,0.0961,-1.0961,43291.4695,11.4396,NA
gamemd.exe,18720,0x43D4320,D3D9,0,0,1,Hardware: Independent Flip,43323.7719,NA,16.49880000000000,16.55260000000000,1.29050000000000,4.08500000000000,4.2250,NA,43308.4325,16.6299,15.3394,1.2905,15.9380,3.4864,3.4081,0.0783,0.4104,43308.4325,12.0205,NA
gamemd.exe,18720,0x43D4320,D3D9,0,0,1,Hardware: Independent Flip,43340.2711,NA,16.49920000000000,16.62420000000000,1.09290000000000,4.16230000000000,4.3500,NA,43325.0624,16.3016,15.2087,1.0929,15.7337,3.6373,3.5724,0.0649,0.0057,43325.0624,12.6728,NA
gamemd.exe,18720,0x43D4320,D3D9,0,0,1,Hardware: Independent Flip,43357.4119,NA,17.14080000000000,17.73640000000000,2.18320000000000,4.79110000000000,4.9456,NA,43341.3640,18.2311,16.0479,2.1832,16.9467,3.8923,3.8141,0.0782,-1.4348,43341.3640,14.4087,NA
gamemd.exe,18720,0x43D4320,D3D9,0,0,1,Hardware: Independent Flip,43373.7664,NA,16.35450000000000,15.75760000000000,1.23700000000000,4.23400000000000,4.3487,NA,43359.5951,15.4083,14.1713,1.2370,14.7329,3.6724,3.5980,0.0744,2.4735,43359.5951,14.1781,NA
gamemd.exe,18720,0x43D4320,D3D9,0,0,1,Hardware: Independent Flip,43389.9951,NA,16.22870000000000,15.97730000000000,1.04450000000000,3.96830000000000,4.0973,NA,43375.0034,16.0362,14.9917,1.0445,15.4485,3.5115,3.4556,0.0559,-0.5690,43375.0034,14.1599,NA
gamemd.exe,18720,0x43D4320,D3D9,0,0,1,Hardware: Independent Flip,43406.6807,NA,16.68560000000000,16.85980000000000,1.06360000000000,4.15560000000000,4.2715,NA,43391.0396,16.7047,15.6411,1.0636,16.2000,3.5967,3.5523,0.0444,-0.8236,43391.0396,14.9670,NA
gamemd.exe,18720,0x43D4320,D3D9,0,0,1,Hardware: Independent Flip,43423.6408,NA,16.96010000000000,16.97800000000000,1.32690000000000,4.16890000000000,4.2894,NA,43407.7443,17.2234,15.8965,1.3269,16.5321,3.5333,3.4637,0.0696,-0.2733,43407.7443,16.0061,NA
gamemd.exe,18720,0x43D4320,D3D9,0,0,1,Hardware: Independent Flip,43440.2194,NA,16.57860000000000,16.48440000000000,0.97230000000000,4.05430000000000,4.1952,NA,43424.9677,16.2240,15.2517,0.9723,15.6696,3.6364,3.5604,0.0760,0.7390,43424.9677,8.2779,NA
gamemd.exe,18720,0x43D4320,D3D9,0,0,1,Hardware: Independent Flip,43457.2243,NA,17.00490000000000,17.43190000000000,1.47100000000000,4.44890000000000,4.6222,NA,43441.1917,17.5036,16.0326,1.4710,16.8487,3.6328,3.5519,0.0809,-1.2079,43441.1917,9.8552,NA
gamemd.exe,18720,0x43D4320,D3D9,0,0,1,Hardware: Independent Flip,43473.7860,NA,16.56170000000000,17.19560000000000,2.61650000000000,5.11390000000000,5.2561,NA,43458.6953,17.7072,15.0907,2.6165,16.1445,4.0601,3.9805,0.0796,0.3080,43458.6953,11.1102,NA
gamemd.exe,18720,0x43D4320,D3D9,0,0,1,Hardware: Independent Flip,43490.0062,NA,16.22020000000000,15.42080000000000,1.28370000000000,4.34290000000000,4.4567,NA,43476.4025,14.8874,13.6037,1.2837,14.3329,3.6137,3.5396,0.0741,2.2864,43476.4025,18.5057,NA
gamemd.exe,18720,0x43D4320,D3D9,0,0,1,Hardware: Independent Flip,43506.7492,NA,16.74300000000000,16.77250000000000,1.73730000000000,4.37340000000000,4.4862,NA,43491.2899,17.1966,15.4593,1.7373,16.1262,3.7065,3.6488,0.0577,-1.8851,43491.2899,19.3212,NA
gamemd.exe,18720,0x43D4320,D3D9,0,0,1,Hardware: Independent Flip,43523.7493,NA,17.00010000000000,16.76990000000000,1.03660000000000,4.14170000000000,4.2560,NA,43508.4865,16.2994,15.2628,1.0366,15.8046,3.5999,3.5451,0.0548,0.4267,43508.4865,20.0495,NA
gamemd.exe,18720,0x43D4320,D3D9,0,0,1,Hardware: Independent Flip,43540.5313,NA,16.78200000000000,17.47270000000000,1.85150000000000,4.76300000000000,4.9467,NA,43524.7859,17.5969,15.7454,1.8515,16.7972,3.7112,3.6387,0.0725,-1.1733,43524.7859,13.5704,NA
gamemd.exe,18720,0x43D4320,D3D9,0,0,1,Hardware: Independent Flip,43556.6971,NA,16.16580000000000,16.54710000000000,1.63290000000000,5.09650000000000,5.3280,NA,43542.3828,15.9472,14.3143,1.6329,15.1324,4.2784,4.1905,0.0879,1.0498,43542.3828,21.9362,NA
gamemd.exe,18720,0x43D4320,D3D9,0,0,1,Hardware: Independent Flip,43573.6860,NA,16.98890000000000,16.71050000000000,1.48830000000000,4.85870000000000,5.0496,NA,43558.3300,16.8443,15.3560,1.4883,15.9278,4.2869,4.1862,0.1007,-0.7633,43558.3300,22.8186,NA
gamemd.exe,18720,0x43D4320,D3D9,0,0,1,Hardware: Independent Flip,43589.9996,NA,16.31360000000000,15.74820000000000,1.32410000000000,4.31950000000000,4.4842,NA,43575.1743,16.1494,14.8253,1.3241,15.3272,3.8176,3.7300,0.0876,1.0961,43575.1743,22.3039,NA
gamemd.exe,18720,0x43D4320,D3D9,0,0,1,Hardware: Independent Flip,43607.0288,NA,17.02920000000000,17.62320000000000,1.88650000000000,4.84960000000000,5.0782,NA,43591.3237,17.5916,15.7051,1.8865,16.9321,3.6226,3.5398,0.0828,-1.4738,43591.3237,23.9232,NA
gamemd.exe,18720,0x43D4320,D3D9,0,0,1,Hardware: Independent Flip,43623.5537,NA,16.52490000000000,16.29110000000000,1.72970000000000,4.68180000000000,4.8444,NA,43608.9153,16.3681,14.6384,1.7297,15.2290,4.0912,4.0193,0.0719,1.3005,43608.9153,24.0905,NA
gamemd.exe,18720,0x43D4320,D3D9,0,0,1,Hardware: Independent Flip,43640.2313,NA,16.67760000000000,15.98500000000000,0.86240000000000,4.00920000000000,4.1518,NA,43625.2834,15.8103,14.9479,0.8624,15.3342,3.6229,3.5516,0.0713,0.3831,43625.2834,23.7810,NA
gamemd.exe,18720,0x43D4320,D3D9,0,0,1,Hardware: Independent Flip,43656.6434,NA,16.41210000000000,16.58680000000000,0.94400000000000,4.18330000000000,4.3265,NA,43641.0937,16.4937,15.5497,0.9440,15.9780,3.7550,3.6962,0.0588,-0.7765,43641.0937,24.8089,NA
gamemd.exe,18720,0x43D4320,D3D9,0,0,1,Hardware: Independent Flip,43673.4342,NA,16.79080000000000,17.23070000000000,1.29480000000000,4.52810000000000,4.7664,NA,43657.5874,17.1416,15.8468,1.2948,16.4314,3.9435,3.8141,0.1294,-0.7370,43657.5874,25.8135,NA
gamemd.exe,18720,0x43D4320,D3D9,0,0,1,Hardware: Independent Flip,43690.3193,NA,16.88510000000000,17.04090000000000,2.41880000000000,4.76740000000000,4.9222,NA,43674.7290,18.0091,15.5903,2.4188,16.3926,3.9651,3.8790,0.0861,0.1007,43674.7290,26.8471,NA
gamemd.exe,18720,0x43D4320,D3D9,0,0,1,Hardware: Independent Flip,43707.0850,NA,16.76570000000000,16.16500000000000,1.25610000000000,4.20580000000000,4.3215,NA,43692.7381,15.6030,14.3469,1.2561,14.9309,3.6218,3.5587,0.0631,1.8441,43692.7381,11.4363,NA
gamemd.exe,18720,0x43D4320,D3D9,0,0,1,Hardware: Independent Flip,43723.5277,NA,16.44270000000000,16.25870000000000,1.01010000000000,3.99610000000000,4.1375,NA,43708.3411,16.1967,15.1866,1.0101,15.6499,3.5328,3.4419,0.0909,-0.6557,43708.3411,NA,NA
gamemd.exe,18720,0x43D4320,D3D9,0,0,1,Hardware: Independent Flip,43740.0096,NA,16.48190000000000,16.64520000000000,1.18880000000000,4.17060000000000,4.3008,NA,43724.5378,16.6606,15.4718,1.1888,16.0816,3.5608,3.4855,0.0753,-0.4485,43724.5378,12.3906,NA
gamemd.exe,18720,0x43D4320,D3D9,0,0,1,Hardware: Independent Flip,43756.5747,NA,16.56510000000000,16.36850000000000,1.09780000000000,3.95690000000000,4.1042,NA,43741.1984,16.4741,15.3763,1.0978,15.8235,3.5097,3.4322,0.0775,0.2921,43741.1984,12.7427,NA
gamemd.exe,18720,0x43D4320,D3D9,0,0,1,Hardware: Independent Flip,43774.0963,NA,17.52160000000000,18.63120000000000,2.12890000000000,4.95780000000000,5.2138,NA,43757.6725,18.5527,16.4238,2.1289,17.4034,3.9782,3.9073,0.0709,-2.1571,43757.6725,15.3913,NA
gamemd.exe,18720,0x43D4320,D3D9,0,0,1,Hardware: Independent Flip,43790.9224,NA,16.82610000000000,15.96650000000000,1.30150000000000,4.19060000000000,4.3542,NA,43776.2252,15.9987,14.6972,1.3015,15.3340,3.5538,3.4892,0.0646,2.5862,43776.2252,15.3380,NA
gamemd.exe,18720,0x43D4320,D3D9,0,0,1,Hardware: Independent Flip,43806.9169,NA,15.99450000000000,15.83980000000000,1.08960000000000,4.08660000000000,4.1995,NA,43792.2239,15.7826,14.6930,1.0896,15.1988,3.5808,3.5338,0.0470,0.1589,43792.2239,15.1939,NA
gamemd.exe,18720,0x43D4320,D3D9,0,0,1,Hardware: Independent Flip,43823.1808,NA,16.26390000000000,16.34800000000000,1.09280000000000,4.16980000000000,4.2836,NA,43808.0065,16.2671,15.1743,1.0928,15.7249,3.6192,3.5622,0.0570,-0.5654,43808.0065,15.5070,NA
gamemd.exe,18720,0x43D4320,D3D9,0,0,1,Hardware: Independent Flip,43840.0883,NA,16.90750000000000,16.95880000000000,1.19730000000000,4.20420000000000,4.3349,NA,43824.2736,17.0120,15.8147,1.1973,16.4938,3.5251,3.4766,0.0485,-0.6917,43824.2736,8.4754,NA
gamemd.exe,18720,0x43D4320,D3D9,0,0,1,Hardware: Independent Flip,43856.9297,NA,16.84140000000000,17.01550000000000,1.21840000000000,4.31560000000000,4.5090,NA,43841.2856,16.8625,15.6441,1.2184,16.1366,3.8231,3.7370,0.0861,-0.0035,43841.2856,9.4862,NA
gamemd.exe,18720,0x43D4320,D3D9,0,0,1,Hardware: Independent Flip,43873.6897,NA,16.76000000000000,17.40170000000000,2.41420000000000,5.01760000000000,5.1507,NA,43858.1481,17.9558,15.5416,2.4142,16.4530,4.1062,4.0098,0.0964,-0.5392,43858.1481,18.9368,NA
gamemd.exe,18720,0x43D4320,D3D9,0,0,1,Hardware: Independent Flip,43890.1563,NA,16.46660000000000,15.94980000000000,1.64900000000000,4.49160000000000,4.6339,NA,43876.1039,15.7014,14.0524,1.6490,15.0048,3.5392,3.4802,0.0590,2.0060,43876.1039,18.8503,NA
gamemd.exe,18720,0x43D4320,D3D9,0,0,1,Hardware: Independent Flip,43906.6415,NA,16.48520000000000,16.23940000000000,1.75880000000000,4.28280000000000,4.3881,NA,43891.8053,16.5950,14.8362,1.7588,15.3937,3.7253,3.6620,0.0633,-0.5380,43891.8053,19.1259,NA
gamemd.exe,18720,0x43D4320,D3D9,0,0,1,Hardware: Independent Flip,43924.1742,NA,17.53270000000000,17.63880000000000,1.65830000000000,4.38580000000000,4.4942,NA,43908.4003,17.4322,15.7739,1.6583,16.4759,3.6838,3.6313,0.0525,-1.0438,43908.4003,20.7297,NA
gamemd.exe,18720,0x43D4320,D3D9,0,0,1,Hardware: Independent Flip,43940.7541,NA,16.57990000000000,16.32690000000000,0.96260000000000,4.07840000000000,4.2412,NA,43925.8325,15.8842,14.9216,0.9626,15.3905,3.6095,3.5451,0.0644,1.1053,43925.8325,21.0425,NA
gamemd.exe,18720,0x43D4320,D3D9,0,0,1,Hardware: Independent Flip,43956.7201,NA,15.96600000000000,16.26730000000000,1.29880000000000,4.42890000000000,4.5425,NA,43941.7167,16.3022,15.0034,1.2988,15.7650,3.6673,3.6145,0.0528,-0.3831,43941.7167,21.2712,NA
gamemd.exe,18720,0x43D4320,D3D9,0,0,1,Hardware: Independent Flip,43973.4592,NA,16.73910000000000,17.19440000000000,2.23230000000000,4.85470000000000,4.9978,NA,43958.0189,17.6726,15.4403,2.2323,16.2396,4.0554,3.9787,0.0767,-0.8922,43958.0189,22.5002,NA
gamemd.exe,18720,0x43D4320,D3D9,0,0,1,Hardware: Independent Flip,43990.1371,NA,16.67790000000000,16.58940000000000,1.74480000000000,4.75740000000000,4.9093,NA,43975.6915,16.1904,14.4456,1.7448,15.2206,3.9824,3.8358,0.1466,1.0832,43975.6915,23.0980,NA
gamemd.exe,18720,0x43D4320,D3D9,0,0,1,Hardware: Independent Flip,44007.2103,NA,17.07320000000000,17.28240000000000,1.82350000000000,4.94100000000000,5.1185,NA,43991.8819,17.1519,15.3284,1.8235,16.1401,4.1293,4.0435,0.0858,-1.0920,43991.8819,24.2346,NA
gamemd.exe,18720,0x43D4320,D3D9,0,0,1,Hardware: Independent Flip,44024.7622,NA,17.55190000000000,19.01250000000000,1.81780000000000,5.43450000000000,6.5791,NA,44009.0338,17.5462,15.7284,1.8178,16.6184,4.5445,4.4506,0.0939,-1.8606,44009.0338,27.1430,NA
gamemd.exe,18720,0x43D4320,D3D9,0,0,1,Hardware: Independent Flip,44041.3657,NA,16.60350000000000,16.63630000000000,1.51570000000000,5.42050000000000,6.6119,NA,44026.5800,16.3014,14.7857,1.5157,15.4275,4.7787,4.2602,0.5185,0.9099,44026.5800,28.0462,NA
gamemd.exe,18720,0x43D4320,D3D9,0,0,1,Hardware: Independent Flip,44057.1474,NA,15.78170000000000,16.70410000000000,3.38290000000000,6.01440000000000,7.5343,NA,44042.8814,17.6489,14.2660,3.3829,15.7181,4.5623,4.3984,0.1639,-0.4027,44042.8814,28.7628,NA
gamemd.exe,18720,0x43D4320,D3D9,0,0,1,Hardware: Independent Flip,44073.3438,NA,16.19640000000000,13.46110000000000,1.15590000000000,4.58570000000000,4.7990,NA,44060.5303,13.9694,12.8135,1.1559,13.2968,4.1024,4.0174,0.0850,4.1878,44060.5303,18.1043,NA
gamemd.exe,18720,0x43D4320,D3D9,0,0,1,Hardware: Independent Flip,44089.9543,NA,16.61050000000000,17.32080000000000,1.37760000000000,5.24040000000000,5.5093,NA,44074.4997,16.8322,15.4546,1.3776,16.1099,4.5851,4.4801,0.1050,-3.3514,44074.4997,27.5322,NA
gamemd.exe,18720,0x43D4320,D3D9,0,0,1,Hardware: Independent Flip,44107.0921,NA,17.13780000000000,16.78300000000000,2.03050000000000,5.04200000000000,5.1545,NA,44091.3319,17.7907,15.7602,2.0305,16.6750,4.1272,4.0375,0.0897,0.0492,44091.3319,31.8634,NA
gamemd.exe,18720,0x43D4320,D3D9,0,0,1,Hardware: Independent Flip,44123.5816,NA,16.48950000000000,16.12470000000000,1.95350000000000,4.67820000000000,4.7897,NA,44109.1226,16.4125,14.4590,1.9535,15.3515,3.7857,3.7322,0.0535,1.6660,44109.1226,NA,NA
gamemd.exe,18720,0x43D4320,D3D9,0,0,1,Hardware: Independent Flip,44140.4436,NA,16.86200000000000,16.37280000000000,1.13410000000000,4.15330000000000,4.3005,NA,44125.5351,16.0426,14.9085,1.1341,15.5024,3.5594,3.5163,0.0431,0.0397,44125.5351,NA,NA
gamemd.exe,18720,0x43D4320,D3D9,0,0,1,Hardware: Independent Flip,44157.2935,NA,16.84990000000000,17.21440000000000,1.68700000000000,4.52400000000000,4.6650,NA,44141.5777,17.4028,15.7158,1.6870,16.6387,3.6011,3.5362,0.0649,-1.1718,44141.5777,NA,NA
gamemd.exe,18720,0x43D4320,D3D9,0,0,1,Hardware: Independent Flip,44173.9006,NA,16.60710000000000,16.99120000000000,2.30260000000000,4.93470000000000,5.0491,NA,44158.9805,17.2227,14.9201,2.3026,15.9117,3.9431,3.8620,0.0811,0.4116,44158.9805,14.9932,NA
gamemd.exe,18720,0x43D4320,D3D9,0,0,1,Hardware: Independent Flip,44190.7190,NA,16.81840000000000,16.15160000000000,1.27130000000000,4.23670000000000,4.3823,NA,44176.2032,15.7871,14.5158,1.2713,15.2267,3.5258,3.4793,0.0465,1.0711,44176.2032,15.1603,NA
gamemd.exe,18720,0x43D4320,D3D9,0,0,1,Hardware: Independent Flip,44206.7146,NA,15.99560000000000,16.20930000000000,1.55480000000000,4.48730000000000,4.5960,NA,44191.9903,16.2791,14.7243,1.5548,15.5891,3.6225,3.5603,0.0622,-0.4222,44191.9903,15.3916,NA
gamemd.exe,18720,0x43D4320,D3D9,0,0,1,Hardware: Independent Flip,44223.5528,NA,16.83820000000000,17.42370000000000,2.03940000000000,5.03560000000000,5.1815,NA,44208.2694,17.3228,15.2834,2.0394,16.0569,4.2621,4.1977,0.0644,-1.1446,44208.2694,8.5610,NA
gamemd.exe,18720,0x43D4320,D3D9,0,0,1,Hardware: Independent Flip,44240.4761,NA,16.92330000000000,16.89910000000000,2.40160000000000,4.94390000000000,5.1573,NA,44225.5922,17.2855,14.8839,2.4016,15.8437,3.9841,3.9125,0.0716,0.4237,44225.5922,17.6451,NA
gamemd.exe,18720,0x43D4320,D3D9,0,0,1,Hardware: Independent Flip,44256.9345,NA,16.45840000000000,16.29550000000000,1.63760000000000,4.82410000000000,4.9944,NA,44242.8777,15.6944,14.0568,1.6376,14.6744,4.2065,4.1149,0.0916,0.9900,44242.8777,16.0840,NA
gamemd.exe,18720,0x43D4320,D3D9,0,0,1,Hardware: Independent Flip,44273.6058,NA,16.67130000000000,16.66400000000000,2.13350000000000,4.84050000000000,4.9871,NA,44258.5721,17.1672,15.0337,2.1335,15.9251,3.9491,3.8592,0.0899,-0.9696,44258.5721,18.5450,NA
gamemd.exe,18720,0x43D4320,D3D9,0,0,1,Hardware: Independent Flip,44290.3891,NA,16.78330000000000,16.79580000000000,2.32540000000000,4.85790000000000,4.9996,NA,44275.7393,16.9752,14.6498,2.3254,15.6148,3.8929,3.8050,0.0879,0.3714,44275.7393,19.4479,NA
gamemd.exe,18720,0x43D4320,D3D9,0,0,1,Hardware: Independent Flip,44306.9755,NA,16.58640000000000,16.60000000000000,1.95450000000000,4.90400000000000,5.0132,NA,44292.7145,16.2155,14.2610,1.9545,14.9862,4.1788,3.8717,0.3071,0.3752,44292.7145,19.8644,NA
gamemd.exe,18720,0x43D4320,D3D9,0,0,1,Hardware: Independent Flip,44323.7628,NA,16.78730000000000,16.02440000000000,1.28880000000000,4.13940000000000,4.2503,NA,44308.9300,16.1216,14.8328,1.2888,15.4080,3.5642,3.5071,0.0571,0.1911,44308.9300,20.0539,NA
gamemd.exe,18720,0x43D4320,D3D9,0,0,1,Hardware: Independent Flip,44340.1519,NA,16.38910000000000,16.58080000000000,1.85970000000000,4.33320000000000,4.4420,NA,44325.0516,16.9600,15.1003,1.8597,15.6960,3.7375,3.6719,0.0656,-0.4592,44325.0516,28.6391,NA
gamemd.exe,18720,0x43D4320,D3D9,0,0,1,Hardware: Independent Flip,44356.8469,NA,16.69500000000000,16.28140000000000,0.85230000000000,3.90620000000000,4.0284,NA,44342.0116,15.6876,14.8353,0.8523,15.2575,3.4840,3.4391,0.0449,0.6786,44342.0116,NA,NA
gamemd.exe,18720,0x43D4320,D3D9,0,0,1,Hardware: Independent Flip,44373.6241,NA,16.77720000000000,17.13820000000000,1.16060000000000,4.27160000000000,4.3894,NA,44357.6992,17.0855,15.9249,1.1606,16.5687,3.6278,3.5654,0.0624,-1.4506,44357.6992,NA,NA
gamemd.exe,18720,0x43D4320,D3D9,0,0,1,Hardware: Independent Flip,44390.0259,NA,16.40180000000000,16.17560000000000,1.14630000000000,4.01120000000000,4.1632,NA,44374.7847,16.3875,15.2412,1.1463,15.7137,3.5387,3.4653,0.0734,0.9099,44374.7847,NA,NA
gamemd.exe,18720,0x43D4320,D3D9,0,0,1,Hardware: Independent Flip,44407.0688,NA,17.04290000000000,17.31340000000000,1.54600000000000,4.29670000000000,4.4337,NA,44391.1722,17.4426,15.8966,1.5460,16.4091,3.7842,3.6979,0.0863,-0.9259,44391.1722,NA,NA
gamemd.exe,18720,0x43D4320,D3D9,0,0,1,Hardware: Independent Flip,44423.2170,NA,16.14820000000000,15.85740000000000,0.80690000000000,4.00650000000000,4.1429,NA,44408.6148,15.4091,14.6022,0.8069,14.9688,3.6399,3.5620,0.0779,1.5852,44408.6148,NA,NA
gamemd.exe,18720,0x43D4320,D3D9,0,0,1,Hardware: Independent Flip,44439.8310,NA,16.61400000000000,16.67130000000000,0.85200000000000,4.02130000000000,4.2002,NA,44424.0239,16.6591,15.8071,0.8520,16.2003,3.6281,3.5529,0.0752,-1.2622,44424.0239,NA,NA
gamemd.exe,18720,0x43D4320,D3D9,0,0,1,Hardware: Independent Flip,44456.5266,NA,16.69560000000000,16.69640000000000,0.90370000000000,4.08010000000000,4.2010,NA,44440.6830,16.7473,15.8436,0.9037,16.2906,3.6331,3.5547,0.0784,-0.0373,44440.6830,NA,NA
gamemd.exe,18720,0x43D4320,D3D9,0,0,1,Hardware: Independent Flip,44473.2648,NA,16.73820000000000,16.87870000000000,1.04470000000000,4.23240000000000,4.3415,NA,44457.4303,16.8792,15.8345,1.0447,16.3832,3.6837,3.6177,0.0660,-0.1314,44457.4303,NA,NA
gamemd.exe,18720,0x43D4320,D3D9,0,0,1,Hardware: Independent Flip,44490.1330,NA,16.86820000000000,17.70410000000000,2.29430000000000,5.01840000000000,5.1774,NA,44474.3095,18.1178,15.8235,2.2943,16.5681,4.2738,4.1621,0.1117,-0.8249,44474.3095,NA,NA
gamemd.exe,18720,0x43D4320,D3D9,0,0,1,Hardware: Independent Flip,44506.9829,NA,16.84990000000000,15.94160000000000,1.18750000000000,4.16060000000000,4.2691,NA,44492.4273,15.7431,14.5556,1.1875,15.1202,3.5960,3.5466,0.0494,2.1762,44492.4273,NA,NA
gamemd.exe,18720,0x43D4320,D3D9,0,0,1,Hardware: Independent Flip,44523.3205,NA,16.33760000000000,16.07910000000000,0.92280000000000,3.89730000000000,4.0106,NA,44508.1704,16.0729,15.1501,0.9228,15.5395,3.5079,3.4526,0.0553,-0.3360,44508.1704,19.4208,19.4208
gamemd.exe,18720,0x43D4320,D3D9,0,0,1,Hardware: Independent Flip,44540.2182,NA,16.89770000000000,17.04500000000000,1.18560000000000,4.02440000000000,4.1579,NA,44524.2433,17.1605,15.9749,1.1856,16.4938,3.5055,3.4362,0.0693,-0.9721,44524.2433,NA,NA
gamemd.exe,18720,0x43D4320,D3D9,0,0,1,Hardware: Independent Flip,44556.7866,NA,16.56840000000000,16.72120000000000,1.32720000000000,4.18970000000000,4.3107,NA,44541.4038,16.7100,15.3828,1.3272,16.0107,3.5618,3.5083,0.0535,0.4393,44541.4038,NA,NA
gamemd.exe,18720,0x43D4320,D3D9,0,0,1,Hardware: Independent Flip,44573.3035,NA,16.51690000000000,16.33910000000000,0.79470000000000,4.00500000000000,4.1329,NA,44558.1138,15.9844,15.1897,0.7947,15.5355,3.6592,3.6034,0.0558,0.3709,44558.1138,13.5249,13.5249
gamemd.exe,18720,0x43D4320,D3D9,0,0,1,Hardware: Independent Flip,44590.2487,NA,16.94520000000000,16.99910000000000,1.17650000000000,4.05120000000000,4.1868,NA,44574.0982,17.3270,16.1505,1.1765,16.7111,3.4906,3.4251,0.0655,-1.0147,44574.0982,NA,NA
gamemd.exe,18720,0x43D4320,D3D9,0,0,1,Hardware: Independent Flip,44607.1030,NA,16.85430000000000,17.25260000000000,1.65560000000000,4.47340000000000,4.5851,NA,44591.4252,17.3334,15.6778,1.6556,16.3699,3.7813,3.7239,0.0574,0.0744,44591.4252,NA,NA
gamemd.exe,18720,0x43D4320,D3D9,0,0,1,Hardware: Independent Flip,44623.6529,NA,16.54990000000000,16.04650000000000,0.91060000000000,3.96770000000000,4.0817,NA,44608.7586,15.8049,14.8943,0.9106,15.3111,3.5509,3.4949,0.0560,1.2869,44608.7586,15.8317,NA
gamemd.exe,18720,0x43D4320,D3D9,0,0,1,Hardware: Independent Flip,44640.1822,NA,16.52930000000000,16.71750000000000,1.02570000000000,4.13950000000000,4.2699,NA,44624.5635,16.6444,15.6187,1.0257,16.1604,3.5978,3.5534,0.0444,-0.9126,44624.5635,8.4497,NA
gamemd.exe,18720,0x43D4320,D3D9,0,0,1,Hardware: Independent Flip,44657.1700,NA,16.98780000000000,16.79280000000000,0.96300000000000,3.94500000000000,4.0749,NA,44641.2079,16.9251,15.9621,0.9630,16.3921,3.5150,3.4692,0.0458,-0.1484,44641.2079,17.3119,NA
gamemd.exe,18720,0x43D4320,D3D9,0,0,1,Hardware: Independent Flip,44674.1756,NA,17.00560000000000,17.60880000000000,1.63120000000000,4.53110000000000,4.6781,NA,44658.1330,17.6738,16.0426,1.6312,16.9532,3.6205,3.5377,0.0828,-0.6837,44658.1330,10.6254,NA
gamemd.exe,18720,0x43D4320,D3D9,0,0,1,Hardware: Independent Flip,44690.4770,NA,16.30140000000000,16.75830000000000,2.09600000000000,4.99520000000000,5.1350,NA,44675.8068,16.7662,14.6702,2.0960,15.5320,4.1334,3.9852,0.1482,0.9155,44675.8068,19.6937,NA
gamemd.exe,18720,0x43D4320,D3D9,0,0,1,Hardware: Independent Flip,44706.6617,NA,16.18470000000000,15.79390000000000,1.77980000000000,4.63410000000000,4.7442,NA,44692.5730,15.8685,14.0887,1.7798,14.8661,3.8567,3.7405,0.1162,0.9723,44692.5730,19.4886,NA
gamemd.exe,18720,0x43D4320,D3D9,0,0,1,Hardware: Independent Flip,44723.2934,NA,16.63170000000000,16.23580000000000,1.42530000000000,4.23500000000000,4.3483,NA,44708.4415,16.2772,14.8519,1.4253,15.5503,3.5366,3.4840,0.0526,-0.3673,44708.4415,19.7238,NA
gamemd.exe,18720,0x43D4320,D3D9,0,0,1,Hardware: Independent Flip,44740.5317,NA,17.23830000000000,16.92640000000000,0.78080000000000,3.90740000000000,4.0364,NA,44724.7187,16.5938,15.8130,0.7808,16.1799,3.5405,3.4894,0.0511,-0.6492,44724.7187,20.5488,NA
gamemd.exe,18720,0x43D4320,D3D9,0,0,1,Hardware: Independent Flip,44756.8172,NA,16.28550000000000,16.31720000000000,0.84430000000000,3.89620000000000,4.0681,NA,44741.3125,16.3490,15.5047,0.8443,15.8656,3.5353,3.4746,0.0607,0.2766,44741.3125,20.8976,NA
gamemd.exe,18720,0x43D4320,D3D9,0,0,1,Hardware: Independent Flip,44773.6800,NA,16.86280000000000,17.69970000000000,2.39100000000000,4.76940000000000,4.9050,NA,44757.6615,18.4095,16.0185,2.3910,16.8296,3.9583,3.8767,0.0816,-1.3507,44757.6615,22.6498,NA
gamemd.exe,18720,0x43D4320,D3D9,0,0,1,Hardware: Independent Flip,44790.3348,NA,16.65480000000000,16.24460000000000,1.28210000000000,4.35160000000000,4.4948,NA,44776.0710,15.5459,14.2638,1.2821,14.9275,3.6879,3.6118,0.0761,2.1649,44776.0710,22.8410,NA
gamemd.exe,18720,0x43D4320,D3D9,0,0,1,Hardware: Independent Flip,44806.7780,NA,16.44320000000000,16.17550000000000,0.83200000000000,4.09370000000000,4.2271,NA,44791.6169,15.9931,15.1611,0.8320,15.5504,3.7044,3.6567,0.0477,-0.6296,44791.6169,23.0718,NA
gamemd.exe,18720,0x43D4320,D3D9,0,0,1,Hardware: Independent Flip,44823.5088,NA,16.73080000000000,16.50030000000000,0.80220000000000,3.86710000000000,3.9966,NA,44807.6100,16.7010,15.8988,0.8022,16.2738,3.4921,3.4363,0.0558,-0.5072,44807.6100,23.5483,NA
gamemd.exe,18720,0x43D4320,D3D9,0,0,1,Hardware: Independent Flip,44839.9977,NA,16.48890000000000,16.57390000000000,0.77920000000000,3.92750000000000,4.0816,NA,44824.3110,16.4659,15.6867,0.7792,16.0433,3.5709,3.4909,0.0800,0.1271,44824.3110,24.0926,NA
gamemd.exe,18720,0x43D4320,D3D9,0,0,1,Hardware: Independent Flip,44856.8490,NA,16.85130000000000,16.84930000000000,0.82270000000000,3.92420000000000,4.0796,NA,44840.7769,16.8948,16.0721,0.8227,16.4552,3.5411,3.4477,0.0934,-0.3834,44840.7769,24.8051,NA
gamemd.exe,18720,0x43D4320,D3D9,0,0,1,Hardware: Independent Flip,44873.7655,NA,16.91650000000000,17.41210000000000,1.39910000000000,4.38770000000000,4.5752,NA,44857.6717,17.4929,16.0938,1.3991,16.6419,3.8396,3.7648,0.0748,-0.5173,44857.6717,26.3574,26.3574
gamemd.exe,18720,0x43D4320,D3D9,0,0,1,Hardware: Independent Flip,44890.4426,NA,16.67710000000000,17.00400000000000,2.16900000000000,4.76070000000000,4.9021,NA,44875.1646,17.4470,15.2780,2.1690,16.0903,3.9484,3.8714,0.0770,0.4889,44875.1646,11.4033,NA
gamemd.exe,18720,0x43D4320,D3D9,0,0,1,Hardware: Independent Flip,44907.1459,NA,16.70330000000000,16.13810000000000,1.27320000000000,4.20880000000000,4.3369,NA,44892.6116,15.8075,14.5343,1.2732,15.1353,3.6078,3.5460,0.0618,1.3089,44892.6116,11.5490,NA
gamemd.exe,18720,0x43D4320,D3D9,0,0,1,Hardware: Independent Flip,44923.4061,NA,16.26020000000000,15.97420000000000,1.12780000000000,3.91520000000000,4.0509,NA,44908.4191,16.1148,14.9870,1.1278,15.3977,3.5045,3.3981,0.1064,-0.1667,44908.4191,11.4923,NA
gamemd.exe,18720,0x43D4320,D3D9,0,0,1,Hardware: Independent Flip,44940.2739,NA,16.86780000000000,17.00010000000000,1.05730000000000,4.07030000000000,4.1832,NA,44924.5339,16.7973,15.7400,1.0573,16.1633,3.6470,3.5700,0.0770,-0.8853,44924.5339,12.5075,NA
gamemd.exe,18720,0x43D4320,D3D9,0,0,1,Hardware: Independent Flip,44956.4936,NA,16.21970000000000,16.31310000000000,1.03760000000000,4.05760000000000,4.2766,NA,44941.3312,16.2000,15.1624,1.0376,15.7051,3.5149,3.4485,0.0664,0.4842,44941.3312,12.8471,NA
gamemd.exe,18720,0x43D4320,D3D9,0,0,1,Hardware: Independent Flip,44974.1700,NA,17.67640000000000,18.31900000000000,1.80980000000000,4.73150000000000,4.9192,NA,44957.5312,18.4486,16.6388,1.8098,17.7178,3.6525,3.5780,0.0745,-2.1190,44957.5312,15.1562,NA
gamemd.exe,18720,0x43D4320,D3D9,0,0,1,Hardware: Independent Flip,44990.6356,NA,16.46560000000000,15.54770000000000,1.05740000000000,3.88030000000000,4.0013,NA,44975.9798,15.7132,14.6558,1.0574,15.1087,3.4274,3.3754,0.0520,2.9009,44975.9798,14.7181,NA
gamemd.exe,18720,0x43D4320,D3D9,0,0,1,Hardware: Independent Flip,45006.8986,NA,16.26300000000000,16.30360000000000,1.14530000000000,3.92550000000000,4.0419,NA,44991.6930,16.3509,15.2056,1.1453,15.6318,3.4993,3.4192,0.0801,-0.5904,44991.6930,15.0407,NA
gamemd.exe,18720,0x43D4320,D3D9,0,0,1,Hardware: Independent Flip,45023.6947,NA,16.79610000000000,16.75550000000000,0.89520000000000,3.87760000000000,4.0013,NA,45008.0439,16.5460,15.6508,0.8952,16.0879,3.4405,3.3878,0.0527,-0.4046,45008.0439,15.7313,NA
gamemd.exe,18720,0x43D4320,D3D9,0,0,1,Hardware: Independent Flip,45040.2413,NA,16.54660000000000,17.27690000000000,1.60010000000000,4.59150000000000,4.7316,NA,45024.5899,17.2515,15.6514,1.6001,16.5574,3.6855,3.6025,0.0830,-0.7309,45024.5899,8.8489,25.0305
gamemd.exe,18720,0x43D4320,D3D9,0,0,1,Hardware: Independent Flip,45056.9826,NA,16.74130000000000,16.27520000000000,1.13030000000000,4.14980000000000,4.2655,NA,45041.8414,16.2715,15.1412,1.1303,15.7318,3.5592,3.5059,0.0533,0.9763,45041.8414,17.3310,NA
gamemd.exe,18720,0x43D4320,D3D9,0,0,1,Hardware: Independent Flip,45073.6518,NA,16.66920000000000,16.93170000000000,1.41850000000000,4.34870000000000,4.5280,NA,45058.1129,16.9574,15.5389,1.4185,16.1648,3.7228,3.6036,0.1192,-0.6602,45058.1129,10.2149,NA
gamemd.exe,18720,0x43D4320,D3D9,0,0,1,Hardware: Independent Flip,45090.3606,NA,16.70880000000000,17.19830000000000,2.39070000000000,4.89610000000000,5.0175,NA,45075.0703,17.6810,15.2903,2.3907,16.2680,3.9184,3.8422,0.0762,-0.2409,45075.0703,19.4678,NA
gamemd.exe,18720,0x43D4320,D3D9,0,0,1,Hardware: Independent Flip,45107.0219,NA,16.66130000000000,16.16310000000000,1.76810000000000,4.40690000000000,4.5193,NA,45092.7513,16.0387,14.2706,1.7681,14.9342,3.7433,3.6905,0.0528,1.5179,45092.7513,19.5894,NA
gamemd.exe,18720,0x43D4320,D3D9,0,0,1,Hardware: Independent Flip,45123.4787,NA,16.45680000000000,16.41640000000000,1.52180000000000,4.36640000000000,4.4789,NA,45108.7900,16.2105,14.6887,1.5218,15.4609,3.5942,3.5356,0.0586,-0.3777,45108.7900,20.0075,NA
gamemd.exe,18720,0x43D4320,D3D9,0,0,1,Hardware: Independent Flip,45140.4516,NA,16.97290000000000,16.93900000000000,1.24360000000000,4.30410000000000,4.4450,NA,45125.0005,16.6947,15.4511,1.2436,16.1231,3.6321,3.5856,0.0465,-0.7285,45125.0005,20.9234,NA
gamemd.exe,18720,0x43D4320,D3D9,0,0,1,Hardware: Independent Flip,45156.8309,NA,16.37930000000000,15.89900000000000,0.80440000000000,3.83670000000000,3.9647,NA,45141.6952,15.9401,15.1357,0.8044,15.5202,3.4522,3.4127,0.0395,0.7957,45141.6952,20.8185,NA
gamemd.exe,18720,0x43D4320,D3D9,0,0,1,Hardware: Independent Flip,45173.4688,NA,16.63790000000000,17.54660000000000,2.06880000000000,4.71740000000000,4.8734,NA,45157.6353,17.9023,15.8335,2.0688,16.6399,3.9110,3.8442,0.0668,-1.6065,45157.6353,22.3148,NA
gamemd.exe,18720,0x43D4320,D3D9,0,0,1,Hardware: Independent Flip,45189.9544,NA,16.48560000000000,16.72970000000000,1.55500000000000,4.93860000000000,5.1175,NA,45175.5376,15.9718,14.4168,1.5550,15.2317,4.1237,4.0637,0.0600,1.1726,45175.5376,23.1048,NA
gamemd.exe,18720,0x43D4320,D3D9,0,0,1,Hardware: Independent Flip,45206.7920,NA,16.83760000000000,15.94470000000000,0.87150000000000,4.07450000000000,4.2246,NA,45191.5094,16.1541,15.2826,0.8715,15.7440,3.6131,3.5560,0.0571,0.0271,45191.5094,22.7900,NA
gamemd.exe,18720,0x43D4320,D3D9,0,0,1,Hardware: Independent Flip,45223.5705,NA,16.77850000000000,16.77520000000000,0.77920000000000,4.08820000000000,4.2213,NA,45207.6635,16.6862,15.9070,0.7792,16.2877,3.7075,3.6382,0.0693,-0.6211,45207.6635,NA,NA
gamemd.exe,18720,0x43D4320,D3D9,0,0,1,Hardware: Independent Flip,45239.8003,NA,16.22980000000000,16.36140000000000,0.95300000000000,4.21920000000000,4.3529,NA,45224.3497,16.4036,15.4506,0.9530,15.9783,3.6915,3.6334,0.0581,0.3248,45224.3497,NA,NA
gamemd.exe,18720,0x43D4320,D3D9,0,0,1,Hardware: Independent Flip,45256.6175,NA,16.81720000000000,16.77070000000000,1.17060000000000,4.17840000000000,4.3064,NA,45240.7533,17.0348,15.8642,1.1706,16.3686,3.6740,3.5833,0.0907,-0.3671,45240.7533,NA,NA
gamemd.exe,18720,0x43D4320,D3D9,0,0,1,Hardware: Independent Flip,45273.5301,NA,16.91260000000000,17.35540000000000,1.44490000000000,4.58040000000000,4.7492,NA,45257.7881,17.1869,15.7420,1.4449,16.4616,3.8608,3.7639,0.0969,-0.3206,45257.7881,NA,NA
gamemd.exe,18720,0x43D4320,D3D9,0,0,1,Hardware: Independent Flip,45290.4769,NA,16.94680000000000,16.92930000000000,1.95160000000000,4.55150000000000,4.7317,NA,45274.9750,17.4535,15.5019,1.9516,16.2449,3.8085,3.7258,0.0827,0.2576,45274.9750,NA,NA
gamemd.exe,18720,0x43D4320,D3D9,0,0,1,Hardware: Independent Flip,45306.7010,NA,16.22410000000000,15.98180000000000,1.29900000000000,4.37670000000000,4.4894,NA,45292.4285,15.5715,14.2725,1.2990,14.9583,3.6909,3.5983,0.0926,1.4717,45292.4285,11.2523,35.2516
gamemd.exe,18720,0x43D4320,D3D9,0,0,1,Hardware: Independent Flip,45323.5776,NA,16.87660000000000,16.59980000000000,1.07390000000000,4.10180000000000,4.2126,NA,45308.0000,16.6515,15.5776,1.0739,16.0933,3.5861,3.5039,0.0822,-1.0283,45308.0000,11.8509,NA
gamemd.exe,18720,0x43D4320,D3D9,0,0,1,Hardware: Independent Flip,45340.2263,NA,16.64870000000000,16.60910000000000,0.96490000000000,4.06310000000000,4.1730,NA,45324.6515,16.5397,15.5748,0.9649,15.9922,3.6457,3.5794,0.0663,0.0424,45324.6515,12.4332,NA
gamemd.exe,18720,0x43D4320,D3D9,0,0,1,Hardware: Independent Flip,45356.9912,NA,16.76490000000000,16.90530000000000,1.19230000000000,4.15680000000000,4.3134,NA,45341.1912,16.9923,15.8000,1.1923,16.3221,3.6347,3.5332,0.1015,-0.3656,45341.1912,13.3668,NA
gamemd.exe,18720,0x43D4320,D3D9,0,0,1,Hardware: Independent Flip,45373.5761,NA,16.58490000000000,17.52450000000000,2.47040000000000,5.12600000000000,5.2530,NA,45358.1835,17.8630,15.3926,2.4704,16.3809,4.1377,4.0414,0.0963,-0.5322,45358.1835,14.9056,NA
gamemd.exe,18720,0x43D4320,D3D9,0,0,1,Hardware: Independent Flip,45390.4608,NA,16.88470000000000,16.00210000000000,1.24360000000000,4.21420000000000,4.3704,NA,45376.0465,15.6579,14.4143,1.2436,15.1195,3.5090,3.4673,0.0417,1.8609,45376.0465,14.9013,NA
gamemd.exe,18720,0x43D4320,D3D9,0,0,1,Hardware: Independent Flip,45406.6454,NA,16.18460000000000,15.99010000000000,0.92220000000000,4.06650000000000,4.1759,NA,45391.7044,15.8632,14.9410,0.9222,15.3926,3.6149,3.5729,0.0420,-0.3322,45391.7044,14.9228,NA
gamemd.exe,18720,0x43D4320,D3D9,0,0,1,Hardware: Independent Flip,45423.4230,NA,16.77760000000000,16.70280000000000,0.94370000000000,3.98090000000000,4.1011,NA,45407.5676,16.7991,15.8554,0.9437,16.2787,3.5576,3.5063,0.0513,-0.8396,45407.5676,15.5612,NA
gamemd.exe,18720,0x43D4320,D3D9,0,0,1,Hardware: Independent Flip,45440.0407,NA,16.61770000000000,16.87890000000000,0.92330000000000,4.18310000000000,4.3623,NA,45424.3667,16.5973,15.6740,0.9233,16.1048,3.7523,3.7068,0.0455,-0.0798,45424.3667,8.3138,NA
gamemd.exe,18720,0x43D4320,D3D9,0,0,1,Hardware: Independent Flip,45456.8089,NA,16.76820000000000,17.23800000000000,2.43970000000000,4.69920000000000,4.8321,NA,45440.9640,18.2846,15.8449,2.4397,16.6797,3.8644,3.7895,0.0749,-0.6407,45440.9640,17.6581,NA
gamemd.exe,18720,0x43D4320,D3D9,0,0,1,Hardware: Independent Flip,45473.3655,NA,16.55660000000000,16.82460000000000,2.33890000000000,4.98650000000000,5.1001,NA,45459.2486,16.4558,14.1169,2.3389,15.2797,3.8237,3.7688,0.0549,1.4600,45459.2486,18.5436,NA
gamemd.exe,18720,0x43D4320,D3D9,0,0,1,Hardware: Independent Flip,45490.6775,NA,17.31200000000000,16.37790000000000,0.87190000000000,4.01960000000000,4.1660,NA,45475.7044,15.8450,14.9731,0.8719,15.3834,3.6093,3.5627,0.0466,0.0779,45475.7044,18.9389,NA
gamemd.exe,18720,0x43D4320,D3D9,0,0,1,Hardware: Independent Flip,45507.2164,NA,16.53890000000000,16.88060000000000,1.46110000000000,4.39860000000000,4.5077,NA,45491.5494,17.1281,15.6670,1.4611,16.5195,3.5461,3.5133,0.0328,-1.0356,45491.5494,27.2916,27.2916
gamemd.exe,18720,0x43D4320,D3D9,0,0,1,Hardware: Independent Flip,45523.6426,NA,16.42620000000000,16.07670000000000,1.02010000000000,4.04910000000000,4.1582,NA,45508.6775,15.9852,14.9651,1.0201,15.4419,3.5723,3.5275,0.0448,1.0514,45508.6775,NA,NA
gamemd.exe,18720,0x43D4320,D3D9,0,0,1,Hardware: Independent Flip,45540.6203,NA,16.97770000000000,17.20220000000000,1.25840000000000,4.22030000000000,4.3827,NA,45524.6627,17.2160,15.9576,1.2584,16.5524,3.6255,3.5485,0.0770,-1.2170,45524.6627,NA,NA
gamemd.exe,18720,0x43D4320,D3D9,0,0,1,Hardware: Independent Flip,45556.6455,NA,16.02520000000000,16.71730000000000,2.52260000000000,4.94290000000000,5.0748,NA,45541.8787,17.2894,14.7668,2.5226,15.6478,4.0619,3.9848,0.0771,0.4987,45541.8787,NA,NA
gamemd.exe,18720,0x43D4320,D3D9,0,0,1,Hardware: Independent Flip,45573.7392,NA,17.09370000000000,16.50100000000000,1.23000000000000,4.34870000000000,4.4821,NA,45559.1681,15.8011,14.5711,1.2300,15.2655,3.6543,3.5858,0.0685,0.7884,45559.1681,NA,NA
gamemd.exe,18720,0x43D4320,D3D9,0,0,1,Hardware: Independent Flip,45589.8284,NA,16.08920000000000,16.04780000000000,1.38680000000000,4.31550000000000,4.4407,NA,45574.9692,16.2460,14.8592,1.3868,15.5015,3.6732,3.6270,0.0462,-0.2467,45574.9692,22.2946,NA
gamemd.exe,18720,0x43D4320,D3D9,0,0,1,Hardware: Independent Flip,45606.5028,NA,16.67440000000000,16.32150000000000,0.79930000000000,3.97370000000000,4.0878,NA,45591.2152,16.0869,15.2876,0.7993,15.6488,3.6125,3.5663,0.0462,-0.0755,45591.2152,22.3551,NA
gamemd.exe,18720,0x43D4320,D3D9,0,0,1,Hardware: Independent Flip,45623.5068,NA,17.00400000000000,17.05480000000000,0.82300000000000,3.90940000000000,4.1386,NA,45607.3021,17.0277,16.2047,0.8230,16.5718,3.5423,3.4690,0.0733,-0.9679,45607.3021,23.7164,NA
gamemd.exe,18720,0x43D4320,D3D9,0,0,1,Hardware: Independent Flip,45639.8668,NA,16.36000000000000,16.42460000000000,0.79030000000000,4.03450000000000,4.2032,NA,45624.3298,16.3273,15.5370,0.7903,15.9182,3.6533,3.5701,0.0832,0.6031,45624.3298,24.1195,NA
gamemd.exe,18720,0x43D4320,D3D9,0,0,1,Hardware: Independent Flip,45657.0987,NA,17.23190000000000,18.14950000000000,2.19350000000000,4.92720000000000,5.1208,NA,45640.6571,18.6351,16.4416,2.1935,17.2395,4.1293,4.0445,0.0848,-1.8222,45640.6571,26.2793,NA
gamemd.exe,18720,0x43D4320,D3D9,0,0,1,Hardware: Independent Flip,45673.5113,NA,16.41260000000000,15.95510000000000,1.55320000000000,4.53540000000000,4.6633,NA,45659.2922,15.7723,14.2191,1.5532,15.1269,3.6276,3.5641,0.0635,2.6800,45659.2922,25.9751,NA
gamemd.exe,18720,0x43D4320,D3D9,0,0,1,Hardware: Independent Flip,45690.3137,NA,16.80240000000000,16.32200000000000,0.95500000000000,4.06380000000000,4.1829,NA,45675.0645,16.2042,15.2492,0.9550,15.6853,3.6277,3.5724,0.0553,-0.5497,45675.0645,26.5267,NA
gamemd.exe,18720,0x43D4320,D3D9,0,0,1,Hardware: Independent Flip,45706.8534,NA,16.53970000000000,16.48260000000000,0.97410000000000,4.01460000000000,4.1258,NA,45691.2687,16.5588,15.5847,0.9741,15.9638,3.6355,3.5699,0.0656,-0.2784,45691.2687,10.1599,NA
gamemd.exe,18720,0x43D4320,D3D9,0,0,1,Hardware: Independent Flip,45723.3196,NA,16.46620000000000,16.40200000000000,0.99330000000000,3.95150000000000,4.0616,NA,45707.8275,16.4854,15.4921,0.9933,15.9003,3.5433,3.4821,0.0612,0.1568,45707.8275,11.4002,NA
gamemd.exe,18720,0x43D4320,D3D9,0,0,1,Hardware: Independent Flip,45739.9041,NA,16.58450000000000,17.15110000000000,1.38440000000000,4.44990000000000,4.6282,NA,45724.3129,16.9756,15.5912,1.3844,16.2914,3.7497,3.6573,0.0924,-0.6657,45724.3129,12.5971,NA
gamemd.exe,18720,0x43D4320,D3D9,0,0,1,Hardware: Independent Flip,45756.9186,NA,17.01450000000000,17.11930000000000,2.06110000000000,4.62130000000000,4.7330,NA,45741.2885,17.6912,15.6301,2.0611,16.4766,3.7748,3.7133,0.0615,-0.1437,45741.2885,13.7410,NA
gamemd.exe,18720,0x43D4320,D3D9,0,0,1,Hardware: Independent Flip,45773.5212,NA,16.60260000000000,16.08910000000000,0.96240000000000,4.10810000000000,4.2195,NA,45758.9797,15.5039,14.5415,0.9624,14.9480,3.7016,3.6206,0.0810,1.6021,45758.9797,13.7939,NA
gamemd.exe,18720,0x43D4320,D3D9,0,0,1,Hardware: Independent Flip,45789.9821,NA,16.46090000000000,16.39950000000000,1.08650000000000,4.04470000000000,4.1581,NA,45774.4836,16.5850,15.4985,1.0865,15.9819,3.5613,3.5089,0.0524,-0.8956,45774.4836,22.1900,NA
gamemd.exe,18720,0x43D4320,D3D9,0,0,1,Hardware: Independent Flip,45806.7480,NA,16.76590000000000,16.61560000000000,0.82150000000000,3.87830000000000,4.0078,NA,45791.0686,16.5009,15.6794,0.8215,16.0607,3.4970,3.4506,0.0464,-0.0306,45791.0686,NA,NA
gamemd.exe,18720,0x43D4320,D3D9,0,0,1,Hardware: Independent Flip,45823.0425,NA,16.29450000000000,16.41300000000000,0.79490000000000,4.01310000000000,4.1263,NA,45807.5695,16.2679,15.4730,0.7949,15.8580,3.6281,3.5629,0.0652,0.0879,45807.5695,NA,NA
gamemd.exe,18720,0x43D4320,D3D9,0,0,1,Hardware: Independent Flip,45840.1855,NA,17.14300000000000,17.97080000000000,2.01880000000000,4.74640000000000,4.9541,NA,45823.8374,18.3669,16.3481,2.0188,17.1986,3.8959,3.8166,0.0793,-1.7029,45823.8374,NA,NA
gamemd.exe,18720,0x43D4320,D3D9,0,0,1,Hardware: Independent Flip,45856.9087,NA,16.72320000000000,16.63020000000000,1.75080000000000,4.69400000000000,4.8611,NA,45842.2043,16.4552,14.7044,1.7508,15.4127,3.9857,3.9385,0.0472,1.7367,45842.2043,NA,NA
gamemd.exe,18720,0x43D4320,D3D9,0,0,1,Hardware: Independent Flip,45873.3674,NA,16.45870000000000,16.06900000000000,0.83400000000000,4.23560000000000,4.4714,NA,45858.6595,15.5419,14.7079,0.8340,15.0652,3.8783,3.8313,0.0470,0.3862,45858.6595,NA,NA
gamemd.exe,18720,0x43D4320,D3D9,0,0,1,Hardware: Independent Flip,45890.6782,NA,17.31080000000000,17.16460000000000,0.89360000000000,4.11770000000000,4.3252,NA,45874.2014,17.3704,16.4768,0.8936,16.9657,3.6288,3.5835,0.0453,-1.6227,45874.2014,NA,NA
gamemd.exe,18720,0x43D4320,D3D9,0,0,1,Hardware: Independent Flip,45906.3969,NA,15.71870000000000,15.64410000000000,0.87370000000000,4.08140000000000,4.2506,NA,45891.5718,15.6988,14.8251,0.8737,15.2456,3.6609,3.5986,0.0623,1.7263,45891.5718,NA,NA
gamemd.exe,18720,0x43D4320,D3D9,0,0,1,Hardware: Independent Flip,45923.4271,NA,17.03020000000000,17.22690000000000,1.13130000000000,4.22700000000000,4.4473,NA,45907.2706,17.2878,16.1565,1.1313,16.7201,3.6634,3.5980,0.0654,-1.5281,45907.2706,19.9781,NA
gamemd.exe,18720,0x43D4320,D3D9,0,0,1,Hardware: Independent Flip,45940.5482,NA,17.12110000000000,19.29420000000000,2.16760000000000,5.14110000000000,6.6204,NA,45924.5584,18.1574,15.9898,2.1676,17.2898,3.8411,3.7375,0.1036,-2.0064,45924.5584,23.2588,NA
gamemd.exe,18720,0x43D4320,D3D9,0,0,1,Hardware: Independent Flip,45956.9042,NA,16.35600000000000,14.22230000000000,1.33160000000000,4.36250000000000,4.4867,NA,45942.7158,15.5200,14.1884,1.3316,14.9685,3.5824,3.5298,0.0526,3.9351,45942.7158,21.4017,NA
gamemd.exe,18720,0x43D4320,D3D9,0,0,1,Hardware: Independent Flip,45973.3267,NA,16.42250000000000,16.04870000000000,0.89240000000000,3.98980000000000,4.1129,NA,45958.2358,15.9833,15.0909,0.8924,15.5065,3.5742,3.5284,0.0458,-0.5287,45958.2358,21.4955,NA
gamemd.exe,18720,0x43D4320,D3D9,0,0,1,Hardware: Independent Flip,45990.2475,NA,16.92080000000000,16.86690000000000,0.78790000000000,3.92530000000000,4.0590,NA,45974.2191,16.8163,16.0284,0.7879,16.3868,3.5669,3.4940,0.0729,-0.8836,45974.2191,22.3304,NA
gamemd.exe,18720,0x43D4320,D3D9,0,0,1,Hardware: Independent Flip,46006.6456,NA,16.39810000000000,16.53320000000000,0.85650000000000,4.07050000000000,4.1941,NA,45991.0354,16.4667,15.6102,0.8565,16.0527,3.6280,3.5793,0.0487,0.2831,45991.0354,22.9128,NA
gamemd.exe,18720,0x43D4320,D3D9,0,0,1,Hardware: Independent Flip,46023.3702,NA,16.72460000000000,16.62020000000000,0.84590000000000,3.94620000000000,4.0897,NA,46007.5021,16.7140,15.8681,0.8459,16.2409,3.5734,3.5212,0.0522,-0.1535,46007.5021,23.5034,NA
gamemd.exe,18720,0x43D4320,D3D9,0,0,1,Hardware: Independent Flip,46040.2253,NA,16.85510000000000,17.20600000000000,1.12920000000000,4.27790000000000,4.4406,NA,46024.2161,17.1384,16.0092,1.1292,16.4560,3.8311,3.7169,0.1142,-0.4920,46024.2161,24.7430,NA
gamemd.exe,18720,0x43D4320,D3D9,0,0,1,Hardware: Independent Flip,46056.9298,NA,16.70450000000000,16.98710000000000,1.75830000000000,4.56010000000000,4.7232,NA,46041.3545,17.3336,15.5753,1.7583,16.3072,3.8282,3.7279,0.1003,0.1513,46041.3545,25.5816,NA
gamemd.exe,18720,0x43D4320,D3D9,0,0,1,Hardware: Independent Flip,46073.2519,NA,16.32210000000000,15.85160000000000,0.97800000000000,4.13720000000000,4.2527,NA,46058.6881,15.5418,14.5638,0.9780,14.9945,3.7065,3.6085,0.0980,1.4820,46058.6881,24.9930,NA
gamemd.exe,18720,0x43D4320,D3D9,0,0,1,Hardware: Independent Flip,46090.3584,NA,17.10650000000000,17.06970000000000,0.87880000000000,4.10290000000000,4.2159,NA,46074.2299,17.0073,16.1285,0.8788,16.5393,3.6921,3.6132,0.0789,-1.5279,46074.2299,10.2109,NA
gamemd.exe,18720,0x43D4320,D3D9,0,0,1,Hardware: Independent Flip,46106.4627,NA,16.10430000000000,16.25540000000000,1.12290000000000,4.21580000000000,4.3670,NA,46091.2372,16.3484,15.2255,1.1229,15.7712,3.6701,3.5741,0.0960,0.7519,46091.2372,10.8748,NA
gamemd.exe,18720,0x43D4320,D3D9,0,0,1,Hardware: Independent Flip,46123.1775,NA,16.71480000000000,16.71920000000000,1.16000000000000,4.23140000000000,4.3714,NA,46107.5856,16.7519,15.5919,1.1600,16.1103,3.7130,3.6426,0.0704,-0.3708,46107.5856,11.5563,NA
gamemd.exe,18720,0x43D4320,D3D9,0,0,1,Hardware: Independent Flip,46140.0455,NA,16.86800000000000,17.85760000000000,2.36120000000000,5.19440000000000,5.3610,NA,46124.3375,18.0692,15.7080,2.3612,16.8726,4.0298,3.9321,0.0977,-1.1057,46124.3375,13.4718,NA
gamemd.exe,18720,0x43D4320,D3D9,0,0,1,Hardware: Independent Flip,46156.7894,NA,16.74390000000000,16.42780000000000,2.20150000000000,4.84730000000000,5.0449,NA,46142.4067,16.5842,14.3827,2.2015,15.2268,4.0032,3.9157,0.0875,1.6414,46142.4067,13.8381,NA
gamemd.exe,18720,0x43D4320,D3D9,0,0,1,Hardware: Independent Flip,46173.5519,NA,16.76250000000000,18.87450000000000,1.18640000000000,5.86570000000000,7.1569,NA,46158.9909,15.7474,14.5610,1.1864,15.0618,5.3649,4.0682,1.2967,-2.2903,46158.9909,16.7963,NA
gamemd.exe,18720,0x43D4320,D3D9,0,0,1,Hardware: Independent Flip,46190.2036,NA,16.65170000000000,13.97360000000000,1.09020000000000,4.25030000000000,4.4788,NA,46174.7383,16.5555,15.4653,1.0902,15.9491,3.7665,3.6785,0.0880,1.7738,46174.7383,14.7705,NA
gamemd.exe,18720,0x43D4320,D3D9,0,0,1,Hardware: Independent Flip,46206.7228,NA,16.51920000000000,16.43910000000000,1.16480000000000,4.25820000000000,4.3987,NA,46191.2938,16.5938,15.4290,1.1648,15.9236,3.7636,3.6726,0.0910,0.1164,46191.2938,15.2110,23.2113
gamemd.exe,18720,0x43D4320,D3D9,0,0,1,Hardware: Independent Flip,46223.3269,NA,16.60410000000000,16.62630000000000,1.30100000000000,4.30620000000000,4.4209,NA,46207.8876,16.7403,15.4393,1.3010,16.2421,3.5034,3.4505,0.0529,-0.0325,46207.8876,NA,NA
gamemd.exe,18720,0x43D4320,D3D9,0,0,1,Hardware: Independent Flip,46240.5546,NA,17.22770000000000,17.38030000000000,1.53250000000000,4.35850000000000,4.5735,NA,46224.6279,17.4592,15.9267,1.5325,16.7370,3.5482,3.4809,0.0673,-0.6400,46224.6279,NA,NA
gamemd.exe,18720,0x43D4320,D3D9,0,0,1,Hardware: Independent Flip,46256.5641,NA,16.00950000000000,16.28700000000000,1.82640000000000,4.73980000000000,4.8510,NA,46242.0871,16.3034,14.4770,1.8264,15.3790,3.8378,3.6852,0.1526,1.1722,46242.0871,NA,NA
gamemd.exe,18720,0x43D4320,D3D9,0,0,1,Hardware: Independent Flip,46273.6099,NA,17.04580000000000,16.32540000000000,0.86130000000000,4.01600000000000,4.1306,NA,46258.3905,16.0807,15.2194,0.8613,15.6100,3.6254,3.5709,0.0545,-0.0220,46258.3905,NA,NA
gamemd.exe,18720,0x43D4320,D3D9,0,0,1,Hardware: Independent Flip,46290.3601,NA,16.75020000000000,16.71560000000000,0.78410000000000,3.96340000000000,4.0960,NA,46274.4712,16.6730,15.8889,0.7841,16.2473,3.6050,3.5382,0.0668,-0.6349,46274.4712,NA,NA
gamemd.exe,18720,0x43D4320,D3D9,0,0,1,Hardware: Independent Flip,46306.6207,NA,16.26060000000000,16.52850000000000,1.52270000000000,4.23450000000000,4.3639,NA,46291.1442,16.9992,15.4765,1.5227,16.0208,3.6902,3.6306,0.0596,0.1445,46291.1442,19.0876,19.0876
gamemd.exe,18720,0x43D4320,D3D9,0,0,1,Hardware: Independent Flip,46323.6511,NA,17.03040000000000,17.74390000000000,2.01610000000000,4.93750000000000,5.0774,NA,46308.1434,17.5238,15.5077,2.0161,16.7441,3.7011,3.6083,0.0928,-0.7447,46308.1434,NA,NA
gamemd.exe,18720,0x43D4320,D3D9,0,0,1,Hardware: Independent Flip,46340.5660,NA,16.91490000000000,18.41420000000000,1.45390000000000,5.12040000000000,6.5767,NA,46325.6672,16.3527,14.8988,1.4539,15.5633,4.4559,4.1285,0.3274,-0.8904,46325.6672,NA,NA
gamemd.exe,18720,0x43D4320,D3D9,0,0,1,Hardware: Independent Flip,46356.8494,NA,16.28340000000000,14.66590000000000,2.33710000000000,4.77080000000000,4.9592,NA,46342.0199,17.1666,14.8295,2.3371,15.5723,4.0280,3.9355,0.0925,1.6868,46342.0199,NA,NA
gamemd.exe,18720,0x43D4320,D3D9,0,0,1,Hardware: Independent Flip,46373.5905,NA,16.74110000000000,16.42780000000000,1.73780000000000,4.52320000000000,4.6459,NA,46359.1865,16.1418,14.4040,1.7378,15.1422,3.7850,3.7241,0.0609,0.7388,46359.1865,NA,NA
gamemd.exe,18720,0x43D4320,D3D9,0,0,1,Hardware: Independent Flip,46390.1138,NA,16.52330000000000,15.85150000000000,0.79600000000000,3.84470000000000,3.9741,NA,46375.3283,15.5815,14.7855,0.7960,15.1666,3.4636,3.3962,0.0674,0.2903,46375.3283,NA,NA
gamemd.exe,18720,0x43D4320,D3D9,0,0,1,Hardware: Independent Flip,46406.4398,NA,16.32600000000000,16.70750000000000,0.81260000000000,4.14370000000000,4.3556,NA,46390.9098,16.3426,15.5300,0.8126,15.9302,3.7435,3.6340,0.1095,-1.1260,46390.9098,NA,NA
gamemd.exe,18720,0x43D4320,D3D9,0,0,1,Hardware: Independent Flip,46423.9441,NA,17.50430000000000,18.05480000000000,1.97700000000000,4.79030000000000,4.9061,NA,46407.2524,18.6687,16.6917,1.9770,17.7194,3.7626,3.6823,0.0803,-1.7122,46407.2524,NA,NA
gamemd.exe,18720,0x43D4320,D3D9,0,0,1,Hardware: Independent Flip,46440.1426,NA,16.19850000000000,15.30270000000000,0.89350000000000,3.88160000000000,4.0103,NA,46425.9211,15.1150,14.2215,0.8935,14.6170,3.4861,3.4181,0.0680,3.3660,46425.9211,NA,NA
gamemd.exe,18720,0x43D4320,D3D9,0,0,1,Hardware: Independent Flip,46456.5261,NA,16.38350000000000,16.43360000000000,0.80380000000000,3.92830000000000,4.0604,NA,46441.0361,16.2938,15.4900,0.8038,15.8802,3.5381,3.4553,0.0828,-1.3186,46441.0361,NA,NA
gamemd.exe,18720,0x43D4320,D3D9,0,0,1,Hardware: Independent Flip,46473.0375,NA,16.51140000000000,16.53030000000000,0.83570000000000,3.95020000000000,4.0793,NA,46457.3299,16.5433,15.7076,0.8357,16.1121,3.5457,3.4700,0.0757,-0.2365,46457.3299,NA,NA
gamemd.exe,18720,0x43D4320,D3D9,0,0,1,Hardware: Independent Flip,46490.0209,NA,16.98340000000000,17.10630000000000,1.03020000000000,4.08860000000000,4.2022,NA,46473.8732,17.1779,16.1477,1.0302,16.7112,3.5251,3.4433,0.0818,-0.5630,46473.8732,NA,NA
gamemd.exe,18720,0x43D4320,D3D9,0,0,1,Hardware: Independent Flip,46507.4686,NA,17.44770000000000,17.69390000000000,1.21990000000000,4.30550000000000,4.4484,NA,46491.0511,17.6374,16.4175,1.2199,16.9915,3.7315,3.6283,0.1032,-0.5160,46491.0511,NA,NA
gamemd.exe,18720,0x43D4320,D3D9,0,0,1,Hardware: Independent Flip,46523.6744,NA,16.20580000000000,16.64840000000000,1.88640000000000,4.77440000000000,4.8910,NA,46508.6885,16.8723,14.9859,1.8864,15.8923,3.8680,3.8087,0.0593,0.9890,46508.6885,NA,NA
gamemd.exe,18720,0x43D4320,D3D9,0,0,1,Hardware: Independent Flip,46540.2487,NA,16.57430000000000,15.88100000000000,0.91550000000000,4.08320000000000,4.1977,NA,46525.5608,15.6034,14.6879,0.9155,15.0864,3.6847,3.6351,0.0496,0.9913,46525.5608,NA,NA
gamemd.exe,18720,0x43D4320,D3D9,0,0,1,Hardware: Independent Flip,46557.3266,NA,17.07790000000000,17.22430000000000,1.28870000000000,4.23140000000000,4.3441,NA,46541.1642,17.4511,16.1624,1.2887,16.8440,3.5498,3.4878,0.0620,-1.6209,46541.1642,NA,NA
gamemd.exe,18720,0x43D4320,D3D9,0,0,1,Hardware: Independent Flip,46573.7241,NA,16.39750000000000,16.16270000000000,0.87870000000000,3.99690000000000,4.1093,NA,46558.6153,15.9875,15.1088,0.8787,15.5319,3.5738,3.5308,0.0430,1.2884,46558.6153,NA,NA
gamemd.exe,18720,0x43D4320,D3D9,0,0,1,Hardware: Independent Flip,46589.8426,NA,16.11850000000000,16.07050000000000,0.83330000000000,3.94990000000000,4.0613,NA,46574.6028,16.0731,15.2398,0.8333,15.6528,3.5369,3.4786,0.0583,-0.0830,46574.6028,NA,NA
gamemd.exe,18720,0x43D4320,D3D9,0,0,1,Hardware: Independent Flip,46607.1856,NA,17.34300000000000,18.05560000000000,1.80650000000000,4.62100000000000,4.7739,NA,46590.6759,18.3162,16.5097,1.8065,17.2744,3.8563,3.7373,0.1190,-1.9825,46590.6759,NA,NA
gamemd.exe,18720,0x43D4320,D3D9,0,0,1,Hardware: Independent Flip,46623.9603,NA,16.77470000000000,16.35160000000000,1.29520000000000,4.24140000000000,4.3508,NA,46608.9921,16.2634,14.9682,1.2952,15.6346,3.5750,3.5124,0.0626,1.9646,46608.9921,NA,NA
gamemd.exe,18720,0x43D4320,D3D9,0,0,1,Hardware: Independent Flip,46640.0569,NA,16.09660000000000,16.11310000000000,0.78140000000000,4.21620000000000,4.3673,NA,46625.2555,15.5828,14.8014,0.7814,15.1514,3.8662,3.8295,0.0367,0.1503,46625.2555,NA,NA
gamemd.exe,18720,0x43D4320,D3D9,0,0,1,Hardware: Independent Flip,46656.5219,NA,16.46500000000000,16.08500000000000,0.83230000000000,3.85380000000000,3.9873,NA,46640.8383,16.5159,15.6836,0.8323,16.0785,3.4589,3.4076,0.0513,-0.5022,46640.8383,NA,NA
gamemd.exe,18720,0x43D4320,D3D9,0,0,1,Hardware: Independent Flip,46673.2858,NA,16.76390000000000,16.83260000000000,0.76800000000000,3.94290000000000,4.0560,NA,46657.3542,16.6996,15.9316,0.7680,16.2875,3.5870,3.5405,0.0465,-0.3167,46657.3542,NA,NA
gamemd.exe,18720,0x43D4320,D3D9,0,0,1,Hardware: Independent Flip,46690.2345,NA,16.94870000000000,17.23240000000000,1.14580000000000,4.21050000000000,4.3397,NA,46674.0538,17.3265,16.1807,1.1458,16.8125,3.5787,3.5150,0.0637,-0.5328,46674.0538,NA,NA
gamemd.exe,18720,0x43D4320,D3D9,0,0,1,Hardware: Independent Flip,46707.0851,NA,16.85060000000000,16.76420000000000,0.98690000000000,4.07440000000000,4.2533,NA,46691.3803,16.6917,15.7048,0.9869,16.2068,3.5724,3.5010,0.0714,0.5623,46691.3803,NA,NA
gamemd.exe,18720,0x43D4320,D3D9,0,0,1,Hardware: Independent Flip,46724.1087,NA,17.02360000000000,17.59440000000000,1.97990000000000,4.68450000000000,4.8241,NA,46708.0720,18.0166,16.0367,1.9799,16.8440,3.8772,3.7985,0.0787,-0.9027,46708.0720,NA,NA
gamemd.exe,18720,0x43D4320,D3D9,0,0,1,Hardware: Independent Flip,46740.4327,NA,16.32400000000000,15.60930000000000,0.84860000000000,3.99680000000000,4.1094,NA,46726.0886,15.1927,14.3441,0.8486,14.7218,3.6191,3.5714,0.0477,2.4073,46726.0886,NA,NA
gamemd.exe,18720,0x43D4320,D3D9,0,0,1,Hardware: Independent Flip,46756.8815,NA,16.44880000000000,16.31080000000000,0.77270000000000,3.83550000000000,3.9714,NA,46741.2813,16.3729,15.6002,0.7727,15.9764,3.4593,3.3927,0.0666,-1.1181,46741.2813,NA,NA
gamemd.exe,18720,0x43D4320,D3D9,0,0,1,Hardware: Independent Flip,46773.1826,NA,16.30110000000000,16.41010000000000,0.80730000000000,3.95000000000000,4.0804,NA,46757.6542,16.3357,15.5284,0.8073,15.8930,3.5854,3.5394,0.0460,-0.0372,46757.6542,NA,NA
gamemd.exe,18720,0x43D4320,D3D9,0,0,1,Hardware: Independent Flip,46789.9700,NA,16.78740000000000,17.02550000000000,1.14650000000000,4.17330000000000,4.3185,NA,46773.9899,17.1266,15.9801,1.1465,16.4920,3.6614,3.5974,0.0640,-0.6898,46773.9899,NA,NA
gamemd.exe,18720,0x43D4320,D3D9,0,0,1,Hardware: Independent Flip,46807.0135,NA,17.04350000000000,17.17200000000000,1.26680000000000,4.27460000000000,4.4470,NA,46791.1165,17.1638,15.8970,1.2668,16.4276,3.7440,3.6544,0.0896,-0.0454,46791.1165,NA,NA
gamemd.exe,18720,0x43D4320,D3D9,0,0,1,Hardware: Independent Flip,46823.5411,NA,16.52760000000000,16.62360000000000,1.62100000000000,4.41230000000000,4.5430,NA,46808.2803,16.8818,15.2608,1.6210,15.8723,3.8008,3.6895,0.1113,0.5402,46808.2803,NA,NA
gamemd.exe,18720,0x43D4320,D3D9,0,0,1,Hardware: Independent Flip,46840.2243,NA,16.68320000000000,16.15770000000000,0.82510000000000,3.88890000000000,4.0175,NA,46825.1621,15.8873,15.0622,0.8251,15.4408,3.5103,3.4355,0.0748,0.7241,46825.1621,NA,NA
gamemd.exe,18720,0x43D4320,D3D9,0,0,1,Hardware: Independent Flip,46856.4466,NA,16.22230000000000,16.32960000000000,0.84290000000000,4.00970000000000,4.1248,NA,46841.0494,16.2401,15.3972,0.8429,15.8039,3.6030,3.5144,0.0886,-0.4423,46841.0494,NA,NA
gamemd.exe,18720,0x43D4320,D3D9,0,0,1,Hardware: Independent Flip,46873.2977,NA,16.85110000000000,16.99370000000000,1.05820000000000,4.15220000000000,4.2674,NA,46857.2895,17.0664,16.0082,1.0582,16.5993,3.5611,3.4962,0.0649,-0.7536,46857.2895,NA,NA
gamemd.exe,18720,0x43D4320,D3D9,0,0,1,Hardware: Independent Flip,46890.0627,NA,16.76500000000000,16.75390000000000,1.01720000000000,4.09070000000000,4.2563,NA,46874.3559,16.7240,15.7068,1.0172,16.2240,3.5735,3.5186,0.0549,0.3125,46874.3559,NA,NA
gamemd.exe,18720,0x43D4320,D3D9,0,0,1,Hardware: Independent Flip,46907.5813,NA,17.51860000000000,19.44840000000000,1.87420000000000,4.79130000000000,6.1861,NA,46891.0799,18.3756,16.5014,1.8742,17.3163,3.9764,3.8776,0.0988,-2.7244,46891.0799,NA,NA
gamemd.exe,18720,0x43D4320,D3D9,0,0,1,Hardware: Independent Flip,46923.6721,NA,16.09080000000000,14.32690000000000,1.24040000000000,4.25790000000000,4.4222,NA,46909.4555,15.4570,14.2166,1.2404,14.8640,3.6105,3.5597,0.0508,4.0487,46909.4555,NA,NA
gamemd.exe,18720,0x43D4320,D3D9,0,0,1,Hardware: Independent Flip,46939.9005,NA,16.22840000000000,16.14980000000000,0.97760000000000,4.16530000000000,4.3436,NA,46924.9125,15.9656,14.9880,0.9776,15.4068,3.7465,3.6741,0.0724,-0.6928,46924.9125,NA,NA
gamemd.exe,18720,0x43D4320,D3D9,0,0,1,Hardware: Independent Flip,46956.6304,NA,16.72990000000000,16.73960000000000,1.05910000000000,4.18920000000000,4.3533,NA,46940.8781,16.8114,15.7523,1.0591,16.2514,3.6901,3.6214,0.0687,-0.7740,46940.8781,NA,NA
gamemd.exe,18720,0x43D4320,D3D9,0,0,1,Hardware: Independent Flip,46973.5068,NA,16.87640000000000,16.93130000000000,0.92520000000000,4.21770000000000,4.4082,NA,46957.6895,16.7425,15.8173,0.9252,16.2975,3.7375,3.6878,0.0497,-0.1199,46957.6895,NA,NA
gamemd.exe,18720,0x43D4320,D3D9,0,0,1,Hardware: Independent Flip,46990.1736,NA,16.66680000000000,16.57210000000000,1.08030000000000,4.12340000000000,4.3135,NA,46974.4320,16.8219,15.7416,1.0803,16.2236,3.6414,3.5569,0.0845,0.1704,46974.4320,NA,NA
gamemd.exe,18720,0x43D4320,D3D9,0,0,1,Hardware: Independent Flip,47007.2931,NA,17.11950000000000,19.22470000000000,1.91340000000000,4.94240000000000,6.4187,NA,46991.2539,17.9526,16.0392,1.9134,17.2721,3.7095,3.6490,0.0605,-2.4028,46991.2539,NA,NA
gamemd.exe,18720,0x43D4320,D3D9,0,0,1,Hardware: Independent Flip,47023.4885,NA,16.19540000000000,13.76940000000000,0.88020000000000,3.87680000000000,3.9927,NA,47009.2065,15.1622,14.2820,0.8802,14.6545,3.5043,3.4591,0.0452,4.1832,47009.2065,NA,NA
gamemd.exe,18720,0x43D4320,D3D9,0,0,1,Hardware: Independent Flip,47040.1180,NA,16.62950000000000,16.71360000000000,0.87820000000000,3.96240000000000,4.0768,NA,47024.3687,16.6275,15.7493,0.8782,16.1551,3.5566,3.5060,0.0506,-1.5514,47024.3687,NA,NA
gamemd.exe,18720,0x43D4320,D3D9,0,0,1,Hardware: Independent Flip,47056.6404,NA,16.52240000000000,16.46330000000000,0.82880000000000,3.90540000000000,4.0177,NA,47040.9962,16.4730,15.6442,0.8288,16.0476,3.5020,3.4509,0.0511,0.1642,47040.9962,NA,NA
gamemd.exe,18720,0x43D4320,D3D9,0,0,1,Hardware: Independent Flip,47073.7677,NA,17.12730000000000,17.15260000000000,0.80010000000000,3.93030000000000,4.0430,NA,47057.4692,17.0986,16.2985,0.8001,16.6569,3.5719,3.5119,0.0600,-0.6796,47057.4692,NA,NA
gamemd.exe,18720,0x43D4320,D3D9,0,0,1,Hardware: Independent Flip,47090.1176,NA,16.34990000000000,17.02160000000000,1.90090000000000,4.55350000000000,4.7147,NA,47074.5678,17.4507,15.5498,1.9009,16.3999,3.7034,3.6305,0.0729,0.0770,47074.5678,NA,NA
gamemd.exe,18720,0x43D4320,D3D9,0,0,1,Hardware: Independent Flip,47106.8728,NA,16.75520000000000,16.58580000000000,1.54890000000000,4.42730000000000,4.5453,NA,47092.0185,16.4032,14.8543,1.5489,15.5397,3.7419,3.6884,0.0535,0.8649,47092.0185,NA,NA
gamemd.exe,18720,0x43D4320,D3D9,0,0,1,Hardware: Independent Flip,47123.4072,NA,16.53440000000000,16.12750000000000,0.90960000000000,4.02450000000000,4.1384,NA,47108.4217,15.8951,14.9855,0.9096,15.4442,3.5658,3.5109,0.0549,0.2757,47108.4217,NA,NA
gamemd.exe,18720,0x43D4320,D3D9,0,0,1,Hardware: Independent Flip,47139.7972,NA,16.39000000000000,16.38000000000000,0.79430000000000,3.98730000000000,4.1284,NA,47124.3168,16.2747,15.4804,0.7943,15.8595,3.6082,3.5631,0.0451,-0.4849,47124.3168,NA,NA
gamemd.exe,18720,0x43D4320,D3D9,0,0,1,Hardware: Independent Flip,47156.4661,NA,16.66890000000000,16.63310000000000,0.85590000000000,3.98120000000000,4.0926,NA,47140.5915,16.7305,15.8746,0.8559,16.2935,3.5623,3.4982,0.0641,-0.3584,47140.5915,NA,NA
gamemd.exe,18720,0x43D4320,D3D9,0,0,1,Hardware: Independent Flip,47173.1196,NA,16.65350000000000,16.78030000000000,0.88590000000000,4.05550000000000,4.2194,NA,47157.3220,16.6835,15.7976,0.8859,16.1869,3.6662,3.5960,0.0702,-0.0498,47157.3220,NA,NA
gamemd.exe,18720,0x43D4320,D3D9,0,0,1,Hardware: Independent Flip,47190.3888,NA,17.26920000000000,17.77290000000000,1.71760000000000,4.56330000000000,4.7231,NA,47174.0055,18.1009,16.3833,1.7176,17.0519,3.8947,3.7919,0.1028,-1.0894,47174.0055,NA,NA
gamemd.exe,18720,0x43D4320,D3D9,0,0,1,Hardware: Independent Flip,47206.4493,NA,16.06050000000000,15.61390000000000,0.84500000000000,4.15280000000000,4.2765,NA,47192.1064,15.1879,14.3429,0.8450,14.7265,3.7692,3.6909,0.0783,2.4870,47192.1064,NA,NA
gamemd.exe,18720,0x43D4320,D3D9,0,0,1,Hardware: Independent Flip,47223.3631,NA,16.91380000000000,16.67770000000000,0.84620000000000,3.86870000000000,4.0404,NA,47207.2943,16.9150,16.0688,0.8462,16.4422,3.4953,3.4200,0.0753,-1.4898,47207.2943,NA,NA
gamemd.exe,18720,0x43D4320,D3D9,0,0,1,Hardware: Independent Flip,47240.2054,NA,16.84230000000000,16.94660000000000,0.80170000000000,4.02580000000000,4.1447,NA,47224.2093,16.7978,15.9961,0.8017,16.3694,3.6525,3.5731,0.0794,-0.0316,47224.2093,NA,NA
gamemd.exe,18720,0x43D4320,D3D9,0,0,1,Hardware: Independent Flip,47256.4468,NA,16.24140000000000,16.14290000000000,0.80770000000000,3.93050000000000,4.0462,NA,47241.0071,16.2474,15.4397,0.8077,15.8197,3.5505,3.4523,0.0982,0.6549,47241.0071,NA,NA
gamemd.exe,18720,0x43D4320,D3D9,0,0,1,Hardware: Independent Flip,47273.6209,NA,17.17410000000000,17.71650000000000,1.34420000000000,4.41700000000000,4.5886,NA,47257.2545,17.7106,16.3664,1.3442,17.0793,3.7041,3.6168,0.0873,-1.4691,47257.2545,NA,NA
gamemd.exe,18720,0x43D4320,D3D9,0,0,1,Hardware: Independent Flip,47290.3356,NA,16.71470000000000,16.33530000000000,1.21490000000000,4.09910000000000,4.2092,NA,47274.9651,16.5854,15.3705,1.2149,15.8916,3.5780,3.5088,0.0692,1.3753,47274.9651,NA,NA
gamemd.exe,18720,0x43D4320,D3D9,0,0,1,Hardware: Independent Flip,47306.7253,NA,16.38970000000000,16.53450000000000,1.12920000000000,4.24140000000000,4.3540,NA,47291.5505,16.3040,15.1748,1.1292,15.8044,3.6118,3.5378,0.0740,0.0509,47291.5505,NA,NA
gamemd.exe,18720,0x43D4320,D3D9,0,0,1,Hardware: Independent Flip,47323.5355,NA,16.81020000000000,16.60150000000000,0.96400000000000,4.02570000000000,4.1453,NA,47307.8545,16.6450,15.6810,0.9640,16.2049,3.5018,3.4588,0.0430,-0.2975,47307.8545,NA,NA
gamemd.exe,18720,0x43D4320,D3D9,0,0,1,Hardware: Independent Flip,47340.3004,NA,16.76490000000000,16.84680000000000,0.82800000000000,4.09450000000000,4.2272,NA,47324.4995,16.6289,15.8009,0.8280,16.2028,3.6926,3.6320,0.0606,-0.2018,47324.4995,NA,NA
gamemd.exe,18720,0x43D4320,D3D9,0,0,1,Hardware: Independent Flip,47356.4685,NA,16.16810000000000,16.14660000000000,1.00520000000000,4.06490000000000,4.2057,NA,47341.1284,16.3453,15.3401,1.0052,15.7956,3.6094,3.5658,0.0436,0.4823,47341.1284,NA,NA
gamemd.exe,18720,0x43D4320,D3D9,0,0,1,Hardware: Independent Flip,47373.8844,NA,17.41590000000000,18.12470000000000,1.98280000000000,4.79330000000000,4.9145,NA,47357.4737,18.3935,16.4107,1.9828,17.3389,3.8651,3.8045,0.0606,-1.7794,47357.4737,NA,NA
gamemd.exe,18720,0x43D4320,D3D9,0,0,1,Hardware: Independent Flip,47389.7667,NA,15.88230000000000,15.03960000000000,0.86920000000000,3.95970000000000,4.0718,NA,47375.8672,14.7687,13.8995,0.8692,14.3179,3.5413,3.4892,0.0521,3.3539,47375.8672,NA,NA
gamemd.exe,18720,0x43D4320,D3D9,0,0,1,Hardware: Independent Flip,47406.5697,NA,16.80300000000000,17.03720000000000,1.01310000000000,4.16300000000000,4.3060,NA,47390.6359,16.9469,15.9338,1.0131,16.5273,3.5695,3.5304,0.0391,-2.2685,47390.6359,NA,NA
gamemd.exe,18720,0x43D4320,D3D9,0,0,1,Hardware: Independent Flip,47423.2629,NA,16.69320000000000,16.34090000000000,0.77930000000000,3.83420000000000,3.9537,NA,47407.5828,16.4594,15.6801,0.7793,16.0538,3.4605,3.3958,0.0647,0.6060,47407.5828,NA,NA
gamemd.exe,18720,0x43D4320,D3D9,0,0,1,Hardware: Independent Flip,47439.9985,NA,16.73560000000000,16.87860000000000,0.80410000000000,3.98160000000000,4.0967,NA,47424.0422,16.7604,15.9563,0.8041,16.3256,3.6123,3.5663,0.0460,-0.4192,47424.0422,NA,NA
gamemd.exe,18720,0x43D4320,D3D9,0,0,1,Hardware: Independent Flip,47456.6586,NA,16.66010000000000,16.67890000000000,0.91480000000000,4.00810000000000,4.1155,NA,47440.8026,16.7708,15.8560,0.9148,16.2477,3.6164,3.5601,0.0563,0.0815,47440.8026,NA,NA
gamemd.exe,18720,0x43D4320,D3D9,0,0,1,Hardware: Independent Flip,47473.8228,NA,17.16420000000000,17.40970000000000,1.32270000000000,4.22940000000000,4.3610,NA,47457.5734,17.5721,16.2494,1.3227,16.8588,3.6200,3.5488,0.0712,-0.6389,47457.5734,NA,NA
gamemd.exe,18720,0x43D4320,D3D9,0,0,1,Hardware: Independent Flip,47490.3457,NA,16.52290000000000,16.71550000000000,1.66320000000000,4.41920000000000,4.5536,NA,47475.1455,16.8634,15.2002,1.6632,15.8577,3.7617,3.7044,0.0573,0.8566,47475.1455,NA,NA
gamemd.exe,18720,0x43D4320,D3D9,0,0,1,Hardware: Independent Flip,47506.8684,NA,16.52270000000000,16.14490000000000,0.98440000000000,4.06660000000000,4.1758,NA,47492.0089,15.8439,14.8595,0.9844,15.3365,3.5896,3.5452,0.0444,0.7185,47492.0089,NA,NA
gamemd.exe,18720,0x43D4320,D3D9,0,0,1,Hardware: Independent Flip,47523.4099,NA,16.54150000000000,16.41830000000000,0.84710000000000,3.94020000000000,4.0526,NA,47507.8528,16.4042,15.5571,0.8471,15.9522,3.5451,3.4920,0.0531,-0.5744,47507.8528,NA,NA
gamemd.exe,18720,0x43D4320,D3D9,0,0,1,Hardware: Independent Flip,47540.1380,NA,16.72810000000000,16.94840000000000,0.83390000000000,4.15660000000000,4.2729,NA,47524.2570,16.7149,15.8810,0.8339,16.2932,3.7444,3.6901,0.0543,-0.5442,47524.2570,NA,NA
gamemd.exe,18720,0x43D4320,D3D9,0,0,1,Hardware: Independent Flip,47556.7926,NA,16.65460000000000,16.38360000000000,0.78270000000000,3.86680000000000,4.0019,NA,47540.9719,16.6034,15.8207,0.7827,16.1855,3.5020,3.4558,0.0462,0.3313,47540.9719,NA,NA
gamemd.exe,18720,0x43D4320,D3D9,0,0,1,Hardware: Independent Flip,47573.4736,NA,16.68100000000000,17.70890000000000,2.28630000000000,4.80110000000000,5.0298,NA,47557.5753,18.1846,15.8983,2.2863,16.7308,3.9686,3.8870,0.0816,-1.1055,47557.5753,NA,NA
gamemd.exe,18720,0x43D4320,D3D9,0,0,1,Hardware: Independent Flip,47589.9908,NA,16.51720000000000,16.21870000000000,1.75590000000000,4.53160000000000,4.7313,NA,47575.7599,15.9868,14.2309,1.7559,14.9732,3.7893,3.6897,0.0996,1.9659,47575.7599,NA,NA
gamemd.exe,18720,0x43D4320,D3D9,0,0,1,Hardware: Independent Flip,47607.2595,NA,17.26870000000000,16.72600000000000,0.86720000000000,4.06580000000000,4.1886,NA,47591.7467,16.3800,15.5128,0.8672,15.9090,3.6696,3.6241,0.0455,-0.7392,47591.7467,NA,NA
gamemd.exe,18720,0x43D4320,D3D9,0,0,1,Hardware: Independent Flip,47623.0956,NA,15.83610000000000,15.88640000000000,0.78960000000000,4.03090000000000,4.2389,NA,47608.1267,15.7585,14.9689,0.7896,15.3663,3.6335,3.5786,0.0549,0.4936,47608.1267,NA,NA
gamemd.exe,18720,0x43D4320,D3D9,0,0,1,Hardware: Independent Flip,47640.0878,NA,16.99220000000000,16.77990000000000,0.87580000000000,3.87030000000000,4.0266,NA,47623.8852,17.0784,16.2026,0.8758,16.5564,3.5165,3.4362,0.0803,-1.0214,47623.8852,24.1895,NA
gamemd.exe,18720,0x43D4320,D3D9,0,0,1,Hardware: Independent Flip,47656.8453,NA,16.75750000000000,17.10670000000000,1.03140000000000,4.23800000000000,4.3758,NA,47640.9636,16.9131,15.8817,1.0314,16.3383,3.7814,3.6898,0.0916,-0.0283,47640.9636,25.1996,NA
gamemd.exe,18720,0x43D4320,D3D9,0,0,1,Hardware: Independent Flip,47673.8258,NA,16.98050000000000,19.11480000000000,2.34670000000000,5.03940000000000,6.5101,NA,47657.8767,18.2958,15.9491,2.3467,16.8575,4.1310,4.0365,0.0945,-2.2017,47657.8767,12.4024,NA
gamemd.exe,18720,0x43D4320,D3D9,0,0,1,Hardware: Independent Flip,47690.3101,NA,16.48430000000000,14.12330000000000,1.08220000000000,4.01650000000000,4.1491,NA,47676.1725,15.2198,14.1376,1.0822,14.6076,3.5465,3.4377,0.1088,4.1725,47676.1725,NA,NA
gamemd.exe,18720,0x43D4320,D3D9,0,0,1,Hardware: Independent Flip,47706.7267,NA,16.41660000000000,16.46440000000000,1.01630000000000,4.08390000000000,4.1969,NA,47691.3923,16.3507,15.3344,1.0163,15.8244,3.5939,3.5182,0.0757,-1.2446,47691.3923,26.9790,NA
gamemd.exe,18720,0x43D4320,D3D9,0,0,1,Hardware: Independent Flip,47723.1486,NA,16.42190000000000,16.51310000000000,1.20850000000000,4.16710000000000,4.2881,NA,47707.7430,16.6141,15.4056,1.2085,15.9384,3.6343,3.5687,0.0656,-0.1624,47707.7430,11.4907,NA
gamemd.exe,18720,0x43D4320,D3D9,0,0,1,Hardware: Independent Flip,47739.9837,NA,16.83510000000000,16.90670000000000,1.19240000000000,4.22060000000000,4.3597,NA,47724.3571,16.8190,15.6266,1.1924,16.2823,3.5649,3.4878,0.0771,-0.2926,47724.3571,12.3982,NA
gamemd.exe,18720,0x43D4320,D3D9,0,0,1,Hardware: Independent Flip,47757.0196,NA,17.03590000000000,16.97480000000000,1.25720000000000,4.15580000000000,4.2986,NA,47741.1761,17.1007,15.8435,1.2572,16.3900,3.6093,3.5289,0.0804,-0.1558,47741.1761,13.3949,NA
gamemd.exe,18720,0x43D4320,D3D9,0,0,1,Hardware: Independent Flip,47773.6057,NA,16.58610000000000,17.22920000000000,1.91560000000000,4.82880000000000,4.9417,NA,47758.2768,17.2445,15.3289,1.9156,16.4928,3.6649,3.6135,0.0514,-0.1285,47758.2768,14.6258,NA
gamemd.exe,18720,0x43D4320,D3D9,0,0,1,Hardware: Independent Flip,47790.0512,NA,16.44550000000000,15.48590000000000,0.81770000000000,3.85670000000000,3.9821,NA,47775.5213,15.3476,14.5299,0.8177,14.8920,3.4946,3.4463,0.0483,1.7586,47775.5213,NA,NA
gamemd.exe,18720,0x43D4320,D3D9,0,0,1,Hardware: Independent Flip,47806.9485,NA,16.89730000000000,17.06050000000000,0.92110000000000,4.03280000000000,4.1453,NA,47790.8689,17.0007,16.0796,0.9211,16.4519,3.6605,3.5977,0.0628,-1.7129,47790.8689,NA,NA
gamemd.exe,18720,0x43D4320,D3D9,0,0,1,Hardware: Independent Flip,47823.0999,NA,16.15140000000000,16.35290000000000,1.25680000000000,4.23290000000000,4.3468,NA,47807.8696,16.4871,15.2303,1.2568,15.9630,3.5002,3.4586,0.0416,0.6478,47807.8696,NA,NA
gamemd.exe,18720,0x43D4320,D3D9,0,0,1,Hardware: Independent Flip,47840.3054,NA,17.20550000000000,16.99740000000000,0.85700000000000,3.96390000000000,4.1387,NA,47824.3567,16.8057,15.9487,0.8570,16.3482,3.5644,3.4988,0.0656,-0.5103,47824.3567,NA,NA
gamemd.exe,18720,0x43D4320,D3D9,0,0,1,Hardware: Independent Flip,47856.6964,NA,16.39100000000000,16.54250000000000,0.83300000000000,4.13480000000000,4.2902,NA,47841.1624,16.3670,15.5340,0.8330,15.9406,3.7282,3.6804,0.0478,0.2632,47841.1624,NA,NA
gamemd.exe,18720,0x43D4320,D3D9,0,0,1,Hardware: Independent Flip,47873.5502,NA,16.85380000000000,17.52440000000000,2.37230000000000,4.83810000000000,4.9608,NA,47857.5294,18.3931,16.0208,2.3723,16.9078,3.9511,3.8764,0.0747,-1.1574,47857.5294,18.6119,NA
gamemd.exe,18720,0x43D4320,D3D9,0,0,1,Hardware: Independent Flip,47890.3361,NA,16.78590000000000,16.48890000000000,1.99960000000000,4.51910000000000,4.6638,NA,47875.9225,16.4132,14.4136,1.9996,15.2409,3.6918,3.6326,0.0592,1.9042,47875.9225,19.0841,NA
gamemd.exe,18720,0x43D4320,D3D9,0,0,1,Hardware: Independent Flip,47907.2592,NA,16.92310000000000,16.51870000000000,1.11010000000000,4.14930000000000,4.2594,NA,47892.3357,16.0336,14.9235,1.1101,15.4661,3.6067,3.5533,0.0534,-0.1055,47892.3357,19.6095,NA
gamemd.exe,18720,0x43D4320,D3D9,0,0,1,Hardware: Independent Flip,47923.7926,NA,16.53340000000000,16.60280000000000,1.30250000000000,4.21800000000000,4.3288,NA,47908.3693,16.7258,15.4233,1.3025,16.0801,3.5612,3.5088,0.0524,-0.5692,47908.3693,20.2226,NA
gamemd.exe,18720,0x43D4320,D3D9,0,0,1,Hardware: Independent Flip,47940.2540,NA,16.46140000000000,16.38790000000000,1.14650000000000,4.11550000000000,4.2553,NA,47925.0951,16.3054,15.1589,1.1465,15.6772,3.5972,3.5211,0.0761,0.3379,47925.0951,NA,NA
gamemd.exe,18720,0x43D4320,D3D9,0,0,1,Hardware: Independent Flip,47956.7285,NA,16.47450000000000,16.96860000000000,1.68480000000000,4.63970000000000,4.7494,NA,47941.4005,17.0128,15.3280,1.6848,16.2293,3.7384,3.6866,0.0518,-0.6632,47941.4005,21.5701,21.5701
gamemd.exe,18720,0x43D4320,D3D9,0,0,1,Hardware: Independent Flip,47973.1358,NA,16.40730000000000,15.69490000000000,0.84480000000000,3.91850000000000,4.0370,NA,47958.4133,15.5673,14.7225,0.8448,15.0993,3.5417,3.4919,0.0498,1.3179,47958.4133,NA,NA
gamemd.exe,18720,0x43D4320,D3D9,0,0,1,Hardware: Independent Flip,47989.8540,NA,16.71820000000000,16.80870000000000,0.80880000000000,4.01040000000000,4.1275,NA,47973.9806,16.6822,15.8734,0.8088,16.2721,3.6117,3.5502,0.0615,-1.2414,47973.9806,NA,NA
gamemd.exe,18720,0x43D4320,D3D9,0,0,1,Hardware: Independent Flip,48006.6821,NA,16.82810000000000,16.80080000000000,0.78430000000000,3.96600000000000,4.1002,NA,47990.6628,16.8036,16.0193,0.7843,16.3923,3.5930,3.5407,0.0523,-0.1186,47990.6628,NA,NA
gamemd.exe,18720,0x43D4320,D3D9,0,0,1,Hardware: Independent Flip,48023.3023,NA,16.62020000000000,16.62870000000000,0.79460000000000,3.96710000000000,4.1087,NA,48007.4664,16.6305,15.8359,0.7946,16.2208,3.5822,3.4997,0.0825,0.1749,48007.4664,NA,NA
gamemd.exe,18720,0x43D4320,D3D9,0,0,1,Hardware: Independent Flip,48040.4560,NA,17.15370000000000,17.65110000000000,1.31000000000000,4.40520000000000,4.6061,NA,48024.0969,17.6691,16.3591,1.3100,16.9042,3.8601,3.7640,0.0961,-1.0206,48024.0969,25.1417,25.1417
gamemd.exe,18720,0x43D4320,D3D9,0,0,1,Hardware: Independent Flip,48057.0017,NA,16.54570000000000,18.55960000000000,1.43540000000000,5.56460000000000,6.6200,NA,48041.7660,16.6711,15.2357,1.4354,15.8905,4.9098,4.2419,0.6679,-0.8905,48041.7660,27.4419,NA
gamemd.exe,18720,0x43D4320,D3D9,0,0,1,Hardware: Independent Flip,48073.9454,NA,16.94370000000000,17.33470000000000,1.78990000000000,5.66400000000000,7.0110,NA,48058.4371,17.2982,15.5083,1.7899,16.3236,4.8487,4.1684,0.6803,-0.6636,48058.4371,28.9737,NA
gamemd.exe,18720,0x43D4320,D3D9,0,0,1,Hardware: Independent Flip,48090.8608,NA,16.91540000000000,16.65910000000000,1.85960000000000,5.60790000000000,6.7547,NA,48075.7353,16.9851,15.1255,1.8596,15.8517,4.8817,4.2199,0.6618,0.6391,48075.7353,21.6943,NA
gamemd.exe,18720,0x43D4320,D3D9,0,0,1,Hardware: Independent Flip,48106.7605,NA,15.89970000000000,14.07450000000000,1.88840000000000,4.78340000000000,4.9295,NA,48092.7204,15.9285,14.0401,1.8884,14.7701,4.0534,3.9686,0.0848,2.9106,48092.7204,27.7480,NA
gamemd.exe,18720,0x43D4320,D3D9,0,0,1,Hardware: Independent Flip,48124.1057,NA,17.34520000000000,17.24250000000000,1.70220000000000,4.64450000000000,4.8268,NA,48108.6489,17.1590,15.4568,1.7022,16.5103,3.5910,3.4947,0.0963,-1.3140,48108.6489,13.0056,NA
gamemd.exe,18720,0x43D4320,D3D9,0,0,1,Hardware: Independent Flip,48140.8635,NA,16.75780000000000,17.99910000000000,1.60430000000000,4.76970000000000,6.0681,NA,48125.8079,16.6599,15.0556,1.6043,15.9590,3.8663,3.7849,0.0814,-0.8401,48125.8079,15.0109,NA
gamemd.exe,18720,0x43D4320,D3D9,0,0,1,Hardware: Independent Flip,48156.8275,NA,15.96400000000000,14.83310000000000,2.10280000000000,4.78130000000000,4.9372,NA,48142.4678,16.4625,14.3597,2.1028,15.2224,3.9186,3.8055,0.1131,1.8268,48142.4678,13.8268,NA
gamemd.exe,18720,0x43D4320,D3D9,0,0,1,Hardware: Independent Flip,48173.5358,NA,16.70830000000000,16.79250000000000,1.86380000000000,4.91030000000000,5.0214,NA,48158.9303,16.4693,14.6055,1.8638,15.8318,3.6840,3.6406,0.0434,-0.3300,48158.9303,NA,NA
gamemd.exe,18720,0x43D4320,D3D9,0,0,1,Hardware: Independent Flip,48189.9506,NA,16.41480000000000,15.46640000000000,0.88690000000000,3.95910000000000,4.0730,NA,48175.3996,15.4379,14.5510,0.8869,14.9342,3.5759,3.5309,0.0450,1.0029,48175.3996,NA,NA
gamemd.exe,18720,0x43D4320,D3D9,0,0,1,Hardware: Independent Flip,48206.8241,NA,16.87350000000000,16.98680000000000,1.11530000000000,4.05740000000000,4.1863,NA,48190.8375,17.1019,15.9866,1.1153,16.4703,3.5737,3.5057,0.0680,-1.5489,48190.8375,NA,NA
gamemd.exe,18720,0x43D4320,D3D9,0,0,1,Hardware: Independent Flip,48223.6551,NA,16.83100000000000,16.80850000000000,1.13760000000000,4.01580000000000,4.1638,NA,48207.9394,16.8533,15.7157,1.1376,16.2285,3.5030,3.4422,0.0608,0.2934,48207.9394,NA,NA
gamemd.exe,18720,0x43D4320,D3D9,0,0,1,Hardware: Independent Flip,48240.3551,NA,16.70000000000000,17.00390000000000,1.21380000000000,4.31950000000000,4.4677,NA,48224.7927,16.7762,15.5624,1.2138,16.1394,3.7425,3.6971,0.0454,-0.1506,48224.7927,8.7274,24.8801
gamemd.exe,18720,0x43D4320,D3D9,0,0,1,Hardware: Independent Flip,48257.2461,NA,16.89100000000000,18.79650000000000,1.78210000000000,4.87910000000000,6.3732,NA,48241.5689,17.4593,15.6772,1.7821,16.7527,3.8036,3.7088,0.0948,-2.0203,48241.5689,19.7117,NA
gamemd.exe,18720,0x43D4320,D3D9,0,0,1,Hardware: Independent Flip,48273.7610,NA,16.51490000000000,15.31770000000000,2.55700000000000,4.95270000000000,5.1760,NA,48259.0282,17.2898,14.7328,2.5570,15.6457,4.0398,3.9488,0.0910,2.1416,48259.0282,18.9851,NA
gamemd.exe,18720,0x43D4320,D3D9,0,0,1,Hardware: Independent Flip,48290.5853,NA,16.82430000000000,18.00440000000000,2.27350000000000,4.93470000000000,6.3561,NA,48276.3180,16.5408,14.2673,2.2735,15.1966,4.0054,3.9304,0.0750,-0.7146,48276.3180,20.9383,NA
gamemd.exe,18720,0x43D4320,D3D9,0,0,1,Hardware: Independent Flip,48307.3002,NA,16.71490000000000,15.02470000000000,1.95930000000000,4.52800000000000,4.6659,NA,48292.8588,16.4007,14.4414,1.9593,15.1853,3.7841,3.7106,0.0735,1.5161,48292.8588,19.9948,NA
gamemd.exe,18720,0x43D4320,D3D9,0,0,1,Hardware: Independent Flip,48323.5605,NA,16.26030000000000,16.28510000000000,1.78590000000000,4.56620000000000,4.6907,NA,48309.2595,16.0869,14.3010,1.7859,15.0739,3.7933,3.7177,0.0756,0.1156,48309.2595,20.3087,NA
gamemd.exe,18720,0x43D4320,D3D9,0,0,1,Hardware: Independent Flip,48340.3246,NA,16.76410000000000,16.42980000000000,0.87150000000000,4.15870000000000,4.3564,NA,48325.3464,15.8497,14.9782,0.8715,15.3748,3.7621,3.6978,0.0643,-0.3429,48325.3464,20.6992,NA
gamemd.exe,18720,0x43D4320,D3D9,0,0,1,Hardware: Independent Flip,48356.8769,NA,16.55230000000000,17.33560000000000,1.45430000000000,4.92040000000000,5.1397,NA,48341.1961,17.1351,15.6808,1.4543,16.2249,4.3763,3.9642,0.4121,-1.4859,48341.1961,22.0966,NA
gamemd.exe,18720,0x43D4320,D3D9,0,0,1,Hardware: Independent Flip,48373.8106,NA,16.93370000000000,16.53410000000000,2.04810000000000,4.62550000000000,4.7401,NA,48358.3312,17.5275,15.4794,2.0481,16.3559,3.7490,3.6826,0.0664,0.6010,48358.3312,22.4967,NA
gamemd.exe,18720,0x43D4320,D3D9,0,0,1,Hardware: Independent Flip,48390.5601,NA,16.74950000000000,16.13940000000000,0.82180000000000,4.00740000000000,4.1300,NA,48375.8587,15.5232,14.7014,0.8218,15.0943,3.6145,3.5574,0.0571,1.3881,48375.8587,22.7795,NA
gamemd.exe,18720,0x43D4320,D3D9,0,0,1,Hardware: Independent Flip,48406.8299,NA,16.26980000000000,16.50240000000000,1.15470000000000,4.15740000000000,4.3626,NA,48391.3819,16.6027,15.4480,1.1547,15.9664,3.6390,3.5609,0.0781,-0.9792,48391.3819,23.2612,NA
gamemd.exe,18720,0x43D4320,D3D9,0,0,1,Hardware: Independent Flip,48423.6995,NA,16.86960000000000,17.13490000000000,1.42850000000000,4.50860000000000,4.6279,NA,48407.9846,17.1434,15.7149,1.4285,16.4760,3.7475,3.6229,0.1246,-0.5322,48407.9846,16.4222,24.4062
gamemd.exe,18720,0x43D4320,D3D9,0,0,1,Hardware: Independent Flip,48440.1741,NA,16.47460000000000,16.06920000000000,0.88080000000000,4.07850000000000,4.2225,NA,48425.1280,15.9269,15.0461,0.8808,15.4246,3.7000,3.6453,0.0547,1.0742,48425.1280,NA,NA
gamemd.exe,18720,0x43D4320,D3D9,0,0,1,Hardware: Independent Flip,48456.9116,NA,16.73750000000000,16.84100000000000,1.19190000000000,4.17420000000000,4.3260,NA,48441.0549,17.0486,15.8567,1.1919,16.3036,3.7273,3.6277,0.0996,-0.9141,48441.0549,NA,NA
gamemd.exe,18720,0x43D4320,D3D9,0,0,1,Hardware: Independent Flip,48473.8287,NA,16.91710000000000,17.65200000000000,1.96790000000000,4.90810000000000,5.0609,NA,48458.1035,17.6931,15.7252,1.9679,16.9155,3.7178,3.6470,0.0708,-0.6034,48458.1035,NA,NA
gamemd.exe,18720,0x43D4320,D3D9,0,0,1,Hardware: Independent Flip,48490.3516,NA,16.52290000000000,15.58320000000000,0.99040000000000,4.00670000000000,4.1212,NA,48475.7966,15.5454,14.5550,0.9904,14.9554,3.6063,3.5176,0.0887,2.1099,48475.7966,10.1527,NA
gamemd.exe,18720,0x43D4320,D3D9,0,0,1,Hardware: Independent Flip,48506.9078,NA,16.55620000000000,16.81180000000000,1.27080000000000,4.26160000000000,4.3768,NA,48491.3420,16.8366,15.5658,1.2708,16.1863,3.6411,3.5833,0.0578,-1.2664,48491.3420,11.3519,NA
gamemd.exe,18720,0x43D4320,D3D9,0,0,1,Hardware: Independent Flip,48523.4876,NA,16.57980000000000,16.27240000000000,1.16060000000000,3.95560000000000,4.0694,NA,48508.1786,16.4696,15.3090,1.1606,15.7026,3.5620,3.4995,0.0625,0.5642,48508.1786,11.6349,NA
gamemd.exe,18720,0x43D4320,D3D9,0,0,1,Hardware: Independent Flip,48539.7277,NA,16.24010000000000,16.33660000000000,1.10260000000000,4.04170000000000,4.1659,NA,48524.6482,16.1821,15.0795,1.1026,15.5588,3.5624,3.5064,0.0560,0.1330,48524.6482,11.9514,NA
gamemd.exe,18720,0x43D4320,D3D9,0,0,1,Hardware: Independent Flip,48557.3430,NA,17.61530000000000,19.66620000000000,1.98010000000000,4.82180000000000,6.2168,NA,48540.8303,18.4928,16.5127,1.9801,17.6487,3.6858,3.6025,0.0833,-3.4841,48540.8303,15.6081,NA
gamemd.exe,18720,0x43D4320,D3D9,0,0,1,Hardware: Independent Flip,48573.7272,NA,16.38420000000000,16.65750000000000,1.93140000000000,5.10000000000000,6.4901,NA,48559.3231,16.3355,14.4041,1.9314,15.1791,4.3250,4.2337,0.0913,1.8353,48559.3231,8.2552,NA
gamemd.exe,18720,0x43D4320,D3D9,0,0,1,Hardware: Independent Flip,48590.0043,NA,16.27710000000000,14.05030000000000,1.11860000000000,4.12790000000000,4.2633,NA,48575.6586,15.4643,14.3457,1.1186,14.9036,3.5700,3.5218,0.0482,2.2852,48575.6586,14.3527,NA
gamemd.exe,18720,0x43D4320,D3D9,0,0,1,Hardware: Independent Flip,48606.6546,NA,16.65030000000000,16.51740000000000,0.89180000000000,4.02000000000000,4.1304,NA,48591.1229,16.4235,15.5317,0.8918,15.9784,3.5733,3.5367,0.0366,-1.0531,48591.1229,14.8748,NA
gamemd.exe,18720,0x43D4320,D3D9,0,0,1,Hardware: Independent Flip,48623.1973,NA,16.54270000000000,16.36780000000000,0.97900000000000,3.84290000000000,3.9555,NA,48607.5464,16.6299,15.6509,0.9790,15.9926,3.5012,3.4407,0.0605,0.0557,48607.5464,15.1789,NA
gamemd.exe,18720,0x43D4320,D3D9,0,0,1,Hardware: Independent Flip,48640.1323,NA,16.93500000000000,17.04570000000000,0.76180000000000,3.90510000000000,4.0662,NA,48624.1763,16.7178,15.9560,0.7618,16.2945,3.5666,3.5210,0.0456,-0.4158,48624.1763,8.2804,NA
gamemd.exe,18720,0x43D4320,D3D9,0,0,1,Hardware: Independent Flip,48656.7281,NA,16.59580000000000,16.94950000000000,1.29450000000000,4.22410000000000,4.4199,NA,48640.8941,17.1285,15.8340,1.2945,16.4456,3.6125,3.5359,0.0766,-0.2317,48640.8941,9.1981,NA
gamemd.exe,18720,0x43D4320,D3D9,0,0,1,Hardware: Independent Flip,48673.4732,NA,16.74510000000000,17.24910000000000,2.22240000000000,4.79450000000000,4.9239,NA,48658.0226,17.6730,15.4506,2.2224,16.3607,3.8844,3.8173,0.0671,-0.1206,48658.0226,18.4802,NA
gamemd.exe,18720,0x43D4320,D3D9,0,0,1,Hardware: Independent Flip,48689.9727,NA,16.49950000000000,16.18930000000000,1.37970000000000,4.50590000000000,4.6137,NA,48675.6956,15.6568,14.2771,1.3797,15.0114,3.7716,3.7055,0.0661,1.4837,48675.6956,18.6916,NA
gamemd.exe,18720,0x43D4320,D3D9,0,0,1,Hardware: Independent Flip,48707.0489,NA,17.07620000000000,16.58880000000000,0.89970000000000,4.01580000000000,4.1263,NA,48691.3524,16.5962,15.6965,0.8997,16.1016,3.6107,3.5460,0.0647,-0.9320,48691.3524,19.2487,NA
gamemd.exe,18720,0x43D4320,D3D9,0,0,1,Hardware: Independent Flip,48723.4926,NA,16.44370000000000,16.29870000000000,0.88890000000000,3.86690000000000,3.9813,NA,48707.9486,16.4329,15.5440,0.8889,15.9239,3.4870,3.4230,0.0640,0.2975,48707.9486,19.5826,NA
gamemd.exe,18720,0x43D4320,D3D9,0,0,1,Hardware: Independent Flip,48740.3216,NA,16.82900000000000,17.30120000000000,1.23460000000000,4.31300000000000,4.4535,NA,48724.3815,17.1747,15.9401,1.2346,16.6776,3.5755,3.5299,0.0456,-0.8683,48724.3815,20.8626,NA
gamemd.exe,18720,0x43D4320,D3D9,0,0,1,Hardware: Independent Flip,48757.1805,NA,16.85890000000000,17.09220000000000,1.62390000000000,4.53370000000000,4.6868,NA,48741.5562,17.2482,15.6243,1.6239,16.5332,3.6248,3.5225,0.1023,0.0825,48741.5562,21.9432,NA
gamemd.exe,18720,0x43D4320,D3D9,0,0,1,Hardware: Independent Flip,48773.5161,NA,16.33560000000000,16.49580000000000,1.72030000000000,4.70670000000000,4.8470,NA,48758.8044,16.4320,14.7117,1.7203,15.7992,3.6192,3.5620,0.0572,0.7524,48758.8044,22.4021,NA
gamemd.exe,18720,0x43D4320,D3D9,0,0,1,Hardware: Independent Flip,48790.0816,NA,16.56550000000000,15.80040000000000,0.87190000000000,3.93830000000000,4.0819,NA,48775.2364,15.7171,14.8452,0.8719,15.2566,3.5269,3.4851,0.0418,0.6316,48775.2364,22.2429,NA
gamemd.exe,18720,0x43D4320,D3D9,0,0,1,Hardware: Independent Flip,48806.5375,NA,16.45590000000000,16.50330000000000,0.90050000000000,4.00000000000000,4.1293,NA,48790.9535,16.4845,15.5840,0.9005,15.9775,3.6065,3.5584,0.0481,-0.7862,48790.9535,22.7339,NA
gamemd.exe,18720,0x43D4320,D3D9,0,0,1,Hardware: Independent Flip,48823.3973,NA,16.85980000000000,16.75090000000000,0.80540000000000,3.88380000000000,4.0204,NA,48807.4380,16.7647,15.9593,0.8054,16.3533,3.4898,3.4083,0.0815,-0.2664,48807.4380,23.4800,NA
gamemd.exe,18720,0x43D4320,D3D9,0,0,1,Hardware: Independent Flip,48840.2082,NA,16.81090000000000,16.92260000000000,0.87840000000000,3.95400000000000,4.1321,NA,48824.2027,16.8839,16.0055,0.8784,16.3891,3.5704,3.5131,0.0573,-0.1579,48824.2027,24.4097,NA
gamemd.exe,18720,0x43D4320,D3D9,0,0,1,Hardware: Independent Flip,48856.7156,NA,16.50740000000000,16.81940000000000,0.99070000000000,4.23610000000000,4.4441,NA,48841.0866,16.6197,15.6290,0.9907,16.0890,3.7761,3.6885,0.0876,0.0645,48841.0866,25.2381,NA
gamemd.exe,18720,0x43D4320,D3D9,0,0,1,Hardware: Independent Flip,48873.6173,NA,16.90170000000000,17.27040000000000,1.69680000000000,4.68730000000000,4.8128,NA,48857.7063,17.6078,15.9110,1.6968,16.8430,3.7553,3.6736,0.0817,-0.6507,48857.7063,26.1328,NA
gamemd.exe,18720,0x43D4320,D3D9,0,0,1,Hardware: Independent Flip,48890.0454,NA,16.42810000000000,15.67840000000000,0.98320000000000,3.93370000000000,4.0631,NA,48875.3141,15.7145,14.7313,0.9832,15.1651,3.4999,3.4357,0.0642,1.9294,48875.3141,25.7780,NA
gamemd.exe,18720,0x43D4320,D3D9,0,0,1,Hardware: Independent Flip,48906.7843,NA,16.73890000000000,16.81740000000000,0.98750000000000,4.01600000000000,4.1416,NA,48891.0286,16.7432,15.7557,0.9875,16.1646,3.6071,3.5342,0.0729,-1.1029,48891.0286,11.0067,NA
gamemd.exe,18720,0x43D4320,D3D9,0,0,1,Hardware: Independent Flip,48923.5288,NA,16.74450000000000,16.86120000000000,1.07690000000000,4.14130000000000,4.2583,NA,48907.7718,16.8339,15.7570,1.0769,16.2785,3.6198,3.5323,0.0875,-0.1180,48907.7718,11.8308,NA
gamemd.exe,18720,0x43D4320,D3D9,0,0,1,Hardware: Independent Flip,48940.2626,NA,16.73380000000000,16.86600000000000,1.11990000000000,4.22860000000000,4.3905,NA,48924.6057,16.7768,15.6569,1.1199,16.1263,3.7592,3.6523,0.1069,-0.0321,48924.6057,20.7155,NA
gamemd.exe,18720,0x43D4320,D3D9,0,0,1,Hardware: Independent Flip,48957.1723,NA,16.90970000000000,18.86960000000000,1.94590000000000,4.87840000000000,6.3504,NA,48941.3825,17.7357,15.7898,1.9459,17.0316,3.6366,3.5445,0.0921,-2.0928,48941.3825,15.5625,NA
gamemd.exe,18720,0x43D4320,D3D9,0,0,1,Hardware: Independent Flip,48973.7659,NA,16.59360000000000,15.13530000000000,1.83110000000000,4.78170000000000,4.8921,NA,48959.1182,16.4788,14.6477,1.8311,15.6696,3.7598,3.6842,0.0756,2.6004,48959.1182,14.7504,NA
gamemd.exe,18720,0x43D4320,D3D9,0,0,1,Hardware: Independent Flip,48990.0082,NA,16.24230000000000,16.30190000000000,1.64860000000000,4.77500000000000,4.9517,NA,48975.5970,16.0598,14.4112,1.6486,15.3946,3.7916,3.7391,0.0525,0.1769,48975.5970,15.0402,NA
gamemd.exe,18720,0x43D4320,D3D9,0,0,1,Hardware: Independent Flip,49006.7608,NA,16.75260000000000,16.39510000000000,1.27510000000000,4.36700000000000,4.5942,NA,48991.6568,16.3791,15.1040,1.2751,15.7887,3.6823,3.6111,0.0712,-0.3353,48991.6568,23.3985,NA
gamemd.exe,18720,0x43D4320,D3D9,0,0,1,Hardware: Independent Flip,49023.7973,NA,17.03650000000000,17.29030000000000,1.82740000000000,4.68110000000000,4.8480,NA,49008.0359,17.5888,15.7614,1.8274,16.5119,3.9306,3.8595,0.0711,-0.9112,49008.0359,NA,NA
gamemd.exe,18720,0x43D4320,D3D9,0,0,1,Hardware: Independent Flip,49040.1692,NA,16.37190000000000,15.99350000000000,0.84140000000000,4.29360000000000,4.4696,NA,49025.6247,15.3859,14.5445,0.8414,14.9443,3.8938,3.8483,0.0455,1.5953,49025.6247,NA,NA
gamemd.exe,18720,0x43D4320,D3D9,0,0,1,Hardware: Independent Flip,49056.8082,NA,16.63900000000000,17.05710000000000,1.81690000000000,4.70040000000000,4.8877,NA,49041.0106,17.6145,15.7976,1.8169,16.5207,3.9773,3.8855,0.0918,-1.6712,49041.0106,NA,NA
gamemd.exe,18720,0x43D4320,D3D9,0,0,1,Hardware: Independent Flip,49073.3321,NA,16.52390000000000,16.85220000000000,2.13030000000000,5.10190000000000,5.2160,NA,49058.6251,16.8373,14.7070,2.1303,15.4772,4.3317,4.2515,0.0802,0.7623,49058.6251,18.6480,18.6480
gamemd.exe,18720,0x43D4320,D3D9,0,0,1,Hardware: Independent Flip,49090.0871,NA,16.75500000000000,15.45170000000000,0.78900000000000,3.78510000000000,3.9127,NA,49075.4624,15.4137,14.6247,0.7890,15.0038,3.4060,3.3572,0.0488,1.3856,49075.4624,NA,NA
gamemd.exe,18720,0x43D4320,D3D9,0,0,1,Hardware: Independent Flip,49106.7402,NA,16.65310000000000,16.72770000000000,0.80900000000000,3.87010000000000,3.9873,NA,49090.8761,16.6731,15.8641,0.8090,16.2553,3.4789,3.4300,0.0489,-1.3140,49090.8761,NA,NA
gamemd.exe,18720,0x43D4320,D3D9,0,0,1,Hardware: Independent Flip,49123.3481,NA,16.60790000000000,16.81970000000000,0.88210000000000,4.05990000000000,4.1991,NA,49107.5492,16.6810,15.7989,0.8821,16.2266,3.6322,3.5764,0.0558,-0.1466,49107.5492,NA,NA
gamemd.exe,18720,0x43D4320,D3D9,0,0,1,Hardware: Independent Flip,49140.1347,NA,16.78660000000000,17.58440000000000,2.57790000000000,4.85910000000000,4.9969,NA,49124.2302,18.4824,15.9045,2.5779,16.9765,3.7871,3.7208,0.0663,-0.9034,49124.2302,NA,NA
gamemd.exe,18720,0x43D4320,D3D9,0,0,1,Hardware: Independent Flip,49157.0462,NA,16.91150000000000,15.97020000000000,0.84960000000000,3.94220000000000,4.0556,NA,49142.7126,15.1832,14.3336,0.8496,14.7192,3.5566,3.5059,0.0507,2.5122,49142.7126,NA,NA
gamemd.exe,18720,0x43D4320,D3D9,0,0,1,Hardware: Independent Flip,49173.3307,NA,16.28450000000000,16.24370000000000,0.85630000000000,3.88860000000000,4.0148,NA,49157.8958,16.2912,15.4349,0.8563,15.8123,3.5112,3.4593,0.0519,-1.0605,49157.8958,29.3743,29.3743
gamemd.exe,18720,0x43D4320,D3D9,0,0,1,Hardware: Independent Flip,49189.7361,NA,16.40540000000000,16.44960000000000,0.87710000000000,3.94860000000000,4.0590,NA,49174.1870,16.4262,15.5491,0.8771,15.9802,3.5175,3.4559,0.0616,-0.1584,49174.1870,NA,NA
gamemd.exe,18720,0x43D4320,D3D9,0,0,1,Hardware: Independent Flip,49206.8508,NA,17.11470000000000,17.11240000000000,0.79920000000000,3.92960000000000,4.0567,NA,49190.6132,17.0368,16.2376,0.7992,16.6160,3.5512,3.5041,0.0471,-0.6862,49190.6132,NA,NA
gamemd.exe,18720,0x43D4320,D3D9,0,0,1,Hardware: Independent Flip,49223.1538,NA,16.30300000000000,16.38670000000000,0.78250000000000,3.97440000000000,4.1404,NA,49207.6500,16.2863,15.5038,0.7825,15.8601,3.6181,3.5498,0.0683,0.6501,49207.6500,NA,NA
gamemd.exe,18720,0x43D4320,D3D9,0,0,1,Hardware: Independent Flip,49240.1479,NA,16.99410000000000,17.28220000000000,1.14600000000000,4.26580000000000,4.4285,NA,49223.9363,17.3576,16.2116,1.1460,16.6869,3.7905,3.6962,0.0943,-0.9959,49223.9363,NA,NA
gamemd.exe,18720,0x43D4320,D3D9,0,0,1,Hardware: Independent Flip,49256.9363,NA,16.78840000000000,17.10700000000000,1.46530000000000,4.61800000000000,4.7471,NA,49241.2939,17.1077,15.6424,1.4653,16.6040,3.6564,3.5832,0.0732,0.2506,49241.2939,NA,NA
gamemd.exe,18720,0x43D4320,D3D9,0,0,1,Hardware: Independent Flip,49273.4532,NA,16.51690000000000,15.93290000000000,1.01150000000000,4.04860000000000,4.1631,NA,49258.4016,16.0631,15.0516,1.0115,15.5051,3.5951,3.5317,0.0634,1.1748,49258.4016,NA,NA
gamemd.exe,18720,0x43D4320,D3D9,0,0,1,Hardware: Independent Flip,49289.8966,NA,16.44340000000000,16.26000000000000,0.82690000000000,3.85850000000000,3.9797,NA,49274.4647,16.2588,15.4319,0.8269,15.7989,3.4915,3.4319,0.0596,-0.1969,49274.4647,33.9303,33.9303
gamemd.exe,18720,0x43D4320,D3D9,0,0,1,Hardware: Independent Flip,49306.5353,NA,16.63870000000000,16.77130000000000,0.96790000000000,4.00010000000000,4.1123,NA,49290.7235,16.7797,15.8118,0.9679,16.2112,3.6007,3.5520,0.0487,-0.5125,49290.7235,NA,NA
gamemd.exe,18720,0x43D4320,D3D9,0,0,1,Hardware: Independent Flip,49323.0951,NA,16.55980000000000,16.54250000000000,1.08430000000000,3.91770000000000,4.0950,NA,49307.5032,16.6762,15.5919,1.0843,16.0560,3.4536,3.3970,0.0566,0.2372,49307.5032,NA,NA
gamemd.exe,18720,0x43D4320,D3D9,0,0,1,Hardware: Independent Flip,49340.4099,NA,17.31480000000000,19.63710000000000,2.20580000000000,4.96860000000000,6.4173,NA,49324.1794,18.4363,16.2305,2.2058,17.2295,3.9696,3.8860,0.0836,-2.9609,49324.1794,NA,NA
gamemd.exe,18720,0x43D4320,D3D9,0,0,1,Hardware: Independent Flip,49356.8970,NA,16.48710000000000,15.06980000000000,2.07860000000000,4.86990000000000,5.0000,NA,49342.6157,16.3599,14.2813,2.0786,15.7066,3.4446,3.3628,0.0818,3.3665,49342.6157,NA,NA
gamemd.exe,18720,0x43D4320,D3D9,0,0,1,Hardware: Independent Flip,49373.4926,NA,16.59560000000000,15.74930000000000,0.95090000000000,4.04240000000000,4.1537,NA,49358.9756,15.4679,14.5170,0.9509,14.9260,3.6334,3.5646,0.0688,0.6106,49358.9756,13.7401,13.7401
gamemd.exe,18720,0x43D4320,D3D9,0,0,1,Hardware: Independent Flip,49390.1923,NA,16.69970000000000,16.64990000000000,0.78940000000000,3.98950000000000,4.1039,NA,49374.4435,16.5382,15.7488,0.7894,16.1135,3.6248,3.5586,0.0662,-1.1820,49374.4435,NA,NA
gamemd.exe,18720,0x43D4320,D3D9,0,0,1,Hardware: Independent Flip,49406.7765,NA,16.58420000000000,16.67890000000000,0.82110000000000,4.08300000000000,4.1986,NA,49390.9817,16.6159,15.7948,0.8211,16.1734,3.7044,3.6461,0.0583,-0.1407,49390.9817,NA,NA
gamemd.exe,18720,0x43D4320,D3D9,0,0,1,Hardware: Independent Flip,49423.4945,NA,16.71800000000000,16.49220000000000,0.81920000000000,3.84340000000000,3.9728,NA,49407.5976,16.7161,15.8969,0.8192,16.3009,3.4394,3.3873,0.0521,0.1237,49407.5976,NA,NA
gamemd.exe,18720,0x43D4320,D3D9,0,0,1,Hardware: Independent Flip,49440.1171,NA,16.62260000000000,16.85870000000000,1.11590000000000,4.07440000000000,4.2089,NA,49424.3137,16.9193,15.8034,1.1159,16.3205,3.5573,3.4829,0.0744,-0.1426,49424.3137,NA,NA
gamemd.exe,18720,0x43D4320,D3D9,0,0,1,Hardware: Independent Flip,49456.7887,NA,16.67160000000000,17.01330000000000,1.44350000000000,4.43350000000000,4.5506,NA,49441.2330,16.9992,15.5557,1.4435,16.3830,3.6062,3.5469,0.0593,-0.0940,49441.2330,NA,NA
gamemd.exe,18720,0x43D4320,D3D9,0,0,1,Hardware: Independent Flip,49473.4109,NA,16.62220000000000,16.59350000000000,1.76310000000000,4.41030000000000,4.5219,NA,49458.2322,16.9418,15.1787,1.7631,15.8157,3.7733,3.7138,0.0595,0.4057,49458.2322,NA,NA
gamemd.exe,18720,0x43D4320,D3D9,0,0,1,Hardware: Independent Flip,49490.1002,NA,16.68930000000000,16.24450000000000,0.88340000000000,3.94550000000000,4.0771,NA,49475.1740,15.8096,14.9262,0.8834,15.3634,3.5083,3.4548,0.0535,0.6973,49475.1740,NA,NA
gamemd.exe,18720,0x43D4320,D3D9,0,0,1,Hardware: Independent Flip,49506.8308,NA,16.73060000000000,16.95430000000000,0.98800000000000,4.18760000000000,4.3008,NA,49490.9836,16.8352,15.8472,0.9880,16.3873,3.6475,3.5855,0.0620,-1.1447,49490.9836,NA,NA
gamemd.exe,18720,0x43D4320,D3D9,0,0,1,Hardware: Independent Flip,49523.0488,NA,16.21800000000000,15.95250000000000,0.80390000000000,3.90390000000000,4.0353,NA,49507.8188,16.0339,15.2300,0.8039,15.6038,3.5301,3.4847,0.0454,0.8827,49507.8188,NA,NA
gamemd.exe,18720,0x43D4320,D3D9,0,0,1,Hardware: Independent Flip,49540.1679,NA,17.11910000000000,17.29220000000000,0.76210000000000,4.03790000000000,4.2084,NA,49523.8527,17.0773,16.3152,0.7621,16.6812,3.6719,3.5935,0.0784,-1.2583,49523.8527,NA,NA
gamemd.exe,18720,0x43D4320,D3D9,0,0,1,Hardware: Independent Flip,49557.2950,NA,17.12710000000000,19.11970000000000,2.14570000000000,4.81210000000000,6.2010,NA,49540.9300,18.5107,16.3650,2.1457,17.2120,3.9651,3.8647,0.1004,-2.0424,49540.9300,NA,NA
gamemd.exe,18720,0x43D4320,D3D9,0,0,1,Hardware: Independent Flip,49574.0158,NA,16.72080000000000,16.65720000000000,1.83400000000000,4.90110000000000,6.1374,NA,49559.4407,16.4091,14.5751,1.8340,15.5908,3.8854,3.7919,0.0935,1.8535,49559.4407,NA,NA
gamemd.exe,18720,0x43D4320,D3D9,0,0,1,Hardware: Independent Flip,49589.9542,NA,15.93840000000000,14.36280000000000,1.41390000000000,4.43980000000000,4.5618,NA,49575.8498,15.5183,14.1044,1.4139,14.9067,3.6375,3.5635,0.0740,2.0463,49575.8498,NA,NA
gamemd.exe,18720,0x43D4320,D3D9,0,0,1,Hardware: Independent Flip,49606.5393,NA,16.58510000000000,16.33240000000000,0.95630000000000,4.17670000000000,4.3091,NA,49591.3681,16.1275,15.1712,0.9563,15.5997,3.7482,3.6552,0.0930,-0.8141,49591.3681,NA,NA
gamemd.exe,18720,0x43D4320,D3D9,0,0,1,Hardware: Independent Flip,49623.1969,NA,16.65760000000000,16.56290000000000,0.83970000000000,4.07260000000000,4.2144,NA,49607.4956,16.5410,15.7013,0.8397,16.0952,3.6787,3.6172,0.0615,-0.4354,49607.4956,NA,NA
gamemd.exe,18720,0x43D4320,D3D9,0,0,1,Hardware: Independent Flip,49639.9827,NA,16.78580000000000,17.02130000000000,1.08570000000000,4.27140000000000,4.4499,NA,49624.0366,17.0318,15.9461,1.0857,16.3800,3.8375,3.7450,0.0925,-0.4803,49624.0366,NA,NA
gamemd.exe,18720,0x43D4320,D3D9,0,0,1,Hardware: Independent Flip,49656.7690,NA,16.78630000000000,17.11020000000000,1.70790000000000,4.64930000000000,4.7738,NA,49641.0684,17.4085,15.7006,1.7079,16.5049,3.8450,3.7790,0.0660,-0.0784,49641.0684,NA,NA
gamemd.exe,18720,0x43D4320,D3D9,0,0,1,Hardware: Independent Flip,49673.4169,NA,16.64790000000000,16.10930000000000,0.99710000000000,4.12260000000000,4.2352,NA,49658.4769,15.9371,14.9400,0.9971,15.3741,3.6885,3.6203,0.0682,1.2992,49658.4769,NA,NA
gamemd.exe,18720,0x43D4320,D3D9,0,0,1,Hardware: Independent Flip,49690.2498,NA,16.83290000000000,16.95190000000000,1.05260000000000,4.24000000000000,4.3542,NA,49674.4140,16.8884,15.8358,1.0526,16.3988,3.6770,3.6120,0.0650,-1.0148,49674.4140,NA,NA
gamemd.exe,18720,0x43D4320,D3D9,0,0,1,Hardware: Independent Flip,49706.5527,NA,16.30290000000000,16.19890000000000,1.03140000000000,4.14060000000000,4.2502,NA,49691.3024,16.2817,15.2503,1.0314,15.7617,3.6292,3.5700,0.0592,0.6895,49691.3024,NA,NA
gamemd.exe,18720,0x43D4320,D3D9,0,0,1,Hardware: Independent Flip,49723.3412,NA,16.78850000000000,16.70070000000000,1.04520000000000,4.02550000000000,4.1624,NA,49707.5841,16.8023,15.7571,1.0452,16.2869,3.4957,3.4285,0.0672,-0.4190,49707.5841,NA,NA
gamemd.exe,18720,0x43D4320,D3D9,0,0,1,Hardware: Independent Flip,49740.7680,NA,17.42680000000000,17.68890000000000,1.29010000000000,4.26410000000000,4.4245,NA,49724.3864,17.6717,16.3816,1.2901,17.0182,3.6275,3.5666,0.0609,-0.8866,49724.3864,NA,NA
gamemd.exe,18720,0x43D4320,D3D9,0,0,1,Hardware: Independent Flip,49757.1690,NA,16.40100000000000,16.17800000000000,1.00640000000000,4.08940000000000,4.2015,NA,49742.0581,16.1173,15.1109,1.0064,15.6182,3.5821,3.5339,0.0482,1.4937,49742.0581,NA,NA
gamemd.exe,18720,0x43D4320,D3D9,0,0,1,Hardware: Independent Flip,49773.7881,NA,16.61910000000000,16.65800000000000,0.84730000000000,4.08110000000000,4.2404,NA,49758.1754,16.4600,15.6127,0.8473,16.0477,3.6461,3.6000,0.0461,-0.5407,49758.1754,NA,NA
gamemd.exe,18720,0x43D4320,D3D9,0,0,1,Hardware: Independent Flip,49789.6820,NA,15.89390000000000,15.84860000000000,0.89290000000000,4.07550000000000,4.1951,NA,49774.6354,15.9395,15.0466,0.8929,15.4718,3.6503,3.5984,0.0519,0.6114,49774.6354,NA,NA
gamemd.exe,18720,0x43D4320,D3D9,0,0,1,Hardware: Independent Flip,49806.8345,NA,17.15250000000000,17.05560000000000,0.76820000000000,3.98340000000000,4.0982,NA,49790.5749,17.0278,16.2596,0.7682,16.6332,3.6098,3.5545,0.0553,-1.1161,49790.5749,NA,NA
gamemd.exe,18720,0x43D4320,D3D9,0,0,1,Hardware: Independent Flip,49823.0587,NA,16.22420000000000,16.32230000000000,0.96410000000000,4.00070000000000,4.1963,NA,49807.6027,16.4201,15.4560,0.9641,15.8513,3.6054,3.5417,0.0637,0.7055,49807.6027,NA,NA
gamemd.exe,18720,0x43D4320,D3D9,0,0,1,Hardware: Independent Flip,49840.2531,NA,17.19440000000000,17.72290000000000,1.86450000000000,4.54260000000000,4.7248,NA,49824.0228,18.0948,16.2303,1.8645,17.0456,3.7273,3.6716,0.0557,-1.3028,49824.0228,NA,NA
gamemd.exe,18720,0x43D4320,D3D9,0,0,1,Hardware: Independent Flip,49856.7028,NA,16.44970000000000,15.70510000000000,0.88000000000000,3.86460000000000,3.9802,NA,49842.1176,15.4652,14.5852,0.8800,15.0092,3.4406,3.3929,0.0477,2.3897,49842.1176,NA,NA
gamemd.exe,18720,0x43D4320,D3D9,0,0,1,Hardware: Independent Flip,49873.0852,NA,16.38240000000000,16.52020000000000,0.89130000000000,3.99960000000000,4.1180,NA,49857.5828,16.3937,15.5024,0.8913,15.9080,3.5940,3.5324,0.0616,-1.0550,49857.5828,NA,NA
gamemd.exe,18720,0x43D4320,D3D9,0,0,1,Hardware: Independent Flip,49890.1236,NA,17.03840000000000,17.04540000000000,0.83600000000000,4.00770000000000,4.1250,NA,49873.9765,16.9831,16.1471,0.8360,16.5388,3.6160,3.5604,0.0556,-0.6517,49873.9765,NA,NA
gamemd.exe,18720,0x43D4320,D3D9,0,0,1,Hardware: Independent Flip,49907.0254,NA,16.90180000000000,16.84550000000000,0.80930000000000,3.95680000000000,4.0687,NA,49890.9596,16.8751,16.0658,0.8093,16.4521,3.5705,3.5230,0.0475,0.1376,49890.9596,NA,NA
gamemd.exe,18720,0x43D4320,D3D9,0,0,1,Hardware: Independent Flip,49924.0277,NA,17.00230000000000,17.14150000000000,1.18380000000000,4.05150000000000,4.2079,NA,49907.8347,17.3768,16.1930,1.1838,16.6990,3.5455,3.4756,0.0699,-0.2664,49907.8347,NA,NA
gamemd.exe,18720,0x43D4320,D3D9,0,0,1,Hardware: Independent Flip,49940.5279,NA,16.50020000000000,16.99440000000000,1.61040000000000,4.55130000000000,4.7021,NA,49925.2115,16.9268,15.3164,1.6104,16.3426,3.5251,3.4738,0.0513,0.3824,49925.2115,NA,NA
gamemd.exe,18720,0x43D4320,D3D9,0,0,1,Hardware: Independent Flip,49956.7680,NA,16.24010000000000,15.65900000000000,0.88480000000000,4.00900000000000,4.1210,NA,49942.1383,15.5145,14.6297,0.8848,15.0636,3.5751,3.5226,0.0525,1.2678,49942.1383,20.9438,NA
gamemd.exe,18720,0x43D4320,D3D9,0,0,1,Hardware: Independent Flip,49973.8068,NA,17.03880000000000,19.23310000000000,1.79150000000000,4.81070000000000,6.3153,NA,49957.6528,17.9455,16.1540,1.7915,17.2971,3.6676,3.5975,0.0701,-3.7186,49957.6528,NA,NA
gamemd.exe,18720,0x43D4320,D3D9,0,0,1,Hardware: Independent Flip,49990.4731,NA,16.66630000000000,15.29590000000000,2.01360000000000,4.70030000000000,4.9449,NA,49975.5983,16.8884,14.8748,2.0136,15.7661,3.8090,3.7033,0.1057,2.6496,49975.5983,23.4803,NA
gamemd.exe,18720,0x43D4320,D3D9,0,0,1,Hardware: Independent Flip,50006.8460,NA,16.37290000000000,16.54650000000000,1.73660000000000,4.90860000000000,5.1185,NA,49992.4867,16.0959,14.3593,1.7366,15.0683,4.1996,4.0975,0.1021,0.3419,49992.4867,24.0434,NA
gamemd.exe,18720,0x43D4320,D3D9,0,0,1,Hardware: Independent Flip,50023.5396,NA,16.69360000000000,16.53530000000000,1.57960000000000,4.70050000000000,4.9602,NA,50008.5826,16.5366,14.9570,1.5796,15.5155,4.1420,4.0621,0.0799,-0.4394,50008.5826,24.4874,NA
gamemd.exe,18720,0x43D4320,D3D9,0,0,1,Hardware: Independent Flip,50040.1875,NA,16.64790000000000,16.69730000000000,2.23970000000000,4.80690000000000,5.0096,NA,50025.1192,17.3080,15.0683,2.2397,15.7995,4.0757,3.9992,0.0765,-0.1607,50025.1192,24.8867,NA
gamemd.exe,18720,0x43D4320,D3D9,0,0,1,Hardware: Independent Flip,50056.7327,NA,16.54520000000000,16.71460000000000,2.03860000000000,4.98200000000000,5.1790,NA,50042.4272,16.3441,14.3055,2.0386,15.1566,4.1309,3.9818,0.1491,0.5934,50042.4272,25.9906,NA
gamemd.exe,18720,0x43D4320,D3D9,0,0,1,Hardware: Independent Flip,50073.6385,NA,16.90580000000000,16.58820000000000,1.76850000000000,4.72070000000000,4.8614,NA,50058.7713,16.6357,14.8672,1.7685,15.7089,3.8790,3.7799,0.0991,-0.2441,50058.7713,26.5156,NA
gamemd.exe,18720,0x43D4320,D3D9,0,0,1,Hardware: Independent Flip,50090.1521,NA,16.51360000000000,15.75340000000000,0.99000000000000,3.98550000000000,4.1012,NA,50075.4070,15.7351,14.7451,0.9900,15.1844,3.5462,3.4880,0.0582,0.8823,50075.4070,26.2166,NA
gamemd.exe,18720,0x43D4320,D3D9,0,0,1,Hardware: Independent Flip,50106.6152,NA,16.46310000000000,16.44880000000000,1.05470000000000,3.93740000000000,4.0869,NA,50091.1421,16.5278,15.4731,1.0547,15.9101,3.5004,3.4408,0.0596,-0.7137,50091.1421,26.7131,NA
gamemd.exe,18720,0x43D4320,D3D9,0,0,1,Hardware: Independent Flip,50123.2830,NA,16.66780000000000,16.68620000000000,1.03100000000000,3.98220000000000,4.1053,NA,50107.6699,16.6441,15.6131,1.0310,16.0176,3.5777,3.5222,0.0555,-0.1584,50107.6699,35.5011,NA
gamemd.exe,18720,0x43D4320,D3D9,0,0,1,Hardware: Independent Flip,50139.9972,NA,16.71420000000000,16.85710000000000,1.21560000000000,4.08530000000000,4.2482,NA,50124.3140,16.8988,15.6832,1.2156,16.1861,3.5824,3.5010,0.0814,-0.2130,50124.3140,NA,NA
gamemd.exe,18720,0x43D4320,D3D9,0,0,1,Hardware: Independent Flip,50157.0146,NA,17.01740000000000,16.91690000000000,1.05560000000000,4.03590000000000,4.1477,NA,50141.2128,16.8574,15.8018,1.0556,16.2733,3.5644,3.5072,0.0572,-0.0181,50141.2128,21.2525,NA
gamemd.exe,18720,0x43D4320,D3D9,0,0,1,Hardware: Independent Flip,50173.4255,NA,16.41090000000000,16.29510000000000,0.85080000000000,3.91300000000000,4.0319,NA,50158.0702,16.2061,15.3553,0.8508,15.7170,3.5513,3.4862,0.0651,0.5623,50158.0702,NA,NA
gamemd.exe,18720,0x43D4320,D3D9,0,0,1,Hardware: Independent Flip,50189.8544,NA,16.42890000000000,16.41100000000000,0.80170000000000,3.90070000000000,4.0140,NA,50174.2763,16.3798,15.5781,0.8017,15.9329,3.5459,3.5014,0.0445,-0.2049,50174.2763,13.9521,NA
gamemd.exe,18720,0x43D4320,D3D9,0,0,1,Hardware: Independent Flip,50206.4554,NA,16.60100000000000,16.77280000000000,0.86450000000000,4.06690000000000,4.1858,NA,50190.6561,16.6638,15.7993,0.8645,16.1928,3.6734,3.6173,0.0561,-0.3930,50190.6561,NA,NA
gamemd.exe,18720,0x43D4320,D3D9,0,0,1,Hardware: Independent Flip,50223.4125,NA,16.95710000000000,17.32590000000000,1.53210000000000,4.44100000000000,4.5546,NA,50207.3199,17.6247,16.0926,1.5321,16.8482,3.6854,3.6253,0.0601,-0.6621,50207.3199,15.9981,NA
gamemd.exe,18720,0x43D4320,D3D9,0,0,1,Hardware: Independent Flip,50240.2695,NA,16.85700000000000,17.44480000000000,2.12690000000000,4.95870000000000,5.1424,NA,50224.9446,17.4518,15.3249,2.1269,16.5504,3.7332,3.6630,0.0702,0.1799,50224.9446,NA,NA
gamemd.exe,18720,0x43D4320,D3D9,0,0,1,Hardware: Independent Flip,50257.3352,NA,17.06570000000000,16.17070000000000,1.05790000000000,4.13530000000000,4.2474,NA,50242.3964,15.9967,14.9388,1.0579,15.4898,3.5843,3.5323,0.0520,1.2811,50242.3964,25.2680,NA
gamemd.exe,18720,0x43D4320,D3D9,0,0,1,Hardware: Independent Flip,50273.2646,NA,15.92940000000000,15.84270000000000,0.81760000000000,4.04810000000000,4.1607,NA,50258.3931,15.6891,14.8715,0.8176,15.2490,3.6706,3.6161,0.0545,0.1540,50258.3931,NA,NA
gamemd.exe,18720,0x43D4320,D3D9,0,0,1,Hardware: Independent Flip,50290.1586,NA,16.89400000000000,17.22820000000000,1.24220000000000,4.37880000000000,4.4949,NA,50274.0822,17.3186,16.0764,1.2422,16.9022,3.5530,3.4879,0.0651,-1.5391,50274.0822,NA,NA
gamemd.exe,18720,0x43D4320,D3D9,0,0,1,Hardware: Independent Flip,50306.6680,NA,16.50940000000000,16.12020000000000,0.97470000000000,3.98260000000000,4.1057,NA,50291.4008,16.2419,15.2672,0.9747,15.7039,3.5459,3.4903,0.0556,1.1984,50291.4008,NA,NA
gamemd.exe,18720,0x43D4320,D3D9,0,0,1,Hardware: Independent Flip,50323.6335,NA,16.96550000000000,16.93040000000000,1.02310000000000,3.94480000000000,4.0706,NA,50307.6427,17.0139,15.9908,1.0231,16.4609,3.4747,3.4105,0.0642,-0.6885,50307.6427,NA,NA
gamemd.exe,18720,0x43D4320,D3D9,0,0,1,Hardware: Independent Flip,50340.5173,NA,16.88380000000000,17.44440000000000,1.26960000000000,4.38470000000000,4.6312,NA,50324.6566,17.1303,15.8607,1.2696,16.4706,3.7748,3.6905,0.0843,-0.4305,50324.6566,NA,NA
gamemd.exe,18720,0x43D4320,D3D9,0,0,1,Hardware: Independent Flip,50357.3476,NA,16.83030000000000,16.87650000000000,2.01120000000000,4.50160000000000,4.6774,NA,50341.7869,17.5719,15.5607,2.0112,16.3623,3.7000,3.6040,0.0960,0.2538,50341.7869,NA,NA
gamemd.exe,18720,0x43D4320,D3D9,0,0,1,Hardware: Independent Flip,50373.6964,NA,16.34880000000000,16.37990000000000,1.48520000000000,4.56480000000000,4.7085,NA,50359.3588,15.8228,14.3376,1.4852,15.1669,3.7355,3.6451,0.0904,1.1920,50359.3588,22.4973,NA
gamemd.exe,18720,0x43D4320,D3D9,0,0,1,Hardware: Independent Flip,50390.1813,NA,16.48490000000000,15.87940000000000,0.82030000000000,3.97240000000000,4.1030,NA,50375.1816,15.8200,14.9997,0.8203,15.4039,3.5682,3.5094,0.0588,-0.0566,50375.1816,NA,NA
gamemd.exe,18720,0x43D4320,D3D9,0,0,1,Hardware: Independent Flip,50406.6662,NA,16.48490000000000,16.56210000000000,0.82190000000000,4.06070000000000,4.1802,NA,50391.0016,16.4865,15.6646,0.8219,16.0560,3.6693,3.6202,0.0491,-0.7421,50391.0016,NA,NA
gamemd.exe,18720,0x43D4320,D3D9,0,0,1,Hardware: Independent Flip,50423.4090,NA,16.74280000000000,16.61140000000000,0.77530000000000,3.91250000000000,4.0488,NA,50407.4881,16.6962,15.9209,0.7753,16.2982,3.5352,3.4507,0.0845,-0.1249,50407.4881,NA,NA
gamemd.exe,18720,0x43D4320,D3D9,0,0,1,Hardware: Independent Flip,50440.4846,NA,17.07560000000000,19.27230000000000,1.86110000000000,4.90630000000000,6.2455,NA,50424.1843,18.1614,16.3003,1.8611,17.1174,4.0892,3.9929,0.0963,-2.5761,50424.1843,NA,NA
gamemd.exe,18720,0x43D4320,D3D9,0,0,1,Hardware: Independent Flip,50456.8710,NA,16.38640000000000,14.66530000000000,1.21120000000000,4.35380000000000,4.5244,NA,50442.3457,15.7365,14.5253,1.2112,15.2461,3.6330,3.5653,0.0677,3.4961,50442.3457,NA,NA
gamemd.exe,18720,0x43D4320,D3D9,0,0,1,Hardware: Independent Flip,50473.7756,NA,16.90460000000000,19.30700000000000,2.44710000000000,5.60150000000000,6.9268,NA,50458.0822,18.1405,15.6934,2.4471,17.3732,3.9217,3.8159,0.1058,-3.5705,50458.0822,NA,NA
gamemd.exe,18720,0x43D4320,D3D9,0,0,1,Hardware: Independent Flip,50490.4248,NA,16.64920000000000,13.87740000000000,1.04160000000000,4.04610000000000,4.1550,NA,50476.2227,15.2437,14.2021,1.0416,14.7538,3.4944,3.4240,0.0704,4.2631,50476.2227,NA,NA
gamemd.exe,18720,0x43D4320,D3D9,0,0,1,Hardware: Independent Flip,50506.7338,NA,16.30900000000000,16.60190000000000,1.03460000000000,4.33530000000000,4.4479,NA,50491.4664,16.3020,15.2674,1.0346,15.8141,3.7886,3.7241,0.0645,-1.3582,50491.4664,NA,NA
gamemd.exe,18720,0x43D4320,D3D9,0,0,1,Hardware: Independent Flip,50523.5250,NA,16.79120000000000,16.56060000000000,0.94810000000000,4.10810000000000,4.2173,NA,50507.7684,16.7047,15.7566,0.9481,16.2326,3.6321,3.5872,0.0449,-0.2586,50507.7684,NA,NA
gamemd.exe,18720,0x43D4320,D3D9,0,0,1,Hardware: Independent Flip,50540.2931,NA,16.76810000000000,16.86500000000000,1.17590000000000,4.16080000000000,4.3142,NA,50524.4731,16.9959,15.8200,1.1759,16.3431,3.6377,3.5584,0.0793,-0.1603,50524.4731,NA,NA
gamemd.exe,18720,0x43D4320,D3D9,0,0,1,Hardware: Independent Flip,50557.3243,NA,17.03120000000000,16.95600000000000,1.18090000000000,4.12760000000000,4.2390,NA,50541.4690,17.0362,15.8553,1.1809,16.3949,3.5880,3.5352,0.0528,0.0399,50541.4690,NA,NA
gamemd.exe,18720,0x43D4320,D3D9,0,0,1,Hardware: Independent Flip,50573.6828,NA,16.35850000000000,16.22330000000000,0.90310000000000,3.99250000000000,4.1038,NA,50558.5052,16.0807,15.1776,0.9031,15.6184,3.5517,3.4915,0.0602,0.8129,50558.5052,NA,NA
gamemd.exe,18720,0x43D4320,D3D9,0,0,1,Hardware: Independent Flip,50589.7589,NA,16.07610000000000,16.10450000000000,0.83130000000000,4.02030000000000,4.1322,NA,50574.5859,16.0043,15.1730,0.8313,15.5888,3.6045,3.5577,0.0468,-0.0238,50574.5859,NA,NA
gamemd.exe,18720,0x43D4320,D3D9,0,0,1,Hardware: Independent Flip,50606.4211,NA,16.66220000000000,16.60820000000000,0.78240000000000,3.95150000000000,4.0782,NA,50590.5902,16.6133,15.8309,0.7824,16.1917,3.5907,3.5308,0.0599,-0.6039,50590.5902,NA,NA
gamemd.exe,18720,0x43D4320,D3D9,0,0,1,Hardware: Independent Flip,50623.4038,NA,16.98270000000000,16.90300000000000,0.79170000000000,3.88190000000000,3.9985,NA,50607.2035,16.9920,16.2003,0.7917,16.5815,3.5007,3.4578,0.0429,-0.2897,50607.2035,NA,NA
gamemd.exe,18720,0x43D4320,D3D9,0,0,1,Hardware: Independent Flip,50640.3839,NA,16.98010000000000,17.61970000000000,1.64990000000000,4.49460000000000,4.6381,NA,50624.1955,17.8383,16.1884,1.6499,17.0894,3.5936,3.5070,0.0866,-0.6277,50624.1955,NA,NA
gamemd.exe,18720,0x43D4320,D3D9,0,0,1,Hardware: Independent Flip,50656.8876,NA,16.50370000000000,16.39910000000000,1.29970000000000,4.39230000000000,4.5335,NA,50642.0338,16.1535,14.8538,1.2997,15.6171,3.6290,3.5819,0.0471,1.4392,50642.0338,25.2313,NA
gamemd.exe,18720,0x43D4320,D3D9,0,0,1,Hardware: Independent Flip,50673.5259,NA,16.63830000000000,16.29420000000000,0.88910000000000,4.02870000000000,4.1894,NA,50658.1873,16.2277,15.3386,0.8891,15.7454,3.6219,3.5511,0.0708,-0.1407,50658.1873,17.7502,NA
gamemd.exe,18720,0x43D4320,D3D9,0,0,1,Hardware: Independent Flip,50689.7156,NA,16.18970000000000,16.14990000000000,0.87880000000000,3.98840000000000,4.1496,NA,50674.4150,16.1794,15.3006,0.8788,15.6939,3.5951,3.5547,0.0404,0.0778,50674.4150,NA,NA
gamemd.exe,18720,0x43D4320,D3D9,0,0,1,Hardware: Independent Flip,50706.7205,NA,17.00490000000000,17.01020000000000,0.81500000000000,4.03550000000000,4.1549,NA,50690.5944,16.9411,16.1261,0.8150,16.5285,3.6331,3.5848,0.0483,-0.8308,50690.5944,NA,NA
gamemd.exe,18720,0x43D4320,D3D9,0,0,1,Hardware: Independent Flip,50723.5294,NA,16.80890000000000,16.60540000000000,0.86190000000000,3.83910000000000,3.9514,NA,50707.5355,16.8558,15.9939,0.8619,16.3221,3.5109,3.4559,0.0550,0.3357,50707.5355,NA,NA
gamemd.exe,18720,0x43D4320,D3D9,0,0,1,Hardware: Independent Flip,50740.3367,NA,16.80730000000000,17.05920000000000,1.12040000000000,4.06230000000000,4.2033,NA,50724.3913,17.0658,15.9454,1.1204,16.4666,3.5411,3.4713,0.0698,-0.2034,50724.3913,NA,NA
gamemd.exe,18720,0x43D4320,D3D9,0,0,1,Hardware: Independent Flip,50756.8764,NA,16.53970000000000,16.87490000000000,1.47840000000000,4.42570000000000,4.5385,NA,50741.4571,16.8977,15.4193,1.4784,16.1222,3.7228,3.6563,0.0665,0.1909,50741.4571,NA,NA
gamemd.exe,18720,0x43D4320,D3D9,0,0,1,Hardware: Independent Flip,50773.3457,NA,16.46930000000000,16.15670000000000,0.95360000000000,4.10900000000000,4.2259,NA,50758.3548,15.9445,14.9909,0.9536,15.4199,3.6800,3.6230,0.0570,0.7410,50758.3548,NA,NA
gamemd.exe,18720,0x43D4320,D3D9,0,0,1,Hardware: Independent Flip,50789.9672,NA,16.62150000000000,16.53100000000000,0.79880000000000,3.99630000000000,4.1354,NA,50774.2993,16.4667,15.6679,0.7988,16.0500,3.6142,3.5399,0.0743,-0.5865,50774.2993,NA,NA
gamemd.exe,18720,0x43D4320,D3D9,0,0,1,Hardware: Independent Flip,50806.6144,NA,16.64720000000000,16.63030000000000,0.78760000000000,3.93780000000000,4.1185,NA,50790.7660,16.6360,15.8484,0.7876,16.2180,3.5682,3.4887,0.0795,-0.1636,50790.7660,NA,NA
gamemd.exe,18720,0x43D4320,D3D9,0,0,1,Hardware: Independent Flip,50823.4633,NA,16.84890000000000,16.74100000000000,0.78720000000000,3.88430000000000,4.0106,NA,50807.4020,16.8485,16.0613,0.7872,16.4306,3.5150,3.4529,0.0621,-0.1050,50807.4020,23.5404,NA
gamemd.exe,18720,0x43D4320,D3D9,0,0,1,Hardware: Independent Flip,50839.9285,NA,16.46520000000000,16.93820000000000,1.15970000000000,4.30400000000000,4.4836,NA,50824.2505,16.8377,15.6780,1.1597,16.1979,3.7841,3.6992,0.0849,-0.0897,50824.2505,24.4598,NA
gamemd.exe,18720,0x43D4320,D3D9,0,0,1,Hardware: Independent Flip,50856.6260,NA,16.69750000000000,16.71590000000000,1.37200000000000,4.27740000000000,4.5020,NA,50841.0882,16.9098,15.5378,1.3720,16.0830,3.7322,3.6500,0.0822,0.1218,50841.0882,25.2034,NA
gamemd.exe,18720,0x43D4320,D3D9,0,0,1,Hardware: Independent Flip,50873.0613,NA,16.43530000000000,16.17620000000000,0.82350000000000,4.05660000000000,4.2429,NA,50857.9980,15.8868,15.0633,0.8235,15.4668,3.6531,3.5937,0.0594,0.7336,50857.9980,25.2381,NA
gamemd.exe,18720,0x43D4320,D3D9,0,0,1,Hardware: Independent Flip,50890.2288,NA,17.16750000000000,17.12800000000000,0.95560000000000,4.08590000000000,4.2034,NA,50873.8848,17.2996,16.3440,0.9556,16.7850,3.6449,3.5633,0.0816,-1.2412,50873.8848,10.0765,NA
gamemd.exe,18720,0x43D4320,D3D9,0,0,1,Hardware: Independent Flip,50906.9415,NA,16.71270000000000,16.70410000000000,0.99330000000000,4.08110000000000,4.1948,NA,50891.1844,16.7504,15.7571,0.9933,16.1675,3.6707,3.6101,0.0606,0.5955,50891.1844,11.1785,NA
gamemd.exe,18720,0x43D4320,D3D9,0,0,1,Hardware: Independent Flip,50923.3644,NA,16.42290000000000,16.29860000000000,0.97250000000000,3.90000000000000,4.0705,NA,50907.9348,16.4021,15.4296,0.9725,15.8556,3.4740,3.4197,0.0543,0.4518,50907.9348,11.4447,NA
gamemd.exe,18720,0x43D4320,D3D9,0,0,1,Hardware: Independent Flip,50939.9542,NA,16.58980000000000,16.89650000000000,1.04240000000000,4.19900000000000,4.3772,NA,50924.3369,16.6597,15.6173,1.0424,16.1616,3.6547,3.5987,0.0560,-0.4944,50924.3369,12.4251,NA
gamemd.exe,18720,0x43D4320,D3D9,0,0,1,Hardware: Independent Flip,50956.9433,NA,16.98910000000000,17.65400000000000,2.00820000000000,4.85780000000000,5.0421,NA,50940.9966,17.9549,15.9467,2.0082,17.0644,3.7401,3.6654,0.0747,-0.9943,50940.9966,14.0083,NA
gamemd.exe,18720,0x43D4320,D3D9,0,0,1,Hardware: Independent Flip,50973.7554,NA,16.81210000000000,16.18510000000000,1.42550000000000,4.30490000000000,4.4151,NA,50958.9515,16.2294,14.8039,1.4255,15.5430,3.5658,3.5132,0.0526,1.7698,50958.9515,14.2668,NA
gamemd.exe,18720,0x43D4320,D3D9,0,0,1,Hardware: Independent Flip,50990.2494,NA,16.49400000000000,16.18300000000000,1.09470000000000,3.98140000000000,4.1041,NA,50975.1809,16.1632,15.0685,1.0947,15.5937,3.4562,3.4003,0.0559,0.0464,50975.1809,14.4295,NA
gamemd.exe,18720,0x43D4320,D3D9,0,0,1,Hardware: Independent Flip,51006.5946,NA,16.34520000000000,16.46290000000000,1.05960000000000,4.09950000000000,4.2218,NA,50991.3441,16.3101,15.2505,1.0596,15.7649,3.5851,3.5230,0.0621,-0.2997,50991.3441,14.9098,NA
gamemd.exe,18720,0x43D4320,D3D9,0,0,1,Hardware: Independent Flip,51023.3932,NA,16.79860000000000,16.95060000000000,1.11290000000000,4.19870000000000,4.3738,NA,51007.6542,16.8519,15.7390,1.1129,16.2452,3.6925,3.5924,0.1001,-0.6405,51007.6542,23.7960,NA
gamemd.exe,18720,0x43D4320,D3D9,0,0,1,Hardware: Independent Flip,51040.3555,NA,16.96230000000000,16.91300000000000,1.37770000000000,4.20910000000000,4.3245,NA,51024.5061,17.2271,15.8494,1.3777,16.3415,3.7170,3.6436,0.0734,-0.0611,51024.5061,NA,NA
gamemd.exe,18720,0x43D4320,D3D9,0,0,1,Hardware: Independent Flip,51056.7147,NA,16.35920000000000,16.19140000000000,0.96930000000000,4.03550000000000,4.1567,NA,51041.7332,15.9508,14.9815,0.9693,15.4437,3.5733,3.5180,0.0553,1.0357,51041.7332,NA,NA
gamemd.exe,18720,0x43D4320,D3D9,0,0,1,Hardware: Independent Flip,51073.4027,NA,16.68800000000000,16.54330000000000,0.79080000000000,3.89390000000000,4.0120,NA,51057.6840,16.5095,15.7187,0.7908,16.0857,3.5269,3.4828,0.0441,-0.5925,51057.6840,25.3451,25.3451
gamemd.exe,18720,0x43D4320,D3D9,0,0,1,Hardware: Independent Flip,51090.1272,NA,16.72450000000000,16.68120000000000,0.77120000000000,3.84030000000000,3.9687,NA,51074.1935,16.7049,15.9337,0.7712,16.3092,3.4648,3.4254,0.0394,-0.1717,51074.1935,NA,NA
gamemd.exe,18720,0x43D4320,D3D9,0,0,1,Hardware: Independent Flip,51106.3611,NA,16.23390000000000,16.37140000000000,0.80600000000000,3.98870000000000,4.1062,NA,51090.8984,16.2687,15.4627,0.8060,15.8578,3.5936,3.5199,0.0737,0.3335,51090.8984,NA,NA
gamemd.exe,18720,0x43D4320,D3D9,0,0,1,Hardware: Independent Flip,51123.7944,NA,17.43330000000000,17.36310000000000,0.91700000000000,3.92310000000000,4.0360,NA,51107.1671,17.5443,16.6273,0.9170,17.0456,3.5048,3.4592,0.0456,-1.0944,51107.1671,19.9414,19.9414
gamemd.exe,18720,0x43D4320,D3D9,0,0,1,Hardware: Independent Flip,51139.9730,NA,16.17860000000000,16.88830000000000,1.42000000000000,4.61100000000000,4.7457,NA,51124.7114,16.6816,15.2616,1.4200,16.1556,3.7170,3.6693,0.0477,0.6560,51124.7114,NA,NA
gamemd.exe,18720,0x43D4320,D3D9,0,0,1,Hardware: Independent Flip,51156.9124,NA,16.93940000000000,16.88670000000000,1.71960000000000,4.56370000000000,4.6930,NA,51141.3930,17.2390,15.5194,1.7196,16.4233,3.6598,3.5841,0.0757,-0.2051,51141.3930,NA,NA
gamemd.exe,18720,0x43D4320,D3D9,0,0,1,Hardware: Independent Flip,51173.9206,NA,17.00820000000000,18.38910000000000,1.90350000000000,4.94680000000000,6.0739,NA,51158.6320,17.1921,15.2886,1.9035,16.1437,4.0917,3.9866,0.1051,-1.1501,51158.6320,24.0745,NA
gamemd.exe,18720,0x43D4320,D3D9,0,0,1,Hardware: Independent Flip,51189.9641,NA,16.04350000000000,13.94100000000000,0.89110000000000,3.85860000000000,3.9714,NA,51175.8241,15.0311,14.1400,0.8911,14.5610,3.4376,3.3992,0.0384,3.2511,51175.8241,22.0109,NA
gamemd.exe,18720,0x43D4320,D3D9,0,0,1,Hardware: Independent Flip,51206.4266,NA,16.46250000000000,16.70700000000000,0.87230000000000,4.07880000000000,4.2159,NA,51190.8552,16.4437,15.5714,0.8723,15.9861,3.6641,3.6211,0.0430,-1.6759,51190.8552,22.7351,NA
gamemd.exe,18720,0x43D4320,D3D9,0,0,1,Hardware: Independent Flip,51223.1776,NA,16.75100000000000,16.74270000000000,0.85950000000000,4.02140000000000,4.2076,NA,51207.2989,16.7382,15.8787,0.8595,16.2791,3.6210,3.5531,0.0679,-0.2990,51207.2989,23.4060,NA
gamemd.exe,18720,0x43D4320,D3D9,0,0,1,Hardware: Independent Flip,51239.9760,NA,16.79840000000000,16.87360000000000,0.96270000000000,3.99460000000000,4.2828,NA,51224.0371,16.9016,15.9389,0.9627,16.3131,3.6204,3.5112,0.1092,-0.1354,51224.0371,24.3363,NA
gamemd.exe,18720,0x43D4320,D3D9,0,0,1,Hardware: Independent Flip,51257.0913,NA,17.11530000000000,18.38950000000000,2.29690000000000,4.77050000000000,5.5570,NA,51240.9387,18.4495,16.1526,2.2969,16.9561,3.9670,3.8874,0.0796,-1.4879,51240.9387,26.6507,NA
gamemd.exe,18720,0x43D4320,D3D9,0,0,1,Hardware: Independent Flip,51273.2755,NA,16.18420000000000,14.81890000000000,0.98150000000000,4.07520000000000,4.1917,NA,51259.3882,14.8688,13.8873,0.9815,14.3184,3.6441,3.5842,0.0599,3.6306,51259.3882,9.5455,NA
gamemd.exe,18720,0x43D4320,D3D9,0,0,1,Hardware: Independent Flip,51290.2479,NA,16.97240000000000,17.05870000000000,0.96040000000000,4.16590000000000,4.2780,NA,51274.2570,16.9513,15.9909,0.9604,16.4350,3.7218,3.6369,0.0849,-2.1899,51274.2570,NA,NA
gamemd.exe,18720,0x43D4320,D3D9,0,0,1,Hardware: Independent Flip,51307.0129,NA,16.76500000000000,16.74980000000000,1.02710000000000,4.14930000000000,4.2628,NA,51291.2083,16.8317,15.8046,1.0271,16.3498,3.6041,3.5244,0.0797,0.2015,51291.2083,10.6669,NA
gamemd.exe,18720,0x43D4320,D3D9,0,0,1,Hardware: Independent Flip,51323.5656,NA,16.55270000000000,16.57770000000000,1.06650000000000,4.16760000000000,4.2878,NA,51308.0400,16.5921,15.5256,1.0665,16.0975,3.5957,3.5090,0.0867,0.2540,51308.0400,NA,NA
gamemd.exe,18720,0x43D4320,D3D9,0,0,1,Hardware: Independent Flip,51339.8446,NA,16.27900000000000,16.27090000000000,1.00160000000000,4.16540000000000,4.2797,NA,51324.6321,16.2141,15.2125,1.0016,15.7044,3.6735,3.6183,0.0552,0.3212,51324.6321,NA,NA
gamemd.exe,18720,0x43D4320,D3D9,0,0,1,Hardware: Independent Flip,51356.6485,NA,16.80390000000000,16.83920000000000,1.22320000000000,4.19160000000000,4.3150,NA,51340.8462,17.0255,15.8023,1.2232,16.3472,3.6467,3.5638,0.0829,-0.6251,51340.8462,NA,NA
gamemd.exe,18720,0x43D4320,D3D9,0,0,1,Hardware: Independent Flip,51373.4063,NA,16.75780000000000,16.94070000000000,1.41780000000000,4.38160000000000,4.4979,NA,51357.8717,16.9524,15.5346,1.4178,16.3329,3.5833,3.5324,0.0509,0.0848,51357.8717,NA,NA
gamemd.exe,18720,0x43D4320,D3D9,0,0,1,Hardware: Independent Flip,51389.8552,NA,16.44890000000000,15.98100000000000,0.83720000000000,3.91860000000000,4.0300,NA,51374.8241,15.8683,15.0311,0.8372,15.4181,3.5316,3.4738,0.0578,0.9714,51374.8241,NA,NA
gamemd.exe,18720,0x43D4320,D3D9,0,0,1,Hardware: Independent Flip,51406.4411,NA,16.58590000000000,16.57750000000000,0.86050000000000,3.84610000000000,4.0216,NA,51390.6924,16.6092,15.7487,0.8605,16.0957,3.4991,3.4556,0.0435,-0.7092,51390.6924,14.5498,NA
gamemd.exe,18720,0x43D4320,D3D9,0,0,1,Hardware: Independent Flip,51423.5990,NA,17.15790000000000,17.08850000000000,0.82140000000000,3.81880000000000,3.9522,NA,51407.3016,17.1188,16.2974,0.8214,16.6962,3.4200,3.3674,0.0526,-0.4793,51407.3016,NA,NA
gamemd.exe,18720,0x43D4320,D3D9,0,0,1,Hardware: Independent Flip,51440.0452,NA,16.44620000000000,16.65440000000000,0.79840000000000,3.99590000000000,4.1604,NA,51424.4204,16.4232,15.6248,0.7984,16.0043,3.6164,3.5545,0.0619,0.4644,51424.4204,NA,NA
gamemd.exe,18720,0x43D4320,D3D9,0,0,1,Hardware: Independent Flip,51457.1666,NA,17.12140000000000,19.07990000000000,1.94020000000000,4.71010000000000,6.1189,NA,51440.8436,18.2632,16.3230,1.9402,17.4719,3.5612,3.4948,0.0664,-2.6567,51440.8436,NA,NA
gamemd.exe,18720,0x43D4320,D3D9,0,0,1,Hardware: Independent Flip,51473.6450,NA,16.47840000000000,14.39910000000000,0.78520000000000,3.92180000000000,4.0396,NA,51459.1068,15.3234,14.5382,0.7852,14.8921,3.5679,3.5241,0.0438,3.8641,51459.1068,NA,NA
gamemd.exe,18720,0x43D4320,D3D9,0,0,1,Hardware: Independent Flip,51490.0884,NA,16.44340000000000,16.56440000000000,1.15770000000000,4.02240000000000,4.1606,NA,51474.4302,16.8159,15.6582,1.1577,16.1760,3.5046,3.4253,0.0793,-1.2410,51474.4302,NA,NA
gamemd.exe,18720,0x43D4320,D3D9,0,0,1,Hardware: Independent Flip,51507.1694,NA,17.08100000000000,17.43670000000000,1.48130000000000,4.38740000000000,4.5163,NA,51491.2461,17.4046,15.9233,1.4813,16.4689,3.8418,3.7849,0.0569,-0.6208,51491.2461,NA,NA
gamemd.exe,18720,0x43D4320,D3D9,0,0,1,Hardware: Independent Flip,51523.4735,NA,16.30410000000000,15.69970000000000,0.80030000000000,3.79690000000000,3.9119,NA,51508.6507,15.6231,14.8228,0.8003,15.1785,3.4412,3.3963,0.0449,1.7049,51508.6507,NA,NA
gamemd.exe,18720,0x43D4320,D3D9,0,0,1,Hardware: Independent Flip,51539.6767,NA,16.20320000000000,16.40090000000000,0.85850000000000,3.99780000000000,4.1096,NA,51524.2738,16.2614,15.4029,0.8585,15.8176,3.5831,3.5316,0.0515,-0.7778,51524.2738,NA,NA
gamemd.exe,18720,0x43D4320,D3D9,0,0,1,Hardware: Independent Flip,51557.5472,NA,17.87050000000000,17.96280000000000,1.07280000000000,4.03580000000000,4.2019,NA,51540.5352,18.0848,17.0120,1.0728,17.4838,3.5640,3.4727,0.0913,-1.7014,51540.5352,NA,NA
gamemd.exe,18720,0x43D4320,D3D9,0,0,1,Hardware: Independent Flip,51573.4842,NA,15.93700000000000,16.44600000000000,1.97570000000000,4.58350000000000,4.7109,NA,51558.6200,16.8399,14.8642,1.9757,15.5728,3.8749,3.8120,0.0629,1.6388,51558.6200,NA,NA
gamemd.exe,18720,0x43D4320,D3D9,0,0,1,Hardware: Independent Flip,51590.0910,NA,16.60680000000000,16.06110000000000,0.77930000000000,4.02610000000000,4.1652,NA,51575.4599,15.4104,14.6311,0.7793,15.0153,3.6419,3.5887,0.0532,0.7788,51575.4599,NA,NA
gamemd.exe,18720,0x43D4320,D3D9,0,0,1,Hardware: Independent Flip,51606.8113,NA,16.72030000000000,16.79940000000000,0.80000000000000,4.12310000000000,4.2443,NA,51590.8703,16.7410,15.9410,0.8000,16.3066,3.7575,3.7052,0.0523,-1.3890,51590.8703,NA,NA
gamemd.exe,18720,0x43D4320,D3D9,0,0,1,Hardware: Independent Flip,51623.3541,NA,16.54280000000000,16.44180000000000,0.79610000000000,4.01010000000000,4.1433,NA,51607.6113,16.5389,15.7428,0.7961,16.1260,3.6269,3.5417,0.0852,0.2992,51607.6113,NA,NA
gamemd.exe,18720,0x43D4320,D3D9,0,0,1,Hardware: Independent Flip,51639.8128,NA,16.45870000000000,16.55080000000000,0.82770000000000,4.07590000000000,4.2354,NA,51624.1502,16.4903,15.6626,0.8277,16.0863,3.6522,3.5660,0.0862,-0.0119,51624.1502,NA,NA
gamemd.exe,18720,0x43D4320,D3D9,0,0,1,Hardware: Independent Flip,51656.8143,NA,17.00150000000000,17.78900000000000,2.13430000000000,4.82480000000000,5.0229,NA,51640.6405,18.3081,16.1738,2.1343,16.9083,4.0903,4.0032,0.0871,-1.2987,51640.6405,NA,NA
gamemd.exe,18720,0x43D4320,D3D9,0,0,1,Hardware: Independent Flip,51673.4916,NA,16.67730000000000,16.42130000000000,1.74530000000000,4.65380000000000,4.7669,NA,51658.9486,16.2883,14.5430,1.7453,15.5702,3.6266,3.5479,0.0787,1.8868,51658.9486,34.3168,34.3168
gamemd.exe,18720,0x43D4320,D3D9,0,0,1,Hardware: Independent Flip,51689.7827,NA,16.29110000000000,15.79950000000000,1.13280000000000,4.16290000000000,4.2753,NA,51675.2369,15.6786,14.5458,1.1328,15.1476,3.5611,3.5076,0.0535,0.4888,51675.2369,NA,NA
gamemd.exe,18720,0x43D4320,D3D9,0,0,1,Hardware: Independent Flip,51706.8593,NA,17.07660000000000,17.25930000000000,1.03030000000000,4.34410000000000,4.4580,NA,51690.9155,16.9741,15.9438,1.0303,16.5016,3.7863,3.7106,0.0757,-1.5807,51690.9155,NA,NA
gamemd.exe,18720,0x43D4320,D3D9,0,0,1,Hardware: Independent Flip,51723.6400,NA,16.78070000000000,16.52530000000000,0.91550000000000,4.09470000000000,4.2026,NA,51707.8896,16.6659,15.7504,0.9155,16.1836,3.6615,3.6070,0.0545,0.4488,51707.8896,NA,NA
gamemd.exe,18720,0x43D4320,D3D9,0,0,1,Hardware: Independent Flip,51740.0967,NA,16.45670000000000,16.67320000000000,1.21590000000000,4.25480000000000,4.4191,NA,51724.5555,16.7571,15.5412,1.2159,16.1180,3.6780,3.6173,0.0607,-0.0073,51724.5555,NA,NA
gamemd.exe,18720,0x43D4320,D3D9,0,0,1,Hardware: Independent Flip,51756.8042,NA,16.70750000000000,16.54100000000000,1.11820000000000,4.14120000000000,4.2526,NA,51741.3126,16.6098,15.4916,1.1182,16.0707,3.5621,3.4827,0.0794,0.2161,51741.3126,21.1333,21.1333
gamemd.exe,18720,0x43D4320,D3D9,0,0,1,Hardware: Independent Flip,51773.4712,NA,16.66700000000000,16.77490000000000,1.20550000000000,4.24550000000000,4.3605,NA,51757.9224,16.7543,15.5488,1.2055,16.1332,3.6611,3.6101,0.0510,-0.1651,51757.9224,NA,NA
gamemd.exe,18720,0x43D4320,D3D9,0,0,1,Hardware: Independent Flip,51790.0607,NA,16.58950000000000,16.27060000000000,0.88410000000000,3.91510000000000,4.0416,NA,51774.6767,16.2681,15.3840,0.8841,15.8160,3.4831,3.4354,0.0477,0.4837,51774.6767,NA,NA
gamemd.exe,18720,0x43D4320,D3D9,0,0,1,Hardware: Independent Flip,51806.7451,NA,16.68440000000000,16.69700000000000,0.80750000000000,3.94240000000000,4.0542,NA,51790.9448,16.6078,15.8003,0.8075,16.2067,3.5360,3.4721,0.0639,-0.4289,51790.9448,NA,NA
gamemd.exe,18720,0x43D4320,D3D9,0,0,1,Hardware: Independent Flip,51823.2965,NA,16.55140000000000,16.51510000000000,0.81980000000000,3.90300000000000,4.0179,NA,51807.5526,16.5637,15.7439,0.8198,16.1176,3.5293,3.4825,0.0468,0.0927,51807.5526,NA,NA
gamemd.exe,18720,0x43D4320,D3D9,0,0,1,Hardware: Independent Flip,51840.2804,NA,16.98390000000000,17.23230000000000,1.17050000000000,4.12760000000000,4.2663,NA,51824.1163,17.3346,16.1641,1.1705,16.6500,3.6417,3.5464,0.0953,-0.6686,51824.1163,16.6080,16.6080
gamemd.exe,18720,0x43D4320,D3D9,0,0,1,Hardware: Independent Flip,51857.0968,NA,16.81640000000000,17.24320000000000,2.14710000000000,4.56880000000000,4.6931,NA,51841.4509,17.7930,15.6459,2.1471,16.3500,3.8647,3.7745,0.0902,0.0914,51841.4509,NA,NA
gamemd.exe,18720,0x43D4320,D3D9,0,0,1,Hardware: Independent Flip,51873.2257,NA,16.12890000000000,15.97320000000000,1.30260000000000,4.42420000000000,4.5374,NA,51859.2439,15.2844,13.9818,1.3026,14.7789,3.6271,3.5738,0.0533,1.8198,51859.2439,NA,NA
gamemd.exe,18720,0x43D4320,D3D9,0,0,1,Hardware: Independent Flip,51889.8431,NA,16.61740000000000,16.32070000000000,1.05630000000000,4.11680000000000,4.2407,NA,51874.5283,16.3711,15.3148,1.0563,15.9542,3.4774,3.4331,0.0443,-1.0363,51874.5283,NA,NA
gamemd.exe,18720,0x43D4320,D3D9,0,0,1,Hardware: Independent Flip,51906.7274,NA,16.88430000000000,16.76080000000000,0.79990000000000,3.97510000000000,4.1172,NA,51890.8994,16.6279,15.8280,0.7999,16.2035,3.5996,3.5413,0.0583,-0.3897,51890.8994,NA,NA
gamemd.exe,18720,0x43D4320,D3D9,0,0,1,Hardware: Independent Flip,51923.3874,NA,16.66000000000000,16.81250000000000,0.80200000000000,4.07680000000000,4.2697,NA,51907.5273,16.6621,15.8601,0.8020,16.2424,3.6945,3.6438,0.0507,-0.1846,51907.5273,NA,NA
gamemd.exe,18720,0x43D4320,D3D9,0,0,1,Hardware: Independent Flip,51940.1075,NA,16.72010000000000,17.18940000000000,2.27220000000000,4.59810000000000,4.7390,NA,51924.1894,18.1903,15.9181,2.2722,16.6896,3.8266,3.7554,0.0712,-0.5273,51924.1894,28.9307,28.9307
gamemd.exe,18720,0x43D4320,D3D9,0,0,1,Hardware: Independent Flip,51957.1590,NA,17.05150000000000,16.53300000000000,1.25570000000000,4.11040000000000,4.2205,NA,51942.3797,16.0350,14.7793,1.2557,15.3939,3.4958,3.4359,0.0599,1.6573,51942.3797,NA,NA
gamemd.exe,18720,0x43D4320,D3D9,0,0,1,Hardware: Independent Flip,51973.4468,NA,16.28780000000000,16.40650000000000,0.96300000000000,4.14160000000000,4.3392,NA,51958.4147,15.9951,15.0321,0.9630,15.4778,3.6959,3.6371,0.0588,-0.3715,51958.4147,NA,NA
gamemd.exe,18720,0x43D4320,D3D9,0,0,1,Hardware: Independent Flip,51990.1013,NA,16.65450000000000,16.40610000000000,0.97450000000000,3.95690000000000,4.0908,NA,51974.4098,16.6660,15.6915,0.9745,16.1268,3.5216,3.4660,0.0556,-0.4110,51974.4098,NA,NA
gamemd.exe,18720,0x43D4320,D3D9,0,0,1,Hardware: Independent Flip,52006.4974,NA,16.39610000000000,16.49040000000000,0.85180000000000,4.04970000000000,4.1851,NA,51991.0758,16.2734,15.4216,0.8518,15.8051,3.6662,3.5986,0.0676,0.1756,51991.0758,NA,NA
gamemd.exe,18720,0x43D4320,D3D9,0,0,1,Hardware: Independent Flip,52023.4492,NA,16.95180000000000,16.88220000000000,0.78030000000000,3.98540000000000,4.1155,NA,52007.3492,16.8803,16.1000,0.7803,16.4707,3.6147,3.5577,0.0570,-0.6088,52007.3492,NA,NA
gamemd.exe,18720,0x43D4320,D3D9,0,0,1,Hardware: Independent Flip,52040.0891,NA,16.63990000000000,16.99380000000000,1.01740000000000,4.29960000000000,4.4694,NA,52024.2295,16.8770,15.8596,1.0174,16.2945,3.8647,3.7844,0.0803,-0.1135,52024.2295,NA,NA
gamemd.exe,18720,0x43D4320,D3D9,0,0,1,Hardware: Independent Flip,52056.9197,NA,16.83060000000000,16.80140000000000,1.24240000000000,4.30190000000000,4.4402,NA,52041.1065,17.0556,15.8132,1.2424,16.5526,3.5625,3.4621,0.1004,0.0756,52041.1065,NA,NA
gamemd.exe,18720,0x43D4320,D3D9,0,0,1,Hardware: Independent Flip,52073.0200,NA,16.10030000000000,15.98110000000000,1.01930000000000,4.20340000000000,4.3210,NA,52058.1621,15.8772,14.8579,1.0193,15.2860,3.7753,3.6827,0.0926,1.0745,52058.1621,NA,NA
gamemd.exe,18720,0x43D4320,D3D9,0,0,1,Hardware: Independent Flip,52090.1133,NA,17.09330000000000,16.98570000000000,1.04870000000000,4.10100000000000,4.2134,NA,52074.0393,17.1227,16.0740,1.0487,16.6106,3.5644,3.4911,0.0733,-1.1085,52074.0393,NA,NA
gamemd.exe,18720,0x43D4320,D3D9,0,0,1,Hardware: Independent Flip,52106.7495,NA,16.63620000000000,16.58980000000000,1.00340000000000,4.05460000000000,4.1670,NA,52091.1620,16.5909,15.5875,1.0034,16.0411,3.6010,3.5463,0.0547,0.5329,52091.1620,NA,NA
gamemd.exe,18720,0x43D4320,D3D9,0,0,1,Hardware: Independent Flip,52123.4907,NA,16.74120000000000,16.62000000000000,0.87810000000000,3.93150000000000,4.0458,NA,52107.7529,16.6159,15.7378,0.8781,16.1286,3.5407,3.4978,0.0429,-0.0291,52107.7529,NA,NA
gamemd.exe,18720,0x43D4320,D3D9,0,0,1,Hardware: Independent Flip,52140.4477,NA,16.95700000000000,17.68850000000000,1.57450000000000,4.56750000000000,4.7773,NA,52124.3688,17.6534,16.0789,1.5745,17.0335,3.6129,3.5457,0.0672,-1.0726,52124.3688,NA,NA
gamemd.exe,18720,0x43D4320,D3D9,0,0,1,Hardware: Independent Flip,52157.2594,NA,16.81170000000000,16.09620000000000,0.91260000000000,3.93590000000000,4.0618,NA,52142.0222,16.1498,15.2372,0.9126,15.6569,3.5162,3.4677,0.0485,1.5572,52142.0222,NA,NA
gamemd.exe,18720,0x43D4320,D3D9,0,0,1,Hardware: Independent Flip,52173.4680,NA,16.20860000000000,16.32320000000000,0.85800000000000,4.06350000000000,4.1764,NA,52158.1720,16.1540,15.2960,0.8580,15.6331,3.7264,3.6714,0.0550,-0.1734,52158.1720,NA,NA
gamemd.exe,18720,0x43D4320,D3D9,0,0,1,Hardware: Independent Flip,52190.1284,NA,16.66040000000000,16.71560000000000,0.95610000000000,4.06940000000000,4.2316,NA,52174.3260,16.7585,15.8024,0.9561,16.2668,3.6050,3.5245,0.0805,-0.5616,52174.3260,NA,NA
gamemd.exe,18720,0x43D4320,D3D9,0,0,1,Hardware: Independent Flip,52206.9593,NA,16.83090000000000,17.37120000000000,1.76060000000000,4.64290000000000,4.7719,NA,52191.0845,17.6354,15.8748,1.7606,16.9064,3.6113,3.5339,0.0774,-0.6127,52191.0845,NA,NA
gamemd.exe,18720,0x43D4320,D3D9,0,0,1,Hardware: Independent Flip,52223.1728,NA,16.21350000000000,15.61970000000000,0.96600000000000,4.06430000000000,4.1781,NA,52208.7199,15.4189,14.4529,0.9660,14.8914,3.6258,3.5768,0.0490,2.0157,52208.7199,NA,NA
gamemd.exe,18720,0x43D4320,D3D9,0,0,1,Hardware: Independent Flip,52239.9632,NA,16.79040000000000,16.98730000000000,1.22790000000000,4.22230000000000,4.3750,NA,52224.1388,17.0523,15.8244,1.2279,16.3803,3.6664,3.5978,0.0686,-1.5684,52224.1388,NA,NA
gamemd.exe,18720,0x43D4320,D3D9,0,0,1,Hardware: Independent Flip,52256.7015,NA,16.73830000000000,16.78220000000000,1.54150000000000,4.30340000000000,4.4189,NA,52241.1911,17.0519,15.5104,1.5415,16.1554,3.6584,3.6051,0.0533,0.2701,52241.1911,NA,NA
gamemd.exe,18720,0x43D4320,D3D9,0,0,1,Hardware: Independent Flip,52273.0987,NA,16.39720000000000,16.06530000000000,0.80900000000000,3.96830000000000,4.0870,NA,52258.2430,15.6647,14.8557,0.8090,15.2432,3.5808,3.5384,0.0424,0.9866,52258.2430,NA,NA
gamemd.exe,18720,0x43D4320,D3D9,0,0,1,Hardware: Independent Flip,52289.9897,NA,16.89100000000000,16.77090000000000,0.80820000000000,3.83260000000000,3.9669,NA,52273.9077,16.8902,16.0820,0.8082,16.4635,3.4511,3.4099,0.0412,-1.1062,52273.9077,NA,NA
gamemd.exe,18720,0x43D4320,D3D9,0,0,1,Hardware: Independent Flip,52306.8080,NA,16.81830000000000,17.00170000000000,0.87950000000000,4.03820000000000,4.1503,NA,52290.7979,16.8896,16.0101,0.8795,16.4690,3.5793,3.5250,0.0543,-0.1115,52290.7979,NA,NA
gamemd.exe,18720,0x43D4320,D3D9,0,0,1,Hardware: Independent Flip,52324.0248,NA,17.21680000000000,17.46390000000000,1.28290000000000,4.22460000000000,4.3974,NA,52307.6875,17.6202,16.3373,1.2829,16.8868,3.6751,3.5972,0.0779,-0.5743,52307.6875,NA,NA
gamemd.exe,18720,0x43D4320,D3D9,0,0,1,Hardware: Independent Flip,52340.2132,NA,16.18840000000000,16.46590000000000,1.86660000000000,4.53320000000000,4.6749,NA,52325.3077,16.7721,14.9055,1.8666,15.6816,3.7571,3.7046,0.0525,1.1543,52325.3077,NA,NA
gamemd.exe,18720,0x43D4320,D3D9,0,0,1,Hardware: Independent Flip,52356.5301,NA,16.31690000000000,15.67980000000000,0.84200000000000,3.92230000000000,4.0378,NA,52342.0798,15.2923,14.4503,0.8420,14.8436,3.5290,3.4643,0.0647,1.0923,52342.0798,NA,NA
gamemd.exe,18720,0x43D4320,D3D9,0,0,1,Hardware: Independent Flip,52373.1315,NA,16.60140000000000,16.63720000000000,0.83380000000000,3.94000000000000,4.0736,NA,52357.3721,16.5932,15.7594,0.8338,16.1712,3.5282,3.4724,0.0558,-1.3449,52357.3721,21.2686,NA
gamemd.exe,18720,0x43D4320,D3D9,0,0,1,Hardware: Independent Flip,52389.8515,NA,16.72000000000000,16.65960000000000,0.79180000000000,3.89990000000000,4.0132,NA,52373.9653,16.6780,15.8862,0.7918,16.2745,3.5116,3.4557,0.0559,-0.0664,52373.9653,21.9472,NA
gamemd.exe,18720,0x43D4320,D3D9,0,0,1,Hardware: Independent Flip,52406.3360,NA,16.48450000000000,16.57130000000000,0.79300000000000,3.98140000000000,4.1000,NA,52390.6433,16.4857,15.6927,0.7930,16.0757,3.5984,3.5345,0.0639,0.1067,52390.6433,22.5055,NA
gamemd.exe,18720,0x43D4320,D3D9,0,0,1,Hardware: Independent Flip,52423.6445,NA,17.30850000000000,17.53540000000000,0.91070000000000,4.12520000000000,4.3269,NA,52407.1290,17.4262,16.5155,0.9107,16.9146,3.7261,3.6524,0.0737,-1.0497,52407.1290,24.0306,NA
gamemd.exe,18720,0x43D4320,D3D9,0,0,1,Hardware: Independent Flip,52439.9085,NA,16.26400000000000,17.10130000000000,1.80080000000000,4.95260000000000,5.1642,NA,52424.5552,17.1541,15.3533,1.8008,16.1433,4.1626,4.0420,0.1206,0.3249,52424.5552,25.1223,NA
gamemd.exe,18720,0x43D4320,D3D9,0,0,1,Hardware: Independent Flip,52456.3909,NA,16.48240000000000,15.55610000000000,0.88200000000000,4.06570000000000,4.2379,NA,52441.7093,15.5636,14.6816,0.8820,15.0898,3.6575,3.5922,0.0653,1.5980,52441.7093,24.6816,NA
gamemd.exe,18720,0x43D4320,D3D9,0,0,1,Hardware: Independent Flip,52473.1197,NA,16.72880000000000,16.63830000000000,1.09550000000000,4.02400000000000,4.1474,NA,52457.2729,16.9423,15.8468,1.0955,16.3154,3.5554,3.4805,0.0749,-1.0747,52457.2729,9.1152,NA
gamemd.exe,18720,0x43D4320,D3D9,0,0,1,Hardware: Independent Flip,52489.6448,NA,16.52510000000000,16.48830000000000,0.92730000000000,3.99490000000000,4.1106,NA,52474.2152,16.3569,15.4296,0.9273,15.8503,3.5742,3.4987,0.0755,0.4540,52474.2152,NA,NA
gamemd.exe,18720,0x43D4320,D3D9,0,0,1,Hardware: Independent Flip,52506.4774,NA,16.83260000000000,17.21360000000000,1.25930000000000,4.35050000000000,4.4916,NA,52490.5721,17.1646,15.9053,1.2593,16.4014,3.8544,3.7640,0.0904,-0.8567,52490.5721,10.5302,NA
gamemd.exe,18720,0x43D4320,D3D9,0,0,1,Hardware: Independent Flip,52524.0984,NA,17.62100000000000,18.87970000000000,1.76840000000000,4.73560000000000,5.7503,NA,52507.7367,18.1301,16.3617,1.7684,17.4870,3.6103,3.5238,0.0865,-1.7151,52507.7367,NA,NA
gamemd.exe,18720,0x43D4320,D3D9,0,0,1,Hardware: Independent Flip,52540.0369,NA,15.93850000000000,14.62950000000000,1.45460000000000,4.28120000000000,4.4413,NA,52525.8668,15.6247,14.1701,1.4546,14.7249,3.7264,3.6233,0.1031,3.5006,52525.8668,NA,NA
gamemd.exe,18720,0x43D4320,D3D9,0,0,1,Hardware: Independent Flip,52556.8128,NA,16.77590000000000,16.57640000000000,1.11770000000000,4.11320000000000,4.2418,NA,52541.4915,16.4390,15.3213,1.1177,15.8728,3.5617,3.5170,0.0447,-0.9517,52541.4915,NA,NA
gamemd.exe,18720,0x43D4320,D3D9,0,0,1,Hardware: Independent Flip,52573.2384,NA,16.42560000000000,16.34660000000000,1.10270000000000,4.04710000000000,4.1628,NA,52557.9305,16.4106,15.3079,1.1027,15.8731,3.4819,3.4346,0.0473,0.0924,52557.9305,NA,NA
gamemd.exe,18720,0x43D4320,D3D9,0,0,1,Hardware: Independent Flip,52589.8138,NA,16.57540000000000,16.63410000000000,0.95640000000000,4.04490000000000,4.2215,NA,52574.3411,16.4291,15.4727,0.9564,15.9791,3.5385,3.4952,0.0433,-0.2235,52574.3411,14.1412,NA
gamemd.exe,18720,0x43D4320,D3D9,0,0,1,Hardware: Independent Flip,52606.8066,NA,16.99280000000000,19.16720000000000,2.14090000000000,4.89570000000000,6.3959,NA,52590.7702,18.1773,16.0364,2.1409,17.1619,3.7702,3.7027,0.0675,-2.7381,52590.7702,9.2952,25.2314
gamemd.exe,18720,0x43D4320,D3D9,0,0,1,Hardware: Independent Flip,52623.0557,NA,16.24910000000000,13.95830000000000,0.84320000000000,3.98950000000000,4.1051,NA,52608.9475,14.9514,14.1082,0.8432,14.5107,3.5870,3.5142,0.0728,4.2190,52608.9475,15.2626,NA
gamemd.exe,18720,0x43D4320,D3D9,0,0,1,Hardware: Independent Flip,52640.2173,NA,17.16160000000000,17.32760000000000,0.90220000000000,4.14870000000000,4.2711,NA,52623.8989,17.2206,16.3184,0.9022,16.7200,3.7471,3.6914,0.0557,-2.3762,52623.8989,16.5355,NA
gamemd.exe,18720,0x43D4320,D3D9,0,0,1,Hardware: Independent Flip,52656.6915,NA,16.47420000000000,16.34250000000000,0.78810000000000,4.01620000000000,4.1394,NA,52641.1195,16.3601,15.5720,0.7881,15.9376,3.6506,3.6083,0.0423,0.8781,52641.1195,16.9036,NA
gamemd.exe,18720,0x43D4320,D3D9,0,0,1,Hardware: Independent Flip,52673.4499,NA,16.75840000000000,16.68300000000000,0.85730000000000,3.93720000000000,4.0640,NA,52657.4796,16.8276,15.9703,0.8573,16.3531,3.5544,3.5008,0.0536,-0.3229,52657.4796,9.3376,NA
gamemd.exe,18720,0x43D4320,D3D9,0,0,1,Hardware: Independent Flip,52690.0067,NA,16.55680000000000,16.75370000000000,1.18320000000000,4.10710000000000,4.2609,NA,52674.3072,16.8827,15.6995,1.1832,16.2501,3.5565,3.4856,0.0709,0.0739,52674.3072,18.3171,NA
gamemd.exe,18720,0x43D4320,D3D9,0,0,1,Hardware: Independent Flip,52706.8307,NA,16.82400000000000,17.18710000000000,1.83450000000000,4.50000000000000,4.6240,NA,52691.1899,17.4753,15.6408,1.8345,16.3814,3.7594,3.7104,0.0490,-0.3044,52691.1899,19.5575,NA
gamemd.exe,18720,0x43D4320,D3D9,0,0,1,Hardware: Independent Flip,52723.1524,NA,16.32170000000000,15.76800000000000,0.93890000000000,3.95350000000000,4.0703,NA,52708.6652,15.4261,14.4872,0.9389,14.8722,3.5685,3.5113,0.0572,1.7073,52708.6652,19.1859,NA
gamemd.exe,18720,0x43D4320,D3D9,0,0,1,Hardware: Independent Flip,52740.1579,NA,17.00550000000000,17.02240000000000,0.80420000000000,3.96590000000000,4.0872,NA,52724.0913,16.8708,16.0666,0.8042,16.4231,3.6094,3.5694,0.0400,-1.5963,52724.0913,20.3548,NA
gamemd.exe,18720,0x43D4320,D3D9,0,0,1,Hardware: Independent Flip,52756.4091,NA,16.25120000000000,16.19440000000000,0.79650000000000,3.91610000000000,4.0304,NA,52740.9621,16.2435,15.4470,0.7965,15.8069,3.5562,3.4995,0.0567,0.6764,52740.9621,20.5187,NA
gamemd.exe,18720,0x43D4320,D3D9,0,0,1,Hardware: Independent Flip,52773.4417,NA,17.03260000000000,17.51360000000000,1.17660000000000,4.38440000000000,4.5114,NA,52757.2056,17.4127,16.2361,1.1766,16.9682,3.6523,3.5925,0.0598,-1.2701,52757.2056,22.0272,NA
gamemd.exe,18720,0x43D4320,D3D9,0,0,1,Hardware: Independent Flip,52790.3697,NA,16.92800000000000,18.54910000000000,2.12280000000000,4.83790000000000,6.1325,NA,52774.6183,17.8742,15.7514,2.1228,17.0116,3.5777,3.5081,0.0696,-1.1364,52774.6183,24.5642,32.6032
gamemd.exe,18720,0x43D4320,D3D9,0,0,1,Hardware: Independent Flip,52806.9493,NA,16.57960000000000,15.32800000000000,1.58940000000000,4.67840000000000,4.8809,NA,52792.4925,16.0462,14.4568,1.5894,15.0785,4.0567,3.9798,0.0769,2.5462,52792.4925,23.9183,NA
gamemd.exe,18720,0x43D4320,D3D9,0,0,1,Hardware: Independent Flip,52823.8158,NA,16.86650000000000,16.26240000000000,0.85630000000000,4.09380000000000,4.2768,NA,52808.5387,16.1334,15.2771,0.8563,15.7088,3.6621,3.6195,0.0426,-0.2162,52808.5387,24.1550,NA
gamemd.exe,18720,0x43D4320,D3D9,0,0,1,Hardware: Independent Flip,52840.0631,NA,16.24730000000000,16.14330000000000,0.80930000000000,4.02070000000000,4.1728,NA,52824.6721,16.2003,15.3910,0.8093,15.7749,3.6368,3.5705,0.0663,-0.0099,52824.6721,24.2936,NA
gamemd.exe,18720,0x43D4320,D3D9,0,0,1,Hardware: Independent Flip,52856.5095,NA,16.44640000000000,16.31940000000000,0.79370000000000,3.90980000000000,4.0458,NA,52840.8724,16.4308,15.6371,0.7937,15.9863,3.5606,3.4996,0.0610,-0.1191,52840.8724,24.4295,NA
gamemd.exe,18720,0x43D4320,D3D9,0,0,1,Hardware: Independent Flip,52873.1859,NA,16.67640000000000,17.17270000000000,0.76050000000000,4.27460000000000,4.5421,NA,52857.3032,16.6432,15.8827,0.7605,16.2509,3.9064,3.8377,0.0687,-0.7419,52857.3032,25.6736,NA
gamemd.exe,18720,0x43D4320,D3D9,0,0,1,Hardware: Independent Flip,52890.0722,NA,16.88630000000000,17.39320000000000,1.82410000000000,4.82580000000000,5.0490,NA,52873.9464,17.9499,16.1258,1.8241,17.1459,3.8057,3.7154,0.0903,-0.7500,52873.9464,27.0067,NA
gamemd.exe,18720,0x43D4320,D3D9,0,0,1,Hardware: Independent Flip,52907.1148,NA,17.04260000000000,16.10880000000000,1.01680000000000,3.98830000000000,4.1152,NA,52891.8963,16.2353,15.2185,1.0168,15.6372,3.5696,3.4999,0.0697,1.8411,52891.8963,11.2574,NA
gamemd.exe,18720,0x43D4320,D3D9,0,0,1,Hardware: Independent Flip,52923.5047,NA,16.38990000000000,16.54430000000000,1.12460000000000,4.14620000000000,4.2696,NA,52908.1316,16.4977,15.3731,1.1246,15.8389,3.6804,3.6286,0.0518,-0.3090,52908.1316,11.8455,NA
gamemd.exe,18720,0x43D4320,D3D9,0,0,1,Hardware: Independent Flip,52940.0951,NA,16.59040000000000,16.77730000000000,1.02420000000000,4.34060000000000,4.4565,NA,52924.6293,16.4900,15.4658,1.0242,16.0382,3.7682,3.7246,0.0436,-0.2796,52924.6293,12.6385,NA
gamemd.exe,18720,0x43D4320,D3D9,0,0,1,Hardware: Independent Flip,52956.7515,NA,16.65640000000000,16.20550000000000,1.04490000000000,3.86790000000000,4.0056,NA,52941.1193,16.6771,15.6322,1.0449,16.0404,3.4597,3.4060,0.0537,0.2845,52941.1193,12.8545,NA
gamemd.exe,18720,0x43D4320,D3D9,0,0,1,Hardware: Independent Flip,52973.0495,NA,16.29800000000000,16.57630000000000,1.01340000000000,4.16640000000000,4.2839,NA,52957.7964,16.2665,15.2531,1.0134,15.7039,3.7156,3.6570,0.0586,0.1008,52957.7964,13.4160,NA
gamemd.exe,18720,0x43D4320,D3D9,0,0,1,Hardware: Independent Flip,52990.0106,NA,16.96110000000000,17.05050000000000,1.37200000000000,4.22400000000000,4.3733,NA,52974.0629,17.3197,15.9477,1.3720,16.5812,3.5905,3.5078,0.0827,-0.7840,52974.0629,14.4776,NA
gamemd.exe,18720,0x43D4320,D3D9,0,0,1,Hardware: Independent Flip,53006.8482,NA,16.83760000000000,18.74170000000000,2.15210000000000,4.83970000000000,6.2774,NA,52991.3826,17.6177,15.4656,2.1521,16.4896,3.8157,3.7584,0.0573,-1.4220,52991.3826,9.1975,NA
gamemd.exe,18720,0x43D4320,D3D9,0,0,1,Hardware: Independent Flip,53023.5505,NA,16.70230000000000,14.43650000000000,0.86770000000000,3.89950000000000,4.0116,NA,53009.0003,15.4179,14.5502,0.8677,14.9579,3.4918,3.4362,0.0556,3.1812,53009.0003,15.6499,NA
gamemd.exe,18720,0x43D4320,D3D9,0,0,1,Hardware: Independent Flip,53039.8182,NA,16.26770000000000,16.28410000000000,0.78300000000000,3.90660000000000,4.0280,NA,53024.4182,16.1830,15.4000,0.7830,15.7679,3.5387,3.4966,0.0421,-0.8662,53024.4182,15.9600,NA
gamemd.exe,18720,0x43D4320,D3D9,0,0,1,Hardware: Independent Flip,53056.6922,NA,16.87400000000000,17.00110000000000,0.86230000000000,4.03420000000000,4.1551,NA,53040.6012,16.9533,16.0910,0.8623,16.5180,3.6072,3.5522,0.0550,-0.8181,53040.6012,16.9426,NA
gamemd.exe,18720,0x43D4320,D3D9,0,0,1,Hardware: Independent Flip,53073.1923,NA,16.50010000000000,16.49970000000000,0.81210000000000,3.97540000000000,4.1547,NA,53057.5545,16.4499,15.6378,0.8121,16.0108,3.6024,3.5543,0.0481,0.4536,53057.5545,9.1619,NA
gamemd.exe,18720,0x43D4320,D3D9,0,0,1,Hardware: Independent Flip,53090.0510,NA,16.85870000000000,17.63080000000000,2.42580000000000,4.76750000000000,4.9268,NA,53074.0044,18.4724,16.0466,2.4258,16.8685,3.9456,3.8672,0.0784,-1.1809,53074.0044,19.0579,NA
gamemd.exe,18720,0x43D4320,D3D9,0,0,1,Hardware: Independent Flip,53106.8807,NA,16.82970000000000,16.32000000000000,1.37590000000000,4.30020000000000,4.4171,NA,53092.4768,15.7798,14.4039,1.3759,15.1248,3.5793,3.5125,0.0668,2.1524,53092.4768,19.2027,NA
gamemd.exe,18720,0x43D4320,D3D9,0,0,1,Hardware: Independent Flip,53123.3564,NA,16.47570000000000,15.99820000000000,0.96680000000000,3.79740000000000,3.9396,NA,53108.2566,16.0666,15.0998,0.9668,15.4743,3.4229,3.3745,0.0484,-0.2184,53108.2566,19.4104,NA
gamemd.exe,18720,0x43D4320,D3D9,0,0,1,Hardware: Independent Flip,53140.4612,NA,17.10480000000000,17.36600000000000,1.10860000000000,4.08960000000000,4.2008,NA,53124.3232,17.2466,16.1380,1.1086,16.6354,3.5922,3.5212,0.0710,-1.2994,53124.3232,20.7805,NA
gamemd.exe,18720,0x43D4320,D3D9,0,0,1,Hardware: Independent Flip,53157.0194,NA,16.55820000000000,16.48390000000000,0.88370000000000,4.01230000000000,4.1265,NA,53141.5698,16.3333,15.4496,0.8837,15.8842,3.5777,3.5218,0.0559,0.7627,53141.5698,21.2417,NA
gamemd.exe,18720,0x43D4320,D3D9,0,0,1,Hardware: Independent Flip,53173.5372,NA,16.51780000000000,16.50160000000000,0.83520000000000,3.98570000000000,4.1103,NA,53157.9031,16.4693,15.6341,0.8352,16.0158,3.6040,3.5520,0.0520,-0.1683,53157.9031,21.6529,NA
gamemd.exe,18720,0x43D4320,D3D9,0,0,1,Hardware: Independent Flip,53190.1525,NA,16.61530000000000,16.78540000000000,1.16890000000000,4.13340000000000,4.2804,NA,53174.3724,16.9490,15.7801,1.1689,16.2855,3.6280,3.5332,0.0948,-0.3161,53174.3724,30.5295,NA
gamemd.exe,18720,0x43D4320,D3D9,0,0,1,Hardware: Independent Flip,53206.7859,NA,16.63340000000000,16.98910000000000,1.73570000000000,4.49690000000000,4.6361,NA,53191.3214,17.2002,15.4645,1.7357,16.1760,3.7854,3.7200,0.0654,-0.0401,53191.3214,NA,NA
gamemd.exe,18720,0x43D4320,D3D9,0,0,1,Hardware: Independent Flip,53223.5212,NA,16.73530000000000,16.19130000000000,0.83280000000000,3.97580000000000,4.0921,NA,53208.5216,15.8324,14.9996,0.8328,15.4174,3.5580,3.4638,0.0942,1.0089,53208.5216,NA,NA
gamemd.exe,18720,0x43D4320,D3D9,0,0,1,Hardware: Independent Flip,53239.7411,NA,16.21990000000000,16.34630000000000,0.78580000000000,4.10170000000000,4.2185,NA,53224.3540,16.1729,15.3871,0.7858,15.7789,3.7099,3.6186,0.0913,-0.5139,53224.3540,NA,NA
gamemd.exe,18720,0x43D4320,D3D9,0,0,1,Hardware: Independent Flip,53256.5413,NA,16.80020000000000,16.73570000000000,1.04000000000000,4.03710000000000,4.1540,NA,53240.5269,17.0544,16.0144,1.0400,16.4477,3.6038,3.5463,0.0575,-0.5628,53240.5269,NA,NA
gamemd.exe,18720,0x43D4320,D3D9,0,0,1,Hardware: Independent Flip,53273.2386,NA,16.69730000000000,16.80220000000000,1.05670000000000,4.11880000000000,4.2589,NA,53257.5813,16.7140,15.6573,1.0567,16.2291,3.5470,3.4875,0.0595,0.2522,53257.5813,NA,NA
gamemd.exe,18720,0x43D4320,D3D9,0,0,1,Hardware: Independent Flip,53290.4351,NA,17.19650000000000,17.40960000000000,1.33760000000000,4.31210000000000,4.4720,NA,53274.2953,17.4774,16.1398,1.3376,16.8117,3.6402,3.5612,0.0790,-0.6956,53274.2953,NA,NA
gamemd.exe,18720,0x43D4320,D3D9,0,0,1,Hardware: Independent Flip,53306.8709,NA,16.43580000000000,16.33560000000000,1.06540000000000,4.20600000000000,4.3718,NA,53291.7727,16.1636,15.0982,1.0654,15.6571,3.6471,3.5908,0.0563,1.1418,53291.7727,NA,NA
gamemd.exe,18720,0x43D4320,D3D9,0,0,1,Hardware: Independent Flip,53323.4806,NA,16.60970000000000,16.51050000000000,0.99200000000000,4.15350000000000,4.2726,NA,53307.9363,16.5363,15.5443,0.9920,16.0098,3.6880,3.6217,0.0663,-0.3469,53307.9363,NA,NA
gamemd.exe,18720,0x43D4320,D3D9,0,0,1,Hardware: Independent Flip,53340.2818,NA,16.80120000000000,16.79840000000000,0.91100000000000,4.15400000000000,4.2698,NA,53324.4726,16.7202,15.8092,0.9110,16.2762,3.6870,3.6384,0.0486,-0.2621,53324.4726,NA,NA
gamemd.exe,18720,0x43D4320,D3D9,0,0,1,Hardware: Independent Flip,53356.4706,NA,16.18880000000000,15.90520000000000,0.84220000000000,3.86750000000000,3.9862,NA,53341.1928,16.1200,15.2778,0.8422,15.6541,3.4912,3.4448,0.0464,0.8150,53341.1928,NA,NA
gamemd.exe,18720,0x43D4320,D3D9,0,0,1,Hardware: Independent Flip,53373.0989,NA,16.62830000000000,16.83670000000000,0.77820000000000,4.08450000000000,4.1946,NA,53357.3128,16.5643,15.7861,0.7782,16.1255,3.7451,3.6894,0.0557,-0.7167,53357.3128,NA,NA
gamemd.exe,18720,0x43D4320,D3D9,0,0,1,Hardware: Independent Flip,53390.0391,NA,16.94020000000000,16.92790000000000,1.15400000000000,4.04290000000000,4.1823,NA,53373.8771,17.3160,16.1620,1.1540,16.6407,3.5642,3.4860,0.0782,-0.3636,53373.8771,NA,NA
gamemd.exe,18720,0x43D4320,D3D9,0,0,1,Hardware: Independent Flip,53406.6866,NA,16.64750000000000,16.81670000000000,1.25390000000000,4.23800000000000,4.3515,NA,53391.1931,16.7474,15.4935,1.2539,16.0965,3.6350,3.5712,0.0638,0.4993,53391.1931,15.1171,NA
gamemd.exe,18720,0x43D4320,D3D9,0,0,1,Hardware: Independent Flip,53423.2530,NA,16.56640000000000,16.37190000000000,0.89650000000000,4.03500000000000,4.1570,NA,53407.9405,16.2090,15.3125,0.8965,15.7147,3.6328,3.5806,0.0522,0.3755,53407.9405,15.5176,NA
gamemd.exe,18720,0x43D4320,D3D9,0,0,1,Hardware: Independent Flip,53439.9155,NA,16.66250000000000,16.63780000000000,0.88530000000000,3.98660000000000,4.1323,NA,53424.1495,16.6513,15.7660,0.8853,16.1561,3.5965,3.5475,0.0490,-0.4288,53424.1495,16.1661,NA
gamemd.exe,18720,0x43D4320,D3D9,0,0,1,Hardware: Independent Flip,53456.6941,NA,16.77860000000000,17.03650000000000,1.28300000000000,4.23840000000000,4.3902,NA,53440.8008,17.1763,15.8933,1.2830,16.5425,3.5892,3.4875,0.1017,-0.3852,53440.8008,9.0902,NA
gamemd.exe,18720,0x43D4320,D3D9,0,0,1,Hardware: Independent Flip,53473.4554,NA,16.76130000000000,16.89210000000000,1.52750000000000,4.41010000000000,4.5210,NA,53457.9771,17.0058,15.4783,1.5275,16.2598,3.6286,3.5794,0.0492,0.2842,53457.9771,18.0752,NA
gamemd.exe,18720,0x43D4320,D3D9,0,0,1,Hardware: Independent Flip,53490.5190,NA,17.06360000000000,17.06920000000000,1.48350000000000,4.33620000000000,4.5266,NA,53474.9829,17.0196,15.5361,1.4835,16.2826,3.5897,3.5024,0.0873,-0.0634,53474.9829,19.0958,NA
gamemd.exe,18720,0x43D4320,D3D9,0,0,1,Hardware: Independent Flip,53507.0214,NA,16.50240000000000,18.06450000000000,2.09100000000000,4.71710000000000,6.0887,NA,53492.0025,17.1099,15.0189,2.0910,15.8266,3.9094,3.8378,0.0716,-1.0449,53492.0025,21.2074,NA
gamemd.exe,18720,0x43D4320,D3D9,0,0,1,Hardware: Independent Flip,53523.2083,NA,16.18690000000000,14.64970000000000,1.50370000000000,4.43280000000000,4.5515,NA,53509.1124,15.5996,14.0959,1.5037,14.8925,3.6362,3.5938,0.0424,2.4602,53509.1124,19.8095,NA
gamemd.exe,18720,0x43D4320,D3D9,0,0,1,Hardware: Independent Flip,53539.9305,NA,16.72220000000000,16.41000000000000,0.91970000000000,4.12520000000000,4.2393,NA,53524.7120,16.1382,15.2185,0.9197,15.7221,3.6216,3.5748,0.0468,-0.8104,53524.7120,20.2074,NA
gamemd.exe,18720,0x43D4320,D3D9,0,0,1,Hardware: Independent Flip,53556.7363,NA,16.80580000000000,16.89100000000000,0.94960000000000,4.11820000000000,4.3245,NA,53540.8502,16.8357,15.8861,0.9496,16.2698,3.7345,3.6488,0.0857,-0.7528,53540.8502,21.1130,NA
gamemd.exe,18720,0x43D4320,D3D9,0,0,1,Hardware: Independent Flip,53573.9777,NA,17.24140000000000,18.67470000000000,2.02610000000000,4.88290000000000,5.7578,NA,53557.6859,18.3179,16.2918,2.0261,17.1915,3.9832,3.8982,0.0850,-1.8390,53557.6859,23.8370,NA
gamemd.exe,18720,0x43D4320,D3D9,0,0,1,Hardware: Independent Flip,53590.4605,NA,16.48280000000000,15.12300000000000,1.17580000000000,4.19520000000000,4.3980,NA,53576.0038,15.6325,14.4567,1.1758,15.0947,3.5572,3.4953,0.0619,3.1949,53576.0038,22.9485,NA
gamemd.exe,18720,0x43D4320,D3D9,0,0,1,Hardware: Independent Flip,53606.7470,NA,16.28650000000000,16.04500000000000,0.83610000000000,4.02310000000000,4.1565,NA,53591.6363,15.9468,15.1107,0.8361,15.5262,3.6076,3.5631,0.0445,-0.4125,53591.6363,23.0049,NA
gamemd.exe,18720,0x43D4320,D3D9,0,0,1,Hardware: Independent Flip,53623.4399,NA,16.69290000000000,16.66360000000000,0.79820000000000,4.00190000000000,4.1272,NA,53607.5831,16.6550,15.8568,0.7982,16.2331,3.6256,3.5673,0.0583,-0.7168,53607.5831,31.6315,NA
gamemd.exe,18720,0x43D4320,D3D9,0,0,1,Hardware: Independent Flip,53639.8584,NA,16.41850000000000,16.47380000000000,0.79020000000000,4.04750000000000,4.1825,NA,53624.2381,16.4105,15.6203,0.7902,16.0014,3.6664,3.5774,0.0890,0.1812,53624.2381,NA,NA
gamemd.exe,18720,0x43D4320,D3D9,0,0,1,Hardware: Independent Flip,53656.5973,NA,16.73890000000000,16.70710000000000,0.80620000000000,4.00910000000000,4.1507,NA,53640.6486,16.7549,15.9487,0.8062,16.3157,3.6421,3.5859,0.0562,-0.2966,53640.6486,NA,NA
gamemd.exe,18720,0x43D4320,D3D9,0,0,1,Hardware: Independent Flip,53673.2687,NA,16.67140000000000,16.88180000000000,1.01110000000000,4.23220000000000,4.3611,NA,53657.4035,16.8763,15.8652,1.0111,16.3029,3.7945,3.7233,0.0712,-0.1269,53657.4035,NA,NA
gamemd.exe,18720,0x43D4320,D3D9,0,0,1,Hardware: Independent Flip,53690.0584,NA,16.78970000000000,16.96510000000000,1.38380000000000,4.37400000000000,4.5365,NA,53674.2798,17.1624,15.7786,1.3838,16.4861,3.6665,3.5785,0.0880,-0.0888,53674.2798,NA,NA
gamemd.exe,18720,0x43D4320,D3D9,0,0,1,Hardware: Independent Flip,53707.0260,NA,16.96760000000000,16.81430000000000,1.15340000000000,4.27330000000000,4.3832,NA,53691.4422,16.7372,15.5838,1.1534,16.1283,3.7288,3.6728,0.0560,0.3481,53691.4422,NA,NA
gamemd.exe,18720,0x43D4320,D3D9,0,0,1,Hardware: Independent Flip,53723.4091,NA,16.38310000000000,16.16770000000000,0.88970000000000,4.04520000000000,4.1678,NA,53708.1794,16.1194,15.2297,0.8897,15.6539,3.6210,3.5785,0.0425,0.5695,53708.1794,NA,NA
gamemd.exe,18720,0x43D4320,D3D9,0,0,1,Hardware: Independent Flip,53739.9191,NA,16.51000000000000,16.30760000000000,0.77500000000000,3.85110000000000,3.9654,NA,53724.2988,16.3953,15.6203,0.7750,15.9520,3.5194,3.4752,0.0442,-0.1882,53724.2988,NA,NA
gamemd.exe,18720,0x43D4320,D3D9,0,0,1,Hardware: Independent Flip,53756.7350,NA,16.81590000000000,16.90440000000000,0.80140000000000,3.89460000000000,4.0539,NA,53740.6941,16.8423,16.0409,0.8014,16.3696,3.5659,3.5233,0.0426,-0.5091,53740.6941,NA,NA
gamemd.exe,18720,0x43D4320,D3D9,0,0,1,Hardware: Independent Flip,53773.4476,NA,16.71260000000000,16.80840000000000,0.75610000000000,4.01240000000000,4.1497,NA,53757.5364,16.6673,15.9112,0.7561,16.2576,3.6660,3.6178,0.0482,0.0339,53757.5364,NA,NA
gamemd.exe,18720,0x43D4320,D3D9,0,0,1,Hardware: Independent Flip,53790.1970,NA,16.74940000000000,17.08770000000000,1.49610000000000,4.31670000000000,4.4880,NA,53774.2037,17.4894,15.9933,1.4961,16.7415,3.5685,3.4558,0.1127,-0.4204,53774.2037,NA,NA
gamemd.exe,18720,0x43D4320,D3D9,0,0,1,Hardware: Independent Flip,53806.3600,NA,16.16300000000000,15.62380000000000,0.94050000000000,3.82390000000000,3.9488,NA,53791.6931,15.6074,14.6669,0.9405,15.0354,3.4554,3.4139,0.0415,1.8656,53791.6931,NA,NA
gamemd.exe,18720,0x43D4320,D3D9,0,0,1,Hardware: Independent Flip,53823.2697,NA,16.90970000000000,16.94100000000000,0.77060000000000,3.86650000000000,3.9801,NA,53807.3005,16.7398,15.9692,0.7706,16.3155,3.5202,3.4563,0.0639,-1.3336,53807.3005,NA,NA
gamemd.exe,18720,0x43D4320,D3D9,0,0,1,Hardware: Independent Flip,53839.7355,NA,16.46580000000000,16.52890000000000,0.75700000000000,3.92980000000000,4.0432,NA,53824.0403,16.4522,15.6952,0.7570,16.0557,3.5693,3.5086,0.0607,0.2109,53824.0403,NA,NA
gamemd.exe,18720,0x43D4320,D3D9,0,0,1,Hardware: Independent Flip,53856.3707,NA,16.63520000000000,16.64770000000000,0.80210000000000,3.94270000000000,4.0557,NA,53840.4925,16.6803,15.8782,0.8021,16.2488,3.5721,3.5151,0.0570,-0.1955,53840.4925,NA,NA
gamemd.exe,18720,0x43D4320,D3D9,0,0,1,Hardware: Independent Flip,53873.4353,NA,17.06460000000000,17.38290000000000,1.17000000000000,4.24670000000000,4.3740,NA,53857.1728,17.4325,16.2625,1.1700,16.8793,3.6299,3.5522,0.0777,-0.7026,53857.1728,NA,NA
gamemd.exe,18720,0x43D4320,D3D9,0,0,1,Hardware: Independent Flip,53890.2194,NA,16.78410000000000,17.00030000000000,1.43220000000000,4.43980000000000,4.5902,NA,53874.6053,17.0463,15.6141,1.4322,16.4384,3.6155,3.5567,0.0588,0.4322,53874.6053,NA,NA
gamemd.exe,18720,0x43D4320,D3D9,0,0,1,Hardware: Independent Flip,53906.7232,NA,16.50380000000000,16.01100000000000,0.86590000000000,3.98800000000000,4.0974,NA,53891.6516,15.9375,15.0716,0.8659,15.4849,3.5747,3.5258,0.0489,1.0353,53891.6516,NA,NA
gamemd.exe,18720,0x43D4320,D3D9,0,0,1,Hardware: Independent Flip,53923.1718,NA,16.44860000000000,16.37260000000000,0.80960000000000,3.90580000000000,4.0214,NA,53907.5891,16.3923,15.5827,0.8096,15.9526,3.5359,3.4837,0.0522,-0.4351,53907.5891,19.2853,NA
gamemd.exe,18720,0x43D4320,D3D9,0,0,1,Hardware: Independent Flip,53940.0773,NA,16.90550000000000,17.02810000000000,0.82320000000000,4.03030000000000,4.1440,NA,53923.9814,16.9191,16.0959,0.8232,16.4974,3.6288,3.5834,0.0454,-0.6358,53923.9814,20.3378,NA
gamemd.exe,18720,0x43D4320,D3D9,0,0,1,Hardware: Independent Flip,53956.7187,NA,16.64140000000000,16.61480000000000,0.78940000000000,4.00440000000000,4.1174,NA,53940.9005,16.6076,15.8182,0.7894,16.2007,3.6219,3.5606,0.0613,0.3043,53940.9005,20.9124,NA
gamemd.exe,18720,0x43D4320,D3D9,0,0,1,Hardware: Independent Flip,53973.7919,NA,17.07320000000000,18.86430000000000,1.78340000000000,4.80080000000000,5.9085,NA,53957.5081,18.0672,16.2838,1.7834,17.3228,3.7618,3.6943,0.0675,-2.2567,53957.5081,23.7496,NA
gamemd.exe,18720,0x43D4320,D3D9,0,0,1,Hardware: Independent Flip,53990.4284,NA,16.63650000000000,15.32670000000000,1.39300000000000,4.35930000000000,4.5987,NA,53975.5753,16.2461,14.8531,1.3930,15.4002,3.8122,3.7654,0.0468,2.7405,53975.5753,23.0786,NA
gamemd.exe,18720,0x43D4320,D3D9,0,0,1,Hardware: Independent Flip,54006.7746,NA,16.34620000000000,15.85450000000000,0.87730000000000,3.98140000000000,4.1070,NA,53991.8214,15.8305,14.9532,0.8773,15.3749,3.5597,3.5102,0.0495,0.3916,53991.8214,22.9390,NA
gamemd.exe,18720,0x43D4320,D3D9,0,0,1,Hardware: Independent Flip,54023.1281,NA,16.35350000000000,16.39010000000000,0.77390000000000,3.99170000000000,4.1436,NA,54007.6519,16.2501,15.4762,0.7739,15.8473,3.6206,3.5716,0.0490,-0.5596,54007.6519,23.3537,NA
gamemd.exe,18720,0x43D4320,D3D9,0,0,1,Hardware: Independent Flip,54039.8374,NA,16.70930000000000,16.79440000000000,0.86490000000000,4.06570000000000,4.2287,NA,54023.9020,16.8003,15.9354,0.8649,16.3037,3.6974,3.5947,0.1027,-0.5443,54023.9020,32.1633,NA
gamemd.exe,18720,0x43D4320,D3D9,0,0,1,Hardware: Independent Flip,54056.9884,NA,17.15100000000000,17.19800000000000,1.14250000000000,4.12030000000000,4.2757,NA,54040.7023,17.4286,16.2861,1.1425,16.7746,3.6318,3.5436,0.0882,-0.3977,54040.7023,NA,NA
gamemd.exe,18720,0x43D4320,D3D9,0,0,1,Hardware: Independent Flip,54073.0987,NA,16.11030000000000,16.42270000000000,1.32640000000000,4.40780000000000,4.5881,NA,54058.1309,16.2942,14.9678,1.3264,15.6124,3.7632,3.6806,0.0826,1.0059,54058.1309,25.5630,NA
gamemd.exe,18720,0x43D4320,D3D9,0,0,1,Hardware: Independent Flip,54090.1513,NA,17.05260000000000,16.77460000000000,1.21620000000000,4.19320000000000,4.3101,NA,54074.4251,16.9424,15.7262,1.2162,16.2119,3.7075,3.5971,0.1104,-0.4804,54074.4251,NA,NA
gamemd.exe,18720,0x43D4320,D3D9,0,0,1,Hardware: Independent Flip,54106.7485,NA,16.59720000000000,16.45460000000000,0.93200000000000,4.05550000000000,4.1675,NA,54091.3675,16.3130,15.3810,0.9320,15.7876,3.6489,3.5834,0.0655,0.4878,54091.3675,19.0188,NA
gamemd.exe,18720,0x43D4320,D3D9,0,0,1,Hardware: Independent Flip,54123.4233,NA,16.67480000000000,16.57490000000000,0.92350000000000,3.94630000000000,4.0676,NA,54107.6805,16.6663,15.7428,0.9235,16.1239,3.5652,3.4821,0.0831,-0.2619,54107.6805,19.5746,NA
gamemd.exe,18720,0x43D4320,D3D9,0,0,1,Hardware: Independent Flip,54140.0360,NA,16.61270000000000,16.96770000000000,1.02930000000000,4.30770000000000,4.4226,NA,54124.3468,16.7185,15.6892,1.0293,16.2241,3.7728,3.7087,0.0641,-0.3014,54124.3468,NA,NA
gamemd.exe,18720,0x43D4320,D3D9,0,0,1,Hardware: Independent Flip,54156.3881,NA,16.35210000000000,16.12090000000000,0.98430000000000,4.08230000000000,4.1914,NA,54141.0653,16.3071,15.3228,0.9843,15.8286,3.5765,3.5314,0.0451,0.5976,54141.0653,NA,NA
gamemd.exe,18720,0x43D4320,D3D9,0,0,1,Hardware: Independent Flip,54173.2398,NA,16.85170000000000,17.02730000000000,1.30110000000000,4.23430000000000,4.3670,NA,54157.3724,17.1685,15.8674,1.3011,16.4553,3.6464,3.5460,0.1004,-0.7202,54157.3724,NA,NA
gamemd.exe,18720,0x43D4320,D3D9,0,0,1,Hardware: Independent Flip,54190.2662,NA,17.02640000000000,16.89980000000000,1.05500000000000,4.10740000000000,4.2404,NA,54174.5409,16.7803,15.7253,1.0550,16.2557,3.5770,3.5207,0.0563,0.2687,54174.5409,NA,NA
gamemd.exe,18720,0x43D4320,D3D9,0,0,1,Hardware: Independent Flip,54206.5851,NA,16.31890000000000,16.19040000000000,0.88330000000000,3.99770000000000,4.1119,NA,54191.3212,16.1472,15.2639,0.8833,15.6905,3.5711,3.5267,0.0444,0.5899,54191.3212,NA,NA
gamemd.exe,18720,0x43D4320,D3D9,0,0,1,Hardware: Independent Flip,54223.3015,NA,16.71640000000000,16.62300000000000,0.77930000000000,3.90710000000000,4.0185,NA,54207.4684,16.6124,15.8331,0.7793,16.2043,3.5359,3.4744,0.0615,-0.4758,54207.4684,NA,NA
gamemd.exe,18720,0x43D4320,D3D9,0,0,1,Hardware: Independent Flip,54239.9168,NA,16.61530000000000,16.69570000000000,0.81280000000000,3.98510000000000,4.0989,NA,54224.0808,16.6488,15.8360,0.8128,16.2281,3.5930,3.5367,0.0563,-0.0833,54224.0808,NA,NA
gamemd.exe,18720,0x43D4320,D3D9,0,0,1,Hardware: Independent Flip,54256.5899,NA,16.67310000000000,16.60540000000000,0.84730000000000,3.90010000000000,4.0312,NA,54240.7296,16.7076,15.8603,0.8473,16.2563,3.5041,3.4547,0.0494,0.0434,54240.7296,NA,NA
gamemd.exe,18720,0x43D4320,D3D9,0,0,1,Hardware: Independent Flip,54273.1195,NA,16.52960000000000,16.61460000000000,0.77140000000000,3.94600000000000,4.1162,NA,54257.4372,16.4537,15.6823,0.7714,16.0576,3.5707,3.5262,0.0445,0.0930,54257.4372,NA,NA
gamemd.exe,18720,0x43D4320,D3D9,0,0,1,Hardware: Independent Flip,54290.1458,NA,17.02630000000000,17.66170000000000,2.12810000000000,4.60970000000000,4.7516,NA,54273.8909,18.3830,16.2549,2.1281,17.0623,3.8023,3.7221,0.0802,-1.2080,54273.8909,NA,NA
gamemd.exe,18720,0x43D4320,D3D9,0,0,1,Hardware: Independent Flip,54306.5847,NA,16.43890000000000,15.85350000000000,0.82240000000000,3.98450000000000,4.1662,NA,54292.2739,15.1332,14.3108,0.8224,14.6823,3.6130,3.5309,0.0821,2.5295,54292.2739,NA,NA
gamemd.exe,18720,0x43D4320,D3D9,0,0,1,Hardware: Independent Flip,54323.5804,NA,16.99570000000000,16.85370000000000,0.88000000000000,3.91450000000000,4.0242,NA,54307.4071,17.0533,16.1733,0.8800,16.5908,3.4970,3.4519,0.0451,-1.7205,54307.4071,NA,NA
gamemd.exe,18720,0x43D4320,D3D9,0,0,1,Hardware: Independent Flip,54340.1205,NA,16.54010000000000,16.70270000000000,0.80420000000000,3.94690000000000,4.1868,NA,54324.4604,16.4643,15.6601,0.8042,16.0409,3.5661,3.5156,0.0505,0.3506,54324.4604,NA,NA
gamemd.exe,18720,0x43D4320,D3D9,0,0,1,Hardware: Independent Flip,54356.7063,NA,16.58580000000000,16.38480000000000,0.80990000000000,3.85120000000000,3.9858,NA,54340.9247,16.5915,15.7816,0.8099,16.1587,3.4741,3.4331,0.0410,0.0795,54340.9247,NA,NA
gamemd.exe,18720,0x43D4320,D3D9,0,0,1,Hardware: Independent Flip,54373.5612,NA,16.85490000000000,17.07110000000000,1.08420000000000,4.07290000000000,4.2020,NA,54357.5162,17.1292,16.0450,1.0842,16.4803,3.6376,3.5487,0.0889,-0.4796,54357.5162,NA,NA
gamemd.exe,18720,0x43D4320,D3D9,0,0,1,Hardware: Independent Flip,54390.1271,NA,16.56590000000000,18.60440000000000,1.38280000000000,4.76350000000000,6.2405,NA,54374.6454,16.8645,15.4817,1.3828,16.0591,4.1861,4.1321,0.0540,-1.4752,54374.6454,NA,NA
gamemd.exe,18720,0x43D4320,D3D9,0,0,1,Hardware: Independent Flip,54406.8820,NA,16.75490000000000,14.99300000000000,0.80740000000000,4.27550000000000,4.4786,NA,54391.5099,16.1795,15.3721,0.8074,15.7674,3.8802,3.8325,0.0477,1.8715,54391.5099,NA,NA
gamemd.exe,18720,0x43D4320,D3D9,0,0,1,Hardware: Independent Flip,54423.4030,NA,16.52100000000000,16.31610000000000,0.82950000000000,4.10580000000000,4.2737,NA,54407.6894,16.5431,15.7136,0.8295,16.1041,3.7153,3.6393,0.0760,-0.1366,54407.6894,23.7504,NA
gamemd.exe,18720,0x43D4320,D3D9,0,0,1,Hardware: Independent Flip,54439.7446,NA,16.34160000000000,16.37820000000000,0.81350000000000,4.10840000000000,4.3103,NA,54424.2325,16.3256,15.5121,0.8135,15.9084,3.7121,3.6299,0.0822,0.1649,54424.2325,NA,NA
gamemd.exe,18720,0x43D4320,D3D9,0,0,1,Hardware: Independent Flip,54456.5968,NA,16.85220000000000,16.65350000000000,0.77320000000000,3.94690000000000,4.1116,NA,54440.5581,16.8119,16.0387,0.7732,16.4068,3.5788,3.5030,0.0758,-0.3279,54440.5581,32.8236,NA
gamemd.exe,18720,0x43D4320,D3D9,0,0,1,Hardware: Independent Flip,54473.8273,NA,17.23050000000000,18.97200000000000,1.13910000000000,4.39540000000000,5.8531,NA,54457.3700,17.5964,16.4573,1.1391,16.9551,3.8976,3.8066,0.0910,-2.1601,54457.3700,NA,NA
gamemd.exe,18720,0x43D4320,D3D9,0,0,1,Hardware: Independent Flip,54489.9302,NA,16.10290000000000,14.54050000000000,1.01730000000000,4.10400000000000,4.2907,NA,54474.9664,15.9811,14.9638,1.0173,15.4135,3.6543,3.5365,0.1178,3.0559,54474.9664,NA,NA
gamemd.exe,18720,0x43D4320,D3D9,0,0,1,Hardware: Independent Flip,54506.6752,NA,16.74500000000000,16.91420000000000,0.94940000000000,4.31580000000000,4.4599,NA,54490.9475,16.6771,15.7277,0.9494,16.2070,3.8365,3.7818,0.0547,-0.9331,54490.9475,32.2659,NA
gamemd.exe,18720,0x43D4320,D3D9,0,0,1,Hardware: Independent Flip,54523.3001,NA,16.62490000000000,16.44830000000000,1.00610000000000,4.15430000000000,4.2833,NA,54507.6246,16.6816,15.6755,1.0061,16.2132,3.6166,3.5665,0.0501,0.2288,54507.6246,NA,NA
gamemd.exe,18720,0x43D4320,D3D9,0,0,1,Hardware: Independent Flip,54540.0399,NA,16.73980000000000,17.40040000000000,1.44990000000000,4.76460000000000,4.9439,NA,54524.3062,17.1836,15.7337,1.4499,16.2624,4.2359,4.1931,0.0428,-0.7188,54524.3062,NA,NA
gamemd.exe,18720,0x43D4320,D3D9,0,0,1,Hardware: Independent Flip,54556.5654,NA,16.52550000000000,15.93580000000000,1.18750000000000,4.16520000000000,4.3542,NA,54541.4898,16.2631,15.0756,1.1875,15.6830,3.5578,3.4791,0.0787,1.2478,54541.4898,NA,NA
gamemd.exe,18720,0x43D4320,D3D9,0,0,1,Hardware: Independent Flip,54574.1127,NA,17.54730000000000,19.39960000000000,2.00280000000000,5.17350000000000,6.2065,NA,54557.7529,18.3626,16.3598,2.0028,17.6910,3.8423,3.7577,0.0846,-3.1365,54557.7529,NA,NA
gamemd.exe,18720,0x43D4320,D3D9,0,0,1,Hardware: Independent Flip,54590.0630,NA,15.95030000000000,14.02680000000000,1.05920000000000,4.17270000000000,4.2830,NA,54576.1155,15.0067,13.9475,1.0592,14.4811,3.6391,3.5750,0.0641,4.3358,54576.1155,NA,NA
gamemd.exe,18720,0x43D4320,D3D9,0,0,1,Hardware: Independent Flip,54606.6938,NA,16.63080000000000,16.49370000000000,0.99070000000000,4.03150000000000,4.1459,NA,54591.1222,16.5623,15.5716,0.9907,16.0271,3.5760,3.5122,0.0638,-1.4870,54591.1222,6.9324,NA
gamemd.exe,18720,0x43D4320,D3D9,0,0,1,Hardware: Independent Flip,54623.2079,NA,16.51410000000000,16.43670000000000,0.78480000000000,3.94850000000000,4.0685,NA,54607.6845,16.3082,15.5234,0.7848,15.8532,3.6187,3.5538,0.0649,0.1256,54607.6845,15.3862,NA
gamemd.exe,18720,0x43D4320,D3D9,0,0,1,Hardware: Independent Flip,54639.7980,NA,16.59010000000000,16.56220000000000,0.85370000000000,3.93130000000000,4.0406,NA,54623.9927,16.6590,15.8053,0.8537,16.2109,3.5257,3.4760,0.0497,-0.2540,54623.9927,15.9381,NA
gamemd.exe,18720,0x43D4320,D3D9,0,0,1,Hardware: Independent Flip,54656.8032,NA,17.00520000000000,17.07010000000000,0.82940000000000,3.98640000000000,4.1055,NA,54640.6517,16.9809,16.1515,0.8294,16.5065,3.6314,3.5510,0.0804,-0.4111,54640.6517,8.9784,NA
gamemd.exe,18720,0x43D4320,D3D9,0,0,1,Hardware: Independent Flip,54673.5846,NA,16.78140000000000,17.01840000000000,1.16150000000000,4.16820000000000,4.3425,NA,54657.6326,17.1135,15.9520,1.1615,16.4877,3.6325,3.5462,0.0863,-0.0375,54657.6326,18.0300,NA
gamemd.exe,18720,0x43D4320,D3D9,0,0,1,Hardware: Independent Flip,54690.5436,NA,16.95900000000000,19.08290000000000,1.57210000000000,4.92080000000000,6.4664,NA,54674.7461,17.3696,15.7975,1.5721,16.7173,4.0010,3.9518,0.0492,-1.9694,54674.7461,21.1046,NA
gamemd.exe,18720,0x43D4320,D3D9,0,0,1,Hardware: Independent Flip,54707.1193,NA,16.57570000000000,14.43000000000000,0.84430000000000,4.13430000000000,4.3207,NA,54692.1157,15.8479,15.0036,0.8443,15.3841,3.7538,3.6959,0.0579,2.9396,54692.1157,19.5496,NA
gamemd.exe,18720,0x43D4320,D3D9,0,0,1,Hardware: Independent Flip,54723.4095,NA,16.29020000000000,16.21840000000000,0.76920000000000,4.06450000000000,4.2489,NA,54707.9636,16.2151,15.4459,0.7692,15.8177,3.6927,3.6500,0.0427,-0.3705,54707.9636,NA,NA
gamemd.exe,18720,0x43D4320,D3D9,0,0,1,Hardware: Independent Flip,54740.2044,NA,16.79490000000000,16.76820000000000,0.76880000000000,4.03190000000000,4.2222,NA,54724.1787,16.7945,16.0257,0.7688,16.3978,3.6598,3.6120,0.0478,-0.5531,54724.1787,NA,NA
gamemd.exe,18720,0x43D4320,D3D9,0,0,1,Hardware: Independent Flip,54756.4192,NA,16.21480000000000,16.39720000000000,0.80030000000000,4.15960000000000,4.4046,NA,54740.9732,16.2463,15.4460,0.8003,15.8280,3.7776,3.7242,0.0534,0.3973,54740.9732,NA,NA
gamemd.exe,18720,0x43D4320,D3D9,0,0,1,Hardware: Independent Flip,54773.4227,NA,17.00350000000000,18.86310000000000,1.76180000000000,4.81400000000000,6.2642,NA,54757.2195,17.9650,16.2032,1.7618,16.8760,4.1412,4.0547,0.0865,-2.6168,54757.2195,NA,NA
gamemd.exe,18720,0x43D4320,D3D9,0,0,1,Hardware: Independent Flip,54790.0137,NA,16.59100000000000,14.38530000000000,0.81920000000000,3.93490000000000,4.0585,NA,54775.1845,15.6484,14.8292,0.8192,15.2134,3.5507,3.4959,0.0548,3.5797,54775.1845,NA,NA
gamemd.exe,18720,0x43D4320,D3D9,0,0,1,Hardware: Independent Flip,54806.4736,NA,16.45990000000000,16.56790000000000,0.84290000000000,4.00980000000000,4.1665,NA,54790.8329,16.4836,15.6407,0.8429,16.0575,3.5930,3.5387,0.0543,-0.9195,54790.8329,NA,NA
gamemd.exe,18720,0x43D4320,D3D9,0,0,1,Hardware: Independent Flip,54823.2518,NA,16.77820000000000,16.88100000000000,0.81610000000000,4.12850000000000,4.2693,NA,54807.3165,16.7514,15.9353,0.8161,16.3422,3.7216,3.6335,0.0881,-0.3974,54807.3165,31.6245,31.6245
gamemd.exe,18720,0x43D4320,D3D9,0,0,1,Hardware: Independent Flip,54839.7010,NA,16.44920000000000,16.46060000000000,0.79210000000000,4.15320000000000,4.2807,NA,54824.0679,16.4252,15.6331,0.7921,16.0044,3.7819,3.6870,0.0949,0.2908,54824.0679,NA,NA
gamemd.exe,18720,0x43D4320,D3D9,0,0,1,Hardware: Independent Flip,54856.6016,NA,16.90060000000000,16.78840000000000,0.79600000000000,4.04390000000000,4.1685,NA,54840.4931,16.9045,16.1085,0.7960,16.4768,3.6756,3.6212,0.0544,-0.3632,54840.4931,NA,NA
gamemd.exe,18720,0x43D4320,D3D9,0,0,1,Hardware: Independent Flip,54873.4132,NA,16.81160000000000,17.22680000000000,1.33640000000000,4.44430000000000,4.5837,NA,54857.3976,17.3520,16.0156,1.3364,16.7440,3.7159,3.6304,0.0855,-0.3223,54857.3976,NA,NA
gamemd.exe,18720,0x43D4320,D3D9,0,0,1,Hardware: Independent Flip,54890.3122,NA,16.89900000000000,16.70200000000000,1.21690000000000,4.26670000000000,4.3867,NA,54874.7496,16.7795,15.5626,1.2169,16.2204,3.6089,3.5464,0.0625,0.6500,54874.7496,NA,NA
gamemd.exe,18720,0x43D4320,D3D9,0,0,1,Hardware: Independent Flip,54906.3800,NA,16.06780000000000,15.77220000000000,1.05410000000000,3.95880000000000,4.0911,NA,54891.5291,15.9050,14.8509,1.0541,15.3069,3.5028,3.4202,0.0826,1.0073,54891.5291,18.5522,18.5522
gamemd.exe,18720,0x43D4320,D3D9,0,0,1,Hardware: Independent Flip,54923.5251,NA,17.14510000000000,17.47140000000000,1.17060000000000,4.26780000000000,4.4174,NA,54907.4341,17.2616,16.0910,1.1706,16.5659,3.7929,3.6760,0.1169,-1.5664,54907.4341,NA,NA
gamemd.exe,18720,0x43D4320,D3D9,0,0,1,Hardware: Independent Flip,54940.1059,NA,16.58080000000000,16.25360000000000,1.12930000000000,3.95520000000000,4.0902,NA,54924.6957,16.5395,15.4102,1.1293,15.8632,3.5022,3.4544,0.0478,1.0080,54924.6957,NA,NA
gamemd.exe,18720,0x43D4320,D3D9,0,0,1,Hardware: Independent Flip,54956.4046,NA,16.29870000000000,16.42940000000000,1.04520000000000,4.08390000000000,4.2209,NA,54941.2352,16.2146,15.1694,1.0452,15.7064,3.5469,3.5058,0.0411,0.1101,54941.2352,NA,NA
gamemd.exe,18720,0x43D4320,D3D9,0,0,1,Hardware: Independent Flip,54973.5144,NA,17.10980000000000,19.01070000000000,2.12950000000000,5.09790000000000,6.1218,NA,54957.4498,18.1941,16.0646,2.1295,17.3495,3.8130,3.7206,0.0924,-2.7961,54957.4498,NA,NA
gamemd.exe,18720,0x43D4320,D3D9,0,0,1,Hardware: Independent Flip,54990.4947,NA,16.98030000000000,14.94100000000000,0.93120000000000,3.95080000000000,4.0825,NA,54975.6439,15.7820,14.8508,0.9312,15.2723,3.5293,3.4813,0.0480,3.2531,54975.6439,NA,NA
gamemd.exe,18720,0x43D4320,D3D9,0,0,1,Hardware: Independent Flip,55006.4081,NA,15.91340000000000,15.97210000000000,0.80070000000000,4.02650000000000,4.1412,NA,54991.4259,15.7829,14.9822,0.8007,15.3716,3.6371,3.5762,0.0609,-0.1901,54991.4259,NA,NA
gamemd.exe,18720,0x43D4320,D3D9,0,0,1,Hardware: Independent Flip,55023.0640,NA,16.65590000000000,16.42940000000000,0.87060000000000,3.79920000000000,3.9147,NA,55007.2088,16.7258,15.8552,0.8706,16.2234,3.4310,3.3845,0.0465,-0.6465,55007.2088,NA,NA
gamemd.exe,18720,0x43D4320,D3D9,0,0,1,Hardware: Independent Flip,55040.2291,NA,17.16510000000000,17.55660000000000,0.83670000000000,4.18950000000000,4.3062,NA,55023.9346,17.1312,16.2945,0.8367,16.7200,3.7640,3.7148,0.0492,-0.8308,55023.9346,NA,NA
gamemd.exe,18720,0x43D4320,D3D9,0,0,1,Hardware: Independent Flip,55056.7375,NA,16.50840000000000,16.29740000000000,0.90810000000000,3.93380000000000,4.0952,NA,55041.0658,16.5798,15.6717,0.9081,16.0806,3.5249,3.4313,0.0936,0.8338,55041.0658,NA,NA
gamemd.exe,18720,0x43D4320,D3D9,0,0,1,Hardware: Independent Flip,55073.7034,NA,16.96590000000000,18.76690000000000,1.61700000000000,4.73410000000000,5.8962,NA,55057.6456,17.6748,16.0578,1.6170,16.9829,3.8090,3.7214,0.0876,-2.1871,55057.6456,NA,NA
gamemd.exe,18720,0x43D4320,D3D9,0,0,1,Hardware: Independent Flip,55090.4374,NA,16.73400000000000,16.66750000000000,1.97420000000000,4.82170000000000,5.8297,NA,55075.3204,17.0912,15.1170,1.9742,16.1877,3.7510,3.6728,0.0782,1.0073,55075.3204,NA,NA
gamemd.exe,18720,0x43D4320,D3D9,0,0,1,Hardware: Independent Flip,55106.9323,NA,16.49490000000000,15.16090000000000,1.54200000000000,4.37860000000000,4.4957,NA,55092.4116,16.0627,14.5207,1.5420,15.1551,3.7442,3.6863,0.0579,1.9303,55092.4116,NA,NA
gamemd.exe,18720,0x43D4320,D3D9,0,0,1,Hardware: Independent Flip,55123.5474,NA,16.61510000000000,16.02170000000000,0.79680000000000,3.77830000000000,3.9023,NA,55108.4743,15.8699,15.0731,0.7968,15.4428,3.4086,3.3449,0.0637,0.0410,55108.4743,NA,NA
gamemd.exe,18720,0x43D4320,D3D9,0,0,1,Hardware: Independent Flip,55140.1950,NA,16.64760000000000,16.86600000000000,0.77750000000000,4.00490000000000,4.1207,NA,55124.3442,16.6283,15.8508,0.7775,16.2054,3.6503,3.5902,0.0601,-0.9961,55124.3442,NA,NA
gamemd.exe,18720,0x43D4320,D3D9,0,0,1,Hardware: Independent Flip,55156.6283,NA,16.43330000000000,16.36810000000000,0.77720000000000,3.94440000000000,4.0555,NA,55140.9725,16.4330,15.6558,0.7772,16.0039,3.5963,3.5448,0.0515,0.2602,55140.9725,NA,NA
gamemd.exe,18720,0x43D4320,D3D9,0,0,1,Hardware: Independent Flip,55173.4332,NA,16.80490000000000,17.05860000000000,1.22270000000000,4.14440000000000,4.3092,NA,55157.4055,17.2504,16.0277,1.2227,16.5692,3.6029,3.5323,0.0706,-0.6256,55157.4055,NA,NA
gamemd.exe,18720,0x43D4320,D3D9,0,0,1,Hardware: Independent Flip,55190.2713,NA,16.83810000000000,18.51410000000000,1.61000000000000,4.62420000000000,5.9852,NA,55174.6559,17.2254,15.6154,1.6100,16.6605,3.5791,3.5253,0.0538,-1.2637,55174.6559,24.3248,NA
gamemd.exe,18720,0x43D4320,D3D9,0,0,1,Hardware: Independent Flip,55206.6864,NA,16.41510000000000,14.61990000000000,0.93860000000000,4.00290000000000,4.1900,NA,55191.8813,15.7437,14.8051,0.9386,15.2906,3.5174,3.4775,0.0399,2.6055,55191.8813,NA,NA
gamemd.exe,18720,0x43D4320,D3D9,0,0,1,Hardware: Independent Flip,55223.0257,NA,16.33930000000000,16.25980000000000,0.81170000000000,3.96420000000000,4.1105,NA,55207.6250,16.2124,15.4007,0.8117,15.7869,3.5780,3.5245,0.0535,-0.5161,55207.6250,23.2073,NA
gamemd.exe,18720,0x43D4320,D3D9,0,0,1,Hardware: Independent Flip,55239.9236,NA,16.89790000000000,17.12330000000000,0.78740000000000,4.16290000000000,4.3359,NA,55223.8374,16.8736,16.0862,0.7874,16.4614,3.7877,3.7308,0.0569,-0.9109,55223.8374,24.3437,NA
gamemd.exe,18720,0x43D4320,D3D9,0,0,1,Hardware: Independent Flip,55257.0608,NA,17.13720000000000,16.99300000000000,0.80060000000000,4.05960000000000,4.1917,NA,55240.7110,17.1504,16.3498,0.8006,16.7143,3.6951,3.6310,0.0641,-0.1194,55240.7110,25.3492,NA
gamemd.exe,18720,0x43D4320,D3D9,0,0,1,Hardware: Independent Flip,55273.4299,NA,16.36910000000000,16.72890000000000,1.05670000000000,4.35340000000000,4.5515,NA,55257.8614,16.6252,15.5685,1.0567,16.0375,3.8844,3.7815,0.1029,0.4215,55257.8614,26.0557,NA
gamemd.exe,18720,0x43D4320,D3D9,0,0,1,Hardware: Independent Flip,55290.4644,NA,17.03450000000000,18.29300000000000,1.85510000000000,4.90850000000000,5.8100,NA,55274.4866,17.8329,15.9778,1.8551,16.8387,4.0476,3.9329,0.1147,-1.6678,55274.4866,27.9751,NA
gamemd.exe,18720,0x43D4320,D3D9,0,0,1,Hardware: Independent Flip,55306.6794,NA,16.21500000000000,14.78680000000000,1.12860000000000,4.26180000000000,4.3818,NA,55292.3195,15.4885,14.3599,1.1286,14.8893,3.7324,3.6588,0.0736,3.0461,55292.3195,27.0737,NA
gamemd.exe,18720,0x43D4320,D3D9,0,0,1,Hardware: Independent Flip,55323.1757,NA,16.49630000000000,16.34540000000000,1.06320000000000,4.11350000000000,4.2309,NA,55307.8080,16.4309,15.3677,1.0632,15.8527,3.6285,3.5534,0.0751,-0.8569,55307.8080,19.5120,NA
gamemd.exe,18720,0x43D4320,D3D9,0,0,1,Hardware: Independent Flip,55340.0140,NA,16.83830000000000,16.61670000000000,0.98910000000000,3.88520000000000,4.0093,NA,55324.2389,16.7642,15.7751,0.9891,16.1643,3.4960,3.4461,0.0499,-0.1858,55324.2389,NA,NA
gamemd.exe,18720,0x43D4320,D3D9,0,0,1,Hardware: Independent Flip,55356.4663,NA,16.45230000000000,16.75340000000000,1.13770000000000,4.16430000000000,4.3104,NA,55341.0031,16.6009,15.4632,1.1377,15.9678,3.6597,3.5802,0.0795,0.0108,55341.0031,NA,NA
gamemd.exe,18720,0x43D4320,D3D9,0,0,1,Hardware: Independent Flip,55373.9972,NA,17.53090000000000,18.79390000000000,1.45150000000000,4.58620000000000,5.5734,NA,55357.6040,17.8447,16.3932,1.4515,17.2767,3.7027,3.6465,0.0562,-2.1930,55357.6040,NA,NA
gamemd.exe,18720,0x43D4320,D3D9,0,0,1,Hardware: Independent Flip,55389.9721,NA,15.97490000000000,14.41700000000000,0.79630000000000,3.89000000000000,4.0155,NA,55375.4487,15.3197,14.5234,0.7963,14.8957,3.5177,3.4506,0.0671,3.4277,55375.4487,NA,NA
gamemd.exe,18720,0x43D4320,D3D9,0,0,1,Hardware: Independent Flip,55406.7036,NA,16.73150000000000,16.81730000000000,0.90300000000000,3.97900000000000,4.1013,NA,55390.7684,16.8382,15.9352,0.9030,16.3645,3.5497,3.4950,0.0547,-1.4976,55390.7684,NA,NA
gamemd.exe,18720,0x43D4320,D3D9,0,0,1,Hardware: Independent Flip,55423.3535,NA,16.64990000000000,16.68390000000000,0.95700000000000,4.01730000000000,4.1353,NA,55407.6066,16.7039,15.7469,0.9570,16.2078,3.5564,3.4732,0.0832,0.1543,55407.6066,NA,NA
gamemd.exe,18720,0x43D4320,D3D9,0,0,1,Hardware: Independent Flip,55440.1181,NA,16.76460000000000,16.79170000000000,0.79220000000000,3.99920000000000,4.1624,NA,55424.3105,16.5998,15.8076,0.7922,16.1987,3.6081,3.5544,0.0537,-0.0878,55424.3105,NA,NA
gamemd.exe,18720,0x43D4320,D3D9,0,0,1,Hardware: Independent Flip,55456.6536,NA,16.53550000000000,16.68210000000000,0.96950000000000,4.16240000000000,4.3090,NA,55440.9103,16.7128,15.7433,0.9695,16.2482,3.6575,3.6155,0.0420,-0.0823,55440.9103,8.9162,NA
gamemd.exe,18720,0x43D4320,D3D9,0,0,1,Hardware: Independent Flip,55473.5191,NA,16.86550000000000,18.63380000000000,2.15830000000000,5.11940000000000,6.0773,NA,55457.6231,18.0543,15.8960,2.1583,17.3247,3.6907,3.6251,0.0656,-1.9210,55457.6231,11.3079,NA
gamemd.exe,18720,0x43D4320,D3D9,0,0,1,Hardware: Independent Flip,55490.2163,NA,16.69720000000000,16.61920000000000,1.82130000000000,4.69550000000000,5.9993,NA,55475.6774,16.3602,14.5389,1.8213,15.6502,3.5842,3.5286,0.0556,1.4351,55475.6774,20.1776,NA
gamemd.exe,18720,0x43D4320,D3D9,0,0,1,Hardware: Independent Flip,55507.0684,NA,16.85210000000000,16.66690000000000,1.30540000000000,4.36070000000000,5.8141,NA,55492.0376,16.3362,15.0308,1.3054,15.8049,3.5866,3.5400,0.0466,-0.3067,55492.0376,20.9876,NA
gamemd.exe,18720,0x43D4320,D3D9,0,0,1,Hardware: Independent Flip,55523.7707,NA,16.70230000000000,15.02550000000000,1.65260000000000,4.01440000000000,4.1373,NA,55508.3738,17.0495,15.3969,1.6526,16.0269,3.3844,3.3511,0.0333,1.3107,55508.3738,20.0188,NA
gamemd.exe,18720,0x43D4320,D3D9,0,0,1,Hardware: Independent Flip,55540.0265,NA,16.25580000000000,16.45140000000000,1.06800000000000,4.20110000000000,4.3329,NA,55525.4233,15.6712,14.6032,1.0680,15.1357,3.6686,3.6227,0.0459,0.5981,55525.4233,20.4709,NA
gamemd.exe,18720,0x43D4320,D3D9,0,0,1,Hardware: Independent Flip,55557.1423,NA,17.11580000000000,18.57130000000000,1.27720000000000,4.38780000000000,5.7884,NA,55541.0945,17.3250,16.0478,1.2772,16.6111,3.8245,3.7183,0.1062,-2.9001,55541.0945,23.0242,NA
gamemd.exe,18720,0x43D4320,D3D9,0,0,1,Hardware: Independent Flip,55573.4670,NA,16.32470000000000,16.65050000000000,2.31530000000000,4.82000000000000,6.1142,NA,55558.4195,17.3628,15.0475,2.3153,15.8534,4.0141,3.9085,0.1056,0.6745,55558.4195,23.5391,NA
gamemd.exe,18720,0x43D4320,D3D9,0,0,1,Hardware: Independent Flip,55590.0388,NA,16.57180000000000,16.64410000000000,1.76660000000000,4.94560000000000,6.1865,NA,55575.7823,16.0231,14.2565,1.7666,14.9373,4.2648,4.1363,0.1285,0.7187,55575.7823,24.3288,NA
gamemd.exe,18720,0x43D4320,D3D9,0,0,1,Hardware: Independent Flip,55606.6357,NA,16.59690000000000,14.62850000000000,0.85580000000000,4.07440000000000,4.2181,NA,55591.8054,15.6861,14.8303,0.8558,15.2572,3.6475,3.5966,0.0509,1.3946,55591.8054,22.7090,NA
gamemd.exe,18720,0x43D4320,D3D9,0,0,1,Hardware: Independent Flip,55623.3978,NA,16.76210000000000,16.64160000000000,0.76720000000000,3.93550000000000,4.0976,NA,55607.4915,16.6735,15.9063,0.7672,16.2734,3.5684,3.5201,0.0483,-0.9555,55607.4915,23.5837,NA
gamemd.exe,18720,0x43D4320,D3D9,0,0,1,Hardware: Independent Flip,55640.0485,NA,16.65070000000000,16.68170000000000,0.78630000000000,3.96010000000000,4.1286,NA,55624.1650,16.6698,15.8835,0.7863,16.2402,3.6034,3.5442,0.0592,-0.0082,55624.1650,24.2128,NA
gamemd.exe,18720,0x43D4320,D3D9,0,0,1,Hardware: Independent Flip,55656.5047,NA,16.45620000000000,16.46980000000000,0.94730000000000,4.00210000000000,4.1422,NA,55640.8348,16.6172,15.6699,0.9473,16.0945,3.5775,3.4841,0.0934,0.2000,55640.8348,24.6784,NA
gamemd.exe,18720,0x43D4320,D3D9,0,0,1,Hardware: Independent Flip,55673.1157,NA,16.61100000000000,16.62460000000000,0.95070000000000,4.02480000000000,4.1558,NA,55657.4520,16.6144,15.6637,0.9507,16.1200,3.5685,3.5041,0.0644,-0.0074,55657.4520,25.1706,NA
gamemd.exe,18720,0x43D4320,D3D9,0,0,1,Hardware: Independent Flip,55690.4576,NA,17.34190000000000,18.93570000000000,1.62370000000000,4.44050000000000,5.7496,NA,55674.0664,18.0149,16.3912,1.6237,17.0841,3.7476,3.6518,0.0958,-2.3213,55674.0664,27.8480,NA
gamemd.exe,18720,0x43D4320,D3D9,0,0,1,Hardware: Independent Flip,55706.8339,NA,16.37630000000000,14.87890000000000,1.05190000000000,4.10640000000000,4.2522,NA,55692.0813,15.8045,14.7526,1.0519,15.2723,3.5867,3.5317,0.0550,3.1360,55692.0813,26.6656,NA
gamemd.exe,18720,0x43D4320,D3D9,0,0,1,Hardware: Independent Flip,55723.4554,NA,16.62150000000000,16.44430000000000,1.07650000000000,3.95830000000000,4.0750,NA,55707.8858,16.6461,15.5696,1.0765,15.9629,3.5650,3.5099,0.0551,-0.6398,55707.8858,11.6061,NA
gamemd.exe,18720,0x43D4320,D3D9,0,0,1,Hardware: Independent Flip,55739.7381,NA,16.28270000000000,16.50290000000000,0.94530000000000,4.17890000000000,4.2952,NA,55724.5319,16.1515,15.2062,0.9453,15.6946,3.6905,3.6284,0.0621,0.1432,55724.5319,12.0885,NA
gamemd.exe,18720,0x43D4320,D3D9,0,0,1,Hardware: Independent Flip,55756.6735,NA,16.93540000000000,16.87040000000000,1.03810000000000,4.11870000000000,4.2302,NA,55740.6834,17.0282,15.9901,1.0381,16.4799,3.6289,3.5717,0.0572,-0.7189,55740.6834,12.9866,NA
gamemd.exe,18720,0x43D4320,D3D9,0,0,1,Hardware: Independent Flip,55773.3655,NA,16.69200000000000,16.88680000000000,1.13150000000000,4.25700000000000,4.4250,NA,55757.7116,16.7854,15.6539,1.1315,16.1888,3.7221,3.6584,0.0637,0.1414,55757.7116,13.8723,NA
gamemd.exe,18720,0x43D4320,D3D9,0,0,1,Hardware: Independent Flip,55790.3674,NA,17.00190000000000,16.78660000000000,1.09310000000000,4.07030000000000,4.2097,NA,55774.4970,16.9635,15.8704,1.0931,16.3257,3.6150,3.5116,0.1034,-0.0012,55774.4970,14.6655,NA
gamemd.exe,18720,0x43D4320,D3D9,0,0,1,Hardware: Independent Flip,55806.6364,NA,16.26900000000000,16.25120000000000,0.87510000000000,4.06800000000000,4.1919,NA,55791.4605,16.0510,15.1759,0.8751,15.6174,3.6265,3.5865,0.0400,0.7123,55791.4605,14.9335,NA
gamemd.exe,18720,0x43D4320,D3D9,0,0,1,Hardware: Independent Flip,55823.1477,NA,16.51130000000000,16.32750000000000,0.79450000000000,3.89630000000000,4.0081,NA,55807.5115,16.4307,15.6362,0.7945,15.9845,3.5480,3.4960,0.0520,-0.2765,55807.5115,15.2679,NA
gamemd.exe,18720,0x43D4320,D3D9,0,0,1,Hardware: Independent Flip,55839.8668,NA,16.71910000000000,17.01950000000000,0.84210000000000,4.15210000000000,4.3085,NA,55823.9422,16.7667,15.9246,0.8421,16.3277,3.7490,3.6573,0.0917,-0.5888,55823.9422,16.3101,NA
gamemd.exe,18720,0x43D4320,D3D9,0,0,1,Hardware: Independent Flip,55856.3170,NA,16.45020000000000,16.25310000000000,0.86630000000000,3.97380000000000,4.1114,NA,55840.7089,16.4744,15.6081,0.8663,15.9894,3.5925,3.5480,0.0445,0.5136,55840.7089,8.5095,NA
gamemd.exe,18720,0x43D4320,D3D9,0,0,1,Hardware: Independent Flip,55873.3390,NA,17.02200000000000,17.09260000000000,1.01550000000000,4.07070000000000,4.1820,NA,55857.1833,17.1712,16.1557,1.0155,16.6088,3.6176,3.5587,0.0589,-0.6182,55857.1833,9.4324,NA
gamemd.exe,18720,0x43D4320,D3D9,0,0,1,Hardware: Independent Flip,55890.1440,NA,16.80500000000000,16.84500000000000,1.12490000000000,4.07240000000000,4.2220,NA,55874.3545,16.9144,15.7895,1.1249,16.2856,3.5763,3.5016,0.0747,0.3262,55874.3545,NA,NA
gamemd.exe,18720,0x43D4320,D3D9,0,0,1,Hardware: Independent Flip,55906.9963,NA,16.85230000000000,18.48580000000000,1.82300000000000,4.57110000000000,5.8555,NA,55891.2689,17.5504,15.7274,1.8230,16.5128,3.7857,3.7322,0.0535,-1.5714,55891.2689,20.8994,NA
gamemd.exe,18720,0x43D4320,D3D9,0,0,1,Hardware: Independent Flip,55923.6357,NA,16.63940000000000,14.79340000000000,0.92540000000000,3.89830000000000,4.0095,NA,55908.8193,15.7418,14.8164,0.9254,15.2492,3.4655,3.4231,0.0424,2.7570,55908.8193,19.6568,NA
gamemd.exe,18720,0x43D4320,D3D9,0,0,1,Hardware: Independent Flip,55939.7188,NA,16.08310000000000,16.27470000000000,0.91450000000000,4.08460000000000,4.2011,NA,55924.5611,16.0722,15.1577,0.9145,15.6416,3.6007,3.5459,0.0548,-0.5329,55924.5611,19.9934,NA
gamemd.exe,18720,0x43D4320,D3D9,0,0,1,Hardware: Independent Flip,55956.6223,NA,16.90350000000000,16.83670000000000,0.76620000000000,3.94500000000000,4.1343,NA,55940.6333,16.7552,15.9890,0.7662,16.3446,3.5894,3.5282,0.0612,-0.7645,55940.6333,20.8483,NA
gamemd.exe,18720,0x43D4320,D3D9,0,0,1,Hardware: Independent Flip,55973.1271,NA,16.50480000000000,16.61790000000000,0.83460000000000,4.06970000000000,4.2474,NA,55957.3885,16.5732,15.7386,0.8346,16.1109,3.6974,3.6355,0.0619,0.1373,55957.3885,21.3776,NA
gamemd.exe,18720,0x43D4320,D3D9,0,0,1,Hardware: Independent Flip,55990.2920,NA,17.16490000000000,18.81040000000000,1.41450000000000,4.51650000000000,5.8929,NA,55973.9617,17.7448,16.3303,1.4145,17.1657,3.6811,3.6168,0.0643,-2.2372,55973.9617,24.2457,NA
gamemd.exe,18720,0x43D4320,D3D9,0,0,1,Hardware: Independent Flip,56006.9248,NA,16.63280000000000,14.79410000000000,1.05320000000000,3.91140000000000,4.0542,NA,55991.7065,16.2715,15.2183,1.0532,15.5989,3.5308,3.4687,0.0621,2.9507,55991.7065,23.0767,NA
gamemd.exe,18720,0x43D4320,D3D9,0,0,1,Hardware: Independent Flip,56023.2998,NA,16.37500000000000,16.41230000000000,0.83280000000000,3.95650000000000,4.0915,NA,56007.9780,16.1546,15.3218,0.8328,15.7487,3.5296,3.4740,0.0556,-0.1408,56007.9780,23.4575,NA
gamemd.exe,18720,0x43D4320,D3D9,0,0,1,Hardware: Independent Flip,56039.8852,NA,16.58540000000000,16.71920000000000,0.77810000000000,4.05280000000000,4.2253,NA,56024.1326,16.5307,15.7526,0.7781,16.1221,3.6833,3.6030,0.0803,-0.5646,56024.1326,24.2108,NA
gamemd.exe,18720,0x43D4320,D3D9,0,0,1,Hardware: Independent Flip,56056.5719,NA,16.68670000000000,16.57270000000000,0.77710000000000,3.97920000000000,4.1113,NA,56040.6633,16.6857,15.9086,0.7771,16.2633,3.6245,3.5469,0.0776,-0.0420,56040.6633,24.7761,NA
gamemd.exe,18720,0x43D4320,D3D9,0,0,1,Hardware: Independent Flip,56073.3128,NA,16.74090000000000,16.77890000000000,0.99700000000000,4.03240000000000,4.1493,NA,56057.3490,16.9608,15.9638,0.9970,16.3845,3.6117,3.5583,0.0534,-0.0932,56057.3490,9.3551,NA
gamemd.exe,18720,0x43D4320,D3D9,0,0,1,Hardware: Independent Flip,56090.0345,NA,16.72170000000000,16.91030000000000,1.14140000000000,4.18100000000000,4.3379,NA,56074.3098,16.8661,15.7247,1.1414,16.1969,3.7088,3.6120,0.0968,0.0505,56074.3098,10.4271,NA
gamemd.exe,18720,0x43D4320,D3D9,0,0,1,Hardware: Independent Flip,56106.9425,NA,16.90800000000000,18.48220000000000,1.61240000000000,4.60110000000000,5.9121,NA,56091.1759,17.3790,15.7666,1.6124,16.6708,3.6969,3.6228,0.0741,-1.6161,56091.1759,12.8569,NA
gamemd.exe,18720,0x43D4320,D3D9,0,0,1,Hardware: Independent Flip,56123.2514,NA,16.30890000000000,14.51440000000000,0.99440000000000,3.99800000000000,4.1176,NA,56108.5549,15.6909,14.6965,0.9944,15.1013,3.5932,3.5079,0.0853,2.8646,56108.5549,11.4411,NA
gamemd.exe,18720,0x43D4320,D3D9,0,0,1,Hardware: Independent Flip,56140.0477,NA,16.79630000000000,16.76590000000000,0.93700000000000,3.95390000000000,4.0872,NA,56124.2458,16.7389,15.8019,0.9370,16.2318,3.5240,3.4608,0.0632,-1.0750,56124.2458,12.1754,NA
gamemd.exe,18720,0x43D4320,D3D9,0,0,1,Hardware: Independent Flip,56156.8086,NA,16.76090000000000,16.92900000000000,1.00670000000000,4.14010000000000,4.2553,NA,56140.9847,16.8306,15.8239,1.0067,16.2894,3.6746,3.6327,0.0419,-0.1901,56140.9847,13.1079,NA
gamemd.exe,18720,0x43D4320,D3D9,0,0,1,Hardware: Independent Flip,56173.3764,NA,16.56780000000000,16.35610000000000,0.75030000000000,3.89740000000000,4.0436,NA,56157.8153,16.3114,15.5611,0.7503,15.8892,3.5693,3.5326,0.0367,0.4745,56157.8153,NA,NA
gamemd.exe,18720,0x43D4320,D3D9,0,0,1,Hardware: Independent Flip,56190.1727,NA,16.79630000000000,18.73910000000000,2.08560000000000,4.89360000000000,5.9864,NA,56174.1267,18.1316,16.0460,2.0856,16.9717,3.9679,3.8706,0.0973,-2.4277,56174.1267,16.2633,16.2633
gamemd.exe,18720,0x43D4320,D3D9,0,0,1,Hardware: Independent Flip,56206.7645,NA,16.59180000000000,16.68090000000000,2.26900000000000,5.17620000000000,6.0755,NA,56192.2583,16.7752,14.5062,2.2690,15.6457,4.0367,3.9554,0.0813,1.4507,56192.2583,16.9457,NA
gamemd.exe,18720,0x43D4320,D3D9,0,0,1,Hardware: Independent Flip,56223.0645,NA,16.30000000000000,14.51590000000000,1.06850000000000,4.17540000000000,4.2914,NA,56209.0335,15.0995,14.0310,1.0685,14.6210,3.5854,3.5311,0.0543,2.2593,56209.0335,15.2689,NA
gamemd.exe,18720,0x43D4320,D3D9,0,0,1,Hardware: Independent Flip,56239.6977,NA,16.63320000000000,16.42020000000000,0.80920000000000,3.96310000000000,4.0784,NA,56224.1330,16.3739,15.5647,0.8092,15.9373,3.5905,3.5416,0.0489,-1.3207,56224.1330,15.8844,NA
gamemd.exe,18720,0x43D4320,D3D9,0,0,1,Hardware: Independent Flip,56256.3538,NA,16.65610000000000,16.69210000000000,0.85490000000000,3.98200000000000,4.1144,NA,56240.5069,16.7018,15.8469,0.8549,16.2373,3.5916,3.5363,0.0553,-0.3182,56240.5069,16.5847,NA
gamemd.exe,18720,0x43D4320,D3D9,0,0,1,Hardware: Independent Flip,56273.0197,NA,16.66590000000000,16.59380000000000,0.80350000000000,3.92610000000000,4.0423,NA,56257.2087,16.6145,15.8110,0.8035,16.1794,3.5577,3.5086,0.0491,0.1080,56257.2087,17.0888,NA
gamemd.exe,18720,0x43D4320,D3D9,0,0,1,Hardware: Independent Flip,56289.8240,NA,16.80430000000000,17.10300000000000,1.18590000000000,4.15100000000000,4.3410,NA,56273.8232,17.1867,16.0008,1.1859,16.4958,3.6560,3.5543,0.1017,-0.4885,56273.8232,18.2180,NA
gamemd.exe,18720,0x43D4320,D3D9,0,0,1,Hardware: Independent Flip,56306.5581,NA,16.73410000000000,18.67440000000000,1.75610000000000,4.93770000000000,6.2813,NA,56291.0099,17.3043,15.5482,1.7561,16.2295,4.2564,4.1216,0.1348,-1.4877,56291.0099,20.9085,NA
gamemd.exe,18720,0x43D4320,D3D9,0,0,1,Hardware: Independent Flip,56323.3178,NA,16.75970000000000,14.97870000000000,1.73410000000000,4.38860000000000,4.5003,NA,56308.3142,16.7377,15.0036,1.7341,15.6039,3.7883,3.7331,0.0552,2.3256,56308.3142,19.9083,NA
gamemd.exe,18720,0x43D4320,D3D9,0,0,1,Hardware: Independent Flip,56340.0932,NA,16.77540000000000,16.38750000000000,0.88460000000000,3.98830000000000,4.1124,NA,56325.0519,15.9259,15.0413,0.8846,15.4539,3.5757,3.5265,0.0492,0.3502,56325.0519,20.2336,NA
gamemd.exe,18720,0x43D4320,D3D9,0,0,1,Hardware: Independent Flip,56356.6586,NA,16.56540000000000,16.88290000000000,1.18990000000000,4.31170000000000,4.4299,NA,56340.9778,16.8707,15.6808,1.1899,16.0396,3.9529,3.9113,0.0416,-0.9570,56340.9778,21.1691,NA
gamemd.exe,18720,0x43D4320,D3D9,0,0,1,Hardware: Independent Flip,56373.0840,NA,16.42540000000000,15.98420000000000,0.78570000000000,3.87120000000000,3.9887,NA,56357.8485,16.0212,15.2355,0.7857,15.6034,3.5033,3.4379,0.0654,0.8865,56357.8485,21.1319,NA
gamemd.exe,18720,0x43D4320,D3D9,0,0,1,Hardware: Independent Flip,56390.2916,NA,17.20760000000000,17.77930000000000,1.44240000000000,4.30660000000000,4.5604,NA,56373.8697,17.8643,16.4219,1.4424,17.1344,3.5941,3.5246,0.0695,-1.7581,56373.8697,30.9219,30.9219
gamemd.exe,18720,0x43D4320,D3D9,0,0,1,Hardware: Independent Flip,56406.7304,NA,16.43880000000000,17.95790000000000,1.82070000000000,4.84580000000000,6.0795,NA,56391.7340,16.8171,14.9964,1.8207,15.7931,4.0491,3.9316,0.1175,-0.0936,56391.7340,NA,NA
gamemd.exe,18720,0x43D4320,D3D9,0,0,1,Hardware: Independent Flip,56423.2322,NA,16.50180000000000,14.63390000000000,0.81310000000000,4.07660000000000,4.2116,NA,56408.5511,15.4942,14.6811,0.8131,15.0464,3.7113,3.6493,0.0620,2.1832,56408.5511,NA,NA
gamemd.exe,18720,0x43D4320,D3D9,0,0,1,Hardware: Independent Flip,56440.1435,NA,16.91130000000000,16.86460000000000,0.78870000000000,4.01320000000000,4.1649,NA,56424.0453,16.8869,16.0982,0.7887,16.4842,3.6272,3.5669,0.0603,-1.3704,56424.0453,NA,NA
gamemd.exe,18720,0x43D4320,D3D9,0,0,1,Hardware: Independent Flip,56456.6366,NA,16.49310000000000,16.59670000000000,0.83160000000000,4.14120000000000,4.2685,NA,56440.9322,16.5360,15.7044,0.8316,16.1208,3.7248,3.6087,0.1161,0.2902,56440.9322,24.9031,NA
gamemd.exe,18720,0x43D4320,D3D9,0,0,1,Hardware: Independent Flip,56473.5891,NA,16.95250000000000,17.88860000000000,1.14180000000000,4.37870000000000,5.2046,NA,56457.4682,17.2627,16.1209,1.1418,16.5920,3.9076,3.8313,0.0763,-1.3526,56457.4682,10.7587,NA
gamemd.exe,18720,0x43D4320,D3D9,0,0,1,Hardware: Independent Flip,56490.6588,NA,17.06970000000000,17.34270000000000,1.36750000000000,4.25550000000000,5.4776,NA,56474.7309,17.2954,15.9279,1.3675,16.5683,3.6151,3.5496,0.0655,-0.0800,56474.7309,11.6980,NA
gamemd.exe,18720,0x43D4320,D3D9,0,0,1,Hardware: Independent Flip,56506.4961,NA,15.83730000000000,14.58050000000000,0.98480000000000,4.10690000000000,4.2208,NA,56492.0263,15.4546,14.4698,0.9848,14.8989,3.6778,3.5892,0.0886,2.7149,56492.0263,NA,NA
gamemd.exe,18720,0x43D4320,D3D9,0,0,1,Hardware: Independent Flip,56523.4728,NA,16.97670000000000,16.96360000000000,1.14510000000000,4.09820000000000,4.2077,NA,56507.4809,17.1370,15.9919,1.1451,16.4370,3.6531,3.5968,0.0563,-1.5090,56507.4809,11.7796,NA
gamemd.exe,18720,0x43D4320,D3D9,0,0,1,Hardware: Independent Flip,56539.9364,NA,16.46360000000000,16.37100000000000,0.93270000000000,3.99650000000000,4.1151,NA,56524.6179,16.2512,15.3185,0.9327,15.7428,3.5722,3.5196,0.0526,0.7660,56524.6179,12.1402,NA
gamemd.exe,18720,0x43D4320,D3D9,0,0,1,Hardware: Independent Flip,56556.5580,NA,16.62160000000000,16.58640000000000,0.93510000000000,3.93860000000000,4.0799,NA,56540.8691,16.6240,15.6889,0.9351,16.0976,3.5299,3.4638,0.0661,-0.3352,56540.8691,12.7150,NA
gamemd.exe,18720,0x43D4320,D3D9,0,0,1,Hardware: Independent Flip,56573.0246,NA,16.46660000000000,16.62400000000000,1.03270000000000,4.10200000000000,4.2373,NA,56557.4931,16.5642,15.5315,1.0327,16.0132,3.6203,3.5461,0.0742,0.0000,56557.4931,13.3642,NA
gamemd.exe,18720,0x43D4320,D3D9,0,0,1,Hardware: Independent Flip,56590.0764,NA,17.05180000000000,17.40540000000000,1.27030000000000,4.39430000000000,4.5909,NA,56574.0573,17.2894,16.0191,1.2703,16.6704,3.7430,3.6530,0.0900,-0.8412,56574.0573,NA,NA
gamemd.exe,18720,0x43D4320,D3D9,0,0,1,Hardware: Independent Flip,56607.1490,NA,17.07260000000000,18.82430000000000,2.06630000000000,4.80700000000000,6.3426,NA,56591.3467,17.8686,15.8023,2.0663,16.6126,3.9967,3.8935,0.1032,-1.5349,56591.3467,NA,NA
gamemd.exe,18720,0x43D4320,D3D9,0,0,1,Hardware: Independent Flip,56623.6892,NA,16.54020000000000,14.30150000000000,0.94230000000000,3.99200000000000,4.1039,NA,56609.2153,15.4162,14.4739,0.9423,14.9394,3.5265,3.4806,0.0459,3.5671,56609.2153,7.8334,15.6922
gamemd.exe,18720,0x43D4320,D3D9,0,0,1,Hardware: Independent Flip,56639.7842,NA,16.09500000000000,16.11770000000000,0.79130000000000,3.97020000000000,4.1266,NA,56624.6315,15.9440,15.1527,0.7913,15.5268,3.5961,3.5564,0.0397,-0.7015,56624.6315,16.0229,NA
gamemd.exe,18720,0x43D4320,D3D9,0,0,1,Hardware: Independent Flip,56656.5543,NA,16.77010000000000,16.65820000000000,0.80930000000000,3.89780000000000,4.0147,NA,56640.5755,16.7881,15.9788,0.8093,16.3742,3.5024,3.4518,0.0506,-0.7142,56640.5755,16.6309,NA
gamemd.exe,18720,0x43D4320,D3D9,0,0,1,Hardware: Independent Flip,56673.2270,NA,16.67270000000000,16.81320000000000,0.88700000000000,4.00760000000000,4.1552,NA,56657.3636,16.7504,15.8634,0.8870,16.1881,3.6829,3.6082,0.0747,-0.0251,56657.3636,9.2571,NA
gamemd.exe,18720,0x43D4320,D3D9,0,0,1,Hardware: Independent Flip,56690.5513,NA,17.32430000000000,18.73280000000000,1.29300000000000,4.28860000000000,5.5637,NA,56674.1140,17.7303,16.4373,1.2930,17.1391,3.5868,3.5110,0.0758,-1.9824,56674.1140,20.2322,NA
gamemd.exe,18720,0x43D4320,D3D9,0,0,1,Hardware: Independent Flip,56706.9499,NA,16.39860000000000,15.29650000000000,1.22610000000000,4.30380000000000,4.4616,NA,56691.8443,16.3317,15.1056,1.2261,15.7374,3.6720,3.6272,0.0448,2.4338,56691.8443,19.5150,NA
gamemd.exe,18720,0x43D4320,D3D9,0,0,1,Hardware: Independent Flip,56723.3607,NA,16.41080000000000,15.94660000000000,0.96630000000000,3.88530000000000,3.9974,NA,56708.1760,16.1510,15.1847,0.9663,15.5828,3.4872,3.4234,0.0638,0.3851,56708.1760,19.4750,NA
gamemd.exe,18720,0x43D4320,D3D9,0,0,1,Hardware: Independent Flip,56740.2141,NA,16.85340000000000,17.04260000000000,0.84020000000000,4.07550000000000,4.1866,NA,56724.3270,16.7273,15.8871,0.8402,16.2558,3.7068,3.6434,0.0634,-0.8916,56724.3270,20.5061,NA
gamemd.exe,18720,0x43D4320,D3D9,0,0,1,Hardware: Independent Flip,56756.8214,NA,16.60730000000000,16.56340000000000,0.90180000000000,4.02760000000000,4.1427,NA,56741.0543,16.6689,15.7671,0.9018,16.2130,3.5817,3.5392,0.0425,0.1639,56741.0543,21.0341,NA
gamemd.exe,18720,0x43D4320,D3D9,0,0,1,Hardware: Independent Flip,56773.6968,NA,16.87540000000000,17.03120000000000,1.22080000000000,4.12560000000000,4.2985,NA,56757.7232,17.1944,15.9736,1.2208,16.4937,3.6055,3.5056,0.0999,-0.3623,56757.7232,22.0025,NA
gamemd.exe,18720,0x43D4320,D3D9,0,0,1,Hardware: Independent Flip,56790.5582,NA,16.86140000000000,17.49140000000000,0.98070000000000,4.07460000000000,4.9285,NA,56774.9176,16.6213,15.6406,0.9807,16.1093,3.6059,3.5509,0.0550,-0.2970,56774.9176,23.5449,NA
gamemd.exe,18720,0x43D4320,D3D9,0,0,1,Hardware: Independent Flip,56806.6822,NA,16.12400000000000,15.28680000000000,0.81050000000000,3.91570000000000,4.0913,NA,56791.5389,15.9538,15.1433,0.8105,15.5120,3.5470,3.4985,0.0485,1.3345,56791.5389,22.8665,NA
gamemd.exe,18720,0x43D4320,D3D9,0,0,1,Hardware: Independent Flip,56823.2035,NA,16.52130000000000,16.52740000000000,0.79670000000000,3.93300000000000,4.0974,NA,56807.4927,16.5075,15.7108,0.7967,16.0861,3.5577,3.5007,0.0570,-0.5736,56807.4927,23.3627,NA
gamemd.exe,18720,0x43D4320,D3D9,0,0,1,Hardware: Independent Flip,56839.8563,NA,16.65280000000000,16.70410000000000,0.78000000000000,4.00220000000000,4.1487,NA,56824.0002,16.6361,15.8561,0.7800,16.2216,3.6367,3.5679,0.0688,-0.1966,56824.0002,24.0639,NA
gamemd.exe,18720,0x43D4320,D3D9,0,0,1,Hardware: Independent Flip,56856.6026,NA,16.74630000000000,16.81490000000000,0.77130000000000,4.01000000000000,4.2173,NA,56840.6363,16.7376,15.9663,0.7713,16.3269,3.6494,3.5740,0.0754,-0.1788,56840.6363,32.9264,NA
gamemd.exe,18720,0x43D4320,D3D9,0,0,1,Hardware: Independent Flip,56873.2797,NA,16.67710000000000,17.01240000000000,0.78810000000000,4.39610000000000,4.5526,NA,56857.3739,16.6939,15.9058,0.7881,16.2889,4.0130,3.9341,0.0789,-0.2748,56857.3739,NA,NA
gamemd.exe,18720,0x43D4320,D3D9,0,0,1,Hardware: Independent Flip,56890.5059,NA,17.22620000000000,18.28260000000000,1.26240000000000,4.36450000000000,5.6090,NA,56874.0678,17.7005,16.4381,1.2624,16.9754,3.8272,3.7092,0.1180,-1.5887,56874.0678,11.8586,11.8586
gamemd.exe,18720,0x43D4320,D3D9,0,0,1,Hardware: Independent Flip,56906.7779,NA,16.27200000000000,14.83970000000000,1.00060000000000,4.06820000000000,4.1767,NA,56891.7683,16.0102,15.0096,1.0006,15.4359,3.6419,3.5801,0.0618,2.8608,56891.7683,NA,NA
gamemd.exe,18720,0x43D4320,D3D9,0,0,1,Hardware: Independent Flip,56923.2799,NA,16.50200000000000,16.57300000000000,0.98180000000000,4.13020000000000,4.2477,NA,56907.7785,16.4832,15.5014,0.9818,15.8846,3.7470,3.6831,0.0639,-0.5628,56907.7785,NA,NA
gamemd.exe,18720,0x43D4320,D3D9,0,0,1,Hardware: Independent Flip,56939.9660,NA,16.68610000000000,16.60790000000000,0.76130000000000,4.03170000000000,4.1695,NA,56924.2617,16.4656,15.7043,0.7613,16.0525,3.6835,3.6222,0.0613,-0.1247,56924.2617,NA,NA
gamemd.exe,18720,0x43D4320,D3D9,0,0,1,Hardware: Independent Flip,56956.8062,NA,16.84020000000000,16.80830000000000,0.79860000000000,4.02280000000000,4.1376,NA,56940.7273,16.8775,16.0789,0.7986,16.4524,3.6493,3.6010,0.0483,-0.3427,56940.7273,NA,NA
gamemd.exe,18720,0x43D4320,D3D9,0,0,1,Hardware: Independent Flip,56973.5566,NA,16.75040000000000,16.83140000000000,1.18160000000000,4.05530000000000,4.2186,NA,56957.6048,17.1334,15.9518,1.1816,16.4800,3.5271,3.4563,0.0708,0.0461,56957.6048,NA,NA
gamemd.exe,18720,0x43D4320,D3D9,0,0,1,Hardware: Independent Flip,56990.5055,NA,16.94890000000000,19.00310000000000,2.05290000000000,4.77500000000000,6.2728,NA,56974.7382,17.8202,15.7673,2.0529,16.5526,3.9897,3.9085,0.0812,-1.8697,56974.7382,NA,NA
gamemd.exe,18720,0x43D4320,D3D9,0,0,1,Hardware: Independent Flip,57006.7136,NA,16.20810000000000,14.10220000000000,0.88040000000000,4.05510000000000,4.1669,NA,56992.5584,15.0356,14.1552,0.8804,14.5595,3.6508,3.6086,0.0422,3.7180,56992.5584,NA,NA
gamemd.exe,18720,0x43D4320,D3D9,0,0,1,Hardware: Independent Flip,57023.1287,NA,16.41510000000000,16.36160000000000,0.81880000000000,3.99910000000000,4.1134,NA,57007.5940,16.3535,15.5347,0.8188,15.9095,3.6243,3.5577,0.0666,-1.3260,57007.5940,NA,NA
gamemd.exe,18720,0x43D4320,D3D9,0,0,1,Hardware: Independent Flip,57039.9094,NA,16.78070000000000,16.80200000000000,0.78570000000000,3.99990000000000,4.1347,NA,57023.9475,16.7476,15.9619,0.7857,16.3483,3.6135,3.5716,0.0419,-0.4485,57023.9475,NA,NA
gamemd.exe,18720,0x43D4320,D3D9,0,0,1,Hardware: Independent Flip,57056.8374,NA,16.92800000000000,17.14340000000000,0.78980000000000,4.17400000000000,4.3501,NA,57040.6951,16.9321,16.1423,0.7898,16.5117,3.8046,3.7570,0.0476,-0.3958,57040.6951,NA,NA
gamemd.exe,18720,0x43D4320,D3D9,0,0,1,Hardware: Independent Flip,57073.7946,NA,16.95720000000000,18.22100000000000,1.45270000000000,4.39390000000000,5.6139,NA,57057.6272,17.6201,16.1674,1.4527,16.9176,3.6437,3.5772,0.0665,-1.2889,57057.6272,NA,NA
gamemd.exe,18720,0x43D4320,D3D9,0,0,1,Hardware: Independent Flip,57090.0805,NA,16.28590000000000,15.04330000000000,1.48480000000000,4.26190000000000,4.3713,NA,57075.2473,16.3180,14.8332,1.4848,15.4663,3.6288,3.5740,0.0548,2.5768,57075.2473,NA,NA
gamemd.exe,18720,0x43D4320,D3D9,0,0,1,Hardware: Independent Flip,57106.8088,NA,16.72830000000000,16.46440000000000,0.88590000000000,3.97370000000000,4.1074,NA,57091.5653,16.1294,15.2435,0.8859,15.6455,3.5717,3.4964,0.0753,-0.1464,57091.5653,NA,NA
gamemd.exe,18720,0x43D4320,D3D9,0,0,1,Hardware: Independent Flip,57123.1906,NA,16.38180000000000,16.22870000000000,0.79000000000000,3.83890000000000,3.9543,NA,57107.6947,16.2859,15.4959,0.7900,15.8696,3.4652,3.4142,0.0510,-0.0993,57107.6947,NA,NA
gamemd.exe,18720,0x43D4320,D3D9,0,0,1,Hardware: Independent Flip,57139.7722,NA,16.58160000000000,16.71960000000000,0.80370000000000,3.97900000000000,4.0923,NA,57123.9806,16.5953,15.7916,0.8037,16.1630,3.6076,3.5533,0.0543,-0.4337,57123.9806,NA,NA
gamemd.exe,18720,0x43D4320,D3D9,0,0,1,Hardware: Independent Flip,57156.6594,NA,16.88720000000000,16.75650000000000,0.79350000000000,3.82810000000000,3.9616,NA,57140.5759,16.8770,16.0835,0.7935,16.4580,3.4536,3.4128,0.0408,-0.1612,57140.5759,NA,NA
gamemd.exe,18720,0x43D4320,D3D9,0,0,1,Hardware: Independent Flip,57173.5459,NA,16.88650000000000,17.15290000000000,1.37130000000000,4.09360000000000,4.2280,NA,57157.4529,17.4643,16.0930,1.3713,16.6089,3.5777,3.5120,0.0657,-0.2759,57157.4529,NA,NA
gamemd.exe,18720,0x43D4320,D3D9,0,0,1,Hardware: Independent Flip,57190.2333,NA,16.68740000000000,18.29190000000000,1.35610000000000,4.39860000000000,5.8325,NA,57174.9172,16.6722,15.3161,1.3561,15.9732,3.7415,3.6846,0.0569,-0.8276,57174.9172,NA,NA
gamemd.exe,18720,0x43D4320,D3D9,0,0,1,Hardware: Independent Flip,57206.6451,NA,16.41180000000000,14.72330000000000,0.83860000000000,4.01280000000000,4.1440,NA,57191.5894,15.8943,15.0557,0.8386,15.4196,3.6489,3.5964,0.0525,1.9489,57191.5894,NA,NA
gamemd.exe,18720,0x43D4320,D3D9,0,0,1,Hardware: Independent Flip,57223.0690,NA,16.42390000000000,16.36360000000000,0.77930000000000,3.94660000000000,4.0837,NA,57207.4837,16.3646,15.5853,0.7793,15.9626,3.5693,3.5082,0.0611,-0.4693,57207.4837,NA,NA
gamemd.exe,18720,0x43D4320,D3D9,0,0,1,Hardware: Independent Flip,57240.1754,NA,17.10640000000000,17.21600000000000,0.80550000000000,4.07000000000000,4.1933,NA,57223.8483,17.1326,16.3271,0.8055,16.6969,3.7002,3.6431,0.0571,-0.8514,57223.8483,NA,NA
gamemd.exe,18720,0x43D4320,D3D9,0,0,1,Hardware: Independent Flip,57256.8251,NA,16.64970000000000,16.69150000000000,0.77440000000000,4.07850000000000,4.2351,NA,57240.9809,16.6186,15.8442,0.7744,16.2078,3.7149,3.6309,0.0840,0.4411,57240.9809,NA,NA
gamemd.exe,18720,0x43D4320,D3D9,0,0,1,Hardware: Independent Flip,57273.3824,NA,16.55730000000000,16.97000000000000,1.43890000000000,4.47370000000000,4.6478,NA,57257.5995,17.2218,15.7829,1.4389,16.5761,3.6805,3.6073,0.0732,-0.3514,57257.5995,NA,NA
gamemd.exe,18720,0x43D4320,D3D9,0,0,1,Hardware: Independent Flip,57289.9627,NA,16.58030000000000,16.22270000000000,1.10870000000000,4.12890000000000,4.2902,NA,57274.8213,16.2501,15.1414,1.1087,15.7479,3.5224,3.4684,0.0540,0.9991,57274.8213,NA,NA
gamemd.exe,18720,0x43D4320,D3D9,0,0,1,Hardware: Independent Flip,57306.8593,NA,16.89660000000000,17.12110000000000,1.04400000000000,4.33210000000000,4.5147,NA,57291.0714,16.8319,15.7879,1.0440,16.3674,3.7526,3.6610,0.0916,-0.8710,57291.0714,NA,NA
gamemd.exe,18720,0x43D4320,D3D9,0,0,1,Hardware: Independent Flip,57323.3795,NA,16.52020000000000,16.06630000000000,0.76790000000000,3.94670000000000,4.0608,NA,57307.9033,16.2441,15.4762,0.7679,15.8291,3.5938,3.5456,0.0482,0.7656,57307.9033,NA,NA
gamemd.exe,18720,0x43D4320,D3D9,0,0,1,Hardware: Independent Flip,57340.1664,NA,16.78690000000000,18.61210000000000,1.04430000000000,4.46460000000000,5.8860,NA,57324.1474,17.0633,16.0190,1.0443,16.5375,3.9461,3.8853,0.0608,-2.3680,57324.1474,NA,NA
gamemd.exe,18720,0x43D4320,D3D9,0,0,1,Hardware: Independent Flip,57356.5978,NA,16.43140000000000,14.80450000000000,0.85430000000000,4.14030000000000,4.2591,NA,57341.2107,16.2414,15.3871,0.8543,15.8265,3.7009,3.6483,0.0526,2.2588,57341.2107,NA,NA
gamemd.exe,18720,0x43D4320,D3D9,0,0,1,Hardware: Independent Flip,57373.3861,NA,16.78830000000000,16.85110000000000,1.02110000000000,4.19930000000000,4.3219,NA,57357.4521,16.9551,15.9340,1.0211,16.3532,3.7801,3.6960,0.0841,-0.6097,57357.4521,NA,NA
gamemd.exe,18720,0x43D4320,D3D9,0,0,1,Hardware: Independent Flip,57390.2472,NA,16.86110000000000,17.04360000000000,0.91770000000000,4.28130000000000,4.5044,NA,57374.4072,16.7577,15.8400,0.9177,16.2651,3.8562,3.7912,0.0650,-0.0885,57374.4072,NA,NA
gamemd.exe,18720,0x43D4320,D3D9,0,0,1,Hardware: Independent Flip,57406.7752,NA,16.52800000000000,16.51630000000000,0.79250000000000,4.31360000000000,4.4927,NA,57391.1649,16.4028,15.6103,0.7925,15.9919,3.9320,3.8876,0.0444,0.2414,57391.1649,NA,NA
gamemd.exe,18720,0x43D4320,D3D9,0,0,1,Hardware: Independent Flip,57423.3550,NA,16.57980000000000,16.32930000000000,0.79280000000000,4.06930000000000,4.2422,NA,57407.5677,16.5801,15.7873,0.7928,16.1753,3.6813,3.6332,0.0481,0.0735,57407.5677,NA,NA
gamemd.exe,18720,0x43D4320,D3D9,0,0,1,Hardware: Independent Flip,57439.9409,NA,16.58590000000000,16.76540000000000,0.75910000000000,4.22190000000000,4.4217,NA,57424.1478,16.5522,15.7931,0.7591,16.1421,3.8729,3.8281,0.0448,-0.1853,57424.1478,16.4904,NA
gamemd.exe,18720,0x43D4320,D3D9,0,0,1,Hardware: Independent Flip,57456.6871,NA,16.74620000000000,16.72210000000000,0.79370000000000,4.22460000000000,4.3976,NA,57440.7000,16.7808,15.9871,0.7937,16.3476,3.8641,3.7863,0.0778,-0.1699,57440.7000,9.1796,NA
gamemd.exe,18720,0x43D4320,D3D9,0,0,1,Hardware: Independent Flip,57473.6052,NA,16.91810000000000,16.92710000000000,1.15290000000000,4.19450000000000,4.4066,NA,57457.4808,17.2773,16.1244,1.1529,16.6287,3.6902,3.6225,0.0677,-0.1463,57457.4808,9.9557,NA
gamemd.exe,18720,0x43D4320,D3D9,0,0,1,Hardware: Independent Flip,57490.3781,NA,16.77290000000000,18.04320000000000,1.51680000000000,4.51920000000000,5.6769,NA,57474.7581,17.1368,15.6200,1.5168,16.2000,3.9392,3.8786,0.0606,-0.7659,57474.7581,20.1604,NA
gamemd.exe,18720,0x43D4320,D3D9,0,0,1,Hardware: Independent Flip,57506.7396,NA,16.36150000000000,14.84270000000000,0.92710000000000,3.98430000000000,4.1581,NA,57491.8949,15.7718,14.8447,0.9271,15.2663,3.5627,3.5143,0.0484,2.2941,57491.8949,19.0058,NA
gamemd.exe,18720,0x43D4320,D3D9,0,0,1,Hardware: Independent Flip,57523.0887,NA,16.34910000000000,16.30550000000000,0.78090000000000,3.99110000000000,4.1145,NA,57507.6667,16.2029,15.4220,0.7809,15.7950,3.6181,3.5688,0.0493,-0.5337,57507.6667,NA,NA
gamemd.exe,18720,0x43D4320,D3D9,0,0,1,Hardware: Independent Flip,57540.1073,NA,17.01860000000000,16.95880000000000,0.81340000000000,3.93010000000000,4.0547,NA,57523.8696,17.0511,16.2377,0.8134,16.6284,3.5394,3.4974,0.0420,-0.7559,57523.8696,NA,NA
gamemd.exe,18720,0x43D4320,D3D9,0,0,1,Hardware: Independent Flip,57556.6357,NA,16.52840000000000,16.50870000000000,0.86390000000000,3.89800000000000,4.0350,NA,57540.9207,16.5789,15.7150,0.8639,16.0803,3.5327,3.4668,0.0659,0.5424,57540.9207,NA,NA
gamemd.exe,18720,0x43D4320,D3D9,0,0,1,Hardware: Independent Flip,57573.9264,NA,17.29070000000000,18.70630000000000,1.04720000000000,4.19480000000000,5.4506,NA,57557.4996,17.4740,16.4268,1.0472,16.8975,3.7241,3.6394,0.0847,-2.1274,57557.4996,NA,NA
gamemd.exe,18720,0x43D4320,D3D9,0,0,1,Hardware: Independent Flip,57590.3073,NA,16.38090000000000,16.66040000000000,1.52650000000000,4.50780000000000,5.7301,NA,57574.9736,16.8602,15.3337,1.5265,16.2149,3.6266,3.5484,0.0782,0.8136,57574.9736,NA,NA
gamemd.exe,18720,0x43D4320,D3D9,0,0,1,Hardware: Independent Flip,57606.4233,NA,16.11600000000000,14.46190000000000,0.77130000000000,3.93700000000000,4.0760,NA,57591.8338,15.3608,14.5895,0.7713,14.9478,3.5787,3.5229,0.0558,2.3983,57591.8338,NA,NA
gamemd.exe,18720,0x43D4320,D3D9,0,0,1,Hardware: Independent Flip,57623.2111,NA,16.78780000000000,17.00780000000000,0.79040000000000,4.17240000000000,4.2960,NA,57607.1946,16.8069,16.0165,0.7904,16.3915,3.7974,3.7373,0.0601,-1.6470,57607.1946,NA,NA
gamemd.exe,18720,0x43D4320,D3D9,0,0,1,Hardware: Independent Flip,57640.1481,NA,16.93700000000000,18.51820000000000,1.17730000000000,4.45650000000000,5.8772,NA,57624.0015,17.3239,16.1466,1.1773,16.6478,3.9553,3.8804,0.0749,-1.7113,57624.0015,NA,NA
gamemd.exe,18720,0x43D4320,D3D9,0,0,1,Hardware: Independent Flip,57656.8566,NA,16.70850000000000,15.36660000000000,1.12400000000000,4.29700000000000,4.5353,NA,57641.3254,16.6552,15.5312,1.1240,15.9804,3.8478,3.7721,0.0757,1.9573,57641.3254,NA,NA
gamemd.exe,18720,0x43D4320,D3D9,0,0,1,Hardware: Independent Flip,57673.8469,NA,16.99030000000000,18.62950000000000,1.67360000000000,4.77510000000000,6.1745,NA,57657.9806,17.5399,15.8663,1.6736,16.7375,3.9039,3.8056,0.0983,-1.9743,57657.9806,NA,NA
gamemd.exe,18720,0x43D4320,D3D9,0,0,1,Hardware: Independent Flip,57690.3450,NA,16.49810000000000,15.99390000000000,1.33190000000000,4.26110000000000,5.6703,NA,57675.5205,16.1564,14.8245,1.3319,15.4832,3.6024,3.5459,0.0565,1.5460,57675.5205,NA,NA
gamemd.exe,18720,0x43D4320,D3D9,0,0,1,Hardware: Independent Flip,57706.6612,NA,16.31620000000000,14.74220000000000,0.94300000000000,3.98060000000000,4.0963,NA,57691.6769,15.9273,14.9843,0.9430,15.3684,3.5965,3.5427,0.0538,1.4142,57691.6769,NA,NA
gamemd.exe,18720,0x43D4320,D3D9,0,0,1,Hardware: Independent Flip,57723.3044,NA,16.64320000000000,16.82900000000000,0.85160000000000,4.16880000000000,4.2821,NA,57707.6042,16.5518,15.7002,0.8516,16.1097,3.7593,3.6766,0.0827,-0.9017,57707.6042,NA,NA
gamemd.exe,18720,0x43D4320,D3D9,0,0,1,Hardware: Independent Flip,57739.8857,NA,16.58130000000000,16.58570000000000,1.02350000000000,4.17140000000000,4.2865,NA,57724.1560,16.7532,15.7297,1.0235,16.2798,3.6213,3.5761,0.0452,-0.0339,57724.1560,NA,NA
gamemd.exe,18720,0x43D4320,D3D9,0,0,1,Hardware: Independent Flip,57756.5317,NA,16.64600000000000,16.40470000000000,0.75620000000000,3.89030000000000,4.0452,NA,57740.9092,16.3787,15.6225,0.7562,15.9448,3.5680,3.5291,0.0389,0.3485,57740.9092,NA,NA
gamemd.exe,18720,0x43D4320,D3D9,0,0,1,Hardware: Independent Flip,57773.6142,NA,17.08250000000000,18.79100000000000,1.71000000000000,4.83890000000000,5.7537,NA,57757.2879,18.0363,16.3263,1.7100,17.3797,3.7855,3.7155,0.0700,-2.4123,57757.2879,NA,NA
gamemd.exe,18720,0x43D4320,D3D9,0,0,1,Hardware: Independent Flip,57789.6655,NA,16.05130000000000,14.36080000000000,0.87240000000000,3.94960000000000,4.0632,NA,57775.3242,15.2137,14.3413,0.8724,14.7741,3.5168,3.4681,0.0487,3.6755,57775.3242,NA,NA
gamemd.exe,18720,0x43D4320,D3D9,0,0,1,Hardware: Independent Flip,57806.4975,NA,16.83200000000000,16.87960000000000,0.77140000000000,3.99750000000000,4.1108,NA,57790.5379,16.7310,15.9596,0.7714,16.3002,3.6569,3.6146,0.0423,-1.6659,57790.5379,NA,NA
gamemd.exe,18720,0x43D4320,D3D9,0,0,1,Hardware: Independent Flip,57823.3089,NA,16.81140000000000,16.87880000000000,0.75350000000000,4.06430000000000,4.1782,NA,57807.2689,16.7935,16.0400,0.7535,16.3861,3.7182,3.6600,0.0582,-0.1478,57807.2689,NA,NA
gamemd.exe,18720,0x43D4320,D3D9,0,0,1,Hardware: Independent Flip,57839.7212,NA,16.41230000000000,16.36770000000000,0.79240000000000,4.01060000000000,4.1336,NA,57824.0624,16.4512,15.6588,0.7924,16.0116,3.6578,3.5980,0.0598,0.4258,57824.0624,NA,NA
gamemd.exe,18720,0x43D4320,D3D9,0,0,1,Hardware: Independent Flip,57856.4644,NA,16.74320000000000,16.73460000000000,0.80110000000000,4.01630000000000,4.1250,NA,57840.5136,16.7519,15.9508,0.8011,16.3254,3.6417,3.5959,0.0458,-0.2834,57840.5136,NA,NA
gamemd.exe,18720,0x43D4320,D3D9,0,0,1,Hardware: Independent Flip,57873.3298,NA,16.86540000000000,17.09680000000000,1.12140000000000,4.19450000000000,4.3564,NA,57857.2655,17.1857,16.0643,1.1214,16.5453,3.7135,3.6443,0.0692,-0.3449,57857.2655,NA,NA
gamemd.exe,18720,0x43D4320,D3D9,0,0,1,Hardware: Independent Flip,57890.0410,NA,16.71120000000000,16.47160000000000,0.83880000000000,4.00430000000000,4.1168,NA,57874.4512,16.4286,15.5898,0.8388,15.9657,3.6284,3.5678,0.0606,0.7141,57874.4512,NA,NA
gamemd.exe,18720,0x43D4320,D3D9,0,0,1,Hardware: Independent Flip,57906.6959,NA,16.65490000000000,16.69120000000000,0.78160000000000,4.03900000000000,4.1531,NA,57890.8798,16.5977,15.8161,0.7816,16.1895,3.6656,3.6026,0.0630,-0.2626,57890.8798,NA,NA
gamemd.exe,18720,0x43D4320,D3D9,0,0,1,Hardware: Independent Flip,57923.0530,NA,16.35710000000000,16.29380000000000,0.81380000000000,3.90810000000000,4.0898,NA,57907.4775,16.3893,15.5755,0.8138,15.9484,3.5352,3.4854,0.0498,0.3039,57907.4775,NA,NA
gamemd.exe,18720,0x43D4320,D3D9,0,0,1,Hardware: Independent Flip,57939.6851,NA,16.63210000000000,16.73300000000000,0.78810000000000,4.06700000000000,4.1907,NA,57923.8668,16.6064,15.8183,0.7881,16.2020,3.6833,3.6254,0.0579,-0.3437,57923.8668,NA,NA
gamemd.exe,18720,0x43D4320,D3D9,0,0,1,Hardware: Independent Flip,57956.3774,NA,16.69230000000000,16.60280000000000,0.79770000000000,3.99190000000000,4.1012,NA,57940.4732,16.7019,15.9042,0.7977,16.2880,3.6081,3.5636,0.0445,0.0036,57940.4732,NA,NA
gamemd.exe,18720,0x43D4320,D3D9,0,0,1,Hardware: Independent Flip,57973.4428,NA,17.06540000000000,18.86530000000000,1.23340000000000,4.52170000000000,5.9011,NA,57957.1751,17.5011,16.2677,1.2334,16.8247,3.9647,3.8867,0.0780,-2.1634,57957.1751,NA,NA
gamemd.exe,18720,0x43D4320,D3D9,0,0,1,Hardware: Independent Flip,57990.4282,NA,16.98540000000000,16.64580000000000,0.97100000000000,4.18610000000000,5.5615,NA,57974.6762,16.7230,15.7520,0.9710,16.1613,3.7768,3.6696,0.1072,0.8553,57974.6762,NA,NA
gamemd.exe,18720,0x43D4320,D3D9,0,0,1,Hardware: Independent Flip,58006.5324,NA,16.10420000000000,14.92860000000000,0.80630000000000,4.13540000000000,4.3859,NA,57991.3992,15.9395,15.1332,0.8063,15.5346,3.7340,3.6878,0.0462,1.7944,57991.3992,NA,NA
gamemd.exe,18720,0x43D4320,D3D9,0,0,1,Hardware: Independent Flip,58023.3978,NA,16.86540000000000,16.74400000000000,0.79120000000000,4.13840000000000,4.2645,NA,58007.3387,16.8503,16.0591,0.7912,16.4321,3.7654,3.7152,0.0502,-0.8045,58007.3387,NA,NA
gamemd.exe,18720,0x43D4320,D3D9,0,0,1,Hardware: Independent Flip,58039.8301,NA,16.43230000000000,16.54320000000000,0.75740000000000,4.24110000000000,4.3754,NA,58024.1890,16.3985,15.6411,0.7574,16.0051,3.8771,3.8176,0.0595,0.3071,58024.1890,NA,NA
gamemd.exe,18720,0x43D4320,D3D9,0,0,1,Hardware: Independent Flip,58057.0459,NA,17.21580000000000,18.44150000000000,1.04320000000000,4.20200000000000,5.6011,NA,58040.5875,17.5016,16.4584,1.0432,16.9808,3.6796,3.5968,0.0828,-2.0430,58040.5875,NA,NA
gamemd.exe,18720,0x43D4320,D3D9,0,0,1,Hardware: Independent Flip,58073.0700,NA,16.02410000000000,15.09790000000000,1.25200000000000,4.49280000000000,4.6749,NA,58058.0891,16.2329,14.9809,1.2520,15.4877,3.9860,3.8977,0.0883,2.4037,58058.0891,NA,NA
gamemd.exe,18720,0x43D4320,D3D9,0,0,1,Hardware: Independent Flip,58090.4939,NA,17.42390000000000,18.22880000000000,1.29940000000000,4.33040000000000,5.4798,NA,58074.3220,17.4713,16.1719,1.2994,16.8602,3.6421,3.5791,0.0630,-1.9959,58074.3220,NA,NA
gamemd.exe,18720,0x43D4320,D3D9,0,0,1,Hardware: Independent Flip,58107.0161,NA,16.52220000000000,16.66400000000000,1.13180000000000,4.40220000000000,5.6216,NA,58091.7933,16.3546,15.2228,1.1318,15.8553,3.7697,3.7090,0.0607,0.8073,58091.7933,NA,NA
gamemd.exe,18720,0x43D4320,D3D9,0,0,1,Hardware: Independent Flip,58123.0795,NA,16.06340000000000,14.52960000000000,1.02910000000000,3.96010000000000,4.0878,NA,58108.1479,15.9607,14.9316,1.0291,15.3399,3.5518,3.4896,0.0622,1.8250,58108.1479,17.9192,NA
gamemd.exe,18720,0x43D4320,D3D9,0,0,1,Hardware: Independent Flip,58139.7540,NA,16.67450000000000,16.90380000000000,0.96760000000000,4.18830000000000,4.3171,NA,58124.1086,16.6130,15.6454,0.9676,16.0774,3.7563,3.7128,0.0435,-0.9431,58124.1086,NA,NA
gamemd.exe,18720,0x43D4320,D3D9,0,0,1,Hardware: Independent Flip,58156.4378,NA,16.68380000000000,16.54810000000000,0.79870000000000,4.06710000000000,4.1814,NA,58140.7216,16.5149,15.7162,0.7987,16.0726,3.7107,3.6501,0.0606,0.0649,58140.7216,NA,NA
gamemd.exe,18720,0x43D4320,D3D9,0,0,1,Hardware: Independent Flip,58173.2418,NA,16.80400000000000,16.91180000000000,1.14480000000000,4.16450000000000,4.2892,NA,58157.2365,17.1501,16.0053,1.1448,16.4977,3.6721,3.5902,0.0819,-0.3969,58157.2365,NA,NA
gamemd.exe,18720,0x43D4320,D3D9,0,0,1,Hardware: Independent Flip,58190.6102,NA,17.36840000000000,18.44040000000000,1.02940000000000,4.12680000000000,5.3612,NA,58174.3866,17.2530,16.2236,1.0294,16.7331,3.6173,3.5773,0.0400,-1.2903,58174.3866,NA,NA
gamemd.exe,18720,0x43D4320,D3D9,0,0,1,Hardware: Independent Flip,58206.7931,NA,16.18290000000000,15.04000000000000,0.85270000000000,4.09290000000000,4.2183,NA,58191.6396,16.0062,15.1535,0.8527,15.5672,3.6792,3.6172,0.0620,2.2130,58191.6396,NA,NA
gamemd.exe,18720,0x43D4320,D3D9,0,0,1,Hardware: Independent Flip,58223.2745,NA,16.48140000000000,16.48380000000000,1.07460000000000,4.10020000000000,4.2207,NA,58207.6458,16.7033,15.6287,1.0746,16.0721,3.6568,3.5950,0.0618,-0.4776,58207.6458,NA,NA
gamemd.exe,18720,0x43D4320,D3D9,0,0,1,Hardware: Independent Flip,58240.0392,NA,16.76470000000000,16.82400000000000,0.79140000000000,4.17150000000000,4.2800,NA,58224.3491,16.4815,15.6901,0.7914,16.0672,3.7944,3.7503,0.0441,-0.1207,58224.3491,NA,NA
gamemd.exe,18720,0x43D4320,D3D9,0,0,1,Hardware: Independent Flip,58256.4674,NA,16.42820000000000,16.37020000000000,0.83430000000000,4.11510000000000,4.2220,NA,58240.8306,16.4711,15.6368,0.8343,16.0327,3.7192,3.6659,0.0533,0.1113,58240.8306,NA,NA
gamemd.exe,18720,0x43D4320,D3D9,0,0,1,Hardware: Independent Flip,58273.9123,NA,17.44490000000000,18.60410000000000,1.33580000000000,4.41050000000000,5.3812,NA,58257.3017,17.9464,16.6106,1.3358,17.2917,3.7294,3.6527,0.0767,-2.1330,58257.3017,NA,NA
gamemd.exe,18720,0x43D4320,D3D9,0,0,1,Hardware: Independent Flip,58290.4174,NA,16.50510000000000,16.65920000000000,1.60290000000000,4.66850000000000,5.5353,NA,58275.2481,16.7722,15.1693,1.6029,16.1658,3.6720,3.6103,0.0617,1.2872,58275.2481,NA,NA
gamemd.exe,18720,0x43D4320,D3D9,0,0,1,Hardware: Independent Flip,58306.8403,NA,16.42290000000000,15.13530000000000,1.12020000000000,4.12130000000000,4.2477,NA,58292.0203,15.9402,14.8200,1.1202,15.3252,3.6161,3.5476,0.0685,1.6369,58292.0203,NA,NA
gamemd.exe,18720,0x43D4320,D3D9,0,0,1,Hardware: Independent Flip,58323.2560,NA,16.41570000000000,16.31210000000000,0.83580000000000,4.03270000000000,4.1441,NA,58307.9605,16.1313,15.2955,0.8358,15.6947,3.6335,3.5855,0.0480,-0.3719,58307.9605,NA,NA
gamemd.exe,18720,0x43D4320,D3D9,0,0,1,Hardware: Independent Flip,58339.7967,NA,16.54070000000000,16.56240000000000,0.76460000000000,4.05400000000000,4.1658,NA,58324.0918,16.4695,15.7049,0.7646,16.0823,3.6766,3.6155,0.0611,-0.4311,58324.0918,NA,NA
gamemd.exe,18720,0x43D4320,D3D9,0,0,1,Hardware: Independent Flip,58356.6065,NA,16.80980000000000,16.97070000000000,1.10200000000000,4.17110000000000,4.3267,NA,58340.5613,17.1472,16.0452,1.1020,16.5240,3.6923,3.6184,0.0739,-0.5012,58340.5613,NA,NA
gamemd.exe,18720,0x43D4320,D3D9,0,0,1,Hardware: Independent Flip,58373.4770,NA,16.87050000000000,18.36150000000000,1.66470000000000,4.82440000000000,5.8177,NA,58357.7085,17.4332,15.7685,1.6647,16.7438,3.8491,3.7871,0.0620,-1.2143,58357.7085,NA,NA
gamemd.exe,18720,0x43D4320,D3D9,0,0,1,Hardware: Independent Flip,58390.1404,NA,16.66340000000000,15.00950000000000,0.77550000000000,4.04560000000000,4.1638,NA,58375.1417,15.7742,14.9987,0.7755,15.3697,3.6746,3.6168,0.0578,2.4237,58375.1417,NA,NA
gamemd.exe,18720,0x43D4320,D3D9,0,0,1,Hardware: Independent Flip,58406.7282,NA,16.58780000000000,16.77830000000000,0.79690000000000,4.22770000000000,4.3543,NA,58390.9159,16.6092,15.8123,0.7969,16.1771,3.8629,3.7693,0.0936,-1.0041,58390.9159,NA,NA
gamemd.exe,18720,0x43D4320,D3D9,0,0,1,Hardware: Independent Flip,58423.0688,NA,16.34060000000000,16.20800000000000,0.79610000000000,4.08630000000000,4.2217,NA,58407.5251,16.3398,15.5437,0.7961,15.9257,3.7043,3.6397,0.0646,0.4012,58407.5251,NA,NA
gamemd.exe,18720,0x43D4320,D3D9,0,0,1,Hardware: Independent Flip,58439.8950,NA,16.82620000000000,16.93560000000000,0.78470000000000,4.18280000000000,4.3311,NA,58423.8649,16.8148,16.0301,0.7847,16.4167,3.7962,3.7144,0.0818,-0.5958,58423.8649,NA,NA
gamemd.exe,18720,0x43D4320,D3D9,0,0,1,Hardware: Independent Flip,58457.0848,NA,17.18980000000000,18.40420000000000,1.06890000000000,4.39760000000000,5.5455,NA,58440.6797,17.4740,16.4051,1.0689,16.8770,3.9257,3.8491,0.0766,-1.5894,58440.6797,NA,NA
gamemd.exe,18720,0x43D4320,D3D9,0,0,1,Hardware: Independent Flip,58473.2970,NA,16.21220000000000,15.09330000000000,1.04910000000000,4.31270000000000,4.4266,NA,58458.1537,16.1924,15.1433,1.0491,15.7161,3.7399,3.6717,0.0682,2.3807,58458.1537,NA,NA
gamemd.exe,18720,0x43D4320,D3D9,0,0,1,Hardware: Independent Flip,58490.0801,NA,16.78310000000000,16.76450000000000,0.99990000000000,4.29290000000000,4.4080,NA,58474.3461,16.7339,15.7340,0.9999,16.1706,3.8563,3.8015,0.0548,-0.5721,58474.3461,NA,NA
gamemd.exe,18720,0x43D4320,D3D9,0,0,1,Hardware: Independent Flip,58506.3673,NA,16.28720000000000,16.09940000000000,1.00070000000000,4.10760000000000,4.2202,NA,58491.0800,16.2880,15.2873,1.0007,15.8015,3.5934,3.5323,0.0611,0.6345,58491.0800,NA,NA
gamemd.exe,18720,0x43D4320,D3D9,0,0,1,Hardware: Independent Flip,58523.6214,NA,17.25410000000000,18.70050000000000,1.05460000000000,4.28360000000000,5.6666,NA,58507.3680,17.3080,16.2534,1.0546,16.7843,3.7527,3.6992,0.0535,-2.4125,58507.3680,NA,NA
gamemd.exe,18720,0x43D4320,D3D9,0,0,1,Hardware: Independent Flip,58540.0314,NA,16.41000000000000,16.65220000000000,1.16870000000000,4.45290000000000,5.9088,NA,58524.6760,16.5241,15.3554,1.1687,15.8579,3.9504,3.8692,0.0812,0.6558,58524.6760,NA,NA
gamemd.exe,18720,0x43D4320,D3D9,0,0,1,Hardware: Independent Flip,58556.8483,NA,16.81690000000000,16.67770000000000,1.21930000000000,4.32220000000000,5.7696,NA,58541.2001,16.8675,15.6482,1.2193,16.1604,3.8100,3.7184,0.0916,-0.1536,58541.2001,NA,NA
gamemd.exe,18720,0x43D4320,D3D9,0,0,1,Hardware: Independent Flip,58574.0619,NA,17.21360000000000,18.02020000000000,1.91740000000000,5.05400000000000,6.5762,NA,58558.0676,17.9117,15.9943,1.9174,16.8591,4.1892,4.1217,0.0675,-1.1527,58558.0676,NA,NA
gamemd.exe,18720,0x43D4320,D3D9,0,0,1,Hardware: Independent Flip,58589.9972,NA,15.93530000000000,13.45180000000000,0.82490000000000,3.96200000000000,4.0927,NA,58575.9793,14.8428,14.0179,0.8249,14.3774,3.6025,3.5389,0.0636,4.4599,58575.9793,NA,NA
gamemd.exe,18720,0x43D4320,D3D9,0,0,1,Hardware: Independent Flip,58606.7475,NA,16.75030000000000,17.02750000000000,0.79060000000000,4.22640000000000,4.3699,NA,58590.8221,16.7160,15.9254,0.7906,16.2882,3.8636,3.8046,0.0590,-2.1847,58590.8221,NA,NA
gamemd.exe,18720,0x43D4320,D3D9,0,0,1,Hardware: Independent Flip,58623.0304,NA,16.28290000000000,16.12860000000000,0.86780000000000,4.10050000000000,4.2156,NA,58607.5381,16.3601,15.4923,0.8678,15.8920,3.7008,3.6236,0.0772,0.5874,58607.5381,16.5597,NA
gamemd.exe,18720,0x43D4320,D3D9,0,0,1,Hardware: Independent Flip,58639.9014,NA,16.87100000000000,16.75450000000000,0.78740000000000,3.98740000000000,4.0991,NA,58623.8982,16.7906,16.0032,0.7874,16.3893,3.6013,3.5401,0.0612,-0.3944,58623.8982,NA,NA
gamemd.exe,18720,0x43D4320,D3D9,0,0,1,Hardware: Independent Flip,58656.7238,NA,16.82240000000000,17.00760000000000,1.15830000000000,4.14390000000000,4.2843,NA,58640.6888,17.1933,16.0350,1.1583,16.5363,3.6426,3.5471,0.0955,-0.2170,58640.6888,20.0664,NA
gamemd.exe,18720,0x43D4320,D3D9,0,0,1,Hardware: Independent Flip,58673.6765,NA,16.95270000000000,18.24670000000000,1.06480000000000,4.25820000000000,5.5783,NA,58657.8821,16.8592,15.7944,1.0648,16.3447,3.7079,3.6632,0.0447,-1.0534,58657.8821,NA,NA
gamemd.exe,18720,0x43D4320,D3D9,0,0,1,Hardware: Independent Flip,58689.8319,NA,16.15540000000000,14.82240000000000,0.82320000000000,4.12880000000000,4.2453,NA,58674.7413,15.9138,15.0906,0.8232,15.5060,3.7134,3.6379,0.0755,2.0368,58674.7413,22.8570,NA
gamemd.exe,18720,0x43D4320,D3D9,0,0,1,Hardware: Independent Flip,58706.5192,NA,16.68730000000000,16.68860000000000,0.94130000000000,4.10270000000000,4.2466,NA,58690.6551,16.8054,15.8641,0.9413,16.3532,3.6136,3.5698,0.0438,-0.7748,58690.6551,NA,NA
gamemd.exe,18720,0x43D4320,D3D9,0,0,1,Hardware: Independent Flip,58723.1577,NA,16.63850000000000,16.53990000000000,0.79720000000000,4.00470000000000,4.1480,NA,58707.4605,16.4944,15.6972,0.7972,16.0729,3.6290,3.5719,0.0571,0.2655,58707.4605,25.4621,NA
gamemd.exe,18720,0x43D4320,D3D9,0,0,1,Hardware: Independent Flip,58740.0001,NA,16.84240000000000,16.95760000000000,0.80600000000000,4.14900000000000,4.2632,NA,58723.9549,16.8512,16.0452,0.8060,16.4358,3.7584,3.7008,0.0576,-0.4632,58723.9549,NA,NA
gamemd.exe,18720,0x43D4320,D3D9,0,0,1,Hardware: Independent Flip,58756.7131,NA,16.71300000000000,16.58800000000000,0.87090000000000,3.97820000000000,4.1382,NA,58740.8061,16.7779,15.9070,0.8709,16.2701,3.6151,3.5407,0.0744,0.2632,58740.8061,28.2024,NA
gamemd.exe,18720,0x43D4320,D3D9,0,0,1,Hardware: Independent Flip,58773.8669,NA,17.15380000000000,19.10860000000000,1.93550000000000,4.84460000000000,6.0930,NA,58757.5840,18.2184,16.2829,1.9355,17.1273,4.0002,3.9416,0.0586,-2.3307,58757.5840,NA,NA
gamemd.exe,18720,0x43D4320,D3D9,0,0,1,Hardware: Independent Flip,58789.8872,NA,16.02030000000000,14.13070000000000,0.86650000000000,4.04300000000000,4.2034,NA,58775.8024,14.9513,14.0848,0.8665,14.4789,3.6489,3.6110,0.0379,4.0877,58775.8024,31.2078,NA
gamemd.exe,18720,0x43D4320,D3D9,0,0,1,Hardware: Independent Flip,58806.7076,NA,16.82040000000000,16.92670000000000,0.81090000000000,4.17420000000000,4.3097,NA,58790.7537,16.7648,15.9539,0.8109,16.3504,3.7777,3.7249,0.0528,-1.9754,58790.7537,17.8132,NA
gamemd.exe,18720,0x43D4320,D3D9,0,0,1,Hardware: Independent Flip,58823.3667,NA,16.65910000000000,16.65440000000000,0.97570000000000,4.16730000000000,4.3050,NA,58807.5185,16.8239,15.8482,0.9757,16.2771,3.7384,3.6553,0.0831,0.1104,58807.5185,NA,NA
gamemd.exe,18720,0x43D4320,D3D9,0,0,1,Hardware: Independent Flip,58839.7813,NA,16.41460000000000,16.41320000000000,0.79370000000000,4.18290000000000,4.3036,NA,58824.3424,16.2326,15.4389,0.7937,15.8166,3.8052,3.7253,0.0799,0.4107,58824.3424,20.6969,NA
gamemd.exe,18720,0x43D4320,D3D9,0,0,1,Hardware: Independent Flip,58856.6784,NA,16.89710000000000,17.01560000000000,1.10870000000000,4.28240000000000,4.4221,NA,58840.5750,17.2121,16.1034,1.1087,16.5941,3.7917,3.6756,0.1161,-0.7830,58840.5750,NA,NA
gamemd.exe,18720,0x43D4320,D3D9,0,0,1,Hardware: Independent Flip,58873.6125,NA,16.93410000000000,18.16810000000000,1.11790000000000,4.24720000000000,5.6561,NA,58857.7871,16.9433,15.8254,1.1179,16.3661,3.7065,3.6367,0.0698,-0.9560,58857.7871,25.5086,NA
gamemd.exe,18720,0x43D4320,D3D9,0,0,1,Hardware: Independent Flip,58889.8237,NA,16.21120000000000,14.78870000000000,1.00540000000000,4.11120000000000,4.2336,NA,58874.7304,16.0987,15.0933,1.0054,15.5556,3.6489,3.5772,0.0717,2.1546,58874.7304,NA,NA
gamemd.exe,18720,0x43D4320,D3D9,0,0,1,Hardware: Independent Flip,58906.4264,NA,16.60270000000000,16.81140000000000,1.00540000000000,4.32000000000000,4.4423,NA,58890.8291,16.6027,15.5973,1.0054,16.0206,3.8967,3.8161,0.0806,-0.7127,58890.8291,25.9022,NA
gamemd.exe,18720,0x43D4320,D3D9,0,0,1,Hardware: Independent Flip,58923.4078,NA,16.98140000000000,16.95510000000000,0.98160000000000,4.26780000000000,4.4160,NA,58907.4318,16.9576,15.9760,0.9816,16.4982,3.7456,3.7033,0.0423,-0.3524,58907.4318,12.6860,NA
gamemd.exe,18720,0x43D4320,D3D9,0,0,1,Hardware: Independent Flip,58939.7601,NA,16.35230000000000,16.24570000000000,0.89170000000000,4.15700000000000,4.3094,NA,58924.3894,16.2624,15.3707,0.8917,15.7434,3.7843,3.7459,0.0384,0.7119,58924.3894,NA,NA
gamemd.exe,18720,0x43D4320,D3D9,0,0,1,Hardware: Independent Flip,58956.8135,NA,17.05340000000000,18.49540000000000,1.60770000000000,4.66520000000000,5.7514,NA,58940.6518,17.7694,16.1617,1.6077,17.0834,3.7435,3.6600,0.0835,-2.2330,58940.6518,17.1640,NA
gamemd.exe,18720,0x43D4320,D3D9,0,0,1,Hardware: Independent Flip,58973.6365,NA,16.82300000000000,16.65830000000000,1.09040000000000,4.23550000000000,5.5867,NA,58958.4212,16.3057,15.2153,1.0904,15.7857,3.6651,3.6032,0.0619,1.1111,58958.4212,NA,NA
gamemd.exe,18720,0x43D4320,D3D9,0,0,1,Hardware: Independent Flip,58989.8653,NA,16.22880000000000,14.75550000000000,0.83160000000000,3.98540000000000,4.1134,NA,58974.7269,15.9700,15.1384,0.8316,15.4886,3.6352,3.5907,0.0445,1.5502,58974.7269,18.4234,NA
gamemd.exe,18720,0x43D4320,D3D9,0,0,1,Hardware: Independent Flip,59006.8265,NA,16.96120000000000,18.57690000000000,0.93960000000000,4.30400000000000,5.7291,NA,58990.6969,17.0692,16.1296,0.9396,16.5859,3.8477,3.8035,0.0442,-2.6069,58990.6969,NA,NA
gamemd.exe,18720,0x43D4320,D3D9,0,0,1,Hardware: Independent Flip,59023.2967,NA,16.47020000000000,14.92020000000000,0.77410000000000,4.04520000000000,4.1791,NA,59007.7661,16.3047,15.5306,0.7741,15.8718,3.7040,3.6411,0.0629,2.1490,59007.7661,21.5827,NA
gamemd.exe,18720,0x43D4320,D3D9,0,0,1,Hardware: Independent Flip,59040.1585,NA,16.86180000000000,17.07080000000000,0.78490000000000,4.24240000000000,4.3881,NA,59024.0708,16.8726,16.0877,0.7849,16.4521,3.8780,3.8256,0.0524,-0.7661,59024.0708,NA,NA
gamemd.exe,18720,0x43D4320,D3D9,0,0,1,Hardware: Independent Flip,59056.4213,NA,16.26280000000000,16.33520000000000,0.95560000000000,4.25220000000000,4.4605,NA,59040.9434,16.4335,15.4779,0.9556,15.8869,3.8432,3.7524,0.0908,0.5374,59040.9434,24.7998,NA
gamemd.exe,18720,0x43D4320,D3D9,0,0,1,Hardware: Independent Flip,59073.7663,NA,17.34500000000000,19.02930000000000,2.12290000000000,5.00030000000000,6.1448,NA,59057.3769,18.5123,16.3894,2.1229,17.2334,4.1563,4.0733,0.0830,-2.5958,59057.3769,13.5578,NA
gamemd.exe,18720,0x43D4320,D3D9,0,0,1,Hardware: Independent Flip,59090.4915,NA,16.72520000000000,16.69920000000000,1.52410000000000,4.64350000000000,6.1188,NA,59075.8892,16.1264,14.6023,1.5241,15.3609,3.8849,3.8273,0.0576,1.8131,59075.8892,NA,NA
gamemd.exe,18720,0x43D4320,D3D9,0,0,1,Hardware: Independent Flip,59107.2499,NA,16.75840000000000,15.94380000000000,0.94710000000000,4.31200000000000,5.3042,NA,59092.0156,16.1814,15.2343,0.9471,15.7008,3.8455,3.7923,0.0532,0.1826,59092.0156,15.9070,NA
gamemd.exe,18720,0x43D4320,D3D9,0,0,1,Hardware: Independent Flip,59123.4778,NA,16.22790000000000,15.06400000000000,0.83100000000000,4.00940000000000,4.1403,NA,59108.1970,16.1118,15.2808,0.8310,15.6796,3.6106,3.5509,0.0597,1.1174,59108.1970,NA,NA
gamemd.exe,18720,0x43D4320,D3D9,0,0,1,Hardware: Independent Flip,59140.1963,NA,16.71850000000000,16.78750000000000,0.79380000000000,4.08870000000000,4.2093,NA,59124.3088,16.6813,15.8875,0.7938,16.2611,3.7151,3.6541,0.0610,-0.6757,59124.3088,17.6085,NA
gamemd.exe,18720,0x43D4320,D3D9,0,0,1,Hardware: Independent Flip,59157.0962,NA,16.89990000000000,18.15330000000000,1.33150000000000,4.32990000000000,5.4627,NA,59140.9901,17.4376,16.1061,1.3315,16.7720,3.6640,3.6016,0.0624,-1.4720,59140.9901,NA,NA
gamemd.exe,18720,0x43D4320,D3D9,0,0,1,Hardware: Independent Flip,59173.2610,NA,16.16480000000000,15.19980000000000,1.34080000000000,4.38500000000000,4.4977,NA,59158.4277,16.1741,14.8333,1.3408,15.6218,3.5965,3.5545,0.0420,2.2378,59158.4277,20.5711,NA
gamemd.exe,18720,0x43D4320,D3D9,0,0,1,Hardware: Independent Flip,59189.8754,NA,16.61440000000000,16.19530000000000,0.82620000000000,3.96010000000000,4.0786,NA,59174.6018,16.0998,15.2736,0.8262,15.6632,3.5705,3.5162,0.0543,-0.0212,59174.6018,NA,NA
gamemd.exe,18720,0x43D4320,D3D9,0,0,1,Hardware: Independent Flip,59206.4567,NA,16.58130000000000,16.76290000000000,0.86480000000000,4.11650000000000,4.2602,NA,59190.7016,16.6199,15.7551,0.8648,16.2111,3.6605,3.5647,0.0958,-0.6631,59190.7016,22.3033,NA
gamemd.exe,18720,0x43D4320,D3D9,0,0,1,Hardware: Independent Flip,59223.3787,NA,16.92200000000000,16.90400000000000,0.76480000000000,4.06790000000000,4.2422,NA,59207.3215,16.8220,16.0572,0.7648,16.4166,3.7085,3.6139,0.0946,-0.2841,59207.3215,NA,NA
